{
    "id": 10008315,
    "listing_url": "https://www.airbnb.com/rooms/10008315",
    "name": "Beautiful Clean Cosy Room",
    "description": "Lovely large and modern apartment. You are welcome to use the kitchen and wifi and living room, I take pride in cleanliness and it being a home away from home. This is a calm and peaceful space, great for visiting London and very close to the beautiful Morden Hall park and Wimbledon tennis.<br /><br />The room is best for short stays as I have some clothes in the wardrobes. <br /><br />There is an outdoor cat at the apartment and a large outdoor grassy area. The development is lovely and quiet.<br /><br /><b>The space</b><br />Comfortable specious double room with modern bathroom with a strong shower and bath. The bedroom has a full length mirror for dressing.<br /><br /><b>Guest access</b><br />There is parking mid week before 10am and after 4pm. There is also free parking all weekend.<br />There is also a bus that runs to Wimbledon, Fulham and Clapham. Nearest tube is Morden. There is also a tram to Wimbledon.<br /><br /><b>Other things to note</b><br />I have a cat in the apartment ",
    "host_name": "Sarah",
    "host_id": 51407461,
    "host_url": "https://www.airbnb.com/users/show/51407461",
    "host_picture_url": "https://a0.muscache.com/im/pictures/user/75d9ee4a-2208-4dcc-953d-93a417bce6cc.jpg?aki_policy=profile_x_medium",
    "neighbourhood_cleansed": "Merton",
    "latitude": 51.3973,
    "longitude": -0.19025,
    "property_type": "Private room in condo",
    "room_type": "Private room",
    "accommodates": 1.0,
    "bathrooms": 1.0,
    "beds": 1,
    "price": 70.0,
    "numbers_of_review": 16.0,
    "review_scores_rating": 4.94,
    "reviews": [
        {
            "name": "Radoslav",
            "date": "2016-10-19",
            "review": "Sarah is a brilliant host, very polite and helpful. Everything was exactly as described. The flat is very clean and tidy as well as beautifully decorated. I would recommend this place to anyone. "
        },
        {
            "name": "Dave",
            "date": "2021-08-08",
            "review": "Great host, easy communication prior to booking and during stay. Lovely room, really beautiful decoration throughout."
        },
        {
            "name": "Naomi",
            "date": "2021-10-10",
            "review": "I stayed at Sarah\u2019s for a month and it was a great. The bedroom is super spacious and Sarah was always very friendly. I could come and go whenever and I felt safe in the area I was staying."
        },
        {
            "name": "Scott",
            "date": "2021-10-15",
            "review": "Great host with a nice place"
        },
        {
            "name": "Ona",
            "date": "2021-10-30",
            "review": "thanks Sarah for hosting. super clean and quiet place. love the house interior!"
        },
        {
            "name": "Richard",
            "date": "2022-03-11",
            "review": "Very clean and stylish flat and a spacious room with a comfy bed. Communication was easy. Enjoyed my stay and fully recommend to anyone else."
        },
        {
            "name": "Dhruti",
            "date": "2022-03-29",
            "review": "Lovely clean  room, and lovely host , would recommend."
        },
        {
            "name": "Olivia",
            "date": "2022-04-16",
            "review": "Nice and clean the place;)"
        },
        {
            "name": "Diego",
            "date": "2022-05-08",
            "review": "Lovely clean room<br/>Very comfortable bed.<br/>It was perfect for my needs.<br/>Thank you Sarah"
        },
        {
            "name": "Sam",
            "date": "2022-06-13",
            "review": "Clean, comfy and well decorated. Great host. Would recommend!"
        }
    ]
}