{
    "id": 10027611,
    "listing_url": "https://www.airbnb.com/rooms/10027611",
    "name": "Modern and spacious 2 bed in De Beauvoir",
    "description": "Large fully furnished and equipped flat. Situated in peaceful De Beauvoir, just a short walk from the vibrant nightlife of Dalston.<br /><br /><b>The space</b><br />Modern and spacious split level apartment in an old Victorian building.<br /><br /><b>Guest access</b><br />The whole flat is yours.",
    "host_name": "Raj",
    "host_id": 15264987,
    "host_url": "https://www.airbnb.com/users/show/15264987",
    "host_picture_url": "https://a0.muscache.com/im/pictures/user/d8d9a2e3-4990-4829-840c-84a77ca3053d.jpg?aki_policy=profile_x_medium",
    "neighbourhood_cleansed": "Hackney",
    "latitude": 51.54032,
    "longitude": -0.08085,
    "property_type": "Entire rental unit",
    "room_type": "Entire home/apt",
    "accommodates": 4.0,
    "bathrooms": 1.0,
    "beds": 2,
    "price": 92.0,
    "numbers_of_review": 4.0,
    "review_scores_rating": 5.0,
    "reviews": [
        {
            "name": "Anthony",
            "date": "2018-01-12",
            "review": "Raj\u2019s place is perfectly located for access to London transportation and is nicely nestled into a very nice residential neighborhood. I enjoyed a wonderful stay at his home and would recommend it without hesitation."
        },
        {
            "name": "Jerry",
            "date": "2018-07-27",
            "review": "It was Amazing been in Raj's. I hightly recommend it. Thanks again Raj for everything."
        },
        {
            "name": "Garo",
            "date": "2020-02-24",
            "review": "Fantastic place in the heart of Shoredtich! Raj is a legend! So helpful and easy going! The apartment is very stylish and homely! Will use this as my airbnb home whenever i am in London. Highly recommend!"
        }
    ]
}