{
    "id": 10029797,
    "listing_url": "https://www.airbnb.com/rooms/10029797",
    "name": "Chestnut Cottage in peaceful Greenwich",
    "description": "Chestnut cottage is located in a beautiful area of London in Royal Greenwich. Semi detached next to an allotment that looks over the city, the cottage is only a stone's throw away from London's bustling city centre (15 mins on a train to London Bridge), while also being close walking distance to Greenwich park, the Old Royal Naval College, the Cutty Sark, Greenwich market, and Greenwich Pier if you want to take boat up the Thames. The O2 is also just a 30 minute walk.<br /><br /><b>The space</b><br />The place is made up of 2 double bedrooms, 1 bathroom, kitchen, living room, dining area as well as a patio and garden area outside. It's located on a suburban quiet street in a lovely rural area while still being easily accessible to the city centre.<br /><br /><b>Guest access</b><br />Guests will have access to the whole property with direct front door access<br /><br /><b>Other things to note</b><br />There is a fire escape at the back of the property which leads down to the garden. Som",
    "host_name": "Charlotte",
    "host_id": 17831871,
    "host_url": "https://www.airbnb.com/users/show/17831871",
    "host_picture_url": "https://a0.muscache.com/im/pictures/user/c160f52a-cc82-42f3-ae7a-4d0e473a3a40.jpg?aki_policy=profile_x_medium",
    "neighbourhood_cleansed": "Greenwich",
    "latitude": 51.48247,
    "longitude": 0.01375,
    "property_type": "Entire cottage",
    "room_type": "Entire home/apt",
    "accommodates": 4.0,
    "bathrooms": 1.0,
    "beds": 2,
    "price": 150.0,
    "numbers_of_review": 10,
    "review_scores_rating": 4.8,
    "reviews": [
        {
            "name": "Ana",
            "date": "2016-08-03",
            "review": "Charlotte is a more than excellent hostess. Is fantastic. He made us feel at home from the first moment, always helped us in everything and even gave me warm clothes. Your home is simply wonderful and welcoming, neighborhood is spectacular. They will have fun at home."
        },
        {
            "name": "Stephanie",
            "date": "2016-08-07",
            "review": "Charlotte was contacting us prior to our arrival as well as providing recommendations of transportation to her cottage. In all, Charlotte was very welcoming and went above and beyond to serve us. I would highly recommend staying in her cottage. "
        },
        {
            "name": "Rachel",
            "date": "2016-08-22",
            "review": "Charlotte was very knowledgeable about the neighborhood and incredibly warm and responsive when we arrived. Her home is absolutely lovely and in a wonderful neighborhood. We had a great time staying at her place and she made us feel right at home."
        },
        {
            "name": "Dave",
            "date": "2016-09-16",
            "review": "Can't fault this host at all. \"Check-in\" was easy, accommodation was clean and well-kept and even breakfast was provided. Very convenient and quiet location for the O2 and Greenwich. Made our stay very enjoyable. Excellent value for money."
        },
        {
            "name": "Francesco",
            "date": "2016-10-20",
            "review": "We had a nice stay at Chesnut Cottage!Even do we only slept there,everything went smoothly and it was very peaceful and quiet!I would definitely recommend this location if you want to stay in Greenwich!"
        },
        {
            "name": "Charlotte",
            "date": "2016-11-22",
            "review": "Charlotte and Jess are great hosts. Clear communication, a clean, comfy home, and a warm welcome. I would recommend Chestnut Cottage to anyone.<br/>And as I arrived by taxi, as we drew up outside the taxi driver exclaimed, \"Isn't it lovely!\" It certainly is!"
        },
        {
            "name": "Kayla",
            "date": "2019-08-25",
            "review": "Lovely cottage like place with beautiful outside space. Doesn't feel like Lindon and yet there's a heap of awesome stuff in Greenwich on its doorstep. Perfect little getaway and cute cat!"
        },
        {
            "name": "James",
            "date": "2019-08-30",
            "review": "Very nice little cottage in an amazing location in a really nice part of London. Only a few minutes walk from Greenwich Park which is fantastic."
        },
        {
            "name": "Holly",
            "date": "2019-09-15",
            "review": "Excellent location for walking to and from the o2 and in a really lovely area. We had a great stay - thank you!"
        },
        {
            "name": "Joleen",
            "date": "2019-10-06",
            "review": "This is a great location if you wish to travel to and from London.  The host was great with amazing communication. A good find."
        }
    ]
}