{
    "id": 10026158,
    "listing_url": "https://www.airbnb.com/rooms/10026158",
    "name": "Single bed, female, shared room",
    "description": "Quite, bed, desk and drawers free. Flat shared with 7. Nicely decorated, TV, very central - Westbourn Park (Circle line, 15min bus ride to Baker Street). Shopping area 3min. Kitchen, clothes and dishes washing machines, fast Internet",
    "host_name": "Ad\u00e9lie",
    "host_id": 51478914,
    "host_url": "https://www.airbnb.com/users/show/51478914",
    "host_picture_url": "https://a0.muscache.com/im/pictures/user/b4eb9ce2-e2e8-40a5-bacf-87c08c091c1e.jpg?aki_policy=profile_x_medium",
    "neighbourhood_cleansed": "Westminster",
    "latitude": 51.52651,
    "longitude": -0.19722,
    "property_type": "Shared room in home",
    "room_type": "Shared room",
    "accommodates": 1.0,
    "bathrooms": 3.0,
    "beds": 2,
    "price": 20.0,
    "numbers_of_review": 1,
    "review_scores_rating": 5.0,
    "reviews": [
        {
            "name": "Anna",
            "date": "2016-04-01",
            "review": "I spent two pleasant days at Ad\u00e9lie's place. She is really nice and helpful (and my temporary roommate was friendly too). The house has a good lokation, it's about 1 hour walk from the center, but there is a bus what takes you directly to Trafalgar square. \r<br/>"
        }
    ]
}