{
    "id": 10029997,
    "listing_url": "https://www.airbnb.com/rooms/10029997",
    "name": "Nice Room close to Canary Wharf",
    "description": "Big & Spacious Room with King Size Bed, very close to Canary Wharf. Walking distance to Limehouse DLR and Mile End Tube Station. The flat also has a big living room and kitchen as well as a bathroom with a tub and separate toilet. No internet avail.<br /><br /><b>Guest access</b><br />You can make use of the Kitchen, which has all necessary appliances and utensils.  Feel free to use the living room as well.<br /><br /><b>Other things to note</b><br />Unfortunately, there is no internet at the house at the moment, since we are changing providers. There is however a BT Wifi Hotspot close by, where you can buy Internet Access if necessary.",
    "host_name": "Feym",
    "host_id": 41016753,
    "host_url": "https://www.airbnb.com/users/show/41016753",
    "host_picture_url": "https://a0.muscache.com/im/users/41016753/profile_pic/1439192664/original.jpg?aki_policy=profile_x_medium",
    "neighbourhood_cleansed": "Tower Hamlets",
    "latitude": 51.51425,
    "longitude": -0.0283,
    "property_type": "Private room in rental unit",
    "room_type": "Private room",
    "accommodates": 2.0,
    "bathrooms": 1.0,
    "beds": 1,
    "price": 60.0,
    "numbers_of_review": 1,
    "review_scores_rating": 5.0,
    "reviews": [
        {
            "name": "Jason",
            "date": "2016-01-01",
            "review": "Perfect solution for our stay in East London.\r<br/>Everything as described, Feym was very friendly and helpful. Flexible with our checkout time and even had the fridge stocked with ingredients for breakfast! Very much recommended."
        }
    ]
}