{
    "id": 10036464,
    "listing_url": "https://www.airbnb.com/rooms/10036464",
    "name": "Beautiful One Bedroom Warehouse Apartment",
    "description": "Beautiful, quiet warehouse conversion with its own parking space on Victoria Park, in trendy Bow, East London. Its vibrant location, local amenities and great transport connections make this the ideal home from home retreat.<br /><br /><b>The space</b><br />Clean, open-plan kitchen and living space with a large table ideal for entertaining or meetings. Simple, uncluttered decor. The living space has a sofa in it which pulls out into a small-sized double bed suitable for small children. The bedroom has a standard-sized double bed in it. The apartment comes with a secure, off-road parking space.<br /><br /><b>Guest access</b><br />Guests have access to the entire apartment during their stay.",
    "host_name": "Clio",
    "host_id": 19486224,
    "host_url": "https://www.airbnb.com/users/show/19486224",
    "host_picture_url": "https://a0.muscache.com/im/users/19486224/profile_pic/1407226372/original.jpg?aki_policy=profile_x_medium",
    "neighbourhood_cleansed": "Tower Hamlets",
    "latitude": 51.53515,
    "longitude": -0.03359,
    "property_type": "Entire rental unit",
    "room_type": "Entire home/apt",
    "accommodates": 2.0,
    "bathrooms": 1.0,
    "beds": 1,
    "price": 101.0,
    "numbers_of_review": 22.0,
    "review_scores_rating": 4.64,
    "reviews": [
        {
            "name": "Richard",
            "date": "2016-02-07",
            "review": "Had a lovely 2 night stay in Clio's apartment, a lovely welcome pack of food and milk was a added bonus. Clio was very accommodating and approachable. Brilliant location for our trip and for those wanting to explore Victoria Park. We felt safe and at home and wouldn't hesitate to recommend her apartment to potential air b'n'b ers. "
        },
        {
            "name": "Paula",
            "date": "2016-04-25",
            "review": "Clio was warm and welcoming into her beautiful flat. She had left a little welcome hamper of milk, croissants, tea, coffee and fruit - a totally unexpected surprise! The flat was within 20 minute walk of both DLR and the tube, a perfect location. Clio had left a lovely list of recommended places to eat and drink too. Literally across the road is a FAB cafe too! The bed was comfortable, the kitchen had everything you'd need, the fact it included parking was a real bonus. I would highly recommend Clio and her beautiful flat to any Airbnber!"
        },
        {
            "name": "Nathan",
            "date": "2016-05-29",
            "review": "Nous avons tr\u00e8s bien accueillis par Clio,\r<br/>L'appartement est calme et tr\u00e8s fonctionnel,la quartier est bien situer, \u00e0 2 pas des transports en commun et d'un grand parc.\r<br/>Et notre h\u00f4te est rest\u00e9e disponible tout au long du s\u00e9jour.\r<br/>Je recommande ce logement"
        },
        {
            "name": "Chris",
            "date": "2016-08-01",
            "review": "Clio's apartment was perfect for our 2 night stay for RideLondon. Victoria Park is close by for the kids to play as well as the canal for walking. I would highly recommend Clio as a host and her perfect apartment to other guests."
        },
        {
            "name": "Jenifer & Bob",
            "date": "2016-08-12",
            "review": "clio was exceptionally communicative before & during our whole stay.  she accommodated our check in & out requests as well.  we had a little snafu but through communication it was readily cleared up.  we loved the light in her apartment & the location was great for us.  the coffee shop steps away is great little spot too.  "
        },
        {
            "name": "Russell",
            "date": "2016-08-29",
            "review": "Great location - very handy for the Olympic Park. Charming apartment, and the host was very helpful. "
        },
        {
            "name": "Kristina",
            "date": "2016-09-14",
            "review": "My family stayed at Clio\u2019s place during their London visit and they absolutely loved it. The place was very nice, clean and well kept. It\u2019s easily accessible whether you travel to/from Stansted airport but also easy to get to central London by tube/bus (15 minutes walk to mile End tube station and bus stop right in front of the house). It\u2019s right next to Victoria park and Regents canal which is ideal if you want to take a break from sightseeing and the hustle and bustle of London :) I\u2019d definitely recommend Clio\u2019s place."
        },
        {
            "name": "Sylvia",
            "date": "2016-10-09",
            "review": "We had 3 wonderful weeks in Clio's warehouse flat. It is simple and tidy, located at a side entrance of Victoria Park. An ideal place if you are looking to live here like a local, go for a run in the morning, eat out in Victoria Park Village, meet the friendly coffee shop staff next door.\r<br/>\r<br/>Clio was an excellent host - communication was quick and efficient. I would recommend her without hesitation! Thank you Clio!"
        },
        {
            "name": "Viktoria",
            "date": "2016-10-12",
            "review": "My Family enjoyed their short stay at Clios' place alot. Communication went well and it was easy to check in and out. The neigbourhood is nice, especially the 'peanut vendor' cafe - delicious food and best coffee we've ever tried. Thank you!"
        },
        {
            "name": "Matthew",
            "date": "2016-10-30",
            "review": "Everything was perfect. Clio was extremely helpful from the moment we booked our stay. Her apartment is really lovely and the beds are very comfortable. Great location too with lots of nice cafes nearby. "
        }
    ]
}