{
    "id": 1003616,
    "listing_url": "https://www.airbnb.com/rooms/1003616",
    "name": "London house with en-suite rooms 4",
    "description": "<b>The space</b><br />Hi there!<br />I am renting out comfortable newly renovated rooms with en-suite bathrooms (only one room is not en-suite, but it has its own separate bathroom which is for that room only). The rooms, indeed the entire house, have been completely renovated and are in immaculate condition.Each room has a TV and wireless internet connection but no tea/coffee making facilities/no ironing facilities- it is purely the room with en suite on offer. I would point out that each of my listings is not for one specific room but could be any one of the rooms in the photographs. They are all of the same standard but if you have a preference, please enquire as to availability.The property is situated in between two tube stations (zone 3) and is a 20 minute tube ride into the centre of the capital and is therefore ideally placed for visiting the sights of London. Heathrow airport is a 20 min tube ride and the Gatwick Express from Victoria Station gets you to Gatwick airport in 30 ",
    "host_name": "Alexandra",
    "host_id": 4365977,
    "host_url": "https://www.airbnb.com/users/show/4365977",
    "host_picture_url": "https://a0.muscache.com/im/pictures/user/e4c1ae26-3685-484c-b135-83fa215f128d.jpg?aki_policy=profile_x_medium",
    "neighbourhood_cleansed": "Ealing",
    "latitude": 51.51088,
    "longitude": -0.27716,
    "property_type": "Private room in home",
    "room_type": "Private room",
    "accommodates": 2.0,
    "bathrooms": 1.0,
    "beds": 1,
    "price": 42.0,
    "numbers_of_review": 216.0,
    "review_scores_rating": 4.86,
    "reviews": [
        {
            "name": "Roma",
            "date": "2013-03-28",
            "review": "You will rest well here on the comfy beds:-)\r<br/> Alex is a warm, gracious and easy going host.\r<br/>The location is perfect just 10 min from overground which takes you into the city centre just in 20 minutes. \r<br/>I would recommend anyone to stay with them, long- or short term.\r<br/>Great value for money!!!"
        },
        {
            "name": "Avinash",
            "date": "2013-04-16",
            "review": "Really nice and CLEAN room. Very easy access to Ealing Common Tube Station. And above all a very helpful and accommodating  host."
        },
        {
            "name": "Nick",
            "date": "2013-04-25",
            "review": "Great stay with Alex, a beautiful house, the rooms are wonderfully big, immaculately clean with en-suite facilities. Perfect accommodation and would love to stay again. Thanks and see you soon! "
        },
        {
            "name": "Janet",
            "date": "2013-05-05",
            "review": "First class accommodation at a great price in a great location.  My only complaint was that I found the single bed I slept in to be uncomfortable and on the hard side.  However, I see that someone else has mentioned how comfy the beds were, so I guess it's down to personal preference.  You will not be disappointed staying in this clean, beautiful home."
        },
        {
            "name": "Valery",
            "date": "2013-05-15",
            "review": "friendly hosts, great location, new rooms"
        },
        {
            "name": "Sonja",
            "date": "2013-05-27",
            "review": "Wir hatten einen tollen Aufenthalt in London. Das Zimmer war sehr sch\u00f6n dekoriert und super sauber. Alex und die ganze Familie waren  immer sehr zuvorkommend und nett. F\u00fcr eine St\u00e4dtereise ist die Unterkunft sehr gut geeignet. Wir w\u00fcrden jederzeit wieder kommen und k\u00f6nnen die Bleibe nur empfehlen."
        },
        {
            "name": "Chris",
            "date": "2013-06-01",
            "review": "Really nice house and professional host. Own bathroom, really comfortable bed, fresh towels laid out, tv in room with Wifi. What more could you ask for?"
        },
        {
            "name": "Leslie",
            "date": "2013-06-03",
            "review": "Alexandra has a lovely  home and she was very welcoming. The room and bathroom were very clean and modern. The home was within walking distance to a great metro stop. Would stay there again anytime!"
        },
        {
            "name": "Jonathan",
            "date": "2013-06-14",
            "review": "Lovely place with beuatiful rooms with an excellent wi-fi connection.\r<br/>The house is in an excellent location with easy access to central London and heathrow airport by Tube. "
        },
        {
            "name": "Olyvia",
            "date": "2013-06-24",
            "review": "Booked Alexandra's place last minute.  All the reviews that previous guests have written are all accurate.  It's so clean, spacious, and comfortable.  The bed is kind of on the hard side, but I like hard beds. I really enjoyed the privacy and peace and quiet.  It's far from the city center, but the tube is just a 8 min walk away.  It's very close to Heathrow Airport though, although it still takes 45 min to actually get to the terminal including walking to the tube and arriving at your specific terminal.  But it's a beautiful and wonderful home to stay in if you're looking to have a private room with a bathroom.  No use of the kitchen and other areas of the house. "
        }
    ]
}