{
    "id": 10034118,
    "listing_url": "https://www.airbnb.com/rooms/10034118",
    "name": "Julian Markham House London",
    "description": "Cheers,<br /><br />my room at Julian Markham's (a student accommodation from Kings College) is free until January the 2nd. Since I finished the semester early you are free to move in. You will have your own room + bathroom and a shared kitchen + bestFlatmate",
    "host_name": "Philip",
    "host_id": 7756850,
    "host_url": "https://www.airbnb.com/users/show/7756850",
    "host_picture_url": "https://a0.muscache.com/im/users/7756850/profile_pic/1375714847/original.jpg?aki_policy=profile_x_medium",
    "neighbourhood_cleansed": "Southwark",
    "latitude": 51.49079,
    "longitude": -0.09741,
    "property_type": "Private room in rental unit",
    "room_type": "Private room",
    "accommodates": 1.0,
    "bathrooms": 1.0,
    "beds": 1,
    "price": 40.0,
    "numbers_of_review": 1,
    "review_scores_rating": 3.0,
    "reviews": [
        {
            "name": "Baraa",
            "date": "2016-01-01",
            "review": "It was ok, the location was great"
        }
    ]
}