{
    "id": 10049821,
    "listing_url": "https://www.airbnb.com/rooms/10049821",
    "name": "Tower Bridge Historic 2 Bed Converted Warehouse",
    "description": "Historic Victorian Former Warehouse Built in 1888 the same year as Tower Bridge! Located in Old London steeped in History. Moments walk to see great views and Tower Bridge. 9 mins London Bridge Station. Elevator, 2 Bedroom Apartment.<br />Super Fast 1gb Fibre WIFI<br />Once an important part of London\u2019s river trade, Bermondsey sat derelict for several decades, until the area\u2019s wharves were renovated in the 1980s. Now it\u2019s a lively part of town, with some exceptionally good restaurants and coffee houses<br /><br /><b>The space</b><br />Former Victorian Warehouse Converted 2 Bedroom Apartment with elevator. Separate Lounge, Luxury bedding, Fast Wifi, Bath and Shower, Fully equipped Kitchen. Minimum 2 nights at weekends. There are no views from the apartment. The photos shown in the listing were taken on the river bank at the end of the street where the flat is located.<br /><br /><b>Guest access</b><br />Guests have exclusive use of the apartment and wifi during their stay. Remote check-",
    "host_name": "Stephen",
    "host_id": 13770205,
    "host_url": "https://www.airbnb.com/users/show/13770205",
    "host_picture_url": "https://a0.muscache.com/im/pictures/user/09e78307-4358-4f33-925e-4840875a42a1.jpg?aki_policy=profile_x_medium",
    "neighbourhood_cleansed": "Southwark",
    "latitude": 51.49988,
    "longitude": -0.07292,
    "property_type": "Entire rental unit",
    "room_type": "Entire home/apt",
    "accommodates": 4.0,
    "bathrooms": 1.0,
    "beds": 2,
    "price": 250.0,
    "numbers_of_review": 125.0,
    "review_scores_rating": 4.87,
    "reviews": [
        {
            "name": "Mathias",
            "date": "2016-02-12",
            "review": "Stephen is a great host in every aspect:<br/>- Perfect information flow before the arrival<br/>- Place is as described a real beauty, tidy and perfectly equiped at a very convenient location<br/>- And if there is an urgency Stephen is fast and reliable to find a solution. He replaced the WiFi in the shortest possible time with a mobile hotspot, when the telco company was behind schedule with the wire<br/>We were the first guests at this place & recommend it to anyone!<br/>Thank you, Stephen!"
        },
        {
            "name": "Jun",
            "date": "2016-02-20",
            "review": "The house looks quite nice and is close to metro station.We are very pleasant in these seven days."
        },
        {
            "name": "Jorge",
            "date": "2016-02-22",
            "review": "Everything was great!"
        },
        {
            "name": "Nicolas",
            "date": "2016-03-03",
            "review": "Tr\u00e8s bon accueil. Tout conforme \u00e0 ce qui \u00e9tait annonc\u00e9."
        },
        {
            "name": "Spencer",
            "date": "2016-03-04",
            "review": "This is a really wonderful apartment; beautifully furnished and fantastically located. Access was very easy (using keys in \"key safe\" by the door) and ideally suited for last-minute bookings. A great AirBnB find, would recommend without hesitation."
        },
        {
            "name": "Catherine",
            "date": "2016-03-05",
            "review": "Fantastic place! Great decor, very clean and modern brilliant location!<br/>Would recommend to all, great communication with host and comprehensive info etc.<br/>"
        },
        {
            "name": "Patrick",
            "date": "2016-03-08",
            "review": "Sehr gute Lage, sch\u00f6ne, saubere Wohnung nahe an der Themse und der Tower Bridge. Der Bus ist unmittelbar vor dem Haus, Schiff und Metro in 5' Fussdistanz. Die Tipps von Stephen sind sehr n\u00fctzlich. Ich empfehle aber zu reservieren, da die Restaurants h\u00e4ufig ausgebucht sind. "
        },
        {
            "name": "Chris",
            "date": "2016-03-11",
            "review": "Stephen was very helpful at all stages. The flat is very comfortable, with really easy access to the City and West End via tube, a short walk away. \r<br/>\r<br/>Would definitely stay here again!"
        },
        {
            "name": "Kris",
            "date": "2016-03-15",
            "review": "We absolutely loved staying at this flat. It was literally a block from our daughter's flat and a block from the river, so the location was amazing. The place had so much character, the decor was lovely, and we loved the attention to detail (good pans, great bed, sharp knives, extra supplies). We'd stay there again in a heartbeat"
        },
        {
            "name": "Stephanie",
            "date": "2016-03-20",
            "review": "Stephen's place was awesome! Just a short walk to the london tower bridge and to the train station. Super cute and clean place - I'll definitely book with him again, next time I'm in London. "
        }
    ]
}