{
    "id": 10046508,
    "listing_url": "https://www.airbnb.com/rooms/10046508",
    "name": "2bed duplex w/roof terrace 11 min to Islington",
    "description": "My 2 bedroom duplex apartment, in the stylish area of Stoke Newington, is an attractive and comfortable place to stay and has excellent transport links. A two minute walk to buses into the heart of the West End and the City,  just an 11 min walk from Canonbury station.<br />Spread over 2 floors, with a large private roof terrace with a view of London's skyline, this is the perfect haven.<br />Sunny, south-facing and cheerful decor and plenty of amenities.<br /><br /><b>The space</b><br />My charming 2 bedroom apartment is the perfect base when visiting London. Conveniently located in the exciting North London area of Stoke Newington and with great transport links, you\u2019ll be right in the hub of the city but able to escape the hustle and bustle!<br />The living area is light and airy with lovely design and finishing touches. Relax on the sofa and make yourself at home! It\u2019s a welcoming and inviting space where you can kick back. There is also a large private roof terrace - such a treat i",
    "host_name": "Michael",
    "host_id": 51566905,
    "host_url": "https://www.airbnb.com/users/show/51566905",
    "host_picture_url": "https://a0.muscache.com/im/pictures/user/60966d5b-89af-4287-82ed-ed2410a1f763.jpg?aki_policy=profile_x_medium",
    "neighbourhood_cleansed": "Hackney",
    "latitude": 51.55718,
    "longitude": -0.08944,
    "property_type": "Entire rental unit",
    "room_type": "Entire home/apt",
    "accommodates": 4.0,
    "bathrooms": 1.0,
    "beds": 3,
    "price": 92.0,
    "numbers_of_review": 23.0,
    "review_scores_rating": 4.96,
    "reviews": [
        {
            "name": "Sebastian",
            "date": "2016-10-07",
            "review": "Amazing house in a great location and that view is one of the best in London! Well stocked kitchen, well furnished, very homely and the area was fab.  Michael was really helpful and responded to all our requests,  would wholeheartedly recommend!"
        },
        {
            "name": "Kerstin",
            "date": "2016-10-25",
            "review": "Wir waren mit der Kommunikation mit Michael und der Wohnung sehr zufrieden. Von Michael hat uns schon vor der Anreise ein Minicab gebucht und uns viele Informationen zur Nachbarschaft (Essen, Einkaufen, Pub,...) gegeben. Ein sehr f\u00fcrsorglicher Host!\r<br/>\r<br/>Die Wohnung war sehr gro\u00dfz\u00fcgig, hell, sch\u00f6n und sehr gut ausgestattet.  Ein Ort um sich nach einem anstrengendem Tag in der City zu entspannen. Sehr sch\u00f6nes viktorianischen Haus. Leider war es im Oktober zu kalt um die Dachterrasse mit sch\u00f6nem Ausblick zu nutzen.\r<br/>\r<br/>Islington/Newington, die Nahe Nachbarschaft ist eine sehr sch\u00f6ne Wohngegend mit vielen viktorianischen H\u00e4usern, sehr gr\u00fcn. Es gibt viele M\u00f6glichkeiten f\u00fcr g\u00fcnstiges Essen in der nahen Green Lane, ebenso neuer Tesco local.\r<br/>\r<br/>Es fahren Busse Richtung City, London Bridge (\u00fcber Shoreditch), Angel Station, Camden. Zur n\u00e4chsten Tube sind es zu Fu\u00df ca. 20 Minuten. \r<br/>\r<br/>Wir k\u00f6nnen Michael als Gastgeber und seine Wohnung nur weiterempfehlen."
        },
        {
            "name": "Guido",
            "date": "2016-11-12",
            "review": "My parents spent two week in Michael flat, everything was great! We had  many nice dinner there thanks to a fully fitted kitchen. Roof terrace is great offering an amazing overlook of London. Flat is strategically locate near many shops and it's just few yards away form Clissold park and Stoke Newington Church Street. Michael was great in helping us to have everyting we needed. Absolutely recommended ! "
        },
        {
            "name": "Colleen",
            "date": "2016-12-01",
            "review": "My husband and I just recently relocated to London from NYC. We stayed in Michael's lovely flat for two and a half weeks while we searched for a flat of our own. We were very comfortable during our extended stay as the flat has a great deal of space, a fully fitted kitchen, and roof deck with an amazing view of London. A great area. Short walk to many shops, pubs, beautiful Clissold Park, and many bus options. Michael was very helpful and easy to communicate with.  Highly recommended! "
        },
        {
            "name": "Arianna",
            "date": "2017-01-28",
            "review": "Michael's flat is a great location for travelers looking to stay a quick bus ride from Central London and has all the amenities you'll need during your visit.  The bed is super comfy and the upstairs patio is a great place to watch the sunset or have a cup of coffee in the morning. "
        },
        {
            "name": "Raymond",
            "date": "2017-07-24",
            "review": "This is an exceptionally fine two bedroom apartment that is fully equipped, comfortable, light and airy. With the second bedroom on a separate level there is privacy should there be a second party staying. It is conveniently located to buses into central London and a ten minute walk to the Overground. Shops are a short stroll away, as is Clissold Park. A large open veranda on the roof provides stunning views of the city's skyline. I would certainly want to stay there again."
        },
        {
            "name": "Camilla",
            "date": "2017-09-16",
            "review": "Great place, very responsive host. <br/>The terrace has an amazing view over the city and we enjoyed a bbq on a sunny day! <br/>great location, strongly recommended"
        },
        {
            "name": "Simon",
            "date": "2018-02-19",
            "review": "I just finished a 6 week stay at Burma Road with my partner and 15 month old daughter.  We had an excellent stay.  Michael's place is extremely nice and was 'home away from home' for us.  Plenty of room, nice layout, comfy beds, lovely roof terrace etc.  But also, a real (unexpected) plus is how quiet it is to stay there as the bedrooms are away from the road (Burma road is quiet anyway) so you get a peaceful night sleep.  Stoke Newington and Newington Green are lovely areas, my favourite in London so the location is great, and I could jump on a bus at the end of the road that took me to the office in Old Street/Moorgate in 20 minutes.  Michael is a true gentleman - always checking in to ensure we were happy and went the extra mile to sort out parking passes for me before our arrival to make life a bit easier.  Thoroughly recommended, we will be back in the future for sure!"
        },
        {
            "name": "Rose",
            "date": "2018-03-30",
            "review": "As the answer to my search for a London base near family for most of March, Michael's flat proved to be ideal. It is located in an unexpectedly quiet street close to excellent bus routes and within easy walking distance of some superb cafes, plus all the interesting shops along Stoke Newington Church St. As expected, Clissold Park was a real highlight to walk in - the hub of a vibrant local community.  Abney Park nearby was also fascinating historically. <br/>Watching snow flakes drift down outside the flat's windows merely served to emphasise how cosy and warm it was inside, although I would love to come back and experience the generous outside deck upstairs in the summertime! It is definitely an added bonus. <br/>Michael attended to any queries promptly and effectively, making sure that everything was up to the highest possible standard. Highly recommended."
        },
        {
            "name": "Dieter",
            "date": "2018-07-04",
            "review": "Wir haben uns hier sofort zuhause gef\u00fchlt. Michael war sehr hilfreich bei der  Vorbereitung und Organisation unseres Aufenthaltes. Die Wohnung war zweckm\u00e4ssig und geschmackvoll eingerichtet. Die Lage war ruhig und verkehrsg\u00fcnstig, Einkaufsm\u00f6glichkeiten , Restaurants und Bushaltestellen fu\u00dfl\u00e4ufig erreichbar. Michael war jederzeit ansprechbar und hatte eine Menge Informationen vorbereitet. Er organisierte einen preisg\u00fcnstigen Taxitransport vom Flughafen, den wir auch f\u00fcr die R\u00fcckreise nutzten. Die Kommunikation mit Michael war sehr freundlich und angenehm. Wir k\u00f6nnen Gastgeber und Wohnung uneingeschr\u00e4nkt weiterempfehlen und w\u00fcrden gerne wiederkommen."
        }
    ]
}