{
    "id": 10053570,
    "listing_url": "https://www.airbnb.com/rooms/10053570",
    "name": "Entire Beautiful Flat in London near Tube Station",
    "description": "Beautiful entire flat in a secured gated private residential apartment in Zone two , five minute walk to Bow Road tube Station; 2minute walk to Bow Church DLR train station. 20minutes to central London on the Tube/Underground. The fully furnished New flat is very clean, with a new bath & kitchen.<br /><br /><b>The space</b><br />Comfortable double bed, Living room has big leather sofa, bathroom with bathtub, in the Kitchen kettle, fridge, etc.. Hot water available all times. Warm heating through out the flat.<br /><br /><b>Guest access</b><br />Everywhere<br /><br /><b>Other things to note</b><br />I'm a young working professional, I would like to be notified the check-in and check-out timings to plan my working hours and help you with navigation, travel ideas etc.No cooking please on the hob/oven for health & safety reasons. <br />If you are arriving on a Saturday please let me know as I will be busy till 5pm, but I could make arrangements to welcome you. <br />Thanks :)",
    "host_name": "Shiraz",
    "host_id": 51596165,
    "host_url": "https://www.airbnb.com/users/show/51596165",
    "host_picture_url": "https://a0.muscache.com/im/pictures/user/79eb1605-c25e-4162-94c4-981bf4ae0748.jpg?aki_policy=profile_x_medium",
    "neighbourhood_cleansed": "Tower Hamlets",
    "latitude": 51.52747,
    "longitude": -0.01949,
    "property_type": "Entire rental unit",
    "room_type": "Entire home/apt",
    "accommodates": 2.0,
    "bathrooms": 1.0,
    "beds": 1,
    "price": 75.0,
    "numbers_of_review": 93.0,
    "review_scores_rating": 4.86,
    "reviews": [
        {
            "name": "Joanne",
            "date": "2016-01-29",
            "review": "Located in Tower Hamlets between 2 tube stations, close to DLR and main bus route 25 into Oxford Circus, we were able to easily explore Greater London and beyond. All communication with Shiraz was answered promptly. A contact telephone number was provided, which came in very handy. We arrived early evening, with it being dark had difficulty identifying complex. A quick phone call solved this and we were personally met at the gate. A comprehensive list of house rules/ tips, London guide book and tube map were left for us. Neighborhood may not appeal to all, high density living with dimly lit alleys."
        },
        {
            "name": "Manon",
            "date": "2016-02-06",
            "review": "L'appartement de Shiraz \u00e9tait parfait pour un voyage d'une semaine en couple. Il est bien plac\u00e9 (fin zone 2). Shiraz a \u00e9t\u00e9 tr\u00e8s disponible pour nous conseiller et nous aider dans notre voyage. Le quartier est calme, supermarch\u00e9 et m\u00e9tro \u00e0 10min \u00e0 pied. Nous recommandons ce logement, Shiraz est tr\u00e8s s\u00e9rieux et joignable. "
        },
        {
            "name": "Sonia",
            "date": "2016-02-16",
            "review": "Le s\u00e9jour c'est bien d\u00e9roul\u00e9, tr\u00e8s belle accueils, l'appartement est tr\u00e8s bien, spacieux et beau. M. Shiraz est tr\u00e8s agr\u00e9able et vous aide tout le long du s\u00e9jour. <br/>Juste petit b\u00e9mols pour les bus qui ne passe pas la nuit .. Sinon plusieurs possibilit\u00e9 de d\u00e9placement pour la journ\u00e9e. <br/>"
        },
        {
            "name": "Adrian",
            "date": "2016-02-28",
            "review": "Shiraz was a really great host, was very fast to respond to me, was very easy to contact and great to get on with. He met me at the accomodation and made me some food on arrival which was much appreciated. The appartment was great, very comfortable and clean. Located very near the DLR, 5 mins walk, so perfect for getting around London. I would definately stay there again and would recommend it to anyone."
        },
        {
            "name": "Hamed",
            "date": "2016-03-06",
            "review": "Shiraz was very welcoming person. He came after us from the pub at the main street. He was very friendly and made us comfortable at his house. He was very informative and the house was well organized.  \r<br/>Overall I am happy to recommend his property to everyone."
        },
        {
            "name": "Daniel",
            "date": "2016-03-13",
            "review": "Our stay at shiraz's place was very pleasant, very well situated and friendly greeting, she had everything ready for us at short notice, with detailed instructions to assist us and make our stay better than thought possible. We woke to a wide selection of breakfast and complimentary gift! We would defiantly consider staying at hers again. Thank you one more time Shiraz see you soon."
        },
        {
            "name": "Tim",
            "date": "2016-03-20",
            "review": "Staying at Shirazs apartment was the best Airbnb experience we had so far.<br/>Shiraz is very very friendly and welcoming. He helped us out whenever we had any questions and made us feel like we were staying at a friends house :).<br/>The apartment is very close to the tube which goes directly to London city within a few minutes. <br/>We can really recommend him.<br/>Tim and Nele <br/>"
        },
        {
            "name": "Muralikrishna",
            "date": "2016-03-28",
            "review": "Our stay was perfect at Shiraz's place,house is exactly as described with a very clean bathroom,kitchen & good double bed for a quiet night sleep.Tube,Bus,DLR is only 5 mins of walk & plenty shops available. Place is very safe,warm & felt very welcoming.\r<br/>Tea/Coffee was available to make & continental breakfast was served too for us! Great professional & helpful host,don't doubt to book a place at Shiraz's,highly recommended!!!"
        },
        {
            "name": "Li",
            "date": "2016-04-26",
            "review": "Shiraz was the best host who I have ever met. He was really nice with us, he helped us with everything, explained us how to use the public transport, showed us really beautiful places in London and made our holiday enjoyable. With Shiraz you can speak for everything and to ask for everything, definitely you are going to receive a help for everything.  The area is in zone 2 of London and it was really comfortable for me. All the public transport was in 2 min form the flat and it was a direct connection with the whole popular places in the centre of London. The accommodation is in really safe area, quiet, clean and nice looking. The flat is really clean, big and comfortable. I had all conveniences in the flat. To choose this flat and stay with a host like Shiraz could be your best time in London."
        },
        {
            "name": "Thais",
            "date": "2016-05-01",
            "review": "Shiraz apartment is very lovely, cleaned and organized. He was a great host!!! He went to the bus stop late at night to wait for me, he took me to see London at night, made tea to make me feel better (I was a bit sick) and left ready all of the stuff for breakfast. He is a gentleman.\r<br/>About location, he is just a couple minutes from the city centre by subway and there is public transport stations just across the street.\r<br/>I just recommend to not arrive or walk around the neighborhood late at night.\r<br/>"
        }
    ]
}