{
    "id": 10050767,
    "listing_url": "https://www.airbnb.com/rooms/10050767",
    "name": "Charming 2 double bedroom flat in West Kensington",
    "description": "This second floor flat is located in a quiet & beautiful street, 3 min walk from West Kensington and Kensington Olympia tube station and close to all local amenities. There are 2 double bedrooms, a living room with open kitchen & dining area and 1 bathroom.",
    "host_name": "St\u00e9phanie",
    "host_id": 7075376,
    "host_url": "https://www.airbnb.com/users/show/7075376",
    "host_picture_url": "https://a0.muscache.com/im/pictures/user/422edd6a-1649-4567-8555-ff58d7209c00.jpg?aki_policy=profile_x_medium",
    "neighbourhood_cleansed": "Kensington and Chelsea",
    "latitude": 51.49454,
    "longitude": -0.20434,
    "property_type": "Entire rental unit",
    "room_type": "Entire home/apt",
    "accommodates": 4.0,
    "bathrooms": 1.0,
    "beds": 2,
    "price": 125.0,
    "numbers_of_review": 2,
    "review_scores_rating": 4.5,
    "reviews": [
        {
            "name": "Emilie",
            "date": "2016-01-25",
            "review": "Charming flat. Stephanie made us feel very welcome, she is very sweet! The rooms are comfortable, I particularly liked the kitchen which is brand new and lots of lights. It was nice to hang out in the living room."
        },
        {
            "name": "Corinne",
            "date": "2016-12-27",
            "review": "Merci \u00e0 St\u00e9phanie pour son accueil. Elle parle fran\u00e7ais, ce qui n'est pas n\u00e9gligeable :)). L'appartement est tr\u00e8s agr\u00e9able, tr\u00e8s bien \u00e9quip\u00e9. Il est d\u00e9cor\u00e9 avec gout. On se sent chez soit imm\u00e9diatement. L'appartement est proche des commodit\u00e9s et du m\u00e9tro. Il est calme. pas de bruit de rue. S\u00e9jour tr\u00e8s agr\u00e9able. Je recommande cette adresse."
        }
    ]
}