{
    "id": 10071368,
    "listing_url": "https://www.airbnb.com/rooms/10071368",
    "name": "Family-friendly 2-bed flat, Zone 2",
    "description": "Lovely 2 bed family flat in Kilburn, NW London. Both rooms are double bed, 1 bathroom with shower & separate bath. Large living room and open plan kitchen. Internet, TV. 5 mins walk to tube and 10 mins to the overground. Great local entertainment.<br /><br /><b>The space</b><br />Our light and airy apartment is found on the second floor of a modern apartment building. There's a storage space on the ground floor for buggies/pushchairs. You can also enjoy our shared garden (complete with a secure space for bicycles).<br /><br /><b>Other things to note</b><br />We have a kid's bicycle and scooter (complete with helmets) if you and your family want to explore the area on wheels.",
    "host_name": "Max",
    "host_id": 13495280,
    "host_url": "https://www.airbnb.com/users/show/13495280",
    "host_picture_url": "https://a0.muscache.com/im/pictures/user/19169b8b-66e8-4783-a59d-f85f3d237434.jpg?aki_policy=profile_x_medium",
    "neighbourhood_cleansed": "Brent",
    "latitude": 51.55039,
    "longitude": -0.20833,
    "property_type": "Entire rental unit",
    "room_type": "Entire home/apt",
    "accommodates": 4.0,
    "bathrooms": 1.0,
    "beds": 2,
    "price": 79.0,
    "numbers_of_review": 2,
    "review_scores_rating": 4.5,
    "reviews": [
        {
            "name": "Ioannis",
            "date": "2016-01-03",
            "review": "Max was very helpful and his instructions made our stay easier. House was as described, with big bedrooms and bathroom, very nice bedlinen and fluffy towels. Very clean. Quiet place. Very close to tube station."
        },
        {
            "name": "Nandakumar",
            "date": "2016-02-23",
            "review": "I stayed in Max's apartment in Kilburn,  London for 3 days along with my wife and my toddler.<br/>Max was a very good host - he met us in person at the apartment on the day of  check in and was able to answer all our questions regarding the place. <br/>The apartment itself was neat and organized as advertised and was furnished with all the amenities needed to stay comfortably. <br/>I would not hesitate to stay in Max's apartment for any future trips to London!"
        }
    ]
}