{
    "id": 10096589,
    "listing_url": "https://www.airbnb.com/rooms/10096589",
    "name": "Fantastic Newly Refurbished 1 Bed Garden Flat W12",
    "description": "My garden flat has been a wonderful home for both my brother and his wife and myself. It's full of character and offers anyone a peaceful and tranquil base whilst being centrally located for many wonderful London hotspots.<br /><br />No parties please.<br /><br /><b>The space</b><br />The flat offers excellent flexibility. Whether you're a couple looking for a weekend away or a family looking for a comfy home for the family, this flat has it all.<br /><br />There is one double bedroom and also an option for a double sofa bed. Access to private garden at the back. Good sized living room and separate kitchen fully equipped for your use. Modern bathroom/shower. Recently refurbished.<br /><br /><b>Guest access</b><br />The entire flat is free to use apart from one cupboard which is locked. All I ask is that you treat the property as you would your own home. Aside from that sit back, relax and enjoy this cosy homely flat.",
    "host_name": "Sean",
    "host_id": 7349931,
    "host_url": "https://www.airbnb.com/users/show/7349931",
    "host_picture_url": "https://a0.muscache.com/im/users/7349931/profile_pic/1373289131/original.jpg?aki_policy=profile_x_medium",
    "neighbourhood_cleansed": "Hammersmith and Fulham",
    "latitude": 51.50677,
    "longitude": -0.23402,
    "property_type": "Entire rental unit",
    "room_type": "Entire home/apt",
    "accommodates": 4.0,
    "bathrooms": 1.0,
    "beds": 2,
    "price": 95.0,
    "numbers_of_review": 38.0,
    "review_scores_rating": 4.82,
    "reviews": [
        {
            "name": "Ben",
            "date": "2016-01-15",
            "review": "Love this place! Awesome flat with masses of space and lovely furniture. Even though it's right in the heart of Shepherd's Bush we found it really quiet and peaceful. Great local pubs too. "
        },
        {
            "name": "R\u00f3is",
            "date": "2016-01-29",
            "review": "Really enjoyed our stay in Sean's place! The photos online really don't do this lovely apartment justice! It's newly refurbished but with a really homely cosey vibe. The old brick fireplace and refurbished old wardrobes really add character to the place but it still has the modern style kitchen cabinets and bathroom. Lovely little garden to enjoy in the summertime too. Sean made every effort to make our stay enjoyable and was easy to contact. The 24 hour check in was great for us too. "
        },
        {
            "name": "Anna",
            "date": "2016-02-22",
            "review": "We stayed at the flat for almost 3 weeks and its being one of my best experiences on ainbn. It looked good on the pictures,but its even nicer in reality. Its beautiful flat, very cozy and warm, being there is like being at home! Important thing to mention, that whatever u may need, u find it in the property (from the toaster to a nice soap)))) <br/>As i was staying with a child, location its very important for me, and again, it was just perfect!  Very nice and residential street, quite neighbours and few parks within a walking distance, all this just 15 min walking from Westfield!!! <br/>Special, massive thanks to Sean, who is being very nice and helpful host!<br/>Definitely would love to stay again!!!"
        },
        {
            "name": "Susanne",
            "date": "2016-03-29",
            "review": "My friend and I stayed with our children for 3 days and we all enjoyed it very very  much. Sean was very helpful and friendly and always answered right away. His apartment is very beautiful and comfortable. We also loved very much the whole environment and I  would be happy if I could stay there again. Thank you very much for this great experience!"
        },
        {
            "name": "Albert",
            "date": "2016-04-05",
            "review": "Everything was as described . The flat was clean and spacious ."
        },
        {
            "name": "Amy",
            "date": "2016-04-10",
            "review": "Really beautiful apartment! Very spacious, great open kitchen and nice outdoor terrace.<br/>Once inside, quiet and cosy but restaurants, markets and everything you need on the doorstep. Tube station onky 5-10mins walk. Large Westfield around 10mins walk. <br/>Will definitely like to stay again if back in London!"
        },
        {
            "name": "Madeleine",
            "date": "2016-04-13",
            "review": "L'appartement est confortable et tr\u00e8s agr\u00e9able. Pratique, bien \u00e9quip\u00e9, spacieux et joliment d\u00e9cor\u00e9. Il est bien tel que le d\u00e9crit l'annonce, dans une rue calme du quartier de Shepherd's bush market. Nous y avons pass\u00e9 un bon s\u00e9jour \u00e0 proximit\u00e9 du centre de Londres."
        },
        {
            "name": "Marianna",
            "date": "2016-04-18",
            "review": "Giorni passati molto bene in questa stupenda casa accogliente e soprattutto pulita. Si trova in una zona molto carina e tranquilla non molto distante dalla stazione. Di sicuro torneremo. Il proprietario molto disponibile e gentile. "
        },
        {
            "name": "Karine",
            "date": "2016-04-23",
            "review": "L'appartement est spacieux, confortable, propre, bien \u00e9quip\u00e9 et situ\u00e9 dans une rue calme avec des magasins d'alimentation \u00e0 proximit\u00e9. Il se trouve en contrebas du rez-de-chauss\u00e9e. Le 2\u00e8me lit est un canap\u00e9-lit qui convient plut\u00f4t pour des enfants (110-120 cm). Nous avons eu quelques petits couacs de communication avec notre h\u00f4te (prise de contact et indications concernant le d\u00e9part pas re\u00e7ues \u00e0 temps). Comme nous n'avons pas eu de contact direct avec notre h\u00f4te, il aurait \u00e9t\u00e9 judicieux de pr\u00e9ciser \u00e0 l'avance le moyen par lequel nous allions communiquer. \r<br/>"
        },
        {
            "name": "Delia",
            "date": "2016-04-25",
            "review": "We had a lovely time at Sean's place, we highly recommend it. It's a beautifully decorated apartment and very clean. It's close to the tube station (about 10-15 min walking) and there are lots of restaurants around. Thank you Sean for hosting us, it was great!"
        }
    ]
}