{
    "id": 10092188,
    "listing_url": "https://www.airbnb.com/rooms/10092188",
    "name": "Semi-detached house in Wanstead",
    "description": "3 bedroom house in Wanstead, owner occupied. 2  rooms to let out. One single one double room. 5- 7 mins walk to  Central  line, 15 minutes to Liverpool Street. Epping forest 10 minutes walk. High street with local bars, shops, dining out.<br /><br /><b>The space</b><br />3 bedroom House. Ideal  for pet friendly visitors. Great location to get In And out of London. Safe neighbourhood. Village feel. All folks welcome.<br /><br /><b>Guest access</b><br />Access all rooms except owners bedroom.<br /><br /><b>Other things to note</b><br />Female owner occupied. Professional.",
    "host_name": "Claire",
    "host_id": 8008943,
    "host_url": "https://www.airbnb.com/users/show/8008943",
    "host_picture_url": "https://a0.muscache.com/im/pictures/user/ca554077-37ae-41e1-a1a6-1f0ef25c62f7.jpg?aki_policy=profile_x_medium",
    "neighbourhood_cleansed": "Redbridge",
    "latitude": 51.57572,
    "longitude": 0.03562,
    "property_type": "Private room in home",
    "room_type": "Private room",
    "accommodates": 3.0,
    "bathrooms": 1.0,
    "beds": 2,
    "price": 68.0,
    "numbers_of_review": 6,
    "review_scores_rating": 4.67,
    "reviews": [
        {
            "name": "Darryn",
            "date": "2016-01-11",
            "review": "Claire is lovely, the house and dogs were great - easy to park and access the underground!"
        },
        {
            "name": "Davide",
            "date": "2016-04-18",
            "review": "Claire \u00e8 una splendida padrona di casa, stanze e lenzuola pulite, teli per il bagno a nostra personale disposizione, acqua sui comodini, connettore per il cellulare USB, che per noi europei \u00e8 un ottima cosa avendo un altro tipo di prese elettriche. Veramente totale disponibilit\u00e0... ci ha indicato dove poter cenare e fare colazione... WIFI veloce e la fermata della metr\u00f2 \u00e8 a 3 min di strada a piedi. Mi sentivo veramente coccolato come a casa!!! Grazie Claire\r<br/>\r<br/>Claire is a wonderful hostess, the rooms is clean, towels for the bathroom in our personal disposal, water on the bedside tables, the connector for the USB phone, for us Europeans it is a great thing having another type of electrical outlets. Truly total availability ... has shown us where to dine and have breakfast ... fast WIFI, and the nearby metro is 3 min away on foot. I felt truly pampered at home !!! Thanks Claire!!!\r<br/>\r<br/>"
        },
        {
            "name": "Jonathan",
            "date": "2017-09-21",
            "review": "Claire was a lovely host. The bathroom is beautiful and Claire allowed us to feel very relaxed in her home. Perfect location for Wanstead tube so 15 minutes to the West End."
        },
        {
            "name": "Chris",
            "date": "2018-02-25",
            "review": "We had a lovely stay. Claire is a great host and she made us feel really welcome. She really paid attention to detail... and her home is lovely and beautifully clean."
        },
        {
            "name": "Kylie",
            "date": "2018-05-08",
            "review": "Claire was lovely - we really enjoyed staying in her house. She was accommodating and really helpful x"
        },
        {
            "name": "Samantha",
            "date": "2018-05-28",
            "review": "Claire was very hospitable to us and our dog she also helped us around her area as well as having a good chat. While her dogs were friendly to us they didn\u2019t seem to like our dog and barked every time they saw him despite our dog being very friendly. It slightly effected our stay but couldn\u2019t be helped so no bad feelings."
        }
    ]
}