{
    "id": 10128582,
    "listing_url": "https://www.airbnb.com/rooms/10128582",
    "name": "Ensuite double, in stunning Hackney apartment",
    "description": "A bright spacious flat with high ceilings and exposed brick work. Converted from a period factory in 2014. Brand new fittings and fixtures. An ideal spot for a weekend in London. Close to both London Fields and Victoria Park or half an hour by train to Oxford Circus.<br /><br /><b>The space</b><br />Secure flat with Mon-Sat porter. Underfloor heating. Super king sized bed. Ensuite bathroom. Plasma screen television with Sky Sports. Broadband. Washer/Dryer.<br /><br /><b>Guest access</b><br />Guests will have access to a double ensuite bedroom. Shared living room area. Modern kitchen fittings.",
    "host_name": "Harry",
    "host_id": 39703290,
    "host_url": "https://www.airbnb.com/users/show/39703290",
    "host_picture_url": "https://a0.muscache.com/im/pictures/user/f03f6814-9df6-4203-a398-d9d16d9363e8.jpg?aki_policy=profile_x_medium",
    "neighbourhood_cleansed": "Hackney",
    "latitude": 51.54494,
    "longitude": -0.05438,
    "property_type": "Private room in rental unit",
    "room_type": "Private room",
    "accommodates": 2.0,
    "bathrooms": 1.0,
    "beds": 1,
    "price": 65.0,
    "numbers_of_review": 71.0,
    "review_scores_rating": 4.9,
    "reviews": [
        {
            "name": "Renate",
            "date": "2016-01-19",
            "review": "Amazing. The flat is in the perfect location, right next to Burberry shop and v close to Hackney Central station and London Fields. Brand new flat, large room with an en suite shower room and an incredibly comfortable king sized bed. It has everything you need - Sky TV, wifi and a brilliant sofa! Harry, the host is very efficient and super friendly, as is the other flatmate. It's great to have someone who knows the area so well - he can always point me the right direction, whatever I'm looking for. I absolutely love this area and the building and will come back whenever possible."
        },
        {
            "name": "Danny",
            "date": "2016-02-15",
            "review": "Harry kept good communication when needed, very accomadating and lovely brand new private ensuite room. "
        },
        {
            "name": "Lena",
            "date": "2016-04-28",
            "review": "We made a last minute booking due to renovation we had in our flat. Harry was very quick on our request and his place was very clean and nice. Felt like we were staying our flat. Highly recommending this place to other guest. "
        },
        {
            "name": "Flora",
            "date": "2016-08-03",
            "review": "I had a pleasant stay overall! Transit was easy to central London and other city spots. "
        },
        {
            "name": "Zoe",
            "date": "2016-10-14",
            "review": "Had a really lovely stay at Harry's, communication was really great. I'm very thankful for my stay. Would definitely recommend! "
        },
        {
            "name": "Dai",
            "date": "2017-05-19",
            "review": "Very clean exactly as shown in pictures. Nice host and big room. I felt like home when I was there!"
        },
        {
            "name": "Jennifer",
            "date": "2017-07-07",
            "review": "Logement super! On a pu r\u00e9cup\u00e9rer les cl\u00e9s de l'appartement malgr\u00e9 notre arrivee tardive. Le quartier est cool et bien desservie. La chambre et La SDB etait propre. Le lit confortable.<br/>Je conseille cet appartement! "
        },
        {
            "name": "Karen",
            "date": "2018-01-31",
            "review": "Harry is very responsive and professional. The place is conveniently located near public transportation and grocery stores."
        },
        {
            "name": "Nevena",
            "date": "2018-06-17",
            "review": "We are very happy with our stay at Harry's place. He was a kind and very responsive host. We had a great overall experience. The flat is beautifully designed with all the necessary staff you might need for a short stay. The bed was extremely comfortable and the private bathroom was a big plus. Calm neighbourhood in our view, the check-in time was flexible which is really convenient and the flat is very close to the overground. <br/>Thank you for hosting us, Harry!"
        },
        {
            "name": "Rebecca",
            "date": "2018-07-15",
            "review": "Very lovely stay "
        }
    ]
}