{
    "id": 10145288,
    "listing_url": "https://www.airbnb.com/rooms/10145288",
    "name": "Modern Triple Studio Zone 2 Hammersmith (9)",
    "description": "Comfortable Studio for 3 persons 1 x double bed & 1 x single bed, private kitchenette & bathroom.<br />250 meters from underground. 4 tube lines. Very central.<br />Ideal for short stay visiting London, relocation, work etc.<br /><br /><b>The space</b><br />Ideal for three persons short stay equally ideal for long stay !<br /><br /><b>Guest access</b><br />there is a reception in the building where you collect your keys.<br /><br /><b>Other things to note</b><br />Cleaning is included, on long stay once weekly cleaning, new linen & towels provided. You will receive a starter supply of toilet paper & bathroom essentials, there after on a self catering basis.<br />Laundry services are wash & dry \u00a310.00 per laundry bag.<br />Air conditioner is add on request service \u00a33.00 per day",
    "host_name": "Boris",
    "host_id": 216660,
    "host_url": "https://www.airbnb.com/users/show/216660",
    "host_picture_url": "https://a0.muscache.com/im/pictures/user/bd588187-c697-4e62-85ed-dcf0b237d34c.jpg?aki_policy=profile_x_medium",
    "neighbourhood_cleansed": "Hammersmith and Fulham",
    "latitude": 51.49538,
    "longitude": -0.22759,
    "property_type": "Entire serviced apartment",
    "room_type": "Entire home/apt",
    "accommodates": 3.0,
    "bathrooms": 1.5,
    "beds": 2,
    "price": 60.0,
    "numbers_of_review": 91.0,
    "review_scores_rating": 4.66,
    "reviews": [
        {
            "name": "Eleni",
            "date": "2016-05-22",
            "review": "Boris was really nice :) the room, bathroom and kitchen facilities were all sparkling clean, fresh towels and the house is in an amazing condition! Nice neighbourhood, just 5 minutes from the tube!"
        },
        {
            "name": "Heidi",
            "date": "2016-05-28",
            "review": "\u9019\u662f\u4e00\u5bb6\u5bb6\u5ead\u5f0f\u7d93\u71df\u7684\u65c5\u9928\uff0c\u5c4b\u4e3b\u4e00\u5bb6\u57fa\u672c\u4f4f\u5728\u5730\u4e0b\u4e00\u5c64\uff0c\u800c\u5176\u4ed6\u65c5\u5ba2\u5247\u4f4f\u5728\u4e00\u3001\u4e8c\u6a13\uff0c\u623f\u9593\u7684\u5927\u5c0f\u548c\u88dd\u98fe\u8207Airbnb\u7db2\u7ad9\u76f8\u7247\u63cf\u8ff0\u4e00\u6a23\u3002\u53e6\u5916\uff0c\u5c4b\u5167\u6709\u716e\u98df\u7528\u5177\u53ca\u9910\u5177\uff0c\u5305\u62ec\u7117\u7210\uff0c\u96fb\u78c1\u7210\uff0c\u4ea6\u6709\u71a8\u6597\u3001\u5439\u98a8\u6a5f\u548c\u51b7\u6c23\u6a5f\u7b49\u96fb\u5668\uff0c\u4e26\u8a2d\u6709\u6d17\u8863\u670d\u52d9\uff0c\u6536\u8cbb\u5408\u7406\u3002\u7531\u65c5\u9928\u6b65\u884c\u5230Hammersmith Underground Station\u5927\u7d04\u4e94\u5206\u9418\u3002Hammersmith\u662fZone 2\u4e3b\u8981\u8f49\u7dda\u7ad9(\u6709Hammersmith & City Line, Circle Line, Piccadilly Line and District Line )\u5230Zone 1\u975e\u5e38\u5feb\u6377\u65b9\u4fbf\uff0c\u4f86\u56de\u5230\u5e0c\u65af\u8def\u6a5f\u5834\u4e5f\u4e0d\u5230\u534a\u5c0f\u6642\u4e14\u4e0d\u7528\u8f49\u7dda\uff1b\u5730\u9435\u9644\u8fd1\u98df\u8086\u53ca\u5546\u5e97\u6797\u7acb\uff0cHammersmith \u4f4d\u8655\u897f\u502b\u6566\u4f4f\u5b85\u5340\uff0c\u5c0d\u6bd4Zone 1\u7684\u7e41\u83ef\u71b1\u9b27\uff0c\u66f4\u559c\u6b61\u9019\u88e1\u7684\u5be7\u975c\u4e7e\u6de8\u3002\r<br/> \r<br/>\u572818\u5929\u7684\u82f1\u570b\u65c5\u7a0b\u4e2d\uff0c\u5bc4\u5b58\u884c\u674e\u5c0d\u6211\u5011\u7684\u65c5\u7a0b\u6975\u70ba\u91cd\u8981\uff0c\u5230\u502b\u6566\u4e4b\u5f8c\u6211\u5011\u9700\u8981\u5230\u5df4\u65af\u3001\u725b\u6d25\u3001\u8607\u683c\u862d\u7b49\u5730\u518d\u6298\u8fd4\u502b\u6566\uff0c\u6211\u62ff\u7740\u884c\u674e\u5230\u7b2c\u4e00\u5bb6\u9152\u5e97\u5b89\u6392\u5bc4\u5b58\u884c\u674e\uff0c\u7576\u807d\u5230\u8981\u6536\u53d6\u9ad8\u6602\u7684\u884c\u674e\u5bc4\u5b58\u8cbb\u5f8c\u70ba\u4e4b\u537b\u6b65\uff0c\u6bcf\u5929\u7684\u6536\u8cbb\u5be6\u5728\u8d85\u51fa\u9810\u7b97\uff0c\u62ff\u7740\u884c\u674e\u7ad9\u5728\u8857\u908a\u4e0d\u77e5\u5982\u4f55\u662f\u597d; \u4f46\u5de7\u5408\u5730\uff0c\u9019\u5bb6\u6536\u53d6\u5bc4\u5b58\u8cbb\u7684\u9152\u5e97\u5728Boris Studio\u7684\u9644\u8fd1\uff0c\u65bc\u662f\u6211\u539a\u7740\u9762\u76ae\uff0c\u8aaa\u7740\u4e00\u53e3\u721b\u82f1\u6587\u5411Boris\u6c42\u52a9\uff0c\u4ed6\u6b23\u7136\u7b54\u61c9\u70ba\u6211\u5011\u514d\u8cbb\u5bc4\u5b58\u4e86\u5169\u6b21\u884c\u674e\u5171\u7d04\u5341\u5929\uff0c\u89e3\u6c7a\u4e86\u6211\u5011\u71c3\u715d\u4e4b\u6025\uff0c\u611f\u8b1dBoris\u53ca\u592a\u592a\u7684\u5e6b\u52a9\uff0c\u4e0b\u6b21\u5230\u502b\u6566\u6211\u4ea6\u6703\u9078\u64c7\u5165\u4f4fBoris Studio!"
        },
        {
            "name": "Michael",
            "date": "2016-07-23",
            "review": "Very good reception at apartment and generally friendly service. "
        },
        {
            "name": "Sonia",
            "date": "2016-08-31",
            "review": "We needed a place to stay for one night in London (3 adults) now the place is on the smaller size, but it was fabulous! We would DEFINITELY stay there again. It was in a terrific location close to shops, bars, restaurants and mall. Close to underground transportation within a 5min walk! Everything was close. You can tell that Boris takes pride in his property. It was very well maintained, very clean and very nice people. It was like a mini 5-star hotel. Microwave, fridge, cooktop. It's very modern and great taste in furnishing. It also had AC which was a plus for us!  Thank you!"
        },
        {
            "name": "George",
            "date": "2016-10-05",
            "review": "It's a wonderful flat located quite near Hammersmith station, so it is very convenient to take underground and bus to everywhere. The flat is clean and comfortable. I will definitely choose it again in my next London trip. "
        },
        {
            "name": "Amy",
            "date": "2016-10-21",
            "review": "We were greeted by Boris on arrival and was very welcoming. Home is very clean and met our needs.  "
        },
        {
            "name": "Ghislaine",
            "date": "2016-11-01",
            "review": "Excellent accueil avec un accueil ouvert sur une tr\u00e8s large plage horaire (nous avons pu aussi laisser notre valise le dernier jour \u00e0 l\u2019accueil) . Logement tr\u00e8s propre conforme \u00e0 la description, avec le m\u00e9nage fait tous les jours.   Id\u00e9al pour moi et mes 2 adolescents.\r<br/>Nous y avons pris seulement le petit-d\u00e9jeuner (mais possibilit\u00e9 de se faire \u00e0 manger).  Beaucoup de commerces au alentour pour acheter \u00e0 manger ou possibilit\u00e9 de manger dans le quartier. A 5 minutes \u00e0 pied du m\u00e9tro, desservi par plusieurs lignes de m\u00e9tro, l'emplacement est id\u00e9al pour visiter Londres et tr\u00e8s proche du c\u0153ur de Londres. Je recommande! \r<br/>\r<br/>"
        },
        {
            "name": "Rachel",
            "date": "2016-11-02",
            "review": "Borris is a very friendly and helpful host. "
        },
        {
            "name": "Sheryl",
            "date": "2016-11-09",
            "review": "Everything was very nice. We were only here for two nights, but loved the location. Very convenient for transportation, restaurants and markets. We enjoyed our stay here very much. I would definitely stay here again. "
        },
        {
            "name": "Lisa",
            "date": "2016-12-19",
            "review": "Very easy to contact for information about our stay.<br/>Great location "
        }
    ]
}