{
    "id": 10187281,
    "listing_url": "https://www.airbnb.com/rooms/10187281",
    "name": "Luxury Central London 2 bed apartment - Hampstead",
    "description": "Stunning bright & airy 2 double bedroom first floor flat with 3.5m high ceilings in leafy prime London location zone 2 (4 stops on the jubilee line to Bond St/oxford circus London's West End) South Hampstead conservation area is where the celebs live! Brand new, furnished to the highest standard with designer fittings throughout: including a designer Alno/Miel\u00e9 kitchen and new marble bathroom. 4 mins walk to Finchley rd jubilee line/ Metropolitan line. 5 mins to Regents park/Hampstead Heath<br /><br /><b>The space</b><br />Whole apartment with private entrance,  2 double bed, 1 bath",
    "host_name": "Simon",
    "host_id": 52319842,
    "host_url": "https://www.airbnb.com/users/show/52319842",
    "host_picture_url": "https://a0.muscache.com/im/pictures/user/2240db8a-e816-4c4f-8c5f-0bdaf97071a7.jpg?aki_policy=profile_x_medium",
    "neighbourhood_cleansed": "Camden",
    "latitude": 51.54317,
    "longitude": -0.19072,
    "property_type": "Entire condo",
    "room_type": "Entire home/apt",
    "accommodates": 4.0,
    "bathrooms": 1.0,
    "beds": 2,
    "price": 225.0,
    "numbers_of_review": 10,
    "review_scores_rating": NaN,
    "reviews": [
        {
            "name": "Miranda Chloe",
            "date": "2022-09-15",
            "review": "Simon\u2019s flat is amazing! We had a great stay. It was very clean, uncluttered and stylish. Great building, wonderful location near to transport and shops. Lovely quiet street. Simon was extremely responsive to all of my questions and was very helpful and friendly. Will definitely come back!"
        },
        {
            "name": "Yochanan",
            "date": "2022-10-29",
            "review": "Very nice flat. 2 bedrooms, comfortable beds, newly refurbished top quality kitchen and bathroom, cosy living space, good location, clean and full of light.<br/>Simon is a responsible, attentive and reliable host. Me and my granddaughter stayed for 5 days and it felt like home. Highly recommended."
        },
        {
            "name": "Deborah",
            "date": "2022-11-27",
            "review": "Simon\u2019s flat on Cleve Rd was the perfect home base for a week while we explored London. He met us at the flat when we arrived and answered all our questions. He even presented us with a generous gift at check-in:  tea-infused gin & vodka and Fever Tree tonic. The flat was located nearby the underground and overground trains, many great restaurants and pubs,      and a huge grocery store. We visited the West End, Camden market, Regent\u2019s canal, the British Museum, and Hampstead Heath; and took a day trip to Bath using only public transportation. We\u2019d definitely stay in Simon\u2019s flat again when we return to London."
        },
        {
            "name": "Julie",
            "date": "2022-12-07",
            "review": "We had a wonderful stay at Simon\u2019s. The flat is very comfortable and Simon is an amazing host! He popped by to drop off an iron and a Nespresso machine during our stay which made the mornings much more memorable! The flat is very well located & accessible as there are 2 tube stations close by. Also a good choice of cafe\u2019s & restaurants nearby to choose from. Simon provides a comprehensive listing of recommendations and this was indeed very helpful. What we particularly enjoyed was the long walks we could do each day and managed to cover Hampstead Heath, Primrose Hill & Regents Park during our stay here.  Would love to come back during summer .. keeping our fingers crossed!"
        },
        {
            "name": "Sam",
            "date": "2022-12-20",
            "review": "We had a fantastic stay at Simon\u2019s place! The flat is immaculate and was kitted out with everything that we could possibly need. Simon was extremely friendly and responsive and even greeted us with samples of his own delicious gin. The location is perfect, just a few minutes walk from both West Hampstead tube and Finchley Road, with a Waitrose flagship store a short walk away as well. It\u2019s a great base from which to explore London and we definitely hope to stay with Simon again on our next visit!"
        },
        {
            "name": "Barbara",
            "date": "2023-02-17",
            "review": "Simon's place was located nearby to public transit, grocery stores & in a quiet neighborhood.  The flat was very clean & had all the amenities.  Simon was very accommodating when we asked to check out an hour later due to our late flight back to the states. I definitely would recommend this Airbnb to anyone visiting West Hampstead in London."
        },
        {
            "name": "Adi",
            "date": "2023-02-27",
            "review": "Beautiful flat. Excellent  Location. Nicest Host"
        },
        {
            "name": "Shiko",
            "date": "2023-05-04",
            "review": "To start with - we had a great vacation in Simon's apartment .<br/>The space is more than enough for 2 adult couples. The apt. has anthing one needs. It is placed in a short walk from 2 tube stations and also supermarket and places to eat <br/>I will surely be back when staying In London"
        },
        {
            "name": "Tanya",
            "date": "2023-10-04",
            "review": "We had a super stay at Simon's stylish and extremely practical apartment. Nice amenities  well stocked, super easy walk to West Hampstead tube and Thameslink train. Great apartment, nicely furnished and Simon was extremely easy to get in touch with and provided many great tips. Highly recommend."
        },
        {
            "name": "Jennifer",
            "date": "2023-10-25",
            "review": "Simon has made sure that he stands behind what he offers. The flat is indeed a home: you are in a quiet neighborhood. You are safe. You sleep well. You have what you need.<br/>You can also walk to meet your needs, so if you don\u2019t want to \u201cleave\u201d home, you don\u2019t have to\u2026 And, if you want to, local transport abounds.<br/>You also have easy access to three worlds through walking. I love how London is so walkable. Hampstead is just so lovely. If you need a larger market option, go right out the front door. Want a busier option? Turn  left and then left at the stop sign, you head to another world. <br/>We will stay here again one day: I hope it\u2019s sooner than later. Thank you, Simon!!"
        }
    ]
}