{
    "id": 10196744,
    "listing_url": "https://www.airbnb.com/rooms/10196744",
    "name": "Modern apartment in Southall-London",
    "description": "Welcome to my minimalist and tranquil home. It\u2019s a two bedroom, two bathrooms apartment. As I live here (alone), the second room is available to guests.<br /><br />Southall is close to Heathrow Airport; 15 minutes in a taxi or one stop on the train. The station is a 10 minute walk from the front door; or a 3 min bus ride.<br /><br />Access to central London / the city is very easy; trains from Southall station run to Ealing Broadway and / or London Paddington where the Underground can be taken to all the landmarks.<br /><br /><b>The space</b><br />My apartment has two bedrooms; one of the double rooms is available to guests.<br /><br />The open-plan kitchen is light and airy where there is access to all the usuals you'd expect in one: kettle, microwave, toaster etc. <br /><br />Via the doors in the living room is access to the patio which has a table and six chairs. Beyond that is the large communal garden which guests can utilise, weather permitting!<br /><br />Please note, I do not h",
    "host_name": "Bhavin",
    "host_id": 52379485,
    "host_url": "https://www.airbnb.com/users/show/52379485",
    "host_picture_url": "https://a0.muscache.com/im/pictures/user/df561a32-3f42-4827-baa9-6d197dbdcc9c.jpg?aki_policy=profile_x_medium",
    "neighbourhood_cleansed": "Ealing",
    "latitude": 51.50368,
    "longitude": -0.38515,
    "property_type": "Private room in rental unit",
    "room_type": "Private room",
    "accommodates": 2.0,
    "bathrooms": 1.5,
    "beds": 1,
    "price": 85.0,
    "numbers_of_review": 61.0,
    "review_scores_rating": 4.77,
    "reviews": [
        {
            "name": "Sam",
            "date": "2016-02-18",
            "review": "Bhavin was a great host and did everything he needed to make sure I had a comfortable stay. He was great at keeping in touch even though I was traveling internationally and could only contact him when WiFi was available in the airport and such.<br/>He has a lovely apartment; clean and inviting and with all the amenities. <br/>15 minutes from Heathrow by cab or a quick train ride."
        },
        {
            "name": "Hiren",
            "date": "2016-04-08",
            "review": "Very nice, clean and welcoming two bed apartment. Stayed for week with family including kids, no problems at all. Parking very convenient and lots of local places to visit and eat. Host very easy to talk to, thoughtful and very helpful. \r<br/>Highly recommended. Will definetly book again next time I visit the area. "
        },
        {
            "name": "Sue",
            "date": "2016-04-23",
            "review": "Left the apartment and was still holding on to the apartment key! That is how much I felt his space was like my very own. Despite that, Bhavin was very understanding and waited for me to be back from my travels to pass the key back. Definitely booking this cosy and clean space if I'm staying around that area! Bhavin is lovely and very friendly. He is very prompt in replying my queries and was flexible in the check in and out timing. Thanks Bhavin! :)"
        },
        {
            "name": "Ronald",
            "date": "2016-04-29",
            "review": "Everything was as advertised and the flat is good"
        },
        {
            "name": "Josh",
            "date": "2016-05-01",
            "review": "The host was absolute fantastic, couldn't ask for a better experience with using Airbnb for the first time."
        },
        {
            "name": "Nisa Ike Rini",
            "date": "2016-05-06",
            "review": "The apartment is simple but tastefully decorated, spotlessly clean and tidy, and you have everything you need. Eventhough Bhavin didn't directly greet us upon arrival but he left complete and informative notes about check in and responded fast to whatever we asked. Tea, sugar, even cookies were sweet treats. The private car parking slot also very close to the unit. <br/>Thank you so much, hope can be back there someday !"
        },
        {
            "name": "Kathy",
            "date": "2016-05-24",
            "review": " We didn't actually meet Bhavin but he was very helpful when we were having trouble finding the address.  I called him and although he was out of town he gave instructions and then notified James who was at the apartment to meet us.  James came out and found us as we were coming back down the street.  The apartment was clean and comfortable and we felt at home for the night.  I would not hesitate to use this place.\r<br/> "
        },
        {
            "name": "Scott & Michelle",
            "date": "2016-06-02",
            "review": "Bhavin was very friendly.  The apartment was very nice and clean.  The trundle bed isn't quite as comfy as the master bed but certainly fine.  No dining area was only a concern at breakfast since we didn't want to leave crumbs on the couch.  Nice to be within a close walk to the train and the little grocery across the street was so convenient.  Just great for our visit to London!"
        },
        {
            "name": "Daniela",
            "date": "2016-06-11",
            "review": "Muy lindo piso! Todo super limpio y comodo! Mercados al alcance y el aeropuerto tambien! Muy atento a todo! "
        },
        {
            "name": "David",
            "date": "2016-06-16",
            "review": "Bhavin was quick to respond to all my questions. James met us at the door and showed us around. The apartment was a perfect fit for us. It was comfortable and well equipped. I was a little concerned about how comfortable the pull out bed would be - it was actually more comfortable than I expected. Having 2 bathrooms was great. A very nice bonus was the covered parking. Since we left our car and took the train downtown, this gave me one less thing to worry about - I knew the car was safe. We stopped by Bally's (store across the street) nightly to get groceries; they too were welcoming and helpful.  I can heartily recommend Bhavin's accomidations. "
        }
    ]
}