{
    "id": 10208193,
    "listing_url": "https://www.airbnb.com/rooms/10208193",
    "name": "Beautiful s/room, links to London Bridge/Victoria",
    "description": "Lovely bedroom overlooking the garden, spacious and well furnished with quality bedding and impeccably clean. Bathroom is shared but with lots of space.",
    "host_name": "Patricia",
    "host_id": 48060057,
    "host_url": "https://www.airbnb.com/users/show/48060057",
    "host_picture_url": "https://a0.muscache.com/im/pictures/user/36814657-e30e-4b1d-86f8-3e14a527508f.jpg?aki_policy=profile_x_medium",
    "neighbourhood_cleansed": "Southwark",
    "latitude": 51.4526,
    "longitude": -0.08708,
    "property_type": "Private room in home",
    "room_type": "Private room",
    "accommodates": 1.0,
    "bathrooms": 1.5,
    "beds": 1,
    "price": 55.0,
    "numbers_of_review": 11.0,
    "review_scores_rating": 4.8,
    "reviews": [
        {
            "name": "Volker",
            "date": "2017-04-14",
            "review": "I very much enjoyed staying at Patricia's very comfortable home. The house is located in a great location, in walking distance to Dulwich Village and Herne Hill Station from where you reach Victoria in 9 minutes. I am looking forward to my next stay."
        },
        {
            "name": "Carl",
            "date": "2017-04-30",
            "review": "Even if you go unprepared to London, with these hosts nothing can go wrong. It was two days of quality time for us."
        },
        {
            "name": "Johanne",
            "date": "2019-09-25",
            "review": "Gracious hosts, beautiful bedroom and private shower bathroom, very bright, with a view of the beautiful garden and orchard. Perfect address right in the village of Dulwich, with his beautiful Picture Gallery, shops, good restaurants. Near the train station. Easy access to central London by a short bus ride and short subway ride (20 min. max). A secret haven. Thank you so much Patricia. I hope to come again."
        },
        {
            "name": "Tom",
            "date": "2021-05-19",
            "review": "V nice stay"
        },
        {
            "name": "Suji",
            "date": "2021-11-20",
            "review": "Patricia is the most caring and loving host you could ever expect to meet. I stayed here for about 3 weeks and I enjoyed every second at her place. The room is nicely furnished, super clean, and perfectly ready for you, and it also has a huge window which allows the room to have beautiful sunlight. Easy access to transportation links as there\u2019s a bus stop which is a stone\u2019s throw away as well as North Dulwich Station, 2 min walk from the house. She and her family also provided me with a delicious breakfast with various kinds of teas, breads, and cereals every morning as well as fun chat\u2014 a great start into the day! Every bit of experience at Patricia\u2019s place was impeccable and made me feel at home. 10/10!"
        },
        {
            "name": "Luca",
            "date": "2022-04-24",
            "review": "Very accommodating and lovely home.  Thank you for the wonderful fresh mangos for breakfast and the Italian coffee."
        },
        {
            "name": "Kirsi",
            "date": "2022-05-07",
            "review": "I had a lovely stay in this beautiful and peaceful home. The room is great and the bed is very good to sleep in! The hosts are lovely and welcoming. Can 100% recommend a stay with Patricia and her family."
        },
        {
            "name": "Ghaziyah",
            "date": "2022-06-13",
            "review": "A really lovely warm family home. <br/>Excellent links into central London, whilst in a part of South London which is so beautiful- with great restaurants/caf\u00e9s & a buzzy feel.<br/>Hosts were friendly & welcoming, a warm sunny room with a view of the garden & thoughtful touches. I stayed for a couple of nights but this would work well for a longer stay. <br/>Highly recommended!"
        },
        {
            "name": "Brian",
            "date": "2022-06-23",
            "review": "Beautiful house, super clean. Location is amazing, conservation area, super quiet and green - only downside (small tho) is that shops, supermarkets or off licenses aren\u2019t super close. Breakfast is served in the morning which is a great plus. You can use microwave and kettle but not the kitchen. There might be other gusts around, especially students but everything will be super quiet. It\u2019s a proper family house and it feels like you\u2019re visiting some distant relatives with their own family life going on but Patricia and Julian are very friendly and helpful. Beautiful Brockwell park walking distance. No close tube but 10 mins bus ride to Brixton Tube, bus stop 1 min walking. Great value for money!"
        },
        {
            "name": "Aimee",
            "date": "2022-06-27",
            "review": "Very comfortable stay, the host could not have been more helpful. <br/>They have a pet so make sure you like dogs!"
        }
    ]
}