{
    "id": 10220394,
    "listing_url": "https://www.airbnb.com/rooms/10220394",
    "name": "Hackney room & private bathroom",
    "description": "Fabulous warehouse conversion in the heart of Hackney, zone 2! Make yourself at home in a spacious, quiet and warm room with newly renovated private bathroom and use of fully equipped kitchen and lounge.<br /><br /><b>The space</b><br />The flat has two bedrooms, each with own bathrooms, on separate floors, therefore the room/bathroom advertised is separate from the other - privacy and quiet that we find suitable and perfect for guests. <br /><br />There is a very comfortable bed and duvet/pilllows. The bathroom shower has excellent pressure. The flat is a naturally warm and relaxing space.<br /><br />For stays longer than one month, cleaning fee of 10 GBP cash per week is mandatory.<br /><br />Please note: this a gay-friendly and anti-discriminatory environment, therefore do not book if this does not resonate with you.<br /><br /><b>Guest access</b><br />Guests are welcome to use the lounge (TV) and kitchen (fully stocked amenities and dish washer, washing machine, oven, microwave, ne",
    "host_name": "Lucy",
    "host_id": 27857733,
    "host_url": "https://www.airbnb.com/users/show/27857733",
    "host_picture_url": "https://a0.muscache.com/im/pictures/user/38cbfd1f-004f-49a3-8457-399c94b36398.jpg?aki_policy=profile_x_medium",
    "neighbourhood_cleansed": "Hackney",
    "latitude": 51.5541,
    "longitude": -0.056,
    "property_type": "Private room in rental unit",
    "room_type": "Private room",
    "accommodates": 1.0,
    "bathrooms": 1.0,
    "beds": 1,
    "price": 25.0,
    "numbers_of_review": 28.0,
    "review_scores_rating": 4.93,
    "reviews": [
        {
            "name": "Julia",
            "date": "2016-03-30",
            "review": "Unfortunately, We didn't have a chance to meet, but we stayed in contact through internet. Lucy was a very caring host, she made sure that we have everything that we need and know our way around the neighbourhood. The flat was really charming and well equiped. We have absolutely no complaints. Thanks to Lucy our short stay in London was much more pleasent than it could've been.\r<br/>"
        },
        {
            "name": "Yuri",
            "date": "2016-04-09",
            "review": "It was absolutely great  to stay in the house!!<br/>The house was clean and comfortable.Lucy is awesome kind and helpful as well.She always took care about me and helped me about London life.Thanks so much!"
        },
        {
            "name": "Misty",
            "date": "2016-08-13",
            "review": "Lucy's place was clean, centrally located to Clapton and the rest of Hackney. Prior to my stay, Lucy was very organized, actively in touch, and  friendly. Robin, her brother, lives upstairs and is an absolute delight. I would highly recommend this place to anyone wanting to visit the Hackney area. "
        },
        {
            "name": "Tim",
            "date": "2016-09-12",
            "review": "Staying at Lucy's place was really great. The room was nice and clean and her flat and kitchen offer everything you need while staying in London.<br/>Hackney is a very nice area to live in and Lucy gave us great recommendations for things to see and do in Hackney.<br/>Besides we also met her brother while staying in her flat who is also a very kind person and he was very open and a good host (thanks for the coffee and Whiskey ;) )<br/>Unfortunately we did not meet Lucy in person, but she did reply very quick to all my messenges and is a good host!<br/>I would recommend staying in her flat! "
        },
        {
            "name": "Leanne",
            "date": "2017-01-04",
            "review": "\r<br/>We stayed here for 6 days over the new year period and had such a great time, this was a perfect base. Lucy's flat is such a nice space, homely and yet calm and open. The flat is actually bigger than it seemed in the photos. Beforehand she sent us a great bunch of information on the local area, transport (good spot for the overground), some recommendations for food etc.\r<br/>The arrival was made so easy for us. Everything was provided like towels, bedding, hanging space, whilst the kitchen was a great spot to cook and eat. Lucy would always reply quickly and made sure we were fine and getting on well. Lucy's brother Robin who was sometimes around was super lovely, and contributed to us feeling at home, or indeed showing me how to use the coffee machine! We felt very welcome, thanks so much :) \r<br/>Lee and Mafalda"
        },
        {
            "name": "Sebastian",
            "date": "2017-02-26",
            "review": "First time using AirBnB. All in all it was a great stay. Lucy gave a lot of helpful information about the neighbourhood and the arrival. When you meet her brother Robin in the flat, it's always fun. He gives good advice for interesting things to see in London and you can always text him if you have questions. "
        },
        {
            "name": "Asheesh",
            "date": "2017-04-01",
            "review": "I had such a lovely stay in Lucy's room while she was away. Lucy was so kind and communication was perfect. The location was perfect for me, and the room and flat were incredibly comfortable. There's also fantastic secure bike parking, which was a plus. Best part was meeting and getting to know Lucy's brother, Robin, who lives upstairs and is the kindest of hosts!!"
        },
        {
            "name": "Jessica",
            "date": "2017-04-23",
            "review": "I stayed at Lucy and Robin's place for a little over a week and it was lovely! Very clean and in a great, quiet location close to local transportation links. I would recommend it to everyone without any hesitation.<br/>Lucy is very kind and was extremely accommodating before my arrival but unfortunately was away during my stay. However, she kept in touch throughout always making sure I was okay and had everything I needed. She was reachable at all times! <br/>Her brother Robin was there and is a perfect host. He is lovely company and it was a blast living with him! I would definitely here stay again :). "
        },
        {
            "name": "Jess",
            "date": "2017-05-05",
            "review": "My friend and I stayed here for a week and had a great time. We enjoyed exploring Hackney and it was also super easy to get to other areas by bus. Lucy provided us with check-in info as well as stuff to do in the area, and she was super easy to be in contact with via text. Robin was super friendly and welcoming and was available to answer questions and give us recommendations! "
        },
        {
            "name": "Christine",
            "date": "2017-05-21",
            "review": "A great neighborhood. Hip, lively and tasty Bars , Restaurants and Cafes are close by. The house itself nicely quite. Lucy is an amazing host, even though she was gone. She always made everything easy and smooth and giving great tips. I would alway stay again. "
        }
    ]
}