{
    "id": 10220433,
    "listing_url": "https://www.airbnb.com/rooms/10220433",
    "name": "LUXURIOUS 1 BEDROOM FLAT BY THE RIVER",
    "description": "Accommodation offers a good size  king size and double sofa bed, wardrobe, chesterdrowers , modern bathroom and kitchen. Prime location just North of the River Thames, next to Imperial Wharf Station for the train (has access to underground as well) and River Bus. 5 mins by bus to Kings Rd and Fulham. 10 mins walk to Fulham Broadway Underground Station...Have use of Gym, 24 hours concierge..<br /><br /><b>The space</b><br />its a very modern apartment, feels very welcoming<br /><br /><b>Guest access</b><br />The guests will be able to access entire space of the Apartment.",
    "host_name": "Jesse",
    "host_id": 52518044,
    "host_url": "https://www.airbnb.com/users/show/52518044",
    "host_picture_url": "https://a0.muscache.com/im/pictures/user/09f1a7bd-976b-4810-b52b-2004cdc2b244.jpg?aki_policy=profile_x_medium",
    "neighbourhood_cleansed": "Hammersmith and Fulham",
    "latitude": 51.47238,
    "longitude": -0.1823,
    "property_type": "Entire rental unit",
    "room_type": "Entire home/apt",
    "accommodates": 3.0,
    "bathrooms": 1.5,
    "beds": 2,
    "price": 160.0,
    "numbers_of_review": 17.0,
    "review_scores_rating": 4.69,
    "reviews": [
        {
            "name": "James",
            "date": "2016-07-14",
            "review": "Excellent location, owner was always ready to answer any questions I had 5* strong service. Will use again"
        },
        {
            "name": "Tariq",
            "date": "2016-07-17",
            "review": "Had a wonderful stay at Jessie's place. Easy collection of keys, flat very clean and tidy and bedroom very comfortable. The flats location is excellent and right next to the train station. I am staying there again in a few days time. Thank you Jessie. "
        },
        {
            "name": "Shayna",
            "date": "2016-07-20",
            "review": "Lovely apartment. Great price. Loved the Audrey picture on the wall. The balcony was perfect. "
        },
        {
            "name": "Emma",
            "date": "2016-09-30",
            "review": "Location and view from the balcony were fabulous, and the area and building as well as the flat itself were very nice.  Had all amenities needed and was clean and tidy. Easy access to central London with Overground station only a couple of minutes away."
        },
        {
            "name": "Ian",
            "date": "2016-10-02",
            "review": "Nice clean modern flat; good location near water and transit."
        },
        {
            "name": "Samira",
            "date": "2019-10-06",
            "review": "Lovely place to stay in for short or long. Will definitely go back again."
        },
        {
            "name": "Julie",
            "date": "2019-11-24",
            "review": "Nice, clean and brand new Appartment!! <br/>We enjoyed our stay a lot!"
        },
        {
            "name": "Barry",
            "date": "2021-05-28",
            "review": "Really enjoyed our stay at the apartment. <br/>The apartment was spacious and clean, with a sizeable kitchen, living area, balcony (with views of the river) and bedroom. <br/>The area is really nice, with overground train station, shops/restaurants, bars, etc. all very close. <br/>Communication with Jesse was very efficient throughout. <br/>Would definitely recommend Jesse\u2019s place to others."
        },
        {
            "name": "Peter",
            "date": "2021-08-16",
            "review": "Nice apartment. Hope to have one here as our home. Definitely would book again when visiting London again. Near supermarket is a plus. The LG washer and dryer make us want to buy one ourself."
        },
        {
            "name": "Philipp",
            "date": "2021-11-25",
            "review": "The flat is located inside a newly built building but surrounded by a nice historical area of Fulham, which is nice. There is a huge superstore on the ground floor and a tube station nearby. It was nice staying there for a few weeks."
        }
    ]
}