{
    "id": 10278486,
    "listing_url": "https://www.airbnb.com/rooms/10278486",
    "name": "Cosy room for one person in a family home",
    "description": "Offering a comfortable double room for one in a family house in North London, with access to a shared shower/toilet for guests; close to a park, various amenities and the tube. <br /><br />Within 5-10 minutes you can reach numerous grocery shops, restaurants, pubs and takeaways. The park is right on the corner, just a minute away. Buses that take you to shopping centers and central London are within 5 mins walk and the tube station is 10 mins on foot.<br /><br /><b>The space</b><br />The room features a wooden floor, double bed, large mirrored wardrobe doors and a large window looking out onto the street.<br /><br /><b>Guest access</b><br />You will receive a key so that you are free to come and go as you please. A washing machine is available to use for free once a week; \u00a33 per use if you want to use it more than that. The house is large and centrally heated meaning you do not have control over the temperature. You are welcome to store some items in the fridge and on a shelf in the ki",
    "host_name": "Mila",
    "host_id": 48247266,
    "host_url": "https://www.airbnb.com/users/show/48247266",
    "host_picture_url": "https://a0.muscache.com/im/pictures/user/f68c37ef-b441-4e7b-a93b-f6a446137882.jpg?aki_policy=profile_x_medium",
    "neighbourhood_cleansed": "Barnet",
    "latitude": 51.60333,
    "longitude": -0.18425,
    "property_type": "Private room in home",
    "room_type": "Private room",
    "accommodates": 1.0,
    "bathrooms": 1.0,
    "beds": 1,
    "price": 45.0,
    "numbers_of_review": 13.0,
    "review_scores_rating": 4.69,
    "reviews": [
        {
            "name": "Maria",
            "date": "2016-03-30",
            "review": "\r<br/> It is in a quiet neighbourhood.  And very close to tube station and bus stop. \r<br/>The room was big and with all the complements. Much nicer than the pictures.\r<br/>The host wasn't there, but her son took care of us. He was very attentive and always available, very helpful, nice and friendly."
        },
        {
            "name": "Alisa",
            "date": "2016-05-15",
            "review": "We came for a weekend from 12 to 15 of May. Mila is a wonderful host - from the moment we arrived we felt wery welcomed! The room was very nice (it looks better than in photos, especially in daylight), full of light with a comfy big bed. The house is in a quiet neighbourhood, a short walk from the tube which brings you straight to the centre. We had everything we could possibly need and the host was very helpful, so I would definitely recommend this place to anyone!"
        },
        {
            "name": "Tino",
            "date": "2016-05-22",
            "review": "Nice contact to Mila, nice room, very uncomplicated. Thank you for the great stay. \r<br/>Bus (Line 243 or 82... ) and Tube (Finchley Central / Northern Line) station are near by.\r<br/>I am looking forward to see you in August. \r<br/>\r<br/>Wird von mir gerne und guten Gewissens weiter empfohlen. \r<br/>"
        },
        {
            "name": "Pari",
            "date": "2016-05-26",
            "review": "Mila house is match the description. We found that the room is actually better than the photos.<br/>If anyone looking for a place to stay near Finchley Central, we definitely sent them to Mila's house :-)"
        },
        {
            "name": "John",
            "date": "2016-10-05",
            "review": "Milia was friendly and helpful"
        },
        {
            "name": "Michael",
            "date": "2021-09-26",
            "review": "Very comfortable place for a stay in the Finchley area. Mila is a very hospitable host and made me feel very welcome."
        },
        {
            "name": "James",
            "date": "2021-11-07",
            "review": "I had a simply delightful time with Mila and would strongly recommend staying with her. She makes a great coffee too!"
        },
        {
            "name": "Jodie",
            "date": "2022-04-07",
            "review": "Lovely place to stay. :)"
        },
        {
            "name": "Martin",
            "date": "2022-05-16",
            "review": "A lovely host, a peaceful neighbourhood which is quite convenient to reach the city centre thanks to the Tube. <br/>The room was clean, bright and spacious. Decent price.<br/>The high street of Finchley is not far and a park is near Mila\u2019s house.<br/>I spent 10 days at her\u2019s. No doubt I would contact her if I ever need to come back to London again."
        },
        {
            "name": "Sharon",
            "date": "2022-06-17",
            "review": "Mila is an excellent host. She is used to hosting a lot of airbnb travelers like us and she knows what needs to be done. Though there was a day where she requested me to stay out from morning 9 till 5 in the evening as she had guests coming home for her birthday, she made it up the following day with a delicious cheesecake (yum). I really didn\u2019t mind the day out as it was a Saturday and I was busy with my house hunt and meeting friends. Otherwise, she had an excellent wifi connection and a cosy bed which helped my wfh and the cold. She is a kind person who will ensure your stay is good. I will recommend her."
        }
    ]
}