{
    "id": 10288282,
    "listing_url": "https://www.airbnb.com/rooms/10288282",
    "name": "Charming 1BD Flat in Trendy Hoxton",
    "description": "Stylish good size 1 bedroom flat just a stones throw away from Shoredtich, Columbia Flower Market, Broadway market & restaurants and night life of Kingsland road, the flat benefits from a prime location while still being amazingly quiet<br /><br /><b>The space</b><br />Stylish, good size apartment, with a living room fitted with sofa, easy chair and dining table and separate bedroom with king size bed (160cmx200cm). Light and spacious living room space, modern kitchen and bathroom/shower.<br /><br />Fully equipped kitchen with oven, microwave, dishwasher and Nespresso machines (with enough capsules for your caffeine fixes!)<br /><br />Internet with wifi and cable TV for all your entertainment needs as well<br /><br />Linen and towelling are provided.<br /><br />The flat is on the 2nd floor accessed by stairs. The flat building entrance is in a side alley.<br /><br /><b>Guest access</b><br />Guests have full access to the entire flat.",
    "host_name": "Veronica",
    "host_id": 28820321,
    "host_url": "https://www.airbnb.com/users/show/28820321",
    "host_picture_url": "https://a0.muscache.com/im/users/28820321/profile_pic/1444330784/original.jpg?aki_policy=profile_x_medium",
    "neighbourhood_cleansed": "Tower Hamlets",
    "latitude": 51.5281,
    "longitude": -0.07435,
    "property_type": "Entire rental unit",
    "room_type": "Entire home/apt",
    "accommodates": 2.0,
    "bathrooms": 1.0,
    "beds": 1,
    "price": 70.0,
    "numbers_of_review": 31.0,
    "review_scores_rating": 4.81,
    "reviews": [
        {
            "name": "Mikey",
            "date": "2016-02-05",
            "review": "Really great apartment I enjoyed my stay. Very central and was easy to walk to loads of interesting places around hoxton / shoreditch / whitechapel. Unfortunately did not meet Veronica but im sure she is lovely :) Met Elonore who shoed me around and got me settled. Overall great place to stay."
        },
        {
            "name": "Kal",
            "date": "2016-03-20",
            "review": "Veronica made sure the flat was in good order and accommodated all our needs. We would stay there again. Thanks Veronica"
        },
        {
            "name": "Benoit",
            "date": "2016-04-02",
            "review": "Very comfortable place, fitted with everything self caterers need.\r<br/>Veronica was very responsive and flexible regarding arrival / departure. Shops and sights nearby, also convenient if you arrive from Stanstead airport, barely 20 min walk from Liverpool Street station. All in all a perfect location for a perfect short holiday. The outdoors terrace was the cherry on the pie !\r<br/>\r<br/>Benoit & Heidi , Hasselt, Belgium"
        },
        {
            "name": "Boaz",
            "date": "2016-04-18",
            "review": "This was my first time in London, and I was looking for an AirBnb specifically in Shoreditch which is a very trendy neighborhood with good restaurants and bars. \r<br/>\r<br/>The apartment itself is amazing, exactly as in the pictures except they added seating furniture to the little patio outside, just very well done and comfortable. The bathroom is super nice and clean as well which is always important to me. Check-in/out is well managed.\r<br/>\r<br/>The location is great and central. It's not *right* on top of transportation but the stations you'll use are close enough to not be a consideration. I mainly went to either Hoxton for overground, right around the corner, or Old Street for underground, a quick 10ish minute walk towards the larger streets and buildings of Shoreditch past lots of restaurants and shops. If you end up in a cab or an Uber, they will know where Hackney road is.\r<br/>\r<br/>Price was pretty good, too. I definitely recommend the listing."
        },
        {
            "name": "Nilfa",
            "date": "2016-05-04",
            "review": "Apartment was perfect, very clean, all amenties we needed and more, perfectly located with Hoxton and Shoreditch on your doorstep! Quick friendly response to all our queries!"
        },
        {
            "name": "Melody",
            "date": "2016-05-07",
            "review": "Veronica's apartment was perfect for our week's stay in London. The area is up and coming with a cool vibe. The flat is nicely decorated, clean and comfortable. Love that skylight and the terrace! Veronica has been helpful and accommodating, would certainly recommend. "
        },
        {
            "name": "Tamar An Shamir",
            "date": "2016-05-12",
            "review": "Great and efficient response time that continued throughout check in.  Thanks for accommodating our needs for late check out etc. Apartment was very comfortable and clean. Loved the terrace!"
        },
        {
            "name": "Masha",
            "date": "2016-05-15",
            "review": "The place is very comfortable and clean. The terrace is shared with neighbours from next door appartment. Veronica left some basic products such as salt and shampoo, etc which is very convenient, i always wonder why other owners don't leave it as well:)\r<br/>couple of important notes for guests: (1) very important to double check the exact address and direction details. it may happen one gives you wrong address  and you'll be standing under the rain trying to reach anybody by provided phone numbers  (2) if you were asked to leave the keys inside be sure you would be able to leave the place without keys, there are locked gates there:) good for us the backpacks were not that heavy so we could climb over the gate:)"
        },
        {
            "name": "Drew",
            "date": "2016-06-02",
            "review": "This is a cozy, clean, and well appointed flat in a great location. Veronica is very helpful and I would most certainly book this flat again. "
        },
        {
            "name": "Sascha",
            "date": "2016-06-06",
            "review": "Amazing apartment in very cool East London district. The place is very comfy, you can even spin some records on the great vintage HiFi equipment. Nice terrace too. Communication was easy, service was great. Would recommend this apartment to anyone who wants to visit London. Great places to eat around in the area. We had a wonderful time. Thanks, Veronica & Eleanore!"
        }
    ]
}