{
    "id": 10335126,
    "listing_url": "https://www.airbnb.com/rooms/10335126",
    "name": "Pimlico: roomy  1-2 bedroom, 1-4 person apartment",
    "description": "Light, new, roomy new apartment in Pimlico, London. 1 or 2 bedrooms available depending on amount of guests (2-4) Less than 5 minute walk from Pimlico Station and a 10-15 min walk from Victoria Station. Modern building in quiet street just 5 minutes from the river Thames, 3 minutes from Tate Museum and a 10-15 min walk from the Big Ben. Large well equipped living room and kitchen. I usually ask 25 pounds a night extra for 2 person bookings that request the second bedroom. No smokers only<br /><br /><b>The space</b><br />Modern apartment  on first floor ( 1 flight of stairs or lift)  with a large living room with an open Italian kitchen. <br />The Apartment being in a side street is very quiet yet close to shops, tube station and restaurants.<br /><br /><b>Guest access</b><br />Depending on the amount of guest I might close off one bedroom..<br />So one bedroom for 1-2 guests and 2 bedrooms for 3-4 guests.<br /><br /><b>Other things to note</b><br />I really appreciate it if we could ag",
    "host_name": "Diederick",
    "host_id": 11174074,
    "host_url": "https://www.airbnb.com/users/show/11174074",
    "host_picture_url": "https://a0.muscache.com/im/pictures/user/a3c4d03e-691a-4aeb-8106-b108a03e75df.jpg?aki_policy=profile_x_medium",
    "neighbourhood_cleansed": "Westminster",
    "latitude": 51.49235,
    "longitude": -0.13419,
    "property_type": "Entire rental unit",
    "room_type": "Entire home/apt",
    "accommodates": 2.0,
    "bathrooms": 1.0,
    "beds": 1,
    "price": 159.0,
    "numbers_of_review": 36.0,
    "review_scores_rating": 4.89,
    "reviews": [
        {
            "name": "Karen",
            "date": "2016-04-27",
            "review": "Diederick was very welcoming and friendly. This Airbnb will undoubtedly be a 5 star place. I only gave it 4 stars as we had a few hiccups, which were beyond Diederick's control. These were resolved and handled efficiently. Diederick was incredibly responsive and accessible. The flat is close to Pimlico tube station and you could easily walk to Westminster, Victoria, the Thames and the Tate Britain. The parking situation is not great if you are going to take a car and there is the issue of London's congestion charges. There are some nice restaurants, I'd recommend the The Loosen Box. As this flat is very modern make sure you ask how to use the heating system, master bath/shower and other appliance, if a house folder isn't available. This Airbnb does not offer breakfast but there is a small grocery store around the corner. Also it does not have a TV. Both of these things are mentioned in the description but some people might miss them. "
        },
        {
            "name": "Madeleine",
            "date": "2016-05-07",
            "review": "I only have superlatives for this AirBnB!! Spacious, modern and with every amenity for a great stay. The flat is only 1 block from the underground and has shops and restaurants within easy walking distance. I was very impressed with Diederick's dedication to making this a seamless and comfortable booking. "
        },
        {
            "name": "Christina",
            "date": "2016-05-22",
            "review": "It was a very pleasant surprise to step into Diedericks appartment. Large, spacey and homely place. We loved the place right away. Our visit was well prepared with a written welcome letter with specifics as well as good hints. And to top up the very good impression, Diederick left cool drinks, snacks and other stuff for us. It made us feel very welcome. Also, quick to get back when we had questions. All in all, thanks for a truly pleasant stay in every way. We have already recommended this place to several friends. We will properly come back to enjoy another stay. "
        },
        {
            "name": "Alex",
            "date": "2016-06-01",
            "review": "Great host and amazing place!"
        },
        {
            "name": "Doug",
            "date": "2016-07-02",
            "review": "Diederick's apartment is spacious and  in a great location, convenient to westminster and tube and rail lines.  Very helpful and clear instructions with provisions and bathroom essentials thoughtfully provided.   Diederick was very swift with his assistance throughout the booking experience and I'd highly recommend him and this apartment."
        },
        {
            "name": "Nico",
            "date": "2016-07-04",
            "review": "Prima locatie, goede buurt, prima gastheer. Luxe appartement is van alle gemakken voorzien. Zeker een aanrader."
        },
        {
            "name": "Jeanne",
            "date": "2016-07-08",
            "review": "Wonderful  place location perfect and the apartment  was stunning."
        },
        {
            "name": "Carly",
            "date": "2016-07-11",
            "review": "We had a fantastic stay in this apartment. It was beautiful, spacious and bright plus the location was great for getting around the city. Booking and check in were easy and we were even left some cold drinks, snacks and breakfast items by the host. We're already looking to rebook for next year!"
        },
        {
            "name": "Mark",
            "date": "2016-09-14",
            "review": "A really excellent appartment and excellent location. First class. The flat was spotless and well furnished and very comfortable. Comms with Diederick were easy and clear. Thank you so much. "
        },
        {
            "name": "Lauren",
            "date": "2016-09-24",
            "review": "This apartment is very large and beautifully decorated.  It is light, bright, quiet and well located - just a quick walk to pubs and stores near Victoria Station. Diederick was incredibly responsive and accessible.  He even left some food and cookies for us.  It really felt like we were staying at a friend's house while they were out of town.  Perfect for a group of 3 or 4 traveling together."
        }
    ]
}