{
    "id": 10341160,
    "listing_url": "https://www.airbnb.com/rooms/10341160",
    "name": "New Modern Double Room with Terrace",
    "description": "A brand new double room in the newly built Marine Wharf flat, with private terrace, all new modern furnitures and independent toilet and shower and easy transport to London's most vibrant culture centres.<br /><br /><b>The space</b><br />We have a brand new double room for 1-2 guests in a 2 bedroom 2 bathroom flat in the newly built Marine Wharf, Surrey Quays/Canada Water area, with private terrace, modern furnitures and independent toilet and shower. <br /><br />The guests will be sharing a living room and kitchen with the landlord which has all you need furnitures and appliances.<br /><br />The bedroom has two doors, one leads to the hallway and the independent toilet and shower, the other one leads to a private terrace and view to a communal garden. (Please note: The double bed in guest bedroom is now placed in the centre rather than at the side.)<br /><br />There are concierge services including mail and parcel delivery should the guest need them.<br /><br />A modern compact reside",
    "host_name": "Xinyi",
    "host_id": 46235120,
    "host_url": "https://www.airbnb.com/users/show/46235120",
    "host_picture_url": "https://a0.muscache.com/im/users/46235120/profile_pic/1444504546/original.jpg?aki_policy=profile_x_medium",
    "neighbourhood_cleansed": "Lewisham",
    "latitude": 51.49128,
    "longitude": -0.03626,
    "property_type": "Private room in rental unit",
    "room_type": "Private room",
    "accommodates": 2.0,
    "bathrooms": 1.0,
    "beds": 1,
    "price": 35.0,
    "numbers_of_review": 5,
    "review_scores_rating": 4.2,
    "reviews": [
        {
            "name": "Andy",
            "date": "2016-06-05",
            "review": "She is a really cheerful and friendly person, when i have any problems with cooking , she will come and help me or give me some method to cook it. flexible way to live in here, a big thanks to her boyfriend tommy which he cooked a lovely meal for me when the first day that i arrived.beautiful flat and hope i could come back again."
        },
        {
            "name": "Dal-Seok",
            "date": "2016-06-12",
            "review": "Thanks Tommy and Xinyi for your hospitaility duing my stay at Marine Wharf. I thnk Tommy is a good cook and that dinner made me accustoming myself to new enviroment in London. And I regret the opportunity to watch the musical, \"The Threepenny Opera\" by Xinyi's kindness. <br/>I have no uncomfortable things for the whole stay. The transportation was more convenient than I thought. <br/>I recommend the stay at Marine Wharf with the two kind persons. "
        },
        {
            "name": "George Sebastian",
            "date": "2016-09-25",
            "review": "The bathroom and the kitchen were dirty when we arrived. The bed stand was stained and the living room was messy. The host was a difficult person and had many house rules that they were not respecting (announcing when guests were coming, locking the balcony door when leaving the house, etc.). We asked that one person to come for a week and stay with us in the room and we would have payed for him but Xinyi declined and said that the house could not accommodate five people. But they had a few times people coming over and sleeping in the shared living room without announcing us. Also when they announced someone that came for a week, the host wanted him to use our private bathroom and when we declined she offered to pay us in order to let him use the bathroom(we declined). Tommy was a friendly person but Xinyi was very difficult to get along with. When being in the kitchen she was always watching us not to do something wrong. The place is in a good location around 15 minutes walk to a underground station. It was a quiet neighborhood but I would not recommend the place."
        },
        {
            "name": "Tom",
            "date": "2017-08-06",
            "review": "We had a pleasant time staying at the apartment. Kind hostess and a central location."
        },
        {
            "name": "Josh",
            "date": "2018-03-10",
            "review": "Xinyi was lovely and always happy to help out. The location was ok but not really a nice place to walk home from the station at night. Very few amenities around (large tesco local but low quality produce available). Room and bathroom were clean but the living room was a bit cluttered."
        }
    ]
}