{
    "id": 1035339,
    "listing_url": "https://www.airbnb.com/rooms/1035339",
    "name": "Super Central Quality Stylish flat",
    "description": "Super comfortable, fully furnished with all the essentials and ideally located near all the main tourist attractions. Nearest stations Russell Square/Holborn<br /><br /><b>The space</b><br />The apartment has all the comforts, dishwasher, washing machine, tumble dryer, flat screen TV, Netflix, DVD player, WIFI,  bath with shower attachment, central heating, fridge with separate freezer, MW, sleek ceramic hob cooker and modern oven, etc. Is fully furnished with all the necessary crockery, plates and cutlery, pots & pans - basically everything you would need for a comfortable stay.<br /><br />The apartment is fully tiled throughout and has plenty of storage space. The bedroom has 3 double wardrobes, 1 single with integrated laundry bag and shoe rack, and a large chest of drawers (8) and 2 bedside tables. <br />The bed is king size with a very comfortable memory foam mattress.<br /><br />The unlimited Wifi connection is up and running and works perfectly.<br /><br />The building itself is",
    "host_name": "Natalia",
    "host_id": 5699208,
    "host_url": "https://www.airbnb.com/users/show/5699208",
    "host_picture_url": "https://a0.muscache.com/im/pictures/user/82343011-537c-4bec-9808-6763be7e5118.jpg?aki_policy=profile_x_medium",
    "neighbourhood_cleansed": "Camden",
    "latitude": 51.5208,
    "longitude": -0.12196,
    "property_type": "Entire rental unit",
    "room_type": "Entire home/apt",
    "accommodates": 3.0,
    "bathrooms": 1.0,
    "beds": 1,
    "price": 165.0,
    "numbers_of_review": 102.0,
    "review_scores_rating": 4.94,
    "reviews": [
        {
            "name": "Tony",
            "date": "2014-07-02",
            "review": "Natalia's flat is ideal for a stay in central London. Its location in Bloomsbury within easy walking distance of two tube stations and with a bus stop virtually at the door, makes it very convenient for shopping, theatre and business in the West End or City. The flat is well furnished with a very comfortable bed and is equipped to a high standard. It is situated on the first floor with lift access. The flat faces onto Southampton Row which is a busy street. Traffic noise is kept to a minimum though with triple glazing in the bedroom and I had no problems sleeping. Natalia was very good to deal with, answering emails promptly. Her husband, Hany, met me when I arrived and checked me out when I left. Natalia left a basket of food for me on arrival which was very much appreciated. I would highly recommend this flat and would certainly stay there again if it were available. Thanks Natalia and Hany."
        },
        {
            "name": "Olivia",
            "date": "2014-07-11",
            "review": "Natalia was absolutely a pleasure, despite some delays in our flights she was waiting for us at the apartment, which was exactly as described.\r<br/>Neat, tidy, clean and fully stocked for all the basics you need\r<br/>\r<br/>Great location, Tesco Express, Sainsbury local and full size right nearby also, Pret and Starbucks, also great for a quick coffee and snack before we started our day.\r<br/>\r<br/>We were travelling for work and the wifi connection was great, so business as usual. Natalia even went to special lengths to check the wifi speed for us.\r<br/>\r<br/>Natalia was in contact throughout our stay to make sure everything was going well and she was always there if we had any questions.\r<br/>\r<br/>Washing machine, dryer, dishwasher, great little kitchen, and comfy little home away from home."
        },
        {
            "name": "Johanna",
            "date": "2014-07-19",
            "review": "Natalia's flat is perfectly located. The flat was super clean when we arrived and exactly as described. The kitchen is very well equipped. Natalia had even left fruits and breakfast for us the first day ( and even baby food for our son) so that was lovely. The bed is super comfortable and there is loads of space to put your clothes etc...\r<br/>The only thing I would say is that if you re not used to city noise then it can be quite loud. We live somewhere super quiet and it was quite noisy for us but I guess that is just London! All in all great place!"
        },
        {
            "name": "Laura-Oliver",
            "date": "2014-07-26",
            "review": "Great place in a great location.<br/>We started here for a week during the great British heat wave of 2014. What a place to explore Bloomsbury and London from. Old London squares are just up the road. Charlotte street or Exmouth Market are 15 minute walk for some great eateries (Moro / Morito) in particular.  And obviously the British museum is literally just around the corner.  Google's London office are just a ten minute walk to central St Giles.<br/>The flat is very well equipped - with all you need for a full stay. It is on a busy road but the double glazing meant that the traffic noise fades into the background. But it has lots of storage space - wardrobes and drawers etc.<br/>And Natalia and her partner are extremely nice. They gave us a lovely little hamper of breakfast and fruit for the week."
        },
        {
            "name": "Nikki",
            "date": "2014-08-02",
            "review": "The flat is ideally located with restaurants, caf\u00e9s, convenience stores etc everywhere. It was perfectly clean and tidy, fully equipped as described, very comfortable bed, with ample storage space for clothes and shoes.\r<br/>\r<br/>Natalia and her husband are excellent hosts: following a last-minute change of transport and arrival time, their immediate response and flexibility was reassuring and we were also grateful for the practical advice they provided (eg tube vs taxi). Natalia remained in contact during our stay, informing us where we could get a massage nearby and even researched the address of a shop we wanted to see!\r<br/>\r<br/>As well as the basics in the kitchen cupboards, she had prepared a welcoming basket of breakfast goodies for our arrival.\r<br/>\r<br/>I would highly recommend both the flat and the charming hosts.\r<br/>\r<br/>"
        },
        {
            "name": "Marilia",
            "date": "2014-11-01",
            "review": "Natalia,\r<br/>Foi um prazer conhece- los. Voc\u00eas foram muito simp\u00e1ticos, atenciosos e estiveram sempre dispon\u00edveis.\r<br/> O Flat atendeu perfeitamente as nossas necessidades, bem equipado e limpo. Localiza\u00e7\u00e3o \u00f3tima, transporte p\u00fablico f\u00e1cil para os principais pontos tur\u00edsticos, onibus na porta e duas esta\u00e7\u00f5es de metr\u00f4 a poucos minutos.\r<br/>Restaurantes, supermercados, lanchonetes e outras facilidades nas proximidades.\r<br/>Agradecemos a sua aten\u00e7\u00e3o conosco e o farto caf\u00e9 da manh\u00e3 de boas vindas com que nos recebeu.\r<br/> Desejamos muito sucesso a voc\u00eas, obrigada\r<br/>Marilia e Nelson"
        },
        {
            "name": "Roula",
            "date": "2014-11-06",
            "review": "Beautiful, spacious apartment, very clean and in great location. Natalia was the perfect host (even if unfortunately we didnt have the chance to meet her). She replied prompt to all of our questions and was always really helpfull. She even prepared a welcome basket with fresh fruits, chocolates, coffee, tea and lots of other good staff! Wi Fi works perfect and the apartment is few meters from the underground so great for business as well!  I am sure we will visit again. Thanks Nat! :-)"
        },
        {
            "name": "Julie",
            "date": "2014-11-22",
            "review": "Natalia and her husband went out of their way to make us feel welcome in their flat.  They were warm and friendly. The flat was well furnished and very comfortable.  The rooms were bright and cheerful.  It is well located, making any of the sites of London easy to reach.  It had good internet, the Television was wonderful, the washing machine  and dryer worked well.  I hope we can return to this falt again on another trip.\r<br/>Natalia, thank you very much for all you put into this flat.  Thank you for going out of your way to help make our stay with you WONDERFUL!  It's truly a stylish and quality place to stay."
        },
        {
            "name": "Sebastien",
            "date": "2014-11-30",
            "review": "Staying at Natalia's place was one of our best experience with AirBnB. Natalia was a wonderful and warm host, ready to accommodate to our constraints and provide us with advice. \r<br/>\r<br/>The flat is fantastic : you just feel like being at home as you. The flat is bright and decorated with taste. You have everything you need : from washing machine to internet. You are very well located and everything is within reach (tube, supermarket, places to visit,...)\r<br/>\r<br/>Thank so much Natalia for being such a wonderful host. Next time we come to London, we know where to stay."
        },
        {
            "name": "Rohan",
            "date": "2014-12-11",
            "review": "The location of this one bedroom apartment was perfect. A short stroll to Holborn station on the Central line,  and on a street full of shops in a safe area. The host was fantastic and met us to give us the keys and a tour of the modern apartment. She went above and beyond with a complimentary fruit basket and a few other treats. The place is quite spacious and has everything you need. Will definitely stay there again. R&M"
        }
    ]
}