{
    "id": 10398688,
    "listing_url": "https://www.airbnb.com/rooms/10398688",
    "name": "Spacious double room in N. London",
    "description": "I have a spacious double room in a 2 bedroom home in Tottenham, North London.<br /><br /><b>The space</b><br />The room upstairs is spacious and has a double bed, a cupboard and a chest of drawers where you could leave your stuff. We have a large living room downstairs with a flat screen TV, PS4 and printer; and a large kitchen that leads to the garden. The bathroom and toilet is also downstairs.<br /><br /><b>Guest access</b><br />You will have access to the whole property<br /><br /><b>Other things to note</b><br />.",
    "host_name": "Sami",
    "host_id": 51572716,
    "host_url": "https://www.airbnb.com/users/show/51572716",
    "host_picture_url": "https://a0.muscache.com/im/pictures/user/0cdf4f8c-e1b3-474b-a4dd-0243edce2dba.jpg?aki_policy=profile_x_medium",
    "neighbourhood_cleansed": "Haringey",
    "latitude": 51.59671,
    "longitude": -0.05881,
    "property_type": "Private room in home",
    "room_type": "Private room",
    "accommodates": 2.0,
    "bathrooms": 1.0,
    "beds": 1,
    "price": 20.0,
    "numbers_of_review": 6,
    "review_scores_rating": 4.67,
    "reviews": [
        {
            "name": "Nik",
            "date": "2016-03-18",
            "review": "Very good accommodation. The hosts were extrem friendly and the location is perfect, especially for away fans. The flat was clean an quiet and easy reachable.<br/>Would definitely stay again, thanks for everything mate ;)"
        },
        {
            "name": "Lea",
            "date": "2017-03-20",
            "review": "Our visit in London was great! And although we have never met Sami, he was very friendly and above all very helpful to us via whatsapp. Thank you! <br/>"
        },
        {
            "name": "Yvonne",
            "date": "2017-04-02",
            "review": "It's nice to stay in Sam's house even we didn't meet him. However the communication has been good and we have found everything we were expecting. "
        },
        {
            "name": "Renata",
            "date": "2017-07-01",
            "review": "We have had a small issue upon arrival but Sami took care of it immediately so we enjoyed our stay. The room is maybe 10-15min walk to a metro/train station (good connection to the city center/Standstad). Overall everything ok, can recommend :)"
        },
        {
            "name": "Eva",
            "date": "2017-07-11",
            "review": "Great location, quiet streets and near a shopping area with food, home stuff, clothing, etc. We didn't meet Sami, but he was great, communicative and we had no problem. His friend was kind and friendly. We even had a BBQ in the backyard. Great experience."
        },
        {
            "name": "Ad\u00e9l",
            "date": "2017-07-19",
            "review": "Such an amazing stay in Sami's house! Sami and his friend Ali are both really nice and always here to help. Everything was clean and as expected, location was really good - just few minutes walk from the bus station. Can recommend for pefect holidays! Thank you, Sami! "
        }
    ]
}