{
    "id": 1042784,
    "listing_url": "https://www.airbnb.com/rooms/1042784",
    "name": "3-bedroom Cottage by Wimbledon Common",
    "description": "My place is close to Wimbledon Windmill Museum. You\u2019ll love my place because of the coziness, the high ceilings, and the location. My place is good for couples, business travelers, and families (with kids).<br /><br /><b>The space</b><br />Located beside Wimbledon common, about 10 min walk to Wimbledon grand tennis court, and 10 min walk to Wimbledon village high street filled with cafes and restaurants.  <br /><br />About 5 min bus trip (Bus 93) from house  to Wimbledon station (train and Tube) or  10 min bus trip to Putney bridge (Tube).   Bus 93 links Putney bridge and Wimbledon station. <br /><br />Door-to-door to Waterloo is about half hour!   Wimbledon-Waterloo is 15-min train trip ( runs every 5 min during rush hours, about 10 min during non-rush hours).  Tube (Wimbledon-South Kensington) 10 min trip.",
    "host_name": "Limin",
    "host_id": 354253,
    "host_url": "https://www.airbnb.com/users/show/354253",
    "host_picture_url": "https://a0.muscache.com/im/pictures/user/627e7264-f7a9-4dd2-a1bd-ff003dc718e2.jpg?aki_policy=profile_x_medium",
    "neighbourhood_cleansed": "Merton",
    "latitude": 51.43791,
    "longitude": -0.22387,
    "property_type": "Entire home",
    "room_type": "Entire home/apt",
    "accommodates": 5.0,
    "bathrooms": 1.0,
    "beds": 3,
    "price": 350.0,
    "numbers_of_review": 1,
    "review_scores_rating": 5.0,
    "reviews": [
        {
            "name": "Firoze",
            "date": "2018-04-20",
            "review": "Limin is a great host - friendly and considerate. The property is pleasant and well located. Thank you!"
        }
    ]
}