{
    "id": 10447180,
    "listing_url": "https://www.airbnb.com/rooms/10447180",
    "name": "Elegant family home in West London",
    "description": "Tastefully furnished with a mixture of Asian and English antiques, this comfortable home is just a couple of streets away from the River Thames, the Thames Path and riverside pubs. Very good transport connections to central London and Heathrow by tube and bus.<br /><br /><b>The space</b><br />The bedroom is at the top of the house and has a large south facing window overlooking the garden and neighbouring gardens. Very comfortably furnished with king size bed, fitted wardrobes and desk next to the window. There is a Bose radio/CD player. No TV,  but Wi Fi for streaming. New ensuite bathroom with large walk in shower. Please note this is a large double room, but bookings are only for a single person.<br /><br /><b>Guest access</b><br />Guests can use the kitchen to make tea and coffee  and store food in the fridge. Please note fresh food is not to be kept in the room. Use of the laundry. There is a pretty garden which is accessible via the sitting room.<br /><br /><b>Other things to not",
    "host_name": "Catherine",
    "host_id": 53821061,
    "host_url": "https://www.airbnb.com/users/show/53821061",
    "host_picture_url": "https://a0.muscache.com/im/pictures/user/4e7b0f15-5495-46ab-8b79-83f74dec3c58.jpg?aki_policy=profile_x_medium",
    "neighbourhood_cleansed": "Hammersmith and Fulham",
    "latitude": 51.4843,
    "longitude": -0.22093,
    "property_type": "Private room in home",
    "room_type": "Private room",
    "accommodates": 1.0,
    "bathrooms": 1.0,
    "beds": 1,
    "price": 81.0,
    "numbers_of_review": 28.0,
    "review_scores_rating": 4.93,
    "reviews": [
        {
            "name": "Christopher",
            "date": "2018-06-17",
            "review": "Go for it!"
        },
        {
            "name": "Muyiwa",
            "date": "2018-08-24",
            "review": "Stylish accommodation, within great location (transport wise, amenities, and, in trendy part of London) and; pleasant host too."
        },
        {
            "name": "Myriam",
            "date": "2018-09-30",
            "review": "The room is very comfortable. You will definitely feel at home and enjoy the privacy that the second floor can offer. Catherine and her daughter are both lovely and very helpful. I would recommend this place for any short to long-term stay. The neighborhood is very convenient with a lot of grocery stores nearby as well as shops. The tube station is 12 min away with an important bus terminal."
        },
        {
            "name": "Jared",
            "date": "2018-10-05",
            "review": "Lovely quiet room, fantastic hosts and en suite."
        },
        {
            "name": "Federica",
            "date": "2019-03-25",
            "review": "Catherine is a great host! The room is spacious and clean, the flat is well located. Definitely recommend it"
        },
        {
            "name": "Ira",
            "date": "2019-04-04",
            "review": "I really enjoyed my stay with Catherine, she gave me lots of good tips on what I could do in the area and was very kind. The room was perfectly clean and spacious, the bathroom too, and I felt very welcomed there. Her cats are super sweet and friendly and the area is a good one to live in. It felt save to walk around the streets."
        },
        {
            "name": "Ibs",
            "date": "2019-06-14",
            "review": "Catherine is a great host and the room is lovely."
        },
        {
            "name": "Amanda",
            "date": "2019-06-16",
            "review": "Catherine\u2019s home is stylish and homely and close to the river, so I enjoyed a lovely stroll in the morning.  The bedroom has a very comfortable bed and great en suite so I slept very well. Catherine made me very welcome and I would definitely stay there again. Thank you Catherine."
        },
        {
            "name": "Federico",
            "date": "2019-06-24",
            "review": "I spent a great time in Catherine's house. Hard to find a better accomodation in London for that price. Highly suggested!!"
        },
        {
            "name": "Brian",
            "date": "2019-07-02",
            "review": "Spotless and charming room, very comfortable in all respects...I liked coming back to its quiet calm after long days of sightseeing or meeting with people. Catherine was very considerate and had local recommendations which I took and appreciated. Highly recommended!"
        }
    ]
}