{
    "id": 10443848,
    "listing_url": "https://www.airbnb.com/rooms/10443848",
    "name": "Peaceful garden bedroom. Woman.Veg.",
    "description": "Peaceful, spacious bedroom for a vegetarian woman. Overlooking acessable garden.<br />Shared bathroom with single woman who meditates. Easy access to public transport, shops, restaurants, Library,Theatres, Museums & parks. 20 minutes into Central London.<br /><br /><b>The space</b><br />Large, bedroom, is newly re-decorated and re-carpeted. Ground floor, overlooking beautiful, accessible, large garden. Peaceful and quiet, residential area. Access to WiFi. Central heating.<br /><br /><b>Guest access</b><br />You will have your own door key. Use of shared bathroom/ shower and separate toilet.<br />Use of microwave, kettle, ironing board and iron.<br />Vegetarians only, please.<br /><br /><b>Other things to note</b><br />I live a quiet life as a Meditation teacher, so will appreciate a gentle, quiet, mature woman who is Vegetarian , to stay, who is in need of a peaceful environment.",
    "host_name": "Masana",
    "host_id": 53803101,
    "host_url": "https://www.airbnb.com/users/show/53803101",
    "host_picture_url": "https://a0.muscache.com/im/pictures/user/60378795-e150-4350-bd9a-a5c54c614b74.jpg?aki_policy=profile_x_medium",
    "neighbourhood_cleansed": "Brent",
    "latitude": 51.54853,
    "longitude": -0.22155,
    "property_type": "Private room in rental unit",
    "room_type": "Private room",
    "accommodates": 1.0,
    "bathrooms": 1.0,
    "beds": 1,
    "price": 24.0,
    "numbers_of_review": 45.0,
    "review_scores_rating": 4.82,
    "reviews": [
        {
            "name": "Ellen",
            "date": "2016-02-02",
            "review": "I thoroughly enjoyed my stay here at Marlow Court!\r<br/>Masana was wonderful from the very start -  very warm, welcoming and helpful. She is very respectful of you and your privacy and very helpful with directions on how to get around.\r<br/>\r<br/>It is a 2 bedroom flat which you share with Masana, so it's only the 2 of you staying there which is nice as I've previously shared with a lot of people and this was a nice change.\r<br/>The room was very big, neat and clean, with a big heater and came with plenty of space for all my extra luggage I bought with me!\r<br/>Also comes with a nice view of the backyard garden :)\r<br/>There is also a key for your bedroom door for that extra security which I liked. \r<br/>\r<br/>I would highly recommend any other female veggies/vegans to stay here. Just a 10 minute walk to the Brondesbury Park Overground, 20 minute walk to the Queen's Park Underground, and has plenty of close bus services around, and about a 7 minute walk to the local Sainsbury's just up the road.\r<br/>\r<br/>Would stay again for sure, thank you Masana for welcoming me into your home :D\r<br/>\r<br/>\r<br/>"
        },
        {
            "name": "Cathy",
            "date": "2016-02-19",
            "review": "It was a great pleasure staying with Masana.  She is a lovely person \u2013 warm,  welcoming, thoughtful and interesting to speak with.  I felt very much at home in her flat, which is spacious, clean, aesthetically pleasing and peaceful.  The bedroom is big, warm and comfortable with lots of storage and a quiet garden right outside.  The location was great for me, a few minutes walk to the Willesden Green high street.   I appreciated the tasty and healthy breakfast food she provided.  I would definitely stay here again.  Highly recommended!  Thank you so much Masana :)"
        },
        {
            "name": "Pascale",
            "date": "2016-04-17",
            "review": "This peaceful garden bedroom was exactly that, such a lovely oasis with an even lovelier host!  Masana is wonderful and went above and beyond to make me feel comfortable and welcome in her home.  I loved exploring the neighborhood, there are many cute shops, great yoga studios, and beautiful parks close by. It's a perfect retreat from the hustle and bustle of central London!  I will always look back fondly on my experience here, and I highly recommend it!  "
        },
        {
            "name": "Chlo\u00e9",
            "date": "2016-04-22",
            "review": "Masana was so welcoming and sweet. Informed me about all sorts of nice parks and gardens to go see, as well as the best way to get there! A well-traveled, but friendly Londoner. Looking forward to seeing her again on my next visit."
        },
        {
            "name": "Stuart",
            "date": "2016-05-03",
            "review": "Masana was a very nice host and made me feel most welcome.  The house is in a very nice and quiet part of London with garden views from the window.  I felt very comfortable and well taken care of.  It was a very quiet, peaceful and enjoyable stay."
        },
        {
            "name": "Christopher John",
            "date": "2016-05-21",
            "review": "Masana has provided a beautiful sunny, spacious room over looking a garden, but much more than that, a sanctuary and haven of peace to assist one on their spiritual journey.  Masana was the ever gracious host, warm, friendly and always helpful.\r<br/>\r<br/>"
        },
        {
            "name": "J",
            "date": "2016-06-10",
            "review": "Masana is a very welcoming host, respecting her guests' privacy and space.  She is a positive and friendly person, with a very interesting philosophy for life, which I feel contributes to the peaceful atmosphere in the flat.\r<br/>\r<br/>The room is just as described, very quiet and peaceful with a garden outlook. There is a very comfy bed and nice bedlinen, and a good shower with separate toilet.  Masana provided a lovely selection of food for breakfast and there was space in the fridge and cupboard for food.\r<br/>\r<br/>The flat is very convenient for public transport and I was able to travel to work on the bus from just outside the front door, although the Jubilee and Bakerloo lines are also within easy reach. \r<br/>\r<br/>Altogether a very nice stay and I would definitely return to Masana's place again if it is free when I need it.  Thank you Masana!"
        },
        {
            "name": "Cl\u00e9mence",
            "date": "2016-07-23",
            "review": "I had a lovely stay at Masana's, she was very welcoming and thoughtful. The room had everything I needed and more.  The location was great, very accessible with buses and underground close by. It was adequate to the purpose of my stay, quiet and relax. "
        },
        {
            "name": "Emanuela",
            "date": "2016-07-30",
            "review": "Masana was very hospitable, kind and discreet. Upon arrival I found everything I needed for breakfast. The house is very pretty and very quiet. Thank you Masana for everything, you made I feel at home :)\r<br/>\r<br/>"
        },
        {
            "name": "Louis Cheung",
            "date": "2016-08-09",
            "review": "Masana offers a quiet and peaceful room with good wifi connection . It really feels like home during my stay. I would recommend single traveller like me to stay here. I really enjoy my time staying with Masana. To go to more central part of London, just take the 98bus outside the building or walk 10 minutes to the tube station."
        }
    ]
}