{
    "id": 10463172,
    "listing_url": "https://www.airbnb.com/rooms/10463172",
    "name": "Nifty studio near Heathrow/Uxbridge",
    "description": "Well-lit ground floor studio in duplex. Furnished with a kitchen, walk-in closet, fold-down bed, TV & office areas, washing machine, large coat closet, steps from key bus stops. Fantastic neighborhood: lots of restaurants, parks and trails.<br /><br /><b>Other things to note</b><br />References and landlord approval may be required before reservation can be confirmed.",
    "host_name": "Barry",
    "host_id": 1217725,
    "host_url": "https://www.airbnb.com/users/show/1217725",
    "host_picture_url": "https://a0.muscache.com/im/users/1217725/profile_pic/1348320161/original.jpg?aki_policy=profile_x_medium",
    "neighbourhood_cleansed": "Hillingdon",
    "latitude": 51.52807,
    "longitude": -0.4501,
    "property_type": "Entire rental unit",
    "room_type": "Entire home/apt",
    "accommodates": 2.0,
    "bathrooms": 1.0,
    "beds": 1,
    "price": 95.0,
    "numbers_of_review": 1,
    "review_scores_rating": 4.0,
    "reviews": [
        {
            "name": "Jason",
            "date": "2016-09-10",
            "review": "I really enjoyed saying at Barrys place, it's not a large but a perfect size for one person, I would stay again. "
        }
    ]
}