{
    "id": 10590199,
    "listing_url": "https://www.airbnb.com/rooms/10590199",
    "name": "Lovely family house in Chiswick",
    "description": "Our house has an expansive open living space downstairs, and a snug sitting room with a piano upstairs. There's lot of space, so you can find your own spot, or all gather together. <br />Chiswick is a fun place with great shops and restaurants.<br /><br /><b>The space</b><br />Our house is over 4 floors. The whole ground floor is open plan, and there are folding doors that can separate the living room from the kitchen/ dining room. In the kitchen is a fabulous Mercury, range style cooker, and everything you need to whip up a gourmet meal. There's also a computer/ TV above the breakfast bar that seats 4. <br />On the first floor is a snug sitting room with TV, DVD player, Apple TV and PS4, and piano; and the main bedroom, with a super-king sized bed,  and separate shower room. Next floor are  two bedrooms, each with a single bed and one has another pull-out bed.  There is also a bathroom on this floor with a bath and shower. On the top floor is a double room with a queen sized bed, air ",
    "host_name": "Catherine",
    "host_id": 53862567,
    "host_url": "https://www.airbnb.com/users/show/53862567",
    "host_picture_url": "https://a0.muscache.com/im/pictures/user/b0473b70-e25b-4539-bbf0-9e9dc102389c.jpg?aki_policy=profile_x_medium",
    "neighbourhood_cleansed": "Hounslow",
    "latitude": 51.49368,
    "longitude": -0.25158,
    "property_type": "Entire home",
    "room_type": "Entire home/apt",
    "accommodates": 7.0,
    "bathrooms": 3.5,
    "beds": 5,
    "price": 300.0,
    "numbers_of_review": 4,
    "review_scores_rating": 4.75,
    "reviews": [
        {
            "name": "Gib",
            "date": "2016-06-19",
            "review": "I was so lucky to stumble across this gem of a house tucked away down a little quiet cul de sac but only a stones throw from the bustle of chiswick high road.  The hosts, Jamie and Catherine were incredibly responsive during what was quite a last minute booking and when I arrived at the house I could only describe my reaction as...\"wow!!\"    The ground floor has a beautiful space kitchen dining area that opens onto a lovely little garden. The lounge is modern and beautifully furnished. Then the stairs upward seem to go on to seemingly endless levels of super bedrooms and bathrooms <br/>The house was beautifully clean with ample towels and bed linen <br/>Overall I can't recommend this house highly enough. Thank you! "
        },
        {
            "name": "Ian",
            "date": "2016-07-30",
            "review": "Catherine did everything we could hope for - simple clear arrangements, friendly e-mails, and when the key wasn't in the key safe (previous occupants hadn't left them) she sorted it out promptly."
        },
        {
            "name": "Karen",
            "date": "2016-08-07",
            "review": "We were looking for an entire house that would comfortably sleep 6 in the  Chiswick area and came up trumps.  This is a perfect location to explore London whilst having a welcoming base each evening to escape and relax.  The house is well appointed, comfortable, spacious and quiet. This was our first booking using Airbnb so were unsure what to expect but this experience has convinced us to use it again.  Catherine was in regular contact with us before, during and after our stay and has been the perfect host, including a welcoming few provisions for our first breakfast.  Happy to recommend this great place to stay.   "
        },
        {
            "name": "Yan",
            "date": "2017-07-29",
            "review": "Really a nice house, the hostess gave us very clear instructions for how to check in, how to use kitchen utensils and other electrical appliances. Everything is clean and in order, we can get all we wanted. We live there like we stay at home, even better because the house is much bigger that what we live in HK.10 mins walking to tube station for district line, it's convenient to go to the central London. Strongly recommend !"
        }
    ]
}