{
    "id": 10590390,
    "listing_url": "https://www.airbnb.com/rooms/10590390",
    "name": "Spacious & light 2-3 bed flat in great location",
    "description": "My place is close to Clapham Junction station, both Clapham and Wandsworth Commons, and Northcote road with the bars, coffee shops, restaurants and weekend market stalls. You\u2019ll love my place because of the incredible location with so much choice for places to eat and drink, the light rooms, the spacious and well-equipped kitchen and the private roof terrace. My place is good for couples, solo adventurers, business travellers, and families (with kids).",
    "host_name": "Andy",
    "host_id": 4843405,
    "host_url": "https://www.airbnb.com/users/show/4843405",
    "host_picture_url": "https://a0.muscache.com/im/pictures/user/d65eb951-7701-4d72-a004-c877709ea252.jpg?aki_policy=profile_x_medium",
    "neighbourhood_cleansed": "Wandsworth",
    "latitude": 51.46134,
    "longitude": -0.16688,
    "property_type": "Entire rental unit",
    "room_type": "Entire home/apt",
    "accommodates": 4.0,
    "bathrooms": 2.0,
    "beds": 3,
    "price": 144.0,
    "numbers_of_review": 5,
    "review_scores_rating": 5.0,
    "reviews": [
        {
            "name": "Simon",
            "date": "2017-07-12",
            "review": "This is a fantastic apartment that is really well presented and a great choice if you want to be right in the action for everything that Clapham Junction has to offer. Comes highly recommended and Andy was an excellent host who went out of his way to help - it's great."
        },
        {
            "name": "Durba",
            "date": "2017-08-11",
            "review": "The apartment is well-decorated, the beds super-comfortable and the bathroom very deluxe.  The location is excellent with lots of great restaurants and parks nearby. Lots of easy transportation options -- buses, overland train, and tube within walking distnance."
        },
        {
            "name": "Kate",
            "date": "2017-08-25",
            "review": "We loved Andy's flat, it was perfect for our  stay in London.  The flat is large and bright and very comfortable. The location is extremely convenient for public transportation and there are lots of great shops and restaurants in the area. <br/>Andy left us a welcome note and bottle of bubbles on our arrival which was very kind. He helped arrange a second set of keys and kept in touch throughout our stay.  We very much appreciated all his help and attentiveness throughout our stay. "
        },
        {
            "name": "Lucy",
            "date": "2017-12-24",
            "review": "Loved how cosy this home was. Location was amazing too!"
        },
        {
            "name": "Roberta",
            "date": "2017-12-31",
            "review": "Andy's flat is georgeous, clean and very comfortable, there's everything you can need (from Netflix to microwave) and Andy is always ready to answer your questions and give help.<br/>L'appartamento di Andy si trova a 15 minuti di mezzi pubblici dal centro in una zona deliziosa piena di ristoranti, pub e negozi. <br/>\u00c8 una casa deliziosa, pulita, confortevole e con ogni comodit\u00e0 (persino Netflix e Spotify). I letti sono comodi e i bagni moderni e con bellissime docce.<br/>Ci sono due camere da letto e due bagni (oltre ad una stanza con culla ) e per come sono disposte vanno bene sia per una famiglia che per due coppie di amici.<br/>Assolutamente consigliato."
        }
    ]
}