{
    "id": 10591870,
    "listing_url": "https://www.airbnb.com/rooms/10591870",
    "name": "Fantastic 1 Bed Flat Stratford",
    "description": "Modern style and good sized one bedroom flat in Stratford, walking distance to the Olympic Park, a great selection of arts venues & the largest urban shopping centre in Europe, Westfield Stratford. Excellent links to Centre & City, 10-15mins by tube.<br /><br /><b>The space</b><br />One double bedroom with king size bed, nice light living room area and fully equipped kitchen with washer/dryer & good size bathroom/shower.<br /><br />Fresh linen and towelling are provided.<br /><br />Please note the faces a main road and railway, windows are double glazed to keep the noise to a minimum.<br /><br /><b>Guest access</b><br />Guests have full access to the entire flat.",
    "host_name": "Veronica",
    "host_id": 28820321,
    "host_url": "https://www.airbnb.com/users/show/28820321",
    "host_picture_url": "https://a0.muscache.com/im/users/28820321/profile_pic/1444330784/original.jpg?aki_policy=profile_x_medium",
    "neighbourhood_cleansed": "Newham",
    "latitude": 51.5455,
    "longitude": 0.00754,
    "property_type": "Entire rental unit",
    "room_type": "Entire home/apt",
    "accommodates": 2.0,
    "bathrooms": 1.0,
    "beds": 1,
    "price": 64.0,
    "numbers_of_review": 157.0,
    "review_scores_rating": 4.45,
    "reviews": [
        {
            "name": "Gauthier",
            "date": "2016-02-15",
            "review": "the apartment is clean and very comfortable, I had a wonderful weekend in Stratford"
        },
        {
            "name": "Peter",
            "date": "2016-02-29",
            "review": "Great location for our needs, close to train station, spacious flat, had a lovely time."
        },
        {
            "name": "Yvonne",
            "date": "2016-03-16",
            "review": "My \"R&R\" went exactly as planned! And the flat turned out to be exactly as it was in the pictures! It is clean, cosy, modern and well equipped in a great location. I was well received by Veronica and her team. She also graciously sorted out any queries I had, and always available on phone to assist promptly. My family who live in London were envious and mentioned they would recommend the place to friends... I will definitely be back. "
        },
        {
            "name": "Sarah",
            "date": "2016-05-10",
            "review": "L'appartamento \u00e8 fantastico, dotato di tutto ci\u00f2 che serve e la disposizione dei mobili \u00e8 davvero carina e rende la casa super accogliente. La posizione \u00e8 ottima, ci ritornerei volentieri. La comunicazione con l'host \u00e8 sempre immediata. "
        },
        {
            "name": "Anwar",
            "date": "2016-05-25",
            "review": "Awesome apartment, perfect location to everything.  Literally a 20 step walk to the Maryland train station and next to the grocery stores and mall.  The apartment was clean, cozy, and very reasonably priced.  <br/>Would definitely recommend this to anyone looking to stay in London.  "
        },
        {
            "name": "Amanda",
            "date": "2016-06-06",
            "review": "The apartment was very nice and very close to Maryland station which was perfect! It also was only about a 10 min walk to Stratford Station and Westfield. We weren't planning on arriving until about 8pm so we had to pay an extra cost. But then our flight was delayed by about 1.5 hours and she tried to make us pay another fee for being later! This was out of our hands and we couldn't help it! Luckily I had a friend who grabbed the keys for me."
        },
        {
            "name": "Alexandru",
            "date": "2016-06-17",
            "review": "The apartment was in great conditions just like the pictures. Really nice host, we kept a connection before and during the stay and was willing to help with everything. We had no problems with the apartment and I recomand to anyone who wants to enjoy London. The apartment is really close to anything you need. Keep up the good job !!"
        },
        {
            "name": "Adrian",
            "date": "2016-06-27",
            "review": "This was my first Airbnb experience and  I was a little sceptical at first but this was a lovely experience. Stayed there for 7 days and Veronica's flat has everything you need while on holiday. It was very clean, comfortable and safe as  the flat is located in a secure building. No issues with hot water or water pressure. Washer and dryer worked well and there was even laundry detergent to wash your clothes. I think Veronica mentions noise from the train but you hardly hear the noise. If you are going to sightsee or shop, a bus stop to Stratford Westfield Shopping Mall and Stratford train station is located less than 30 secs from the exit to the building. Stratford station is a really good hub where you can easily get to all over London. I would definitely stay there again."
        },
        {
            "name": "Chaitanya",
            "date": "2016-07-07",
            "review": "We stayed for 4 nights, and the stay was comfortable. The place was very clean and tidy. Thank you  Veronica!"
        },
        {
            "name": "Mae",
            "date": "2016-07-10",
            "review": "Excellent flat in Stratford. Really well located for transport and general shopping and the high street. The flat was immaculate and I felt very comfortable in it. Would 100% recommend to anyone wanting to stay in the area."
        }
    ]
}