{
    "id": 10609756,
    "listing_url": "https://www.airbnb.com/rooms/10609756",
    "name": "Quiet double room by the tube/metro -Victoria line",
    "description": "Beautiful happy 3 bedroom Victorian house, 6 minutes walk to Blackhorse Road tube station (Victoria line & overground services), 20-25 minutes to Oxford Circus & Central London, 2 minutes to the shops and nearest supermarkets, 10 minutes walk to our local street market, cinema, an attractive park, 15 minutes to a gym & pool centre. The double bedroom is comfortable, quiet and very bright, as it looks onto our lovely garden.<br /><br /><b>The space</b><br />The bedroom features a double bed, an \u2018open' wardrobe, a chest of drawers, a table and chairs, standard TV, wifi, use of kitchen. We offer free tea and coffee in the morning.<br /><br /><b>Guest access</b><br />You share the rest of the house with us two, i.e., the large kitchen where you have fridge and cupboard space, the lounge, garden, and bathroom (bath/shower). You get your set of keys and are completely independent.<br /><br /><b>Other things to note</b><br />We speak French and Spanish if required, we are warm and friendly, w",
    "host_name": "Nathalie",
    "host_id": 6488608,
    "host_url": "https://www.airbnb.com/users/show/6488608",
    "host_picture_url": "https://a0.muscache.com/im/users/6488608/profile_pic/1408458438/original.jpg?aki_policy=profile_x_medium",
    "neighbourhood_cleansed": "Waltham Forest",
    "latitude": 51.58891,
    "longitude": -0.03691,
    "property_type": "Private room in home",
    "room_type": "Private room",
    "accommodates": 2.0,
    "bathrooms": 1.0,
    "beds": 1,
    "price": 45.0,
    "numbers_of_review": 104.0,
    "review_scores_rating": 4.94,
    "reviews": [
        {
            "name": "Christian",
            "date": "2016-04-12",
            "review": "I had a lovely stay at Nathalie's and Giles' place. They were so welcoming and warm hearted. And very interesting to talk to! \r<br/>\r<br/>The house is tidy, full of art, and spacious. The room has a good size, is lovely designed, very clean, with plenty of drawers, hangers etc to put things.\r<br/>\r<br/>The room and the house in general are very quiet, in a residental neighbourhood, the only \"noise\" being amazingly many birds singing in the morning\u2026 it literally feels like being somewhere in the countryside... \r<br/>\r<br/>Despite all that the house is just a three minute walk away from the Victoria line tube station (Blackhorse station), so the location is perfect to get anywhere in the center quickly. Also plenty of stores, restaurants etc right around the corner.\r<br/>\r<br/>I definitely can recommend this place for staying over. Anytime again!"
        },
        {
            "name": "Hiro",
            "date": "2016-04-25",
            "review": "Nathalie & Giles are the very nice host. we were staying in a house with a small sakura street, reasonable price, just 5 mins walk from station. House & room is very clean, they always give us space using their house and take a rest. We can use their kitchen to enjoy cooking and feel like home. They give us so much advise to travel London city as a insider, especially the camden market which let us so happy to know the another face of London. We have a great time with Nathalie and Giles in London, we will miss them!"
        },
        {
            "name": "Susan",
            "date": "2016-05-07",
            "review": "Nathalie & Giles are very friendly. Nathalie had prepared maps of the neighborhood so we could easily go to tube station, grocery stores and nearby restaurants. She was very thoughtful. <br/>Nathalie was always easily reached. She had given us tips how to explore London and we followed her tips and we had so much fun! <br/>The house was very clean and tidy. She took care of the bedroom, living room and toilets very well. There were two toilets so we didn't have to fight in the morning :D<br/>Nathalie had been generous. She provided her kitchen and the things inside for us but since most of the time we went for culinary exploration, we didn't get any chance to cook there.<br/>From Nathalie's house to Blackhorse road station we had to walk 10 minutes. It is located in zone 3. Easy to go to the heart of London. The neighborhood was very calm. There were cherry blossom along the way when we were there. Wonderful view.  <br/>We love Yassa kebab that is located  between her house and the tube station. It is her recommendation.<br/>Thank you Nathalie!"
        },
        {
            "name": "Mirko",
            "date": "2016-05-20",
            "review": "A home full of love.<br/>Nathalie and Geils are the  very hospitable and polite,they have done evrything to make us feel at home."
        },
        {
            "name": "Helene",
            "date": "2016-05-29",
            "review": "Nous avons \u00e9t\u00e9 superbement bien accueillies par Nathalie et Geils d\u00e8s notre arriv\u00e9e. Un couple tr\u00e8s chaleureux qui nous a vite mis \u00e0 l'aise chez eux et toujours pr\u00eat \u00e0 partager leurs conseils et leurs connaissances, tr\u00e8s pratique pour les novices de Londres (et ceux qui parlent peu anglais). \r<br/>La chambre est parfaite pour deux personnes, bien am\u00e9nag\u00e9e et la maison est proche du centre de Londres (15/20 min en m\u00e9tro). \r<br/>Nous avons pass\u00e9 une superbe semaine avec eux et nous retenterons certainement l'exp\u00e9rience londonienne chez eux ! "
        },
        {
            "name": "Rose",
            "date": "2016-06-06",
            "review": "Nathalie et Giles sont des personnes tr\u00e8s accueillantes, sociables et chaleureuses.<br/>La maison et la chambre correspondent aux photos et les lieux sont toujours tr\u00e8s bien soign\u00e9s.<br/>La position est \u00e9galement bien situ\u00e9e par rapport au centre ville de Londres (15-20min avec le m\u00e9tro).<br/>C'est avec grand plaisir que je retournerai chez eux!"
        },
        {
            "name": "Isabel",
            "date": "2016-06-14",
            "review": "Tuvimos una estadia fantastica en casa de Nathalie y Giles.Nos recibieron calida y amablemente. La casa es preciosa , todo esta muy limpio y ordenado. Pasamos una semana muy feliz en Londres. El ultimo dia compartimos una cena con ellos y nos sentimos como en casa. Lo recomiendo !"
        },
        {
            "name": "Anh",
            "date": "2016-06-21",
            "review": "Nathalie and Giles are absolutely wonderful hosts and gave me one of best Airbnb experiences. Their house is even more beautiful than the photos, spotlessly clean everywhere, lovely garden, full of arts. It is also very close to the Dark Horse tube station which is convenient to travel. I always felt I was at home with great care from Nathalie and Giles. They offered me to leave the luggages at their house after checkout, umbrellas to use in rainy days, beautiful ceramic bowls and spoons to have dinner. Moreover, they gave many helpful recommendations on where to go and visit in London. I especially enjoyed talking with both Nathalie and Giles on various topics ranging from coffee, tea, gardening, flower, plants, music to travelling. Love them and cannot thank them enough for the wonderful stay!"
        },
        {
            "name": "Dorothy",
            "date": "2016-06-23",
            "review": "Lovely eclectic home owned by a lovely eclectic couple. Very hospitable and even supplied a map of the area. Such good value. Close to tube/overground with a number of nearby amenities."
        },
        {
            "name": "Zsuzsanna",
            "date": "2016-07-14",
            "review": "This was our first airbnb experience and with the help of Nat & Giles it was great. Their lovely home, the athmosphere and their help made our trip better! \r<br/>After meeting them we will be open to other airbnb experiences.\r<br/>\r<br/>"
        }
    ]
}