{
    "id": 10606553,
    "listing_url": "https://www.airbnb.com/rooms/10606553",
    "name": "Entire modern top floor maisonette with en-suite",
    "description": "Our flat is bright & airy yet cosy. It is a great place to relax in with a loft style feel. Conveniently located in zone 2 with a 10 minute walk to Archway and Finsbury Park. 5 minutes to Upper Holloway overground and Plenty of bus routes available. Crouch End is a 15 minute walk which offers lovely cafes and restaurants and plenty of yoga and gyms near by too.<br /><br /><b>Guest access</b><br />You'll have access to all the property- the master bedroom with ensuite, kitchen, dining area and living room and  apart from one room that will remain locked.<br /><br /><b>Other things to note</b><br />Security is important so please make sure everything is locked up when you leave. We have neighbours living below us so please be courteous.",
    "host_name": "Katie",
    "host_id": 12843883,
    "host_url": "https://www.airbnb.com/users/show/12843883",
    "host_picture_url": "https://a0.muscache.com/im/pictures/user/7c00d9b4-9d88-432f-984c-c71eb3a2934a.jpg?aki_policy=profile_x_medium",
    "neighbourhood_cleansed": "Islington",
    "latitude": 51.56749,
    "longitude": -0.12475,
    "property_type": "Entire rental unit",
    "room_type": "Entire home/apt",
    "accommodates": 2.0,
    "bathrooms": 2.0,
    "beds": 1,
    "price": 110.0,
    "numbers_of_review": 1,
    "review_scores_rating": 4.0,
    "reviews": [
        {
            "name": "Ana",
            "date": "2016-03-05",
            "review": "Katie's flat was very comfortable and clean. She ensured that it had everything we needed for our 5 week stay. The flat is just as pictured in the photos and within walking distance to Archway tube station. The sunsets from Katie's bedroom are stunning, best part of our stay."
        }
    ]
}