{
    "id": 10621638,
    "listing_url": "https://www.airbnb.com/rooms/10621638",
    "name": "Minimalist, clean, bright flat",
    "description": "Clean, light & airy flat 3 mins from Balham tube & many great parks, cafes, restaurants. It only takes 20 mins by tube to travel into zone 1 London. I travel a lot for work, so please enjoy the flat while I'm away! The flat has fast wifi, TV and a kettle for tea and coffee.",
    "host_name": "Howard",
    "host_id": 1851373,
    "host_url": "https://www.airbnb.com/users/show/1851373",
    "host_picture_url": "https://a0.muscache.com/im/pictures/user/25a1e3d7-5063-4c32-82f5-470c4aa6b535.jpg?aki_policy=profile_x_medium",
    "neighbourhood_cleansed": "Wandsworth",
    "latitude": 51.44264,
    "longitude": -0.15056,
    "property_type": "Entire condo",
    "room_type": "Entire home/apt",
    "accommodates": 4.0,
    "bathrooms": 1.0,
    "beds": 1,
    "price": 102.0,
    "numbers_of_review": 41.0,
    "review_scores_rating": 4.9,
    "reviews": [
        {
            "name": "Nela",
            "date": "2016-03-02",
            "review": "A top stay! "
        },
        {
            "name": "Annie",
            "date": "2016-04-26",
            "review": "This was really the perfect apartment in a perfect location in the middle of Balham. So comfortable for us after a long trip to Mongolia. The bed & sheets were top notch. And Howard was very accommodating to our need for a baby cot. Great stay!"
        },
        {
            "name": "Isabel",
            "date": "2016-06-22",
            "review": "Right from the beginning Howard was a fantastic accomodating host. The flat was exactly as represented and provided a comfortable relaxing environment for us to return to in the evening after a day spent renovating our daughters new flat. The location is excellent with great transport links , plenty of choices to eat within walking distance and a Sainsbury supermarket opposite the flat. \r<br/>\r<br/>It would be a great spot for any visitor to London whether as a tourist or for personal commitments as our visit was on this occasion. \r<br/>\r<br/>Howard's attitude was the best thing of all. It was all about everything being Ok for us. Cannot recommend the flat, the host or the location highly enough. We would love to stay again when we next visit ."
        },
        {
            "name": "Nicholas",
            "date": "2016-07-07",
            "review": "Howard was a great host, excellent communication making it easy to check in. <br/>Apartment was very clean and well set up. Location is excellent right in the heart of Balham.<br/>Really enjoyed our stay and would highly recommend. "
        },
        {
            "name": "Natalia",
            "date": "2016-07-22",
            "review": "Howard was a great host! He was super helpful to me and my family! He was able to extend our stay on really short notice, which saved us from a huge hassle! The flat was very clean and very comfortable and in a great location. Very close to the station and an easy connection to the centre of London. We were able to pop into the large Sainsbury's supermarket whenever we needed to get something. We were all very pleased and very happy with our stay!"
        },
        {
            "name": "Hayley",
            "date": "2016-07-26",
            "review": "Would high recommend! Had a lovely stay in this flat and we'd definitely return. A trendy place (accurate to the pictures) and it was really fresh and clean. Howard made our arrangements for picking up and collecting the keys really straightforward, especially considering this was a very last minute booking. Balham is a great area with lots of nice places to eat and drink and transport into central London was very easy. Thanks again Howard! "
        },
        {
            "name": "Lola",
            "date": "2016-08-01",
            "review": "We had a great stay ! The apartment is great and very convenient. Howard was a very good host, easy to reach if we needed anything. Balham is also very nice, there are a lot of places to eat and grab a drink. "
        },
        {
            "name": "Angela",
            "date": "2016-08-11",
            "review": "Very flexible and maintained good communication. The place was spacious and comfortable, like your own home. Very close to the tube. \r<br/>Recommend staying here ! "
        },
        {
            "name": "Aaron And Julie",
            "date": "2016-08-15",
            "review": "Howard was a great host, very communicative and friendly and his flat was a delight. "
        },
        {
            "name": "Julie",
            "date": "2016-09-09",
            "review": "Howard was friendly and more than helpful. He would respond to texts immediately if needed any questions answered. The flat was spacious and very clean. It had everything you needed and more. Truly felt like home away from home. Balham is a good location full of cute bars, cafes and restaurants with excellent links to central London. Would highly recommend this place."
        }
    ]
}