{
    "id": 106332,
    "listing_url": "https://www.airbnb.com/rooms/106332",
    "name": "Lovely large room, Bethnal Green",
    "description": "Lovely characterful room in a house belonging to an artist and a musician.<br /><br /><b>The space</b><br />A lovely large room in a late Georgian house belonging to an artist and a musician. <br /><br />Our house was built between 1820 and 1830. It is characterful, and is furnished simply and comfortably, with many original features and stripped floorboards throughout. We overlook Museum Gardens, The Museum of Childhood and St John's, a John Soanes' church. It is a two minute walk from Bethnal Green Tube, which is on the Central Line and 15 minutes from Oxford Circus. Brick Lane and Shoreditch are  both about a 15 minute walk away, as are Broadway Market and Columbia Road.<br /><br />The room available has two sofas, one of which is a very comfortable double sofa bed.  There is a shared bathroom and second loo. You are welcome to help yourself to breakfast, tea and coffee at any time, and to use the kitchen and the washing machine and dryer.<br /><br />All bedding and towels are provi",
    "host_name": "Susie",
    "host_id": 264345,
    "host_url": "https://www.airbnb.com/users/show/264345",
    "host_picture_url": "https://a0.muscache.com/im/users/264345/profile_pic/1288265773/original.jpg?aki_policy=profile_x_medium",
    "neighbourhood_cleansed": "Tower Hamlets",
    "latitude": 51.52874,
    "longitude": -0.05396,
    "property_type": "Private room in home",
    "room_type": "Private room",
    "accommodates": 1.0,
    "bathrooms": null,
    "beds": 1,
    "price": 55.0,
    "numbers_of_review": 65.0,
    "review_scores_rating": 4.84,
    "reviews": [
        {
            "name": "Szabolcs",
            "date": "2011-05-30",
            "review": "A small piece of art and music near to Bethnal Green station. We had a great time in London, I absolutely recommend this room. Quiet and still. Thanks Susie.\r<br/>\r<br/>Regards \\\\\r<br/>Szabolcs"
        },
        {
            "name": "Natti",
            "date": "2011-06-20",
            "review": "Susie and her husband were two amazing hosts for my grandmother,  both were very communicative and respectful. Their house was lovely, beautifully decorated and charming. It was a high standard of stay for a great price. I would recommend them to anyone without hesitation."
        },
        {
            "name": "Fabian",
            "date": "2011-06-24",
            "review": "The place to be in London! "
        },
        {
            "name": "Martin",
            "date": "2011-07-08",
            "review": "susie is an amazing host and her house absolutely beautiful. the room was spacious and comfortable, with a nice view of the park across the street, and very close to both tube station and buses. very convenient east london location, close to pubs and restaurant, and one station away or a short bus ride from liverpool street and shoreditch. A wonderful first airbnb experience! "
        },
        {
            "name": "Diana",
            "date": "2011-09-13",
            "review": "Generous, friendly hosts, a fascinating, historic neighborhood, and a beautiful room (exactly as presented in the photos).   I loved staying here and would gladly do it again.   "
        },
        {
            "name": "Franziska",
            "date": "2011-10-08",
            "review": "The room is in a beautiful old victorian house in opposite of a lovely park. It is  very causy with nice furniture and really  quiet. Susie and Jock are great hosts. Bethnal Green is very close to the Galleries in Shoerditch and Hackney. I had a good time there. Thank you."
        },
        {
            "name": "Dario",
            "date": "2011-11-04",
            "review": "Had a business conference that met in Tower Hill one day and Shoreditch  the next. Bethnal Green is ideally located.\r<br/>\r<br/>After a quick tour of her home,  I felt quite at confident that I'd made a good choice. The room and bath were clean; the wifi worked; the artwork gave me a glimpse into the families life.\r<br/>\r<br/>Highly recommended!"
        },
        {
            "name": "Seth",
            "date": "2011-11-08",
            "review": "Susie and her family are wonderful hosts \u2014 simply fabulous. The bed was comfortable, the room was spacious and clean, the wireless internet coverage was excellent, and the location is superb (a very, very short walk to the Bethnal Green tube station). I wouldn't hesitate to stay here again."
        },
        {
            "name": "Elizabeth",
            "date": "2011-12-10",
            "review": "I'm so grateful to have found such a lovely, warm and welcoming place to stay on very short notice!  Susie and Jock are not only both talented artists, they're amazing hosts and always included me and made me feel like part of their family :-)  The room is large, comfortable, beautifully decorated (with a working fireplace) and overlooking the park!  Bethnal Green is a great place to hang your hat, in walking distance to many cool areas and easy tube access to everywhere else in London.  From cycling along the canal to see Flower Market...to watching films on the projector, I could not have asked for more and will definitely return!"
        },
        {
            "name": "Lian",
            "date": "2012-02-28",
            "review": "Lovely house in the perfect location. Just what I hoped for, and then some. Susie and her family were great hosts - highly recommended place to stay."
        }
    ]
}