{
    "id": 10647633,
    "listing_url": "https://www.airbnb.com/rooms/10647633",
    "name": "Charming 1 Bed 3mins from Hyde Park",
    "description": "NEW PRICE FOR AUGUST!! BOOK NOW! <br />Bright 1 Bd flat in the heart of London with view on the quiet Queens Gardens square built 1849! It's very cosy and 5 mins walk from Hyde Park with great transport links to Lancaster Gate, Paddington (Heathrow), Queensway and Bayswater stations.<br /><br /><b>The space</b><br />We love our flat and are proud to share it with you! It is bright and cosy in a Victorian building built in 1849!<br /><br />This apartment is in an excellent location, in a very quiet Garden square with little traffic. 3 minutes walk around the corner takes you to the famous Hyde Park. You can even take the London bicycles from right around the corner to move around central London! <br /><br />Paddington/Heathrow express, Lancaster Gate, Bayswater and Queensway stations are all 6 mins walking distance from the flat. You therefore have access to the Central, District, Circle, Bakerloo and Hammersmith lines, all take you directly to the heart of London's major attractions in",
    "host_name": "Rani",
    "host_id": 44738019,
    "host_url": "https://www.airbnb.com/users/show/44738019",
    "host_picture_url": "https://a0.muscache.com/im/pictures/user/71040d76-ae7a-4597-9a75-a376ec662e52.jpg?aki_policy=profile_x_medium",
    "neighbourhood_cleansed": "Westminster",
    "latitude": 51.51478,
    "longitude": -0.18087,
    "property_type": "Entire rental unit",
    "room_type": "Entire home/apt",
    "accommodates": 4.0,
    "bathrooms": 1.0,
    "beds": 1,
    "price": 80.0,
    "numbers_of_review": 1,
    "review_scores_rating": 4.0,
    "reviews": [
        {
            "name": "T\u00f3",
            "date": "2016-06-27",
            "review": "Rani \u00e9 um \u00f3ptimo anfitri\u00e3o e de f\u00e1cil comunica\u00e7\u00e3o. O apartamento \u00e9 exatamente como nas fotos \u00e9 bem localizado, numa zona calma e segura. Recomendo!"
        }
    ]
}