{
    "id": 10669247,
    "listing_url": "https://www.airbnb.com/rooms/10669247",
    "name": "Clapham South 1 - Lift - Near St George's Hospital",
    "description": "Quality Accredited by The Association of Serviced Apartment Providers. Family friendly short term housing in a serviced apartment in Balham with fast wifi makes a for a great staycation. Suitable for corporate housing and relocation accommodation. Near St. George's Hospital, Madison Hill provides emergency accommodation in south west London.<br /><br />\u2022 Professionally managed<br />\u2022 Reliable guest support<br />\u2022 Telephone assisted 24/7 check-in using a key-safe<br />\u2022 Professionally cleaned<br /><br /><b>The space</b><br />\u2022 Professionally cleaned with hotel-quality bed linen and towels<br />\u2022 Toiletries provided<br />\u2022 Complimentary teas, coffee, milk, sugar and biscuits<br /><br />Clapham South 1 is a very quiet flat.<br /><br /> \u2022 Master bedroom has a king bed, plenty of storage and en-suite shower room with a walk-in shower<br /> \u2022 2nd bedroom has a double bed,and access to the balcony<br /> \u2022 Family bathroom has a bath with a fitted thermostatic shower over it<br /> \u2022 Open-plan l",
    "host_name": "Madison Hill London",
    "host_id": 54184847,
    "host_url": "https://www.airbnb.com/users/show/54184847",
    "host_picture_url": "https://a0.muscache.com/im/pictures/user/3ed82fa3-6e11-438a-bae0-fa229520dd24.jpg?aki_policy=profile_x_medium",
    "neighbourhood_cleansed": "Wandsworth",
    "latitude": 51.45186,
    "longitude": -0.14878,
    "property_type": "Entire rental unit",
    "room_type": "Entire home/apt",
    "accommodates": 5.0,
    "bathrooms": 2.0,
    "beds": 4,
    "price": 535.0,
    "numbers_of_review": 17.0,
    "review_scores_rating": 4.75,
    "reviews": [
        {
            "name": "Elise",
            "date": "2016-04-07",
            "review": "This is a lovely clean and well kept apartment.  The host was great meeting us at the apartment to drop of the keys.  It was fantastic and a great location."
        },
        {
            "name": "Olivia",
            "date": "2016-04-24",
            "review": "Madison Hill was a fantastic choice. It fit our needs perfectly, the apartment was immaculate and the management were incredibly kind and efficient. Had a wonderful stay and would highly recommend to anyone. "
        },
        {
            "name": "Matthew",
            "date": "2016-05-01",
            "review": "Yes we were very welcome. Facility was great and neighborhood excellent"
        },
        {
            "name": "Freda",
            "date": "2016-09-09",
            "review": "Julie was a great communicator and we are very glad that Andrew could let us into the flat really early on a Sunday morning.  Thank you very much.  And of course the flat itself is great!"
        },
        {
            "name": "Anam",
            "date": "2017-03-17",
            "review": "Very very convenient location, right next to the tube station, bus stop just actoss the road and lots of shops and restaurants at your doorstop. Next to clapham common park so its great for kids. The apartment itself was small cute and cozy. Would definitely recommend this flat for it's accessibility. "
        },
        {
            "name": "Noela",
            "date": "2017-05-06",
            "review": "My husband and I had a wonderful week in this lovely spacious light- filled flat. The location is quit though a few steps from the station. The location is close to all the outdoor space of Clapham Common and Wandaworth Common and pleasant residential streets yet also close to Northcote road shops. Clapham old town restaurants and more are across the Common. The Northern line trains had us at Tottenham rd in 30 minutes."
        },
        {
            "name": "Claire",
            "date": "2017-06-28",
            "review": "Great location super close to tube station, to our surprise was very quiet and great storage "
        },
        {
            "name": "Leonardo",
            "date": "2017-08-18",
            "review": "Very quite and comfortable flat! Lots of services around ! Nice park !"
        },
        {
            "name": "Asia",
            "date": "2017-09-09",
            "review": "Great location, 3 minute walk to underground and close to city central. Host was always quick to respond and check-in process was easy!"
        },
        {
            "name": "Cora",
            "date": "2017-09-17",
            "review": "Tolle Unterkunft mit guter \u00f6ffentlicher Verkehrsanbindung"
        }
    ]
}