{
    "id": 10666345,
    "listing_url": "https://www.airbnb.com/rooms/10666345",
    "name": "Bright 1 Bed Maisonette",
    "description": "A funky, architect designed one bedroom flat set within this desireable, gated mews. The approach to the apartment is via a pretty cobbled street and gain access through its own private entrance. A popular location by the open spaces of Tufnell Park<br /><br /><b>The space</b><br />Very bright & cheerful funky interior with lots if privacy, highly secure and no overlooking.",
    "host_name": "Lucrecia",
    "host_id": 23411620,
    "host_url": "https://www.airbnb.com/users/show/23411620",
    "host_picture_url": "https://a0.muscache.com/im/pictures/user/1f903e71-9468-467b-bf96-848f7747a940.jpg?aki_policy=profile_x_medium",
    "neighbourhood_cleansed": "Islington",
    "latitude": 51.55897,
    "longitude": -0.13083,
    "property_type": "Entire home",
    "room_type": "Entire home/apt",
    "accommodates": 2.0,
    "bathrooms": 1.0,
    "beds": 1,
    "price": 90.0,
    "numbers_of_review": 2,
    "review_scores_rating": 5.0,
    "reviews": [
        {
            "name": "Marco And Jayden",
            "date": "2016-04-30",
            "review": "Lucrecia was such a gracious host, and couldn't have been any nicer. The flat is lovely, and feels very spacious. The neighborhood is great! A nice pub right across the street, a grocery store and a beautiful dog friendly park just a 2 minute walk away"
        },
        {
            "name": "Ariana",
            "date": "2016-12-15",
            "review": "Overall, we had a great experience at Lucrecia's place. The flat is nice and comfortable to accommodate a couple. It's divided in two floors: on the ground floor are the bedroom and the bathroom and on the first floor is the kitchen, which is really nice, bright and well equipped. We were provided with clean towels and linens and everything we needed for our stay in London. Plus, Lucrecia is a kind and communicative host. We would definitively recommend this place."
        }
    ]
}