{
    "id": 10672949,
    "listing_url": "https://www.airbnb.com/rooms/10672949",
    "name": "House in Shoreditch for 4 people",
    "description": "This house is in the very heart of the oldest part of London, where tourists and London locals frequent on weekends. Vibrant and trendy area with lots to see/do! 5 minutes walking from Bricklane and Columbia Road (flower market).<br /><br /><b>The space</b><br />The house is split in 3 levels with a fantastic view to a local garden. The top level comprises the main bedroom, full bathroom with bath and shower. In the middle floor there is the living room and open kitchen and on the first floor the second bedroom and a second bathroom. There is one double beds and two sofa beds. The kitchen is fully equipped with Nespresso coffee machine, toaster, microwave ovens, dishwasher, etc.",
    "host_name": "Ines",
    "host_id": 4166453,
    "host_url": "https://www.airbnb.com/users/show/4166453",
    "host_picture_url": "https://a0.muscache.com/im/pictures/user/7b0a9bd8-6a1e-4f82-8e50-8d7685f1c578.jpg?aki_policy=profile_x_medium",
    "neighbourhood_cleansed": "Tower Hamlets",
    "latitude": 51.52463,
    "longitude": -0.07191,
    "property_type": "Entire home",
    "room_type": "Entire home/apt",
    "accommodates": 4.0,
    "bathrooms": 1.5,
    "beds": 2,
    "price": 100.0,
    "numbers_of_review": 1,
    "review_scores_rating": 4.0,
    "reviews": [
        {
            "name": "Samanta",
            "date": "2016-06-20",
            "review": "Este viaje a Londres fue realizado por 3 adultos y un bebe de 9 meses y la eleccion de casa y barrio fue la correcta.\r<br/>Anfitriones: Ines y Miguel se portaron muy bien desde el principio. Respondian los mensajes rapidamente y nos brindaron informacion util sobre la casa. Tuve el agrado de conocerlos al final de nuestra estadia y fueron muy amables y serviciales.\r<br/>Ubicacion: Shoreditch es un barrio alternativo, cuyas calles estan llenas de arte urbano. La casa esta ubicada cerca de una de las calles principales y a unos 400 metros de la estacion de Trenes Shoreditch High Street, lo cual es muy conveniente para moverse dentro de Londres. A pocos metros de la casa se pueden encontrar supermercados, kioscos, restaurantes, etc.\r<br/>Propiedad: la casa esta muy bien equipada y encontramos todo muy limpio y ordenado. La casa cuenta con varios niveles, pero esta bien distribuida. Lo unico negativo es que la habitacion de la planta baja era bastante luminosa, pero esto fue aclarado previamente asi que ya lo sabiamos. Hubo noches en que se escuchaban ruidos de la calle, mas que nada de jovenes que se reunian en las cercanias, pero a mi personalmente no me molesto tanto y pude descansar muy bien.\r<br/>Volveriamos a alquilarle la casa a Ines y Miguel en el caso de regresar a Londres :)"
        }
    ]
}