{
    "id": 10694086,
    "listing_url": "https://www.airbnb.com/rooms/10694086",
    "name": "LOVELY EN SUITE IN MODERN FLAT",
    "description": "Gorgeous en suite with large double bed and all facilities. <br />Separate bathroom includes bath and large shower with underfloor heating. <br />Large spacious living room and kitchen. <br />All within 300 meters of Tate Modern. <br />I live in the Flat with my Italian girlfriend Serena.<br /><br /><b>The space</b><br />This is a 90 square meter 2 bed 2 bath modern purpose built apartment finished and furnished to a high standard and gives a unique contemporary Central London lifestyle experience.<br /><br /><b>Other things to note</b><br />The whole of the South Bank is one of the worlds most popular cultural destinations and is alive with markets, street performers and a mass of entertainment.",
    "host_name": "Brent",
    "host_id": 55250579,
    "host_url": "https://www.airbnb.com/users/show/55250579",
    "host_picture_url": "https://a0.muscache.com/im/pictures/user/941eb40d-17b6-4460-8da5-70944719053c.jpg?aki_policy=profile_x_medium",
    "neighbourhood_cleansed": "Southwark",
    "latitude": 51.50533,
    "longitude": -0.09601,
    "property_type": "Private room in rental unit",
    "room_type": "Private room",
    "accommodates": 2.0,
    "bathrooms": 1.0,
    "beds": 1,
    "price": 140.0,
    "numbers_of_review": 163.0,
    "review_scores_rating": 4.94,
    "reviews": [
        {
            "name": "Penny",
            "date": "2016-03-31",
            "review": "Brent was a really friendly and accommodating host . His double room was bright,fresh and really comfortable. The en suite bathroom made me feel I was staying in a top quality hotel.\r<br/>One of the best things about staying at Brents was the fantastic position of the apartment moments from the Tate Modern and the buzzing South Bank with the bonus of having Borough Market on your door step.\r<br/>I will definately be returning. "
        },
        {
            "name": "Andrea",
            "date": "2016-04-09",
            "review": "Brent was a wonderful host. \r<br/>Great communication prior to our arrival to ensure he was there to meet us.\r<br/>The flat is beautifully appointed, the bedroom, with a very comfortable bed, and en-suite bathroom are spacious with everything provided, including a hair dryer :-)\r<br/>\r<br/>We were free to help ourselves to a healthy selection of breakfast muesli, granola and fresh fruit. There is also a great choice of coffee shops and restaurants close by.\r<br/>\r<br/>Brent assisted us with plans for our museum tour as well as providing some great suggestions to experience some of the attractions on the Southbank, all in such close proximity to the flat.\r<br/>\r<br/>We will definitely come again to use as a base to explore more of London.\r<br/>\r<br/>Thank You Brent for a fantastic first Airbnb experience!\r<br/>\r<br/>"
        },
        {
            "name": "Julien",
            "date": "2016-04-13",
            "review": "Brent is a charming person. Very attentive from the beginning, everything went smoothly during the stay. His place is very nice, clean and the room comfortable. We will visit him again. Highly recommend. \r<br/>"
        },
        {
            "name": "Doris",
            "date": "2016-05-02",
            "review": "Brent was a great host, warm and helpful. I highly recommend it. It was my best Airbnb experience ever since. It is a beautiful flat and very well located. "
        },
        {
            "name": "Rohit",
            "date": "2016-05-04",
            "review": "Staying at Brent's was wonderful. The flat, bedroom and bathroom were immaculate. It was like staying in a 5 star hotel but for definite a better and more enjoyable experience. Brent was a wonderful host. He informed me about so many amazing places to go to in London which I would never have known about otherwise and his knowledge truly enriched my experience. The flat only being 5 minutes from London Bridge tube station gave great transport links to explore Central London. However, the experiences right on the door step including Borough Market, the Shard and the Southbank diversified my experience of London and it was lovely seeing London from another perspective. The value for the stay was amazing and I would definitely stay at Brent's again. This was by far the best experience I have had staying in an Airbnb in London, having stayed several occasions previously with other hosts. If you would like to have an amazing experience of London and to have a host that makes that experience ever so spectacular with his amazing recommendations then Brent's is the place to go. "
        },
        {
            "name": "Edward",
            "date": "2016-05-08",
            "review": "I had a truly lovely stay with Brent. Great location (5 minutes walk to London Bridge tube and Borough Markets). Amazing flat (very stylish, very clean and modern ensuite). Kind and friendly host (Brent was extremely easy to get along with and extremely helpful). I would definitely stay again. "
        },
        {
            "name": "Katerina",
            "date": "2016-05-15",
            "review": "We really enjoyed our stay with Brent. The flat is spacious, immaculately clean  and well-appointed. Moreover, Brent was a very welcoming, kind and helpful host. Cant wait to stay there on our next trip to London. "
        },
        {
            "name": "Jean Jacques",
            "date": "2016-05-22",
            "review": "Excellent emplacement, tr\u00e8s bel appartement chambre spacieuse et tr\u00e8s confort, bonne literie, belle salle de bain, un h\u00f4te aux petits soins, je recommande sans h\u00e9siter et en fais mon adresse londonienne a chaque fois que possible."
        },
        {
            "name": "Katie",
            "date": "2016-05-24",
            "review": "We had a great stay with Brent. The apartment was modern and clean and the bathroom en suite was nice to have as well. He was very knowledgeable about things to do and had some great recommendations (I.e. Bourough Market). He also had breakfast, coffee and tea ready each morning. The apartment is very close to many of the main sites. "
        },
        {
            "name": "Arnaud",
            "date": "2016-06-03",
            "review": "Brent was very friendly and I had a wonderful week in his appartment, very Nice place, Clean, great bathroom, and an awsome breakfast ready in the morning! I'll definitely come back again if I have chance too! Thanks a lot "
        }
    ]
}