{
    "id": 10698388,
    "listing_url": "https://www.airbnb.com/rooms/10698388",
    "name": "Sunny double room in Crystal Palace",
    "description": "Peace & calm within easy reach of Central London. Let our double room with private bathroom be your base for exploring, and get to know trendy Crystal Palace while you're here. WiFi is available to plan your trips, or we can help point the way!<br /><br /><b>The space</b><br />We have a sunny double room available in our terraced home in Crystal Palace, with private bathroom across the hall. The bathroom has a bath, with shower over, and sink. The toilet is separate and just next door. The bathroom will  only be used by you for the duration of the stay, as we have another shower room downstairs. <br /><br />My partner and I live here with our two bengal cats. They aren't allowed in your room, but they are very friendly, and will enjoy welcoming you as much as we will. They are very much part of the family, so do bear this in mind if you are not used to cats.<br /><br />The street we live on is quiet and calm, away from traffic noise, but only a five minute walk from the high street, wh",
    "host_name": "Sarah",
    "host_id": 31520005,
    "host_url": "https://www.airbnb.com/users/show/31520005",
    "host_picture_url": "https://a0.muscache.com/im/users/31520005/profile_pic/1429457839/original.jpg?aki_policy=profile_x_medium",
    "neighbourhood_cleansed": "Croydon",
    "latitude": 51.41893,
    "longitude": -0.08652,
    "property_type": "Private room in home",
    "room_type": "Private room",
    "accommodates": 2.0,
    "bathrooms": 1.5,
    "beds": 1,
    "price": 45.0,
    "numbers_of_review": 11.0,
    "review_scores_rating": 4.91,
    "reviews": [
        {
            "name": "Niamh",
            "date": "2016-08-29",
            "review": "I am writing this on behalf of my parents. I arranged for them to stay here while they were visiting. They couldn't speak highly enough of the accommodation. They said it was perfectly clean and that the hosts were fantastic. They made them feel very welcome and were very accommodating- they provided a fan and lighter bedding as the weather was very warm. The would recommend anyone to stay here. "
        },
        {
            "name": "Helen",
            "date": "2016-09-10",
            "review": "We had a lovely stay at Sarah's, everything was very clean and welcoming. Communications before we arrived were very efficient and Sarah gave us advice about directions and local transport. Tea and coffee making facilities were provided  and the use of a little lounge as well. The bed was very comfortable and the freshly made bread and homemade jams and marmalades for breakfast were delicious. Would certainly recommend."
        },
        {
            "name": "Denise",
            "date": "2016-10-15",
            "review": "This was our first time using Airbnb, and we would use it again. Sarah our host was there to welcome us on arrival showed us around and asked if we needed breakfast in the morning. Everywhere was lovely and clean, we had our own bathroom and a little room where we could make ourselves a drink. This was a flying visit to see my son who lives not far away, I would not hesitate to stay with Sarah again when I am visiting my son. Thank you for a lovely stay and welcoming us to your home.\r<br/>"
        },
        {
            "name": "Vale",
            "date": "2016-10-16",
            "review": "Sara is a young and lively host and perfectly reflects the spirit airbnb: kind, helpful, never intrusive but ready in case of need. He created his own small jewel, and makes you feel at home, providing a comfortable bed, washing lotions, body creams, towels, hair dryer, wi-fi, breakfast and tea and coffee always available.<br/>The house is a small jewel in an English neighborhood full of shops, close to all services (Crystal Palace is a really nice area and recalls in many respects the famous Harry Potter's private drive)."
        },
        {
            "name": "Ginevra",
            "date": "2016-11-15",
            "review": "Really nice location and boaters, I would recommend to stay there! "
        },
        {
            "name": "Simon",
            "date": "2017-01-26",
            "review": "Cosy place especially suitable for younger people.<br/>"
        },
        {
            "name": "Nathalia & Berry",
            "date": "2017-07-31",
            "review": "Thank you Sarah & hubby for the wonderful stay! This was our first time using AirB&B now that we have a little girl (16 months). Sarah was very helpful and thoughtful explaining all the possible child safety situations of their accommodations before booking. It was exactly as she described. Very clean and tidy, comfortable bed, and a cute little \"lounge area\" where we could sit and read while the little one fell asleep in the bedroom. And their 2 beautiful cats where a bonus :-). The area is very near the organic market, supermarket and Crystal Palace shops and restaurants. Perfect for us. Thank you for everything!"
        },
        {
            "name": "Oph\u00e9lie",
            "date": "2017-09-18",
            "review": "Our parents stayed at Sarah's and they really appreciated it. <br/>Clean, quiet with a comfortable bed is all they could hope for.<br/>Thanks again for hosting Sarah! <br/>We will definitely book again if we need it :)"
        },
        {
            "name": "Patrick",
            "date": "2017-10-08",
            "review": "Lovely house. Lovely hospitality. Highly recommend it!!"
        },
        {
            "name": "Oph\u00e9lie",
            "date": "2017-10-17",
            "review": "Great room and great location! Thanks again Sarah :) we will surely book again!"
        }
    ]
}