{
    "id": 10704599,
    "listing_url": "https://www.airbnb.com/rooms/10704599",
    "name": "3 Bedroom House, Ealing",
    "description": "Maximum availability (90 days per year)<br /><br />Situated in Ealing, the cottage is perfectly located for easy access to all of London's attractions as South Ealing tube station is on the doorstep, making it just  7 stops to Heathrow Airport in one direction and 6 stops to the City in the other. <br />Arriving late telephone for last minute shopping or parking permit",
    "host_name": "Eddy",
    "host_id": 381894,
    "host_url": "https://www.airbnb.com/users/show/381894",
    "host_picture_url": "https://a0.muscache.com/im/pictures/user/979b0af9-b086-4c9d-82b5-f0ac4ca88a32.jpg?aki_policy=profile_x_medium",
    "neighbourhood_cleansed": "Hounslow",
    "latitude": 51.49106,
    "longitude": -0.30718,
    "property_type": "Entire home",
    "room_type": "Entire home/apt",
    "accommodates": 6.0,
    "bathrooms": 1.0,
    "beds": 4,
    "price": 135.0,
    "numbers_of_review": 10,
    "review_scores_rating": 4.6,
    "reviews": [
        {
            "name": "Florence",
            "date": "2019-12-23",
            "review": "Great hosting, sorted everything out that we wanted in a timely manner.<br/>The home is lovely and warm especially when it's cold outside.<br/>It had everything we needed for our 4 week stay!<br/>Would come again!"
        },
        {
            "name": "Benjamin",
            "date": "2020-07-26",
            "review": "Easy to book, clean and perfect for our stay,  Recommend highly"
        },
        {
            "name": "Angela",
            "date": "2022-06-02",
            "review": "Eddy was very responsive and accommodating. The house had just what we needed, location was perfect for us, the small private garden was very much enjoyed and appreciated during a summertime stay. Kitchen is well equipped with everything we needed. There are two pubs really close by and we enjoyed meals at both during our stay. We would definitely return!"
        },
        {
            "name": "Scott",
            "date": "2022-07-05",
            "review": "Eddy's place is as described and in a nice and quiet neighborhood a short walk from the south ealing tube station. Plenty of places to eat to and fro and really close to some local pubs with superb food and drink selections."
        },
        {
            "name": "Manuel",
            "date": "2022-08-18",
            "review": "Casa agrad\u00e1vel; correu tudo conforme esperado; a repetir"
        },
        {
            "name": "Andrea",
            "date": "2022-09-27",
            "review": "Warm cosy cottage in Ealing. Located in between a number of tube stops / bus stations but not particularly close to any. We found it quite a hike with kids and suitcases, however if you had a car it would be great, seems to be plenty of on street parking. A number of small shops and a couple of pubs close by. The kitchen is functional, plenty of hot water for showers, and the washing machine under the stairs a real bonus for longer term travellers. The garden out the back is a bit wild and not really used but nice to see some green. Small rooms as per older cottages but all in all a pleasant stay."
        },
        {
            "name": "Pooria",
            "date": "2022-10-12",
            "review": "Awesome garden. Nice place. Responsive host."
        },
        {
            "name": "Mary",
            "date": "2022-10-31",
            "review": "."
        },
        {
            "name": "Central",
            "date": "2022-11-04",
            "review": "A great stay and a great host!"
        },
        {
            "name": "Mustafa",
            "date": "2022-11-23",
            "review": "The location was great as it was close to bus lines and underground transportation."
        }
    ]
}