{
    "id": 10712002,
    "listing_url": "https://www.airbnb.com/rooms/10712002",
    "name": "Wimbledon Tennis Single Room",
    "description": "Modern 1st floor single room sharing family bathroom set within a newly renovated 4 bedroom house. 2 min walk Wimbledon Lawn Tennis Club, 5min walk Wimbledon Park, 10min walk Southfields Underground, 10 min walk Wimbledon Common, 15min walk Wimbledon Village.<br /><br /><b>The space</b><br />Newly refurbished four bedroom house finished to a very high standard. The 1st floor single offered comes with a standard British single sized bed 1900mm x 900mm, fitted wardrobe. The guest would be sharing the family bathroom, which consists of a concealed cistern toilet, limestone topped vanity and travertine tiled bath surround. The communal open plan living area on the ground floor consists of a fully integrated kitchen with quartz work tops, large L shaped sofa facing TV wall with built in surround sound, large dining table and chairs which leads to a south facing garden.<br /><br /><b>Guest access</b><br />We would like to welcome our guest to share our family home for the duration of their v",
    "host_name": "James",
    "host_id": 35176812,
    "host_url": "https://www.airbnb.com/users/show/35176812",
    "host_picture_url": "https://a0.muscache.com/im/pictures/user/22be5718-16c4-4222-a0a2-373647ecb81e.jpg?aki_policy=profile_x_medium",
    "neighbourhood_cleansed": "Wandsworth",
    "latitude": 51.43896,
    "longitude": -0.2129,
    "property_type": "Private room in townhouse",
    "room_type": "Private room",
    "accommodates": 1.0,
    "bathrooms": 1.0,
    "beds": 1,
    "price": 90.0,
    "numbers_of_review": 8,
    "review_scores_rating": 4.86,
    "reviews": [
        {
            "name": "Melissa",
            "date": "2016-07-01",
            "review": "the hosts were very welcoming and easy to get on with and helpful and even let us stay to watch the tennis on tv! Ace!!"
        },
        {
            "name": "Joelle",
            "date": "2017-07-06",
            "review": "James and Garbo were very welcoming and helpful. The house is really nice and very close to the tennis. I would recommend staying here!"
        },
        {
            "name": "Lama",
            "date": "2018-07-08",
            "review": "James and Garbo were wonderful hosts.  James was quick to respond to all my questions and concerns before I arrived, and when I arrived he was very welcoming and helpful. The house is near a tube station so it was very easy to get there from the airport. The house is also super close to the tennis, about a 3 minute walk to the queue. If you're planning on queuing for tickets, you can't beat this location!"
        },
        {
            "name": "Lama",
            "date": "2019-07-11",
            "review": "Another great stay at James and Garbo\u2019s. You can\u2019t find better hosts or a better location if you\u2019re coming for Wimbledon."
        },
        {
            "name": "Anthony",
            "date": "2022-06-30",
            "review": "James is very solid and kind. He was helpful and clear headed. The place was peaceful and super clean!!   I will go there again hopefully.  Thank You. Tony"
        },
        {
            "name": "Shaan",
            "date": "2022-07-03",
            "review": "A true gem, 10/10"
        },
        {
            "name": "Stanly",
            "date": "2022-07-11",
            "review": "Amazing host and amazing bang for your buck"
        },
        {
            "name": "Denise",
            "date": "2023-07-16",
            "review": "Really the best place to stay if you want to attend Wimbledon. It's a quick walk to the grounds and also the best part is it's so close to the queue.  I was able to queue by 5 AM before the public transportation hordes of people arrived and always got show court seats.  James and his wife are wonderful hosts and I felt right at home from the first night. I stayed for two weeks!"
        }
    ]
}