{
    "id": 10728129,
    "listing_url": "https://www.airbnb.com/rooms/10728129",
    "name": "Beautiful single room for a one person",
    "description": "My place is close to Tower Bridge, London Bridge. You\u2019ll love my place because of the high ceilings, the kitchen, the location, the cosiness, the bathroom, the lounge. My place is good for solo adventurers and business travellers.<br /><br /><b>Other things to note</b><br />There are two bathrooms in the property. One spa bathroom and a luxury 3-piece shower room both accessible to all guests.",
    "host_name": "Lyssiemay",
    "host_id": 1589079,
    "host_url": "https://www.airbnb.com/users/show/1589079",
    "host_picture_url": "https://a0.muscache.com/im/pictures/user/7fdd2e2d-a675-4a27-ba69-f12b6294b620.jpg?aki_policy=profile_x_medium",
    "neighbourhood_cleansed": "Southwark",
    "latitude": 51.48937,
    "longitude": -0.0567,
    "property_type": "Private room in condo",
    "room_type": "Private room",
    "accommodates": 1.0,
    "bathrooms": 2.0,
    "beds": 1,
    "price": 46.0,
    "numbers_of_review": 12.0,
    "review_scores_rating": 4.83,
    "reviews": [
        {
            "name": "Shay",
            "date": "2018-08-18",
            "review": "Lyssiemay is a great host - she's super interesting and friendly, and made me feel really welcomed :) <br/>The place itself has good transportation links on the Jubilee line (straight bus to Canada Water and a 15 minute walk to Bermondsey station, which is 1-2 stops from London Bridge). <br/>It's definitely good value for money so I'd recommend x "
        },
        {
            "name": "Federica",
            "date": "2018-09-30",
            "review": "Lyssie is a very clever, spirited, kind and direct person. I was looking for a quiet place close to Canary Wharf and I made the best choice!"
        },
        {
            "name": "Neringa",
            "date": "2019-03-01",
            "review": "I stayed in this place for three weeks, until I moved to permanent place. The host was really kind and friendly, room very cozy. I recommend it!"
        },
        {
            "name": "Casey",
            "date": "2019-03-23",
            "review": "Lyssiemay's place is warm and cozy and I always enjoyed coming back at the end of a busy day. She's very responsive and an absolute delight to chat with. My week and a half here was quite pleasant! Would recommend."
        },
        {
            "name": "Carol",
            "date": "2019-04-30",
            "review": "Very helpful hostess, well lit and safe. Easy walk to square at Bermondsey. Spotlessly clean. Need to be able to walk stairs"
        },
        {
            "name": "Fin",
            "date": "2019-05-28",
            "review": "Pretty good location and friendly host. The internet was very slow, but the price of the rental makes up for it."
        },
        {
            "name": "Francesca",
            "date": "2022-02-26",
            "review": "Very welcoming and comfortable stay <br/>Definitely recommend<br/>Extremely friendly"
        },
        {
            "name": "Kaied Omar",
            "date": "2022-02-28",
            "review": "Great Host. Good facilities. Well organised"
        },
        {
            "name": "Angus",
            "date": "2022-03-10",
            "review": "Lyssiemay has is a great host who has thought about everything you might need for your stay. The room was just perfect, with everything you would expect in a top class hotel room. The bed was comfortable - I slept like a log. The local area is friendly and quiet with plenty of shops and transport links. And wow, what an amazing, luxurious bathroom!"
        },
        {
            "name": "Natasha",
            "date": "2022-06-21",
            "review": "Lyssiemay\u2019s place was very clean and she was communicative and clear. Ideally situated near transport links and useful self check in and self check out."
        }
    ]
}