{
    "id": 10735129,
    "listing_url": "https://www.airbnb.com/rooms/10735129",
    "name": "Wander to the Canal from a Tranquil Maida Vale Garden Flat",
    "description": "Open bedroom doors to a leafy, decked garden to chat in hanging rattan egg chairs. Fresh, clean-lined, contemporary styling includes transparent dining chairs and a marble bathroom. The family-friendly home is in a graceful redbrick period townhouse.",
    "host_name": "Cindy",
    "host_id": 15953690,
    "host_url": "https://www.airbnb.com/users/show/15953690",
    "host_picture_url": "https://a0.muscache.com/im/pictures/user/cc6c24de-0e0c-4c64-82a2-3968f70d4039.jpg?aki_policy=profile_x_medium",
    "neighbourhood_cleansed": "Westminster",
    "latitude": 51.52564,
    "longitude": -0.19387,
    "property_type": "Entire rental unit",
    "room_type": "Entire home/apt",
    "accommodates": 5.0,
    "bathrooms": 1.5,
    "beds": 2,
    "price": 257.0,
    "numbers_of_review": 63.0,
    "review_scores_rating": 4.9,
    "reviews": [
        {
            "name": "Jess",
            "date": "2016-05-05",
            "review": "Cindy has a wonderful centrally located flat. She made us feel so welcome and had fresh fruit and flowers in the flat upon arrival. The flat has a great backyard that is perfect for the summer months in London. Cindy is quick to respond and help with any questions you may have. The flat is like a great hotel with lovely comfy beds and towels! We enjoyed our stay there very much, thank you so much Cindy!!"
        },
        {
            "name": "Simone",
            "date": "2016-05-19",
            "review": "Very lovely location and the hostess was incredibly communicative and accommodating!"
        },
        {
            "name": "Simone",
            "date": "2016-05-28",
            "review": "My two stays were separated by a weekend but Cindy was kind enough to provide our group with a deal on our stay. We were welcomed by fresh flowers and the stay was very cozy."
        },
        {
            "name": "Lourdes",
            "date": "2016-06-14",
            "review": "Cindy was a great host. All our conversations prior our arrival were agreable and she was very useful. We didn\u00b4t met Cindy but were welcomed to the flat by Arlene.\r<br/>The flat was very clean and we were received with fresh flowers and fruit. It was very nice !!"
        },
        {
            "name": "Xiu Ji Mia",
            "date": "2016-06-20",
            "review": "Cindy was an excellent host! She kept in close contact with us prior to our stay and up until the day we left. She was very helpful in assisting us with transportation from the airport and suggesting restaurants in the area. The flat was immaculate and looked exactly like the pictures. Cindy even provided fresh flowers! The neighborhood is quiet and has many cute restaurants close by. Also, the location is near Little Venice, a neighborhood of London, where we took a spectacular canal ride up to Camden. Thank you so much Cindy for a great first stay in London!! :) "
        },
        {
            "name": "Joseph",
            "date": "2016-07-19",
            "review": "Wonderful place, perfect location, plenty of space, everything was clean and tidy. Most stunning is the backyard and I invite you to relax at the egg chairs at the back of it, you won't find a more soothing experience than that!"
        },
        {
            "name": "Pamela",
            "date": "2016-07-24",
            "review": "We were fortunate to have our two teenage grandchildren with us and they enjoyed London and especially our accommodation. Cindy went out of her way to make sure that our experience was the best.\r<br/>The location was very handy as the bus stop was right at our door.\r<br/>We would stay there again if we head back that way. It was a hot time when we were there and having the back garden area made it more comfortable. Great time in London."
        },
        {
            "name": "Steven",
            "date": "2016-08-07",
            "review": "This is an excellent place to stay. A really lovely flat, very charming and typically English yet extremely modern at the same time. Cindy is a wonderful host, as she is extremely helpful and responsive, takes great care in her guests and maintains the flat impeccably. Amazing location, as Maida Vale is wonderful area, very residential and peaceful but right on a tube line and close to the city core\u2026so you get the best of both worlds. The flat was a pleasure to come home to every day."
        },
        {
            "name": "Ahmed",
            "date": "2016-08-18",
            "review": "Fantastic place and host. Everything as described and shown on the photos. Will stay again for sure."
        },
        {
            "name": "Adam",
            "date": "2016-09-16",
            "review": "A wicked apartment in a nice area. Cindys communication was outstanding.<br/>She went the extra mile and purchased a good blow up bed for our 3rd person. The whole place was comfortable and clean, great host, thanks Cindy!"
        }
    ]
}