{
    "id": 10738655,
    "listing_url": "https://www.airbnb.com/rooms/10738655",
    "name": "Colindale living-room - Bright, clean & restful",
    "description": "Thank you for your interest in our property.  <br />Nice and tranquil spacious and welcoming, host can assist with tourism in London. Family friendly home. We are located 7 min walk from Colindale tube and 20 min away from Central London (Eurostar, Victoria, etc). <br />We are 20-30 minutes from Wembley stadium.  <br />This is a living room which will be completely for your sole use during your stay with us. We will open the single foldable bed(s) so you can sleep, rest, watch tv and eat. <br />Let me know<br /><br /><b>The space</b><br />This is a very tranquil, clean and peaceful place to be. You will enjoy coming back home after a hard day doing business or visiting the city! Total freedom however we can have tea or coffee some time! Comfortable single foldable beds are available for guests to sleep on.<br /><br /><b>Guest access</b><br />You will have to the room where there is a sofa and the opportunity to have a comfortable folding single beds in case more than 2 guests are trave",
    "host_name": "Sessy Assion",
    "host_id": 361364482,
    "host_url": "https://www.airbnb.com/users/show/361364482",
    "host_picture_url": "https://a0.muscache.com/im/pictures/user/62dfd301-57c5-4d0a-bfcd-11990198bd23.jpg?aki_policy=profile_x_medium",
    "neighbourhood_cleansed": "Brent",
    "latitude": 51.59147,
    "longitude": -0.26125,
    "property_type": "Private room in rental unit",
    "room_type": "Private room",
    "accommodates": 3.0,
    "bathrooms": 1.0,
    "beds": 1,
    "price": 36.0,
    "numbers_of_review": 147.0,
    "review_scores_rating": 4.5,
    "reviews": [
        {
            "name": "Matt",
            "date": "2016-02-06",
            "review": "Agnes was a wonderful host and her flat was a warm and welcoming place to stay. It does get busy during office hours but at all other times and at weekends the room is all yours. The local area is very quiet and peaceful and Asda is a stones throw away if you plan to do your own cooking with plenty of space provided in the fridge and cupboard for your stuff. Highly recommended!"
        },
        {
            "name": "Sara",
            "date": "2016-02-15",
            "review": "Agnes was a super host :) me and my friend enjoyed her home very much. It was cosy and it has everything you need in 5 minutes walking (supermarket, tube, hospital, pubs, restaurants...) <br/>Agnes and her son are very polite and friendly.<br/>I hope we meet again soon.<br/>Kisses from Cris and Sara "
        },
        {
            "name": "Emily",
            "date": "2016-02-28",
            "review": "Agnes was very welcoming and accommodating and made sure we knew everything we needed to know about the apartment. The place was clean and comfortable, about a ten minute walk to the tube station for easy access to central London and within walking distance of some grocery/convenience stores. Overall a lovely first Airbnb experience! "
        },
        {
            "name": "Sebastiano",
            "date": "2016-03-10",
            "review": "It was a great place, comfy, warm and everything was on hand. Agnes is really friendly, helpful and you can always have a chat when you come back home tired :) It's a bit far, but for the price is perfect and you have Colindale tube at 10 min walk from there, so no problem with moving around."
        },
        {
            "name": "Oc\u00e9ane",
            "date": "2016-04-12",
            "review": "Super accueil ! Agn\u00e8s est une femme pleine de vie, toujours souriante et avenante. Pour des fran\u00e7ais qui veulent s'installer \u00e0 Londres je vous la recommande vivement ! "
        },
        {
            "name": "Isabel",
            "date": "2016-04-25",
            "review": "Great place! Agnes is very friendly!!"
        },
        {
            "name": "\uc5f0\uc9c0",
            "date": "2016-05-24",
            "review": "\uc219\uc18c \uc704\uce58\ub610\ud55c \uc815\ud655\ud558\uace0 \uc544\uadf8\ub124\uc2a4\uac00 \ub108\ubb34 \uce5c\uc808\ud558\uac8c \uc798\ud574\uc8fc\uace0 \uc774\ud574\ud574 \uc8fc\uc5c7\ub2e4.\r<br/>\ub2e4\uc2dc \uc601\uad6d\uac04\ub2e4\uba74 \uc544\uadf8\ub124\uc2a4 \uc9d1\uc744 \ucd94\ucc9c\ud55c\ub2e4\r<br/>\uadf8\ub2e5 \uba40\uc9c0 \uc54a\uc740 \uacf3\uc5d0 \uc804\ucca0\uc5ed\uacfc \ubc84\uc2a4\uc640 \ub9c8\ud2b8\uac00 \uc787\uc5b4\uc11c \uc88b\uc557\ub2e4."
        },
        {
            "name": "Sze Kye",
            "date": "2016-05-26",
            "review": "Agnes is such a wonderful and lovely host. She provides all the informations you need to know in London and assists you in any problem you have encountered! Definitely worth for a second visit~ "
        },
        {
            "name": "Jose Luis",
            "date": "2016-06-23",
            "review": "Agnes is a really nice host. She took us inside the parliament and drove us to the metro when we were about to leave so that we did not have to walk with all our luggage. The kitchen was easy yo use and there is a convenience store really close where one can buy food to prepare in the kitchen. If you are plnning on relaxing in the house, don't rent the office room since you have to leave it by 9:30 in the morning. "
        },
        {
            "name": "Marcus",
            "date": "2016-06-27",
            "review": "Very pleasant stay. Comfortable and an accomodating host."
        }
    ]
}