{
    "id": 10741015,
    "listing_url": "https://www.airbnb.com/rooms/10741015",
    "name": "Comfy boutique flat in Islington",
    "description": "Homely and comfy two bed flat, located in leafy and charming Newington Green in the heart of Islington with many lovely shops and restaurants close by. Walking distance to Angel high street, Dalston, Emirates station and excellent transport links.<br /><br /><b>The space</b><br />Bright open living space with high ceilings and a homely feel. <br />Very comfy double beds in each room and a two bathrooms, each with a bath",
    "host_name": "Kirsty",
    "host_id": 48677723,
    "host_url": "https://www.airbnb.com/users/show/48677723",
    "host_picture_url": "https://a0.muscache.com/im/pictures/user/4d1c44ff-8a4c-4993-9153-a73deca6d2c2.jpg?aki_policy=profile_x_medium",
    "neighbourhood_cleansed": "Islington",
    "latitude": 51.5474,
    "longitude": -0.08855,
    "property_type": "Entire rental unit",
    "room_type": "Entire home/apt",
    "accommodates": 4.0,
    "bathrooms": 2.0,
    "beds": 2,
    "price": 60.0,
    "numbers_of_review": 5.0,
    "review_scores_rating": 4.75,
    "reviews": [
        {
            "name": "Mia Caroline",
            "date": "2016-02-26",
            "review": "Its a very beautiful and spacious appartment! We felt very comfortable and can only recommend Kristy's place. Communication was easy and reliable. Thanks for everything, Kirsty!"
        },
        {
            "name": "Luke",
            "date": "2016-03-10",
            "review": "Kirsty was a wonderful host! Whenever we had a query, she promptly responded. The flat was pristine, comfortable, warm and in a great location. I would highly recommend it to anyone. "
        },
        {
            "name": "Hazal",
            "date": "2016-03-15",
            "review": "We absolut love this flat. It's very comfortable and in a perfect condition. Kirsty is a very lovely and helpful host. We can only recommend her flat. Thank you for the great communication Kirsty!"
        },
        {
            "name": "Ariel",
            "date": "2016-06-04",
            "review": "Good host!"
        }
    ]
}