{
    "id": 10761622,
    "listing_url": "https://www.airbnb.com/rooms/10761622",
    "name": "Self Contained Modern Luxury Pad nr St Pauls/City",
    "description": "Situated in the heart of vibrant Clerkenwell, what many consider to be the creative and culinary capital of London and within a short walk of a multitude of pubs, bars and restaurants. Accommodation features all the comfort and convenience of a hotel<br /><br /><b>The space</b><br />Luxurious Self Contained One Bedroom Suite centrally located off fashionable St John Street, Clerkenwell.<br /><br />Ideal as a weekday pied-a-terre, as a short term base for professional contractors, consultants etc or just for a leisure stay.<br /><br />Accommodation is extremely quiet and features all the comfort and convenience of a boutique hotel but at budget hotel rates:<br /><br />Deluxe ensuite shower room with a shower, basin and WC<br />32 inch Samsung LED TV <br />Deluxe Queen bed<br />Original Sash Windows<br />Blackout blinds <br />Bespoke Storage in sleeping area<br />Leather sofa<br />Complimentary High Speed Wi-Fi <br />Kitchenette including fridge, hob, sink, kettle, cafetiere, toaster, mi",
    "host_name": "Tim",
    "host_id": 55652810,
    "host_url": "https://www.airbnb.com/users/show/55652810",
    "host_picture_url": "https://a0.muscache.com/im/pictures/user/6b7219e5-c8c3-48a5-a31a-21ab7441e8b5.jpg?aki_policy=profile_x_medium",
    "neighbourhood_cleansed": "Islington",
    "latitude": 51.52388,
    "longitude": -0.10385,
    "property_type": "Private room in rental unit",
    "room_type": "Private room",
    "accommodates": 2.0,
    "bathrooms": 1.0,
    "beds": 1,
    "price": 145.0,
    "numbers_of_review": 173.0,
    "review_scores_rating": 4.81,
    "reviews": [
        {
            "name": "Simon",
            "date": "2016-02-04",
            "review": "The perfect Airbnb. The Zone 1 location is fantastic tucked in between the City and the West End and within easy walking distance of a host of shopping, entertainment and entertainment options (but if you do need the subway it's only five minutes walk away). Especially loved the vibrant bar and restaurant scene in the Clerkenwell area. The studio itself is tastefully fitted with quality finishings. It is very secure and surprisingly quiet. A wonderful experience."
        },
        {
            "name": "Emma",
            "date": "2016-02-11",
            "review": "Wow! What a fantastic apartment, everything was just right and it made for a relaxing stay in London, a  little piece of heaven in the busy city! It is tastefully decorated with luxury bed linen and a really comfy bed, We'll definitely be back, thank you Tim"
        },
        {
            "name": "Helena",
            "date": "2016-03-10",
            "review": "Tim was lovely to deal with and made everything simple and easy for the stay. Great location and superb flat!"
        },
        {
            "name": "Andra",
            "date": "2016-03-15",
            "review": "Wonderful central location & lovely little flat. It is very modern, with attention to detail and quality finishings. It is perfect for a weekend in London - closed to Shoreditch, 5 mins from Farringdon tube station and most importantly just 2 mins away from Zetter bar & The Modern Pantry. "
        },
        {
            "name": "Thomas",
            "date": "2016-03-20",
            "review": "Very cool flat. Clean and comfortable.<br/>Close to almost everything. <br/>We enjoyed our stay "
        },
        {
            "name": "Ian",
            "date": "2016-04-07",
            "review": "Fantastic location, comfortable, modern, well equipped pad that I will definitely stay in again. Tim was a great host and his place had everything I needed for my stay.  "
        },
        {
            "name": "John",
            "date": "2016-04-16",
            "review": "I couldn't meet Tim. Instead the other host showed up and explained how to use this home very very shortly :)  \r<br/>\r<br/>Overall I was very satisfied with this home considering location and price\r<br/>\r<br/>I can recommend this home and host surely !\r<br/>"
        },
        {
            "name": "Stefano",
            "date": "2016-04-18",
            "review": "Great location and really flexible landlord. Tim was really nice and the apartment clean and comfortable."
        },
        {
            "name": "Jane",
            "date": "2016-04-28",
            "review": "This is a great flat, very comfortable and in a fantastic location (30 minutes walk to the west end, 5 minutes to farringdon tube, lots of good cafes, restaurants and pubs on the doorstep). There were a couple of issues, which Tim sorted out immediately - he is very responsive and helpful. I really enjoyed my stay and would definitely recommend this listing.\r<br/>"
        },
        {
            "name": "Rachel",
            "date": "2016-05-20",
            "review": "Neighborhood was good. Very accessible to all attractions and sites of the city. Good communication and comfortable flat "
        }
    ]
}