{
    "id": 10786250,
    "listing_url": "https://www.airbnb.com/rooms/10786250",
    "name": "LUXURY rooms in Bermondsey London",
    "description": "Generously sized apartment split over two floors with access to private outdoor space. Each bedrooms are carpeted, as well as the upstairs hallway and staircase. Clean bathroom/shower and toilet, bath & hand towels are provided.<br /><br /><b>The space</b><br />Both bedrooms are lights, high ceilings, with large double glaze windows, furnished with care and a simple style. There is a clothes rack, bedside table and work desk and chair. The spacious lounge and modern kitchen area is an inviting space to call your own, accessible and comfortable!<br /><br /><b>Guest access</b><br />Guests have access to the whole apartment as well as the outdoor communal garden area or the front private garden area.<br /><br /><b>Other things to note</b><br />\u2022From Monday to Friday host leave for work at 07.00am<br />\u2022Usually, host get home from work around 16.00/30hr<br />\u2022Host can arrange for guests to access the apartment, if not around to meet and greet the guests during times 0700/16/15.00hr - Acces",
    "host_name": "Cedric",
    "host_id": 55808434,
    "host_url": "https://www.airbnb.com/users/show/55808434",
    "host_picture_url": "https://a0.muscache.com/im/pictures/user/f2230e0f-2467-4f98-981b-425c9ee4b72f.jpg?aki_policy=profile_x_medium",
    "neighbourhood_cleansed": "Southwark",
    "latitude": 51.4985,
    "longitude": -0.0744,
    "property_type": "Private room in rental unit",
    "room_type": "Private room",
    "accommodates": 4.0,
    "bathrooms": 1.0,
    "beds": 2,
    "price": 90.0,
    "numbers_of_review": 172.0,
    "review_scores_rating": 4.78,
    "reviews": [
        {
            "name": "Kirsten",
            "date": "2016-02-19",
            "review": "We could not have asked for a better host, apartment, or location! Cedric went above and beyond to make us feel at home, comfortable, and taken care of. He met us outside the apartment right on time and throughout booking the listing, he was always very timely in his responses to our questions as well as very accommodating in both our arrival and departure. The house its self is absolutely stunning and beautiful! It is incredibly clean and comfortable and we really felt like we were staying in a home. I stayed with two other friends while we traveled in London and we could not have asked for a more kind host than Cedric. He gave us lots of suggestions on where to go in London and interesting facts about the city and was all around a great person to be staying with.  The rooms were very spacious, with comfortable beds, a very clean and wonderful bathroom and a beautiful kitchen/living room. The apartment is very accessible by both bus/tube and it was easy to get around London from there. One of the best airbnb experiences I've ever had! Highly recommend staying here!"
        },
        {
            "name": "Ryan",
            "date": "2016-03-20",
            "review": "Cedric was very friendly, showed us around the house before leaving us to relax. He even gave us some great tips about local brew houses in the area."
        },
        {
            "name": "Felix",
            "date": "2016-03-24",
            "review": "The appartement covered the four \"C's\" that only the best AirBnB accomodations might live up to: Clean, Cozy, Carefully furnished and Centrally located! This all was only surpassed by Cedric's (the fifth \"C\" so to speak) open, kind and welcoming nature. We more than enjoyed our three day-stay and therefore highly recommend him as a host!"
        },
        {
            "name": "David",
            "date": "2016-03-29",
            "review": "Cedric es muy buen anfitrion, a pesar de nuestro pesimo ingles ha intentado en todo momento que nos entendiesemos y siempre ha estado dispuesto a ayudarnos. El apartamento est\u00e1 en buen estado, es coqueto y confortable, edificio de nueva construcci\u00f3n, situado en una zona muy tranquila y a 7 minutos del metro de Bermondsey, de ah\u00ed al centro 5 minutos. "
        },
        {
            "name": "Hye Yoon",
            "date": "2016-04-10",
            "review": "Cedric's house is amazing.<br/>I have got many experiences with other BnB. But, Cedric's was the best for me. The host was very nice and friendly as well as gentle.<br/>There are some bus stops around the house and underground stations near it. Interior design of the house is quite modern and most things are up-to-date.<br/>The rooms are spacious enough and tidy.<br/>We can use whatever without the host's room.<br/>On match days, we are able to enjoy football matches with the host who is very knowledgeable and fond of football. I would like to highly recommend this accommodation and I'm sure it will be one of your best memorable days and nights. <br/>-Kibum-"
        },
        {
            "name": "Caelyn",
            "date": "2016-05-03",
            "review": "We absolutely love Cedric's house. Underground station within 10 minute's walk, 25 minutes walk to Tower Bridge, Sainsbury's is also nearby. Very easily accessible. The interior design has a modern touch to it, feels comfortable and at home. The bathroom was clean and wonderful! The pictures show exactly what the house is like! <br/>Cedric was very helpful in answering our doubts and he made everything in his house available to us. Even though Cedric could not be around when we arrived, he made arrangement for his daughter and son to receive us and gave us a good tour around the house with useful information. It is highly recommended to stay here for your trip to London!"
        },
        {
            "name": "David",
            "date": "2016-05-06",
            "review": "Cedric is amazing. We arrived at 11pm and couldn't find anything to eat in the area so he cooked a delicious meal for all of us (3 people). He's very kind and made our trip very pleasant. Strongly recommend !"
        },
        {
            "name": "Johan",
            "date": "2016-05-18",
            "review": "Die Zeit mit Cedric war super! Er nahm sich Zeit, sich mit uns zu unterhalten, ein paar Tipps und Infos zur Umgebung zu geben. Cedric ist sehr freundlich und zuvorkommend und es war sehr sch\u00f6n, bei ihm zu Gast zu sein. Leider hatten wir nicht viel gemeinsame Zeit (auch, weil wir so viel unterwegs waren). Aber ich kann es uneingeschr\u00e4nkt weiterempfehlen, bei Cedric zu wohnen und hoffe darauf, beim n\u00e4chsten Mal mehr Zeit gemeinsam zu verbringen.\r<br/>Wir wohnten in einem sehr sauberen und ordentlichen Haus, die K\u00fcche und die Zimmer sind gut eingerichtet. Alle wichtigen Dinge waren vorhanden. Es f\u00fchlte sich direkt so an, wie nach Hause zu kommen. Die Umgebung ist ruhig und doch zentral. \r<br/>Insgesamt war es eine sehr sch\u00f6ne Zeit und eine der besten Airbnb-Erfahrungen, die ich gemacht habe. "
        },
        {
            "name": "Kevin",
            "date": "2016-06-14",
            "review": "Parfait ! Rien \u00e0 redire, C\u00e9dric est tr\u00e8s sympathique et l'appartement est bien situ\u00e9, bien \u00e9quip\u00e9, propre et confortable. Un bon endroit pour r\u00e9sider \u00e0 Londres."
        },
        {
            "name": "Andreas",
            "date": "2016-06-28",
            "review": "The stay with Cedric was fantastic. He has a beautiful apartment, where all rooms were nicely decorated and spotless. The Apartment is in walking distance from London Bridge. <br/>I highly recommend this place and would go there again on my next visit to London. "
        }
    ]
}