{
    "id": 10794957,
    "listing_url": "https://www.airbnb.com/rooms/10794957",
    "name": "1 bed apartment in Walthamstow, London",
    "description": "Light and airy 1 bed apartment with roomy bedroom, kitchen and living room plus a big outside terrace. 2 minutes walk to the tube for Victoria Line and overground so central London and Hackney are within 20 minutes, plus the sights of Walthamstow are on the doorstep!<br /><br /><b>The space</b><br />Use of entire flat - bedroom, kitchen, bathroom, living room and outside terrace with table and chairs - perfect for when the sun is shining!<br /><br /><b>Other things to note</b><br />I live in this flat so it\u2019s very homely and filled with all of my stuff! Therefore please bear this in mind when booking and please look after my things while you stay :)<br />I\u2019m on the first floor but I do have a lift",
    "host_name": "Stephanie",
    "host_id": 22541572,
    "host_url": "https://www.airbnb.com/users/show/22541572",
    "host_picture_url": "https://a0.muscache.com/im/users/22541572/profile_pic/1413321405/original.jpg?aki_policy=profile_x_medium",
    "neighbourhood_cleansed": "Waltham Forest",
    "latitude": 51.5845,
    "longitude": -0.02079,
    "property_type": "Entire rental unit",
    "room_type": "Entire home/apt",
    "accommodates": 2.0,
    "bathrooms": 1.0,
    "beds": 1,
    "price": 49.0,
    "numbers_of_review": 8,
    "review_scores_rating": 4.8,
    "reviews": [
        {
            "name": "Milan",
            "date": "2019-03-03",
            "review": "Stephs place is lovely and she matches up with that perfectly! She was a pleasure to meet to check in , offered some great tips on the area and just ensured we were happy with everything. The flat was super clean , stylish and everything we needed was provided. Would 1000% stay again!"
        },
        {
            "name": "Sandy",
            "date": "2019-03-10",
            "review": "Stephanie gave us a great welcome. She is very sympatic!<br/>The apartment is very pleasant and functional. Perfect for a couple and perfect to visit London (tube at the corner of the street and shops nearby) we recommand!! :)"
        },
        {
            "name": "Tara",
            "date": "2019-04-18",
            "review": "Steph is a lovely host. Super welcoming and very helpful with  lots of knowledge of the local area. Would love to stay here again!"
        },
        {
            "name": "Kemi",
            "date": "2019-05-26",
            "review": "Stephanie's place was exactly how it looks in the pictures. The place as very clean with a great location. Stephanie was hospitable in making I had everything I needed during my stay. Would definitely be staying again and I 100% recommend."
        },
        {
            "name": "Sunhee",
            "date": "2020-04-01",
            "review": "Stephanie\u2019s flat was really clean, homey and safe. Good location to Central London(Victoria line) and East London(Overground).<br/>She was such a kind lady and I had a good time in her flat."
        },
        {
            "name": "Ella",
            "date": "2023-07-10",
            "review": "Had a lovely stay! Stephanie was so accommodating and helpful! Flat was lush and in an ideal location! Lots of things around and would definitely stay again! <br/>Stephanie couldn\u2019t have done more to make our stay as smooth as possible despite technical difficulties with air b&b! Overall had an amazing time!"
        },
        {
            "name": "Karun",
            "date": "2023-09-17",
            "review": "these days it's increasingly rare to find (at certain price points) an Airbnb in a big city like London that's actually a person's home and not just a cramped space run by a 3rd party as a full time Airbnb/proxy hotel. <br/>fortunately, Stephanie's listing falls in the former category and the quality and comfort is clearly evident right from the first moment."
        },
        {
            "name": "Raquel Angelina",
            "date": "2023-10-12",
            "review": "Pasamos 17 d\u00edas en casa de Stephanie c\u00f3modos, en un barrio lleno de comercios, bares, restaurantes, ferias muy pintoresco. Los vecinos  muy solidarios y amables, tranquilos y silenciosos. Considerando que era la vivienda de Stephanie, tratamos de ser lo mas cuidadosos y respetuosos con todas sus cosas. La comunicaci\u00f3n fue muy fluida,  pregunt\u00e9 por una alfombra antideslizante para la ba\u00f1era  y r\u00e1pidamente me envi\u00f3 una . La cocina bien equipada, la cama muy c\u00f3moda,  luz natural y ventilaci\u00f3n. Fuimos a visitar a nuestro hijo que vive en FISBURY PARK, esta cerca, lo pasamos muy bien.  Comunicada con todos los transportes p\u00fablicos muy cerca. El pr\u00f3ximo a\u00f1o  queremos volver, si  la casa de Stephanie esta disponible, quiero alojarme all\u00ed, la recomiendo , sin ninguna duda ! Muchas Gracias Stephanie!"
        }
    ]
}