{
    "id": 10822758,
    "listing_url": "https://www.airbnb.com/rooms/10822758",
    "name": "Keats Country",
    "description": "Located opposite Keats House on a stunning street lined with tall trees, this home boasts four spacious rooms and a large garden. With a good range of caf\u00e9s and restaurants in the local Hampstead area, it's perfect for a family or group stay in London.<br />        <br />HOME HIGHLIGHTS<br />\u2022 Bright and spacious<br />\u2022 Private loft suite<br />\u2022 Large garden<br /><br />THE KITCHEN<br />Upon entrance to the home, you will find a very large and bright kitchen and dining room to the left which has a large island breakfast bar. The kitchen has sleek, handle-less units and a modern finish. The large granite topped island boasts a breakfast bar with stools to enjoy your morning meal.<br /><br />DINING AREA<br />Towards the other side of the room is a space drenched in natural sunlight from patio glass doors; it has a centred dining table with seats for up to six guests and a wall mounted plasma TV for entertainment whilst you dine.<br /><br />UTILITY ROOM<br />Just off the kitchen is the uti",
    "host_name": "Veeve",
    "host_id": 33889201,
    "host_url": "https://www.airbnb.com/users/show/33889201",
    "host_picture_url": "https://a0.muscache.com/im/pictures/user/cefcf382-a8fe-4348-9bba-ae00462784ca.jpg?aki_policy=profile_x_medium",
    "neighbourhood_cleansed": "Camden",
    "latitude": 51.55522,
    "longitude": -0.16947,
    "property_type": "Entire home",
    "room_type": "Entire home/apt",
    "accommodates": 8.0,
    "bathrooms": 4.0,
    "beds": 4,
    "price": null,
    "numbers_of_review": 10,
    "review_scores_rating": 4.71,
    "reviews": [
        {
            "name": "Linda",
            "date": "2016-10-12",
            "review": "We chose this house on Keats Grove because we were travelling to visit our son and husband who live a short walk away in Belsize Park on our way to a family wedding. Perfect house for 2 couples, one son, nanny and two small grandchildren complete with high chair, cot and toys. The garden was delightful and a block's walk to M&S grocery. Close to tube stations. Our host left complete instructions to the playgrounds for the children, walks through Hampstead Heath and other sites. Altogether a perfect spot for a family holiday to London."
        },
        {
            "name": "Michael",
            "date": "2017-07-10",
            "review": "Great place ideal for families."
        },
        {
            "name": "Shirley",
            "date": "2017-07-31",
            "review": "great location- close to Heath- shopping- places to eat- buses-<br/>We were traveling with a 8, 10, and 12 year old - the house was perfect"
        },
        {
            "name": "Jacqueline",
            "date": "2017-08-26",
            "review": "This house was wonderful to stay in while on a family vacation in London!  The house is lovely, so spacious and airy, and really fit our needs!  We loved the neutral decor and all the wonderful paintings and books that fills the home.   The management company was helpful and professional.  The host is really thoughtful: the home is clean, looks like the photos on the website, there is lots of room in the closets for your belongings, there are plenty of towels, and also personal descriptions and directions about the area.  Plus, the house is in a great location.  We are very happy we rented the place."
        },
        {
            "name": "Vanessa",
            "date": "2018-01-04",
            "review": "Just as pictured. Very roomy and clean. Well supplied and in a perfect location.<br/>We will definitely return! "
        },
        {
            "name": "Alain",
            "date": "2021-04-11",
            "review": "The house was absolutely wonderful, warm, homely and welcoming. Very spacious, all the bedrooms, common areas and two living rooms. The house is very well situated, a 2-minute walk from the Heath, public transport and grocery stores. We had a great family holiday and would most definitely rent again and recommend to others."
        },
        {
            "name": "Ian",
            "date": "2022-01-23",
            "review": "This property is in a great location just off hampstead high st and the heath. Plenty of space for families with everything you need in terms of kitchen appliances. We had a small issue with the alarm on the first night, we lost a little sleep, but was resolved the next morning by the management company."
        },
        {
            "name": "Cory",
            "date": "2023-05-25",
            "review": "Expensive rental in a top neighborhood.  Furniture was very poor.  For the price of one night they could have put some half way decent furniture in the house.  It was like it was purchased at a yard sale.  Uncomfortable beds, unusable couches (but for one), old Ikea chairs and car table for kitchen table.  Come on!<br/>Embarrassing when people popped in for a visit and not very comfortable.  Too bad."
        },
        {
            "name": "Yossi",
            "date": "2023-11-03",
            "review": "Great location, great host - we very much enjoyed our stay. Thank you!"
        },
        {
            "name": "Ana\u00ebl",
            "date": "2023-11-06",
            "review": "Great place very clean and well appointed and situated. Very quiet at night. Great communication and response time from host. Only downside was the extra paperwork ahead of trip due to this place being professionally managed."
        }
    ]
}