{
    "id": 10848865,
    "listing_url": "https://www.airbnb.com/rooms/10848865",
    "name": "Superb Modern 1 Bed w/ All Mod Coms",
    "description": "Beatifully finished, newly refurbished One Bedroom Penthouse apartment fully equipped with great features such as TV in Bathroom, 55 inch TV in lounge, underfloor heating throughout, washer / dryer, free use of Ipad, Wifi the list goes on :-)<br /><br /><b>The space</b><br />Very well laid out and proportioned One Bedroom Flat with everything required for a superb visit to London. Everything in the flat is modern yet practical with the flat recently completey modernised to a superb standard.<br /><br /><b>Guest access</b><br />Guests willl benefit from the entirety of the apartment during their stay and won't be disturbed, although we will be on hand to help with anything at all you need during your stay.<br /><br /><b>Other things to note</b><br />There is a small boutique property agency below the apartment who will be on hand to assist with anything required during your stay.",
    "host_name": "Scott",
    "host_id": 54301513,
    "host_url": "https://www.airbnb.com/users/show/54301513",
    "host_picture_url": "https://a0.muscache.com/im/pictures/user/ab195b49-0c0f-434d-b73f-bff2d9405eec.jpg?aki_policy=profile_x_medium",
    "neighbourhood_cleansed": "Kensington and Chelsea",
    "latitude": 51.49374,
    "longitude": -0.20126,
    "property_type": "Entire rental unit",
    "room_type": "Entire home/apt",
    "accommodates": 2.0,
    "bathrooms": 1.0,
    "beds": 1,
    "price": 85.0,
    "numbers_of_review": 67.0,
    "review_scores_rating": 4.73,
    "reviews": [
        {
            "name": "Marcy",
            "date": "2016-03-01",
            "review": "The flat was the perfect size for a couple of people to share. \r<br/>The bedroom is lit by skylights that are toward the sky and don't interfere with sleeping in!\r<br/>The kitchen living area was a good deal bigger than I imagined and was a great use of space.\r<br/>Very close to Earl's Court Station, Tesco (updated, expanded and wide variety for every need) and some quaint restaurants.\r<br/>Truly a fresh space with lots of light and very clean! Just a lovely place to hang your hat while staying in Kensington!"
        },
        {
            "name": "Harita",
            "date": "2016-03-08",
            "review": "Nice apartment in a good location.  Very close to everything. Scott was a lovely host who was there for us for everything we needed. Hope to stay again soon . Thanks for having us!"
        },
        {
            "name": "Don",
            "date": "2016-03-19",
            "review": "Great location! A perfect jumping off point for many activities in London. About 10 min walk from several Tube stations, shopping on Earl's Court, and High St. Kensington, and just around the corner from a Tesco (full grocery store). The bedroom is in the back of the flat, so any street noise is not an issue. It is literally a new apartment, so everything is quite modern. Scott was very accommodating to our arrival/departure times, and even kept a couple of bags in his office when we went to Italy for a few days, and returned for another night in the flat. We'll be back! "
        },
        {
            "name": "Heather",
            "date": "2016-03-22",
            "review": "Lovely flat, lovely host.  Great location as well.  Will defiantly stay again!"
        },
        {
            "name": "Don",
            "date": "2016-03-24",
            "review": "Great location! A perfect jumping off point for many activities in London. About 10 min walk from several Tube stations, shopping on Earl's Court, and High St. Kensington, and just around the corner from a Tesco (full grocery store).\r<br/>The bedroom is in the back of the flat, so any street noise is not an issue. It is literally a new apartment, so everything is quite modern. Scott was very accommodating to our arrival/departure times, and even kept a couple of bags in his office when we went to Italy for a few days, and returned for another night in the flat. We'll be back!"
        },
        {
            "name": "Manech",
            "date": "2016-04-07",
            "review": "Great place... Scott was helpful, just as the pictures show...<br/>Great neighborhood with great italian restaurant down the street! "
        },
        {
            "name": "Tanya",
            "date": "2016-04-13",
            "review": "Scott is a really great host. He was very helpful with information & organization before my arrival. The flat is brand new, and lives up to the photos of it. The bed is comfortable and quiet for sleeping. The kitchen is practical and equipped with all the essential basics like salt and pepper, tea etc. location was perfect for me as I needed to be close to Olympia. It's also very easy to reach from Heathrow which is a bonus. All in all, I can highly recommend Scott and his apartment. Thanks for a great stay. "
        },
        {
            "name": "Aliz\u00e9e",
            "date": "2016-04-16",
            "review": "Clean & convenient !"
        },
        {
            "name": "Madiha",
            "date": "2016-04-25",
            "review": "The flat is bright, clean, lovely and well maintained. It is close to everything. Scott was a perfect, friendly and helpful host.. I will miss being there and hopefully I will come back soon."
        },
        {
            "name": "Edmund",
            "date": "2016-05-03",
            "review": "Scott is a delightful host and his flat is newly renovated and well located."
        }
    ]
}