{
    "id": 10857242,
    "listing_url": "https://www.airbnb.com/rooms/10857242",
    "name": "Nice room in the heart of London",
    "description": "Lovely double room in the heart of London. Located in a quiet residential street, in a very quiet clean 4 bed flat share, only 7 min walk to Pimlico tube station or 15 min to Victoria Coach station.<br />Walking distance to many major London attractions.<br /><br /><b>The space</b><br />Great spacious room with large build in wardrobe,new carpets,new queen size bed,study desk in a quiet location.<br /><br /><b>Guest access</b><br />Private room with own lock. Unlimited internet,access to kitchen any time,washing machine,shared bathroom and separate wc. Large balcony accessed from the kitchen.",
    "host_name": "Heart Of London",
    "host_id": 24524003,
    "host_url": "https://www.airbnb.com/users/show/24524003",
    "host_picture_url": "https://a0.muscache.com/im/users/24524003/profile_pic/1436814705/original.jpg?aki_policy=profile_x_medium",
    "neighbourhood_cleansed": "Westminster",
    "latitude": 51.48578,
    "longitude": -0.1402,
    "property_type": "Private room in serviced apartment",
    "room_type": "Private room",
    "accommodates": 2.0,
    "bathrooms": 1.0,
    "beds": 1,
    "price": 44.0,
    "numbers_of_review": 236.0,
    "review_scores_rating": 4.35,
    "reviews": [
        {
            "name": "Adrian",
            "date": "2016-02-18",
            "review": "Excelente, pero excelente, ubicaci\u00f3n. Muy amable el anfitri\u00f3n. Altamente recomendable. "
        },
        {
            "name": "Radu",
            "date": "2016-02-20",
            "review": "Excellent value for money. We spent two nights in this house. The room is very comfortable (for example is has the furniture new), the room and house very clean and Luis, the house owner extremely friendly. He helped us with all questions and was very careful to ensure that we will have a great stay. Perfect hosting. The neighborhood is relaxed and close by the center and the main museums. Overall great place. "
        },
        {
            "name": "Gihene",
            "date": "2016-02-25",
            "review": "Limited wifi conexion we need to be really patient to have a wifi conexion only on phone or Ipad (impossible to connect on a computer).\r<br/>When I arrived the Bathroom was not clean at all during 2 days I didn't use the bathroom it was so dirty nobody cleaned it before my check-in,the kitchen  and the toilet too!!!!!!!!!\r<br/>One thing positive it's close to Pimlico Station."
        },
        {
            "name": "Tina",
            "date": "2016-02-28",
            "review": "Zdenka and Luis were extremely accommodating and very quick to respond to any questions/ concerns.  My first experience with Airbnb and it couldn't have been any better!  The flat was extremely clean and well looked after, and each individual room where guests were staying had a lock as well.  There were also pamphlets about the underground and different tourist destinations which were very helpful.  "
        },
        {
            "name": "Carole",
            "date": "2016-03-02",
            "review": "The room was clean, there is space for luggage and a mirror.\r<br/>It is a bit badly soundproofed.\r<br/>The wifi is not working very or not at all.\r<br/>And the mattress is not very comfy.\r<br/>This place is nice for a short stay."
        },
        {
            "name": "Ken",
            "date": "2016-03-04",
            "review": "Instruction to find the place and to find the key were really clear. The place is clean and comfortable just as describe. A great place to stay and an easy walk to the tube, and not too far from Victoria station. Well equipped kitchen that I was free to use. Very comfortable bed and for London it was nice and quiet. "
        },
        {
            "name": "Dmitry",
            "date": "2016-03-09",
            "review": "Everything's ok: great location, good room, good host. I had everything I needed for my stay."
        },
        {
            "name": "Emily",
            "date": "2016-03-11",
            "review": "Perfect stay - exactly what I needed for a short business trip. I'f I'm ever in the area I'd stay again - it's central, easy to get to and suited my needs. Hosts were receptive to my needs and really quick at responding! "
        },
        {
            "name": "Ella",
            "date": "2016-03-13",
            "review": "Hosts were super accommodatin, room was clean, and everything was as expected! Will stay here again if I ever get the chance to come back to London, I will stay here again!"
        },
        {
            "name": "Yuxin",
            "date": "2016-03-24",
            "review": "Zdenka and Luis are really nice and helpful. Zdenka provided many suggestions about traveling in London. The room is nice and comfortable. The location is really convenient, near the Victoria line and easy to go to central London."
        }
    ]
}