{
    "id": 10852104,
    "listing_url": "https://www.airbnb.com/rooms/10852104",
    "name": "En Suite Double Room in Zone 1",
    "description": "We love our house and I am sure you will too: it's a modern, ultra-comfortable, large four floor townhouse located in the bustling heart of central London.<br /><br />You will have the top floor all to yourself, with potential for two more guests also.<br /><br /><b>The space</b><br />We love our house and the most important thing for us as hosts is that you feel that this is your home too.<br /><br />On the ground floor is our living room, somewhere to relax, read a book or get away from the London's busy streets. Here, we can also accommodate another two guests if they wished to share a double bed in a quiet, private section. <br /><br />On the lower ground floor is our large, well-equipped kitchen, which is where we normally hang out. Whether it is eating at the breakfast table, dinner at the dining table or al fresco in the courtyard, food is a big part of our lives (and bellies). Also, on this floor is a WC, useful so you don't have to start climbing stairs.<br /><br />On the seco",
    "host_name": "Shane",
    "host_id": 22518282,
    "host_url": "https://www.airbnb.com/users/show/22518282",
    "host_picture_url": "https://a0.muscache.com/im/pictures/user/4429fa51-0e26-4706-9d13-bb74ac00db84.jpg?aki_policy=profile_x_medium",
    "neighbourhood_cleansed": "Islington",
    "latitude": 51.53246,
    "longitude": -0.12118,
    "property_type": "Private room in townhouse",
    "room_type": "Private room",
    "accommodates": 4.0,
    "bathrooms": 1.5,
    "beds": 2,
    "price": 49.0,
    "numbers_of_review": 1,
    "review_scores_rating": 5.0,
    "reviews": [
        {
            "name": "You",
            "date": "2016-02-14",
            "review": "Shane was cooperative and provided us with helpful London info. Shane was very friendly and responded to our correspondence in timely manner. I highly recommend his place for London visitors."
        }
    ]
}