{
    "id": 10860216,
    "listing_url": "https://www.airbnb.com/rooms/10860216",
    "name": "**Luxury One Bed** with private parking",
    "description": "A new build with secure parking, great transport links into central London, close to Heathrow and walkable to the London Underground. This apartment offers ample space and a high quality finish throughout with all the facilities needed for a comfortable stay. Walkable to The National Archives and The Royal Botanic Gardens at Kew.<br /><br /><b>The space</b><br />There is ample space in the apartment to enjoy a relaxing and comfortable stay.  Ideal for city professionals, long-term stays or couples looking to get some time away being close enough to the city yet far enough away to be able to enjoy Richmond Park, the River Thames, the countryside and country pubs. This ground floor apartment has an unconventional layout and high spec finish which offers a luxury 'hotel' feel with the advantage of having a separate kitchen and lounge area. <br /><br />Kitchen - Fully equipped with oven, induction hob, dishwasher, washing machine, dryer, integrated spacious fridge/freezer, Nespresso machin",
    "host_name": "Megan & Leonie",
    "host_id": 56248983,
    "host_url": "https://www.airbnb.com/users/show/56248983",
    "host_picture_url": "https://a0.muscache.com/im/pictures/user/2eef22d1-4e98-43bf-a44b-e7404efafdef.jpg?aki_policy=profile_x_medium",
    "neighbourhood_cleansed": "Richmond upon Thames",
    "latitude": 51.46851,
    "longitude": -0.28208,
    "property_type": "Entire rental unit",
    "room_type": "Entire home/apt",
    "accommodates": 2.0,
    "bathrooms": 1.0,
    "beds": 1,
    "price": 112.0,
    "numbers_of_review": 88.0,
    "review_scores_rating": 4.98,
    "reviews": [
        {
            "name": "Imran",
            "date": "2016-02-19",
            "review": "Great stay and great host. <br/>Megan was really helpful and was so attentive to any questions I had. Really wanted me to enjoy my stay and very grateful. <br/>Really went out of her way to help. Thank you Megan. "
        },
        {
            "name": "Rahim",
            "date": "2016-02-28",
            "review": "Megan was in hand to answer any questions/queries - amazing apartment. Will use again."
        },
        {
            "name": "Amy",
            "date": "2016-03-23",
            "review": "Megan was great - really helpful on arrival and flexible about arrival times which was brilliant given flights and public transport! We really enjoyed our stay and would recommend this to anyone looking to stay in Richmond. "
        },
        {
            "name": "Stuart",
            "date": "2016-04-04",
            "review": "Megan was there to great us, she showed us around and explained everything brilliantly. There was a useful information folder. It was a very smart apartment, which was ideal for access to all areas of transport links. "
        },
        {
            "name": "Angela",
            "date": "2016-04-11",
            "review": "We thoroughly enjoyed our stay at Megan's flat<br/>She was the perfect host met us at property and was really flexible. Location was perfect a 15 min walk to Mortlake station train going to Waterloo and Richmond also bus stop out door<br/>One of the best things was free parking gate guarded at flat.<br/>Walk to Thames and Kew gardens.<br/>The flat was modern safe clean and very comfortable better than any hotel around the area and a great price.<br/>Especially the bed and pillows lovely fresh white linens.<br/>The bathroom and shower modern and clean. <br/>Wifi worked great too<br/>Highly recommend staying here<br/>Thanks for your hospitality <br/>"
        },
        {
            "name": "Leah",
            "date": "2016-04-17",
            "review": "What a lovely stay! I couldn't of asked more of Megan, she was helpful and flexibile and always one call/text away. She also let us check out later than planned which was very kind of her! The area is lovely and my partner and I enjoyed a nice relaxing long weekend. The apartment is new and contains everything you could possibly need for your stay. The designated parking space also came in very handy. I would definitely stay here again. Thank you very, very much Megan."
        },
        {
            "name": "Kaleena",
            "date": "2016-04-22",
            "review": "The photos of the flat were exactly how the unit was in reality. Everything was so clean. The shower was the best one I used in the UK! The host also has a lot of little toiletries and things to make your stay a little easier and feel more like home, it was perfect. She provided fresh eggs, bread and milk which was amamzing! Definitely one of my best AIRBNB experiences."
        },
        {
            "name": "Melanie",
            "date": "2016-04-24",
            "review": "It was my first booking on Airbnb but Megan made it a great experience. The photos and description of the apartment was spot on, Megan was so helpful went through everything with me and even kept things in the apartment just in case we forgot to bring anything. The apartment was clean and has everything you could want. The area is convinent with sainsburys just down the road and only a 15-20 minute drive to Kingston shopping centre. We will definitely be staying here again. wouldn't change a thing! "
        },
        {
            "name": "Summer",
            "date": "2016-05-08",
            "review": "Megan was a great host and very welcoming, she was extremely helpful throughout the booking process and once we had arrived at the apartment. The apartment was lovely - located within a perfect location with many amenities walking distance. I would defiantly return.  "
        },
        {
            "name": "Nabil",
            "date": "2016-05-17",
            "review": "Megan's apartment was super tidy and clean. Just minutes away from Richmond's cute center, and the lovely royal kee gardens. <br/>Megan was the sweetest and most hospitable host, i've ever met. She went far out of her way for us, and didn't even expect a 'thank you'. She has definetly set new standards for us, and our airbnb experience."
        }
    ]
}