{
    "id": 10869839,
    "listing_url": "https://www.airbnb.com/rooms/10869839",
    "name": "Wonderful 2bed Flat - Notting Hill!",
    "description": "Lovely 2BD in the heart of Nothing Hill.<br /><br />- 2 Bedrooms, each with a double bed<br />- Incredible kitchen and living space<br />- Modern decor, with lots of natural light<br />- Excellent location in famous Notting Hill, near Portobello Road!<br /><br /><b>The space</b><br />This incredible apartment accommodates up to four guests, between two beautiful double bedrooms.<br /><br />The living and kitchen areas have been furnished to a really high standard - guests can prepare delicious home meals in the fully equipped kitchen and dine at the island if they wish. <br /><br />The design of the communal areas is sleek and modern, with a comfortable sofa and TV with all the Freeview Channels available, too. <br /><br />For when guests want to venture out, the apartment is in an incredible location close to Portobello Road, which is always buzzing with lots to see and do - especially with the market there on the weekend!<br /><br /><b>Guest access</b><br />Guests will have access to",
    "host_name": "Maurice",
    "host_id": 55641985,
    "host_url": "https://www.airbnb.com/users/show/55641985",
    "host_picture_url": "https://a0.muscache.com/im/pictures/user/e4ed06a7-0bfd-4fb7-b9ae-1b59b45e0768.jpg?aki_policy=profile_x_medium",
    "neighbourhood_cleansed": "Kensington and Chelsea",
    "latitude": 51.51784,
    "longitude": -0.20287,
    "property_type": "Entire rental unit",
    "room_type": "Entire home/apt",
    "accommodates": 4.0,
    "bathrooms": 1.0,
    "beds": 2,
    "price": 120.0,
    "numbers_of_review": 51.0,
    "review_scores_rating": 4.49,
    "reviews": [
        {
            "name": "Shameer",
            "date": "2016-04-01",
            "review": "Everything communicated properly. Flat exactly as pictures show. Clean on arrival, towels nicely laid out. Be aware it is a walkup 3 flights of stairs.  Buzzer didnt would but host attempted to sort out and was very polite and communicative about it. One small negative is that walls very thin between this flat and the flat below so can hear a lot. "
        },
        {
            "name": "Graciela",
            "date": "2016-04-06",
            "review": "Everything was perfect. The apartment is beautiful. The photos represent it as it is . The neighborhood is very quiet amazing . While the appartment is to 30' of the traditional attractions , the subway is 4 blocks  to the apartment. I strongly recommend Maurice appartment . He was an excellent host and answered all our inquitudes . Portobello road is only 3 blocks of the Maurice appartment and 10' walk of the kensignton park. \r<br/>Thank you Maurice. "
        },
        {
            "name": "Elke",
            "date": "2016-04-10",
            "review": "We had a great time. Maurice was a perfekt host and his flat ist beautiful as the pictures show, with a very nice surrounding. Everything was perfekt, thanks a lot! "
        },
        {
            "name": "Xiaoyan",
            "date": "2016-04-14",
            "review": "This is my first time using Airbnb, and I feel very lucky to live in this house. <br/>The house is really amazing, exactly as what it looks like in the picture, even better! The location is very convenience, just next to the subway. The neighborhood is quiet. I wish this is my own home and don't want to leave at all. <br/>If you are fortune enough to find this house, just book it and you will never regret. <br/>The only thing need to be aware is that you need to clime several steps. Take it into consideration if it is inconvenient for you. Otherwise, do some exercise is great, isn't it~ : )<br/>Hope every one enjoy living here~ "
        },
        {
            "name": "Sergio",
            "date": "2016-04-22",
            "review": "All was perfect, great place location... all very good<br/>Thx for all for sure we come back"
        },
        {
            "name": "Sergio",
            "date": "2016-04-29",
            "review": "All good , very good communication"
        },
        {
            "name": "Federica",
            "date": "2016-05-03",
            "review": "The house is very beautiful, new and clean. Beds are comfortable and the neighbours are quiet. I spend 5 perfect days in this house. I recommend it!!! Also the position is wonderful, just near portobello road and the metro. And the host is very kind. It's all great!!!"
        },
        {
            "name": "Mara",
            "date": "2016-05-08",
            "review": "My Family had a great time in Maurice flat. Its very clean and modern in a nice Notting hill street.<br/>All looks exactly like the pictures.<br/>Its very quiet and peaceful at night too. <br/>Short walking distance to the tube and local restaurants and bars.<br/>Maurice is the perfect host, very responsive and flexible.<br/>I can only recommend to stay at his flat. I would always come back here.<br/>Many thanks"
        },
        {
            "name": "Eni",
            "date": "2016-05-12",
            "review": "Great service and communication with the owner. Apartment is located in a great neighbourood. "
        },
        {
            "name": "Lynn",
            "date": "2016-05-31",
            "review": "The flat is bright,clean and quiet! The bathroom is great and the beds are comfy. "
        }
    ]
}