{
    "id": 10871197,
    "listing_url": "https://www.airbnb.com/rooms/10871197",
    "name": "Fernlea Garden 2 - Near St. George's Hospital",
    "description": "We are near St. George's Hospital in Tooting.<br />Under Gov.UK guidance we are able to accommodate those who require an interim home whilst their primary residence is unavailable and Key Workers. As the current situation is developing we as a company are prepared to deal with related issues. Please do not hesitate to contact Madison Hill should you want specifics on our COVID-19 Policy.<br /><br />As always:<br />\u2022 Professionally managed<br />\u2022 Reliable guest support<br /><br /><b>The space</b><br />\u2022 Telephone assisted 24/7 check-in using a key-safe<br />\u2022 Professionally cleaned with hotel-quality bed linen and towels<br />\u2022 Toiletries provided<br />\u2022 Complimentary teas, coffee, milk, sugar and biscuits<br /><br />\u2022 One bedroom with a double bed and good storage space<br /> \u2022 Bathroom has a large modern, walk-in shower<br /> \u2022 Open-plan living area has a sofa bed, Smart TV - 4k (UHD) and dining for 4<br /> \u2022 Private patio accessible form living area<br /> \u2022 Set within a row of Victor",
    "host_name": "Madison Hill London",
    "host_id": 54184847,
    "host_url": "https://www.airbnb.com/users/show/54184847",
    "host_picture_url": "https://a0.muscache.com/im/pictures/user/3ed82fa3-6e11-438a-bae0-fa229520dd24.jpg?aki_policy=profile_x_medium",
    "neighbourhood_cleansed": "Wandsworth",
    "latitude": 51.44275,
    "longitude": -0.14774,
    "property_type": "Entire rental unit",
    "room_type": "Entire home/apt",
    "accommodates": 4.0,
    "bathrooms": 1.0,
    "beds": 2,
    "price": 195.0,
    "numbers_of_review": 16.0,
    "review_scores_rating": 4.8,
    "reviews": [
        {
            "name": "Jake",
            "date": "2016-04-15",
            "review": "We had a brilliant week here, they were wonderfully flexible with check in times and the place was immaculate. Would definitely recommend and will definitely book again!"
        },
        {
            "name": "Massimo",
            "date": "2016-06-08",
            "review": "Julie is professional, warm and quick to respond. Recommend her to any traveller coming to London.\r<br/>"
        },
        {
            "name": "Fergal",
            "date": "2017-03-30",
            "review": "Very good stay, great location, great flat, everything straightforward! Thanks a lot"
        },
        {
            "name": "Tuukka",
            "date": "2017-04-09",
            "review": "Great stay, very nice and convenient place!"
        },
        {
            "name": "Nivek",
            "date": "2017-05-03",
            "review": "The communication and check-in process was a breeze. The overall cleanliness was good, however there were some drainage issues with the shower. We stayed for 10 days so the issue may have bothered us more than some on a shorter stay. The area is great (we now live in Balham!). "
        },
        {
            "name": "Dr.Usamah",
            "date": "2017-05-12",
            "review": "it was a great stay<br/>l enjoyed this excellent house"
        },
        {
            "name": "Mary Pat",
            "date": "2017-05-31",
            "review": "Madison Hill is located within a few minute walk of Balham station and is both a overground and underground stop. Really enjoyed our stay"
        },
        {
            "name": "Neil",
            "date": "2017-11-21",
            "review": "Julie was very flexible and was very responsive to communication. The apartment is very cosy, exceptionally clean and perfect for a stay in Balham. A quiet apartment despite its central location, really close to great restaurants and local amenities. Thanks for a very pleasant stay."
        },
        {
            "name": "Ji Yeon",
            "date": "2017-12-01",
            "review": "This was my third stay with Madison Hill and I loved each one. All the apartments are tastefully decorated and very clean. Julie is always one text/email away. Thanks guys!"
        },
        {
            "name": "Hayley",
            "date": "2017-12-07",
            "review": "I had a brilliant stay - cozy flat in a central Balham location near tube/shops/pubs/restaurants, and good communication from Julie @ Madison Hill. I would stay again!"
        }
    ]
}