{
    "id": 10899042,
    "listing_url": "https://www.airbnb.com/rooms/10899042",
    "name": "Peaceful home in heart of Brixton",
    "description": "This is my 3 bedroom home in the heart of bustling Brixton.  You will find a newly renovated and extremely comfortable home.  Spacious kitchen leading into pretty garden.  Large sitting room with extra comfy sofas.<br /><br /><b>The space</b><br />Newly refurbished home<br />A fantastic kitchen, very well equipped with everything that you would need. It is also a lovely area to relax in with a sofa and large TV. The kitchen leads into a pretty garden with table and chairs.<br />Large sitting room with two large sofas and wicker chair, so plenty of seating, with a large TV and game console. There is also a small desk area with good lighting. <br />Bathroom with bath and excellent shower<br />Small extra WC <br />3 good sized double bedrooms. Very comfortable mattresses and cosy duvets<br />This is a really pleasant and homely place to stay.<br /><br /><b>Other things to note</b><br />Lost keys will incur the cost of new cut keys or lock <br /><br />Please double lock the front door ever",
    "host_name": "Lucie",
    "host_id": 1823589,
    "host_url": "https://www.airbnb.com/users/show/1823589",
    "host_picture_url": "https://a0.muscache.com/im/pictures/user/570ebe8a-7149-477f-b69b-056fb36d029b.jpg?aki_policy=profile_x_medium",
    "neighbourhood_cleansed": "Lambeth",
    "latitude": 51.46241,
    "longitude": -0.11907,
    "property_type": "Entire townhouse",
    "room_type": "Entire home/apt",
    "accommodates": 6.0,
    "bathrooms": 1.5,
    "beds": 3,
    "price": 315.0,
    "numbers_of_review": 59.0,
    "review_scores_rating": 4.98,
    "reviews": [
        {
            "name": "Jodie",
            "date": "2016-10-11",
            "review": "Lucie was quick to answer any queries and was very helpful in making our stay as easy as possible - Lucie's home was comfortable and beautiful in a perfect location for us, couldn't have been better "
        },
        {
            "name": "Pauline",
            "date": "2016-12-26",
            "review": "The house is located in Brixton, in a quiet and lovely area,<br/>a beautiful house, well furnished, and very cosy, perfect to come with our family, there are 2 tv, and living room, 2 toilets, and the 3 rooms are simple but very pleasant. The house is like new, and there are lovely objects, so you have to be softly-softly. You also have a medical center at 5 minutes walk, it was very helpful with the kids. <br/>Brixton area was a very good discovery."
        },
        {
            "name": "Alexia",
            "date": "2017-02-13",
            "review": "Jolie maison plac\u00e9e dans une petite all\u00e9e priv\u00e9e. Tr\u00e8s british!!! A proximit\u00e9 du m\u00e9tro, du supermarch\u00e9, de commerces et de pubs.<br/>Maison refaite il y a 2 ans! Avec une pi\u00e8ce \u00e0 vivre tr\u00e8s agr\u00e9able. 3 vraies chambres. On reviendra!!!!"
        },
        {
            "name": "Mike",
            "date": "2017-05-19",
            "review": "Our stay was very comfortable. The house is complete with everything you could need for a short stay or a longer one like ours. We were there for 2 whole weeks and really enjoyed it. Loads of room and lovely places to relax including the large kitchen diner area and the garden. 2 mins from Brixton station which was ideal. The owner Lucie was great too. "
        },
        {
            "name": "Ralph",
            "date": "2017-05-28",
            "review": "Great place with lovely kitchen & living area. Nice interior ... We felt at home!"
        },
        {
            "name": "Sandrine",
            "date": "2017-06-05",
            "review": "I can only recommend Luice's flat as it is bright, spacious, beautifully decorated, clean and in a very quiet yet well connected to central London.<br/>In addition to this Luice was very quick to get back to any questions we asked before our arrival.<br/>Thank you very much!"
        },
        {
            "name": "Jessica",
            "date": "2017-06-25",
            "review": "What you see in the lovely pictures is what you get. The house is luminous and beautiful. The little back patio is perfect to get some fresh air in the hot summer. Lucie had some house rules, but all very logical and easy to comply with. Apart from what you see in the pictures, I think it will be interesting for future guests to know that Brixton is a cool area with all the shops and restaurants you need. The house is quiet but at the same time, it's around 3 minutes away from the underground and lots of buses. Great stay overall! "
        },
        {
            "name": "Peter",
            "date": "2017-07-09",
            "review": "This is a wonderful quiet house with a nice back garden very close to the centre of Brixton and the tune. Lucie is lovely and very welcoming and it was perfect."
        },
        {
            "name": "Idio Ltd",
            "date": "2017-07-14",
            "review": "Booked for 3 guests travelling to London for a business trip. Very pleased with the property, location and super easy to get into the city centre. Lucie was a great host with great communication and made check in/out very easy. <br/>I would definitely recommend this property and will be booking again for any future London business trips."
        },
        {
            "name": "Mary",
            "date": "2017-07-28",
            "review": "Lucie's place was an oasis of calm, conveniently located only a few minutes walk from the tube for exploring London. The house is bright and comfortable and Brixton is a lively spot with lots of good eating options. I would definitely stay again!"
        }
    ]
}