{
    "id": 10891281,
    "listing_url": "https://www.airbnb.com/rooms/10891281",
    "name": "Studland Hammersmith",
    "description": "Charming 3 bedroom house in Hammersmith, a short walk from the River Thames<br />        <br />As you enter the home you will find a living area on the left which has wooden flooring throughout and a comfortable, welcoming atmosphere with comfy sofas and footstools facing a fireplace. The cubist artwork and ambient lighting pull the room together nicely and add character. The adjoining 4-seater dining area leads nicely to a lovely conseravtory space with terracotta floors and a glass roof pouring in light. You can access a paved garden which is wonderful for enjoying a drink in the fresh air on a warm summer\u2019s day. The adjoining kitchen comes with everything you will need during your stay, such as the essential dishwasher, washing machine, juice blender and gas hob. The master bathroom is located on the first floor, and comes complete with both a soaking bath tub and separate shower, so guests can choose their preference! Additionally, there is a convenient WC on the ground floor. Ther",
    "host_name": "Veeve",
    "host_id": 33889201,
    "host_url": "https://www.airbnb.com/users/show/33889201",
    "host_picture_url": "https://a0.muscache.com/im/pictures/user/cefcf382-a8fe-4348-9bba-ae00462784ca.jpg?aki_policy=profile_x_medium",
    "neighbourhood_cleansed": "Hammersmith and Fulham",
    "latitude": 51.49282,
    "longitude": -0.2354,
    "property_type": "Entire home",
    "room_type": "Entire home/apt",
    "accommodates": 6.0,
    "bathrooms": 1.0,
    "beds": 4,
    "price": null,
    "numbers_of_review": 6,
    "review_scores_rating": 4.83,
    "reviews": [
        {
            "name": "Matt",
            "date": "2016-07-16",
            "review": "Wonderful family home which was superbly located for the Tube and the locations we wanted to visit in Central London. It was clean and comfortable and far more than we expected. Easily fit a family of four (with two teenagers) and next time we visit London, we will come back here."
        },
        {
            "name": "Lili",
            "date": "2016-08-28",
            "review": "\u4f4d\u7f6e\u4e0d\u9519\uff0c\u4ea4\u901a\u65b9\u4fbf\uff0c\u79bb\u5730\u94c1Dostrich\u7ebf\u7684Ravenscourt Park\u7ad9\u53ea\u67095\u5206\u949f\u6b65\u884c\u8def\u7a0b\uff0c\u8fd9\u6761\u7ebf\u53ef\u8fbe\u4f26\u6566\u4e3b\u8981\u666f\u70b9\u3002\u53e6\u5916\u79bbHammersmith\u7ad9\u4e5f\u53ea\u670910\u5206\u949f\u8def\u7a0b\uff0c\u5728\u8fd9\u4e2a\u8f66\u7ad9\u53ef\u642d\u4e58\u5730\u94c1Circle\u3001Piccadilly\u548cHammersmith&Ctiy\u7ebf\u3002\u53a8\u623f\u3001\u9910\u5385\u4f7f\u7528\u4e5f\u5f88\u65b9\u4fbf\u3002\u9057\u61be\u6ca1\u6709\u5496\u5561\u673a\u3002"
        },
        {
            "name": "Adrienne",
            "date": "2017-08-06",
            "review": "Hi. We really enjoyed staying in your home. We were close to my sister's house and loved walking up King street to Hammersmith tube. There are so many great places to eat as well, especially Mahdi (Persian) and Shilpa (Indian). Very lovely garden as well. It is just a bit far from central London, which was fine for us. <br/>We loved the kitchen which was well stocked with the right pans, coffee makers, knives and utensils. We especially loved feeling a part of the family with all the pictures and books. <br/>My only concern was that the furnishings in the front room were exceedingly dusty which did get my allergy/ asthma a little kicked up. "
        },
        {
            "name": "Bill",
            "date": "2017-08-15",
            "review": "We had a great time staying here on our visit to London. Plenty of space for the four of us (2 adults, 2 kids), interesting books to browse, and a lovely small garden for relaxing - we had one day where we didn't do anything beyond sit in the garden and visit the local parks. Via Hammersmith & Ravenscourt Park, it's very convenient to sightsee throughout London, and there are restaurants of all sorts up and down King Street."
        },
        {
            "name": "Susan",
            "date": "2017-08-24",
            "review": "Tom was very easy and quick to deal with and the home was cozy and very easy to the Underground and very good restaurants.  Highly recommend it."
        },
        {
            "name": "Neil",
            "date": "2022-08-24",
            "review": "Probably the best Airbnb we have used. Beautiful terrace house with great living space. Location superb and local amenities near."
        }
    ]
}