{
    "id": 10894066,
    "listing_url": "https://www.airbnb.com/rooms/10894066",
    "name": "Deuce Delight",
    "description": "With both a comfortable living room and a more formal reception/dining room, there is lots of communal space for your stay in this property. Sleeping a maximum of six guests, this comfortable home is perfect for family getaways.<br />        <br />HOME HIGHLIGHTS<br />\u2022 Two reception rooms<br />\u2022 Patio garden<br />\u2022 Modern amenities<br /><br />ROOMS<br />This home is well finished with cream carpets, wooden flooring and crisp white walls. <br /><br />THE RECEPTION ROOM<br />Charming seating sits around a fireplace and dining table for eight. French doors lead to the patio garden. <br /><br />LIVING ROOM<br />A second living room on the first floor with a large L-shaped sofa, a big TV and a desk. <br /><br />MASTER SUITE<br />With a double bed, large fitted wardrobes and an en-suite.<br /><br />DOUBLE BEDROOM<br />A light bedroom with a double bed, TV and built-in wardrobe. <br /><br />SINGLE BEDROOM<br />A spacious bedroom with lots of built in wardrobe space and a single trundle bed. ",
    "host_name": "Veeve",
    "host_id": 33889201,
    "host_url": "https://www.airbnb.com/users/show/33889201",
    "host_picture_url": "https://a0.muscache.com/im/pictures/user/cefcf382-a8fe-4348-9bba-ae00462784ca.jpg?aki_policy=profile_x_medium",
    "neighbourhood_cleansed": "Merton",
    "latitude": 51.42008,
    "longitude": -0.22777,
    "property_type": "Entire home",
    "room_type": "Entire home/apt",
    "accommodates": 6.0,
    "bathrooms": 2.0,
    "beds": 3,
    "price": null,
    "numbers_of_review": 9,
    "review_scores_rating": 4.43,
    "reviews": [
        {
            "name": "Yohan",
            "date": "2019-05-14",
            "review": "great host and very well managed recommend the house"
        },
        {
            "name": "Maggie",
            "date": "2019-06-15",
            "review": "Central location with a great view of kings college sports grounds.   Hosts/mgmt company very accessible.  Easy access to Wimbledon."
        },
        {
            "name": "Heloise",
            "date": "2019-10-03",
            "review": "Everything was perfect. <br/>Specially all the machine and the cleaning products <br/>when you\u2019re a big family it helps a lot."
        },
        {
            "name": "Cenk",
            "date": "2020-12-14",
            "review": "There is a construction on the roof that is not announced to us before confirmation. Although house is clean and wonderful, this makes us change our plans and we checked-out early.  Place is really great though. It's in a lovely & secure closed street. If i visit London again, this will definitely the only address i'll choose."
        },
        {
            "name": "Nick",
            "date": "2021-11-08",
            "review": "Great house, beautiful location. There is only parking for one car with the house, and a limited number of visitor spaces elsewhere in the Mews. The roads around are all permit parking only. Make sure you are given full details about how to open the gates to drive your car into Rydon Mews."
        },
        {
            "name": "Teresa & Kurt",
            "date": "2022-07-11",
            "review": "We did not get warm water until half of our stay was complited. If was just cold water in the showers the two first days. We had to spend some time to fix that througt messages and calls. It was also almost no toilet paper and no hand soap in the kitchen. I found just one tablet to the dish washer. <br/>Other wise we were very pleased with the location and the apartment."
        },
        {
            "name": "Beatriz",
            "date": "2022-07-23",
            "review": "Casa preciosa y completamente equipada. Perfecta para un viaje en familia."
        },
        {
            "name": "Claudia",
            "date": "2022-12-16",
            "review": "We had a great time. Veeve concierge services was very responsive at all times."
        },
        {
            "name": "Alex",
            "date": "2023-02-19",
            "review": "Felt right at home in this cozy town house, fully stocked with everything we needed and a great setup for our kids to sleep upstairs and my wife and I to relax downstairs. Will definitely try to book again."
        }
    ]
}