{
    "id": 10896133,
    "listing_url": "https://www.airbnb.com/rooms/10896133",
    "name": "South Kensington Garden Apartment",
    "description": "This arty lower ground floor garden flat is located in the Royal Borough of Chelsea and Kensington. Sleeping up to 4 guests, it\u2019s a charming and generously sized base from which to explore London. Multiple travel connections from Earl's Court to the famous South Kensington Museums, Notting Hill and central London.<br />        <br />HOME HIGHLIGHTS<br />\u2022\tPrivate entrance<br />\u2022\tGarden<br />\u2022\tAfrican d\u00e9cor<br /><br />ROOMS<br />The flat has the convenience of its own entrance and private garden. It is unusually spacious and light, decorated with fascinating pieces of art from Kenya and other parts of Africa. <br /><br />MASTER BEDROOM<br />Generously sized and furnished with a king-sized bed, bedside tables, chest of drawers and built-in wardrobes.<br /><br />MASTER EN-SUITE<br />This convenient washroom features a shower, basin and WC. <br /><br />THE MAIN BATHROOM<br />Also has a walk-in shower, basin and WC.<br /><br />THE KITCHEN<br />A good-sized space with an everyday dining tabl",
    "host_name": "Veeve",
    "host_id": 33889201,
    "host_url": "https://www.airbnb.com/users/show/33889201",
    "host_picture_url": "https://a0.muscache.com/im/pictures/user/cefcf382-a8fe-4348-9bba-ae00462784ca.jpg?aki_policy=profile_x_medium",
    "neighbourhood_cleansed": "Kensington and Chelsea",
    "latitude": 51.49097,
    "longitude": -0.1875,
    "property_type": "Entire rental unit",
    "room_type": "Entire home/apt",
    "accommodates": 4.0,
    "bathrooms": 2.0,
    "beds": 2,
    "price": null,
    "numbers_of_review": 2,
    "review_scores_rating": NaN,
    "reviews": [
        {
            "name": "Dumitru",
            "date": "2022-12-03",
            "review": "\u2026."
        },
        {
            "name": "Nuala",
            "date": "2022-12-26",
            "review": "I was disappointed at the darkness  of the interior,  very poor natural light, <br/>though I  do know this is not easily rectifiable."
        }
    ]
}