{
    "id": 10897091,
    "listing_url": "https://www.airbnb.com/rooms/10897091",
    "name": "Modernist Wharf",
    "description": "Smart two-bedroom apartment has a fresh, modern design with wonderful high views of the City. Vauxhall is a popular neighbourhood sitting by the River Thames in close proximity to Westminster, the home of Buckingham Palace.<br /><br />Smart two-bedroom apartment has a fresh, modern design with wonderful high views of the City. Vauxhall is a popular neighbourhood sitting by the River Thames in close proximity to Westminster, the home of Buckingham Palace. <br />         <br />HOME HIGHLIGHTS <br />\u2022\tFantastic location <br />\u2022\tBalcony <br />\u2022\tOpen-plan layout <br />\u2022\tModern amenities <br /> <br />MASTER BEDROOM <br />Decorated with attractive nautical-theme artwork, it features a generous king size bed and a patterned feature wall to match the curtains.  <br /> <br />MASTER EN-SUITE <br />Features a walk-in shower, basin and WC. <br /> <br />DOUBLE BEDROOM <br />Minimal yet chic with a king size bed, stunning canvassed art, a full length mirror, and a wardrobe.  <br /> <br />THE BATHROOM",
    "host_name": "Veeve",
    "host_id": 33889201,
    "host_url": "https://www.airbnb.com/users/show/33889201",
    "host_picture_url": "https://a0.muscache.com/im/pictures/user/cefcf382-a8fe-4348-9bba-ae00462784ca.jpg?aki_policy=profile_x_medium",
    "neighbourhood_cleansed": "Lambeth",
    "latitude": 51.48475892969517,
    "longitude": -0.1261107682975525,
    "property_type": "Entire rental unit",
    "room_type": "Entire home/apt",
    "accommodates": 4.0,
    "bathrooms": 2.0,
    "beds": 2,
    "price": null,
    "numbers_of_review": 3,
    "review_scores_rating": 1.0,
    "reviews": [
        {
            "name": "Romain",
            "date": "2016-07-11",
            "review": "To all AirBnB users :<br/>1. Tom may exist, but this flat is managed by an agency.<br/>2. Late arrival will lead you to additional fees not written on the announce when I booked. Given the absence of notification both AirBnB and the agency were kind enough to find a proper solution, after several requests though.<br/>3. The flat is very nice, well located and closed to central London, with everything you need (coffee, etc...). But this is very very noisy (a highway just below it) and for the price you pay, you could have a quieter place in this city. Just don't go if you want to sleep well, cheaper."
        },
        {
            "name": "Alba",
            "date": "2022-09-10",
            "review": "Todo muy bien ."
        },
        {
            "name": "Mary",
            "date": "2022-09-15",
            "review": "If you are young and party late, you may be ok with this place. But the noise from outside is quite loud and it doesn\u2019t let up until about 2 in the morning and you still can hear road noise. And if you need to wash and dry clothes, don\u2019t count on the dryer actually drying anything."
        }
    ]
}