{
    "id": 10908371,
    "listing_url": "https://www.airbnb.com/rooms/10908371",
    "name": "room in lower clapton",
    "description": "private room in a cozy house close to hackney marsh, garden, friendly Italian  flatmates, 1 sweet dog and the bus 242 straight to Liverpool street.",
    "host_name": "Ivano",
    "host_id": 48887046,
    "host_url": "https://www.airbnb.com/users/show/48887046",
    "host_picture_url": "https://a0.muscache.com/im/pictures/user/ff7ccc3c-41e5-4632-9140-43ea01bd070a.jpg?aki_policy=profile_x_medium",
    "neighbourhood_cleansed": "Hackney",
    "latitude": 51.55756,
    "longitude": -0.0439,
    "property_type": "Private room in rental unit",
    "room_type": "Private room",
    "accommodates": 1.0,
    "bathrooms": 0.0,
    "beds": 1,
    "price": 20.0,
    "numbers_of_review": 1,
    "review_scores_rating": 5.0,
    "reviews": [
        {
            "name": "Michael",
            "date": "2016-03-10",
            "review": "I lived in Ivano's shared flat and enjoyed the Italian lifestyle, while I was doing desk work over the day. Very friendly and helpful, and a cute dog who is always hungry. \r<br/>The surrounding is quiet, a lot of green space for walks, quite a bit of a walk to the next train station, but buses are close by. Costcutter supermarket and other small shops around the corner. \r<br/>Definively recommended."
        }
    ]
}