{
    "id": 10916272,
    "listing_url": "https://www.airbnb.com/rooms/10916272",
    "name": "Heaven in Highgate",
    "description": "Stylish 4 bedroom home for 8 guests near Hampstead Heath less than 10 minutes to station<br />        <br />GROUND FLOOR<br />The property is spacious and well-finished with a tasteful living area on the ground floor and an open-plan kitchen at the rear.  <br /><br />LIVING AREA <br />The living room has a modern fireplace, comfortable sofas and a flat-screen TV. The bold artwork on the walls adds a splash of colour to the room and finishes it off perfectly. <br /><br />OPEN-PLAN KITCHEN and DINING AREA leading to GARDEN<br />The kitchen is a very light space with a dining table and seating area. <br /><br />GARDEN<br />The small private garden is accessed straight via the bi-fold doors from the open-plan kitchen and dining area.  <br /><br />FIRST FLOOR<br />On the first floor there are two bedrooms and a family bathroom, and a further WC.<br /><br />MASTER BEDROOM<br />The master bedroom has a double bed, dressing table and fitted wardrobes. <br /><br />BEDROOM TWO <br />The second r",
    "host_name": "Veeve",
    "host_id": 33889201,
    "host_url": "https://www.airbnb.com/users/show/33889201",
    "host_picture_url": "https://a0.muscache.com/im/pictures/user/cefcf382-a8fe-4348-9bba-ae00462784ca.jpg?aki_policy=profile_x_medium",
    "neighbourhood_cleansed": "Camden",
    "latitude": 51.55995,
    "longitude": -0.14763,
    "property_type": "Entire home",
    "room_type": "Entire home/apt",
    "accommodates": 8.0,
    "bathrooms": 2.0,
    "beds": 5,
    "price": null,
    "numbers_of_review": 2,
    "review_scores_rating": 4.5,
    "reviews": [
        {
            "name": "Genevieve",
            "date": "2016-08-08",
            "review": "We had a wonderful stay in this perfectly situated Hampstead Heath home. Location was great, just steps from the Heath, close to public transport, and lovely bakery, cafes, restaurants, and small grocery store all within easy reach. Great pub right on the corner! House was very comfortable and well appointed. Our group of eight had plenty of room to spread out - the outdoor space was nice and the roof deck was an added bonus. Would highly recommend! "
        },
        {
            "name": "Manuel",
            "date": "2022-04-14",
            "review": "Perfect place for a big family, close to the public transport, amazing house"
        }
    ]
}