{
    "id": 10938535,
    "listing_url": "https://www.airbnb.com/rooms/10938535",
    "name": "Well connected comfortable flat",
    "description": "Our beautiful and comfortable flat gives the perfect stay for anyone on a city break.  Large spacious rooms, modern interior and plenty of free parking provide an excellent place to use when visiting London.  Get into central London in under 30 min.<br /><br />Travel cot and high chair available (upon request).<br /><br /><b>The space</b><br />The flat is spacious and comfortable with a clean modern feel.  The flat is perfect for couples and young families. <br /><br />High ceilings and a clean white decor throughout makes this a fantastic place to stay in London for a couple and up to 4 people.  We will be delighted to provide a high chair and/or travel cot (please request this in your booking).<br /><br />Up to 4 people can stay in this flat using the second mattress (stored on the double bed).  We suggest the second double mattress is taken from the bedroom and used in the front room. The additional bedding is stored in the window seat in the front room<br /><br /><b>Guest access</b",
    "host_name": "Dominic",
    "host_id": 11700531,
    "host_url": "https://www.airbnb.com/users/show/11700531",
    "host_picture_url": "https://a0.muscache.com/im/pictures/user/129c3bfc-8ba4-4010-a212-2e1635f923cd.jpg?aki_policy=profile_x_medium",
    "neighbourhood_cleansed": "Lewisham",
    "latitude": 51.42985,
    "longitude": -0.04067,
    "property_type": "Entire condo",
    "room_type": "Entire home/apt",
    "accommodates": 5.0,
    "bathrooms": 1.0,
    "beds": 2,
    "price": 74.0,
    "numbers_of_review": 4,
    "review_scores_rating": 4.5,
    "reviews": [
        {
            "name": "Max",
            "date": "2016-02-09",
            "review": "This was our first time using Airbnb and we didn't know what to expect but it couldn't have gone any smoother. The hosts, Dominic and Hannah made sure we were very welcome, Dominic was easily contactable, they made an information book for us which was extremely helpful, the bed/sofa bed was comfortable, nice kitchen, clean bathroom, plenty of parking outside, good transport links into central London. We didn't want to leave! haha. My only criticism would be the framed photograph of Johnny wilkinson kicking England to World Cup glory in 2002, which as a Welshman I was reminded about each time I went into the front room to watch sky sports news haha\r<br/>\r<br/>I highly recommend this place. We will be back!\r<br/> \r<br/>Thank you Dominic and Hannah"
        },
        {
            "name": "Javiera",
            "date": "2016-02-13",
            "review": "C'est un appartement tr\u00e8s cosy et beau, pas trop loin de Londres. Il t a plein des commerces \u00e0 3 minutes a pied et la gare \u00e0 15 minutes. Et plein des beaux buses passent tr\u00e8s souvent.\r<br/>Le propri\u00e9taire a a \u00e9t\u00e9 tr\u00e8s \u00e0 l'\u00e9coute et toujours a r\u00e9pondu \u00e0 nos questions et demandes.\r<br/>Si on retourne \u00e0 Londres on esp\u00e8re de retournes chez lui! "
        },
        {
            "name": "Rodrigo",
            "date": "2019-08-23",
            "review": "The apartment has a good price/quality ratio. It is in the Middle of Sydenham and Lower Sydenham stations, 45/60 minutes from central London. Big supermarket close. The patio is a big plus. But the equipment and furniture does not match the pictures and description. Dominic told su about that before we arrived and we settled on a compensation. It also has a little mold on some walls but it isn\u2019t a big deal. In the end we were very happy with our stay and had a great time."
        },
        {
            "name": "Ella",
            "date": "2021-10-26",
            "review": "This place was perfect for me and my family. Felt like they went the extra mile before our arrival and also provided us with high chair and cot for our one year old. The house was lovely we felt very much at home, the neighbours were also very friendly. <br/>Considering this our first time back in the uk for almost two years, it was very nice staying somewhere so comfortable on our first stop. <br/>Overall just thought the house was awesome I loved the furnishings, especially the copper lap shade  in the living room! I\u2019m on the look out for one just like it.<br/>And I think my favourite part was the fact there was a retail park so close by, I was in Argos regularly buying bits and pieces.  I also enjoyed the herbs and lavender in the garden, nothing better than cooking with fresh thyme and rosemary. <br/>Thank you so much for letting us stay in your home was such a positive experience!"
        }
    ]
}