{
    "id": 10943008,
    "listing_url": "https://www.airbnb.com/rooms/10943008",
    "name": "Double Room with King Size Bed",
    "description": "A private room with king size bed in an awesome location with Olympic park views. Westfield shopping center, Olympic park, Stratford station within walking distance. All top tourist attractions are within a reach of 15 to 30 minutes.<br /><br /><b>The space</b><br />As described by my recent guests i am very friendly and helpful host. Please let me know if you need any information or any details before you book/reserve the place.<br /><br /><b>Guest access</b><br />Balcony, Kitchen, Living room, Television",
    "host_name": "Rk",
    "host_id": 9835948,
    "host_url": "https://www.airbnb.com/users/show/9835948",
    "host_picture_url": "https://a0.muscache.com/im/pictures/user/d9e810f0-8bb1-469e-b39c-8f0064557802.jpg?aki_policy=profile_x_medium",
    "neighbourhood_cleansed": "Newham",
    "latitude": 51.53504,
    "longitude": -0.00656,
    "property_type": "Private room in rental unit",
    "room_type": "Private room",
    "accommodates": 2.0,
    "bathrooms": 1.0,
    "beds": 1,
    "price": 38.0,
    "numbers_of_review": 9,
    "review_scores_rating": 4.89,
    "reviews": [
        {
            "name": "Miguel",
            "date": "2016-05-22",
            "review": "Raghu is extremely wonderful host. He is very nice and I couldn\u2019t have asked for more. He took very good care in great detail. He answered all questions in detail and provided information before my arrival. Showed everything around on my arrival. Everything was kept clean and neat on my arrival. Bed was well made. Raghu had a basket with the immediate needs ready for my arrival, including a good bottle of wine and towels, shampoo, etc. which are much needed after a long journey. We had great conversations in the evening and Raghu was wonderful company, yet not intrusive whatsoever. I felt like home here. \r<br/>      "
        },
        {
            "name": "Holger",
            "date": "2016-05-30",
            "review": "Ich habe (als Einzelreisender) eine Wohnung nahe dem Oympia Park gesucht und sie hier gefunden. Die Lage ist daf\u00fcr perfekt! Nur wenige Gehminuten und man ist da.\r<br/>Rk war ein toller und hilfsbereiter Gastgeber. Er hat mir im Vorfeld Fragen beantwortet und sogar schon einige Lebensmittel f\u00fcr mich besorgt. Au\u00dferdem hat er mich am Bahnhof abgeholt, so dass ich keine M\u00fche hatte die Wohnung zu finden.\r<br/>W\u00e4hrend meines Aufenthalts hat er mir jederzeit geholfen, wenn ich Bedarf hatte. Ansonsten war er ein aufgeschossener, interessierter und lebensfroher Gespr\u00e4chspartner.\r<br/>Die Wohnung entspricht der Beschreibung und ist noch recht neu (wurde mit der Erschie\u00dfung f\u00fcr Olympia 2012 gebaut). Ich durfte sie vollumf\u00e4nglich nutzen.\r<br/>Eine Buslinie Richtung Innenstadt f\u00e4hrt direkt vor der T\u00fcr ab, die U-Bahn ist nur knappe 10 Geh-Minuten entfernt. So war es mir neben meinem Schwerpunkt Olympia Park auch einfach die City of London zu erreichen.\r<br/>Ich kann diese Unterkunft nur empfehlen."
        },
        {
            "name": "Guillem",
            "date": "2016-06-20",
            "review": "My girlfriend and I stayed at Rk's flat for a weekend to visit London. Rk made us feel at home all the time and the place was very nice, clean and spacious.\r<br/>\r<br/>We arrived much later than planned to Stratford (around 11.30pm), and Rk offered to pick us up with his car from the bus station where we were. As soon as we arrived at the flat, he showed us around and proposed us something to eat or drink. When we had relaxed, we spoke a bit and he's a very friendly person to speak with. He advised us on our plans to visit the city and gave us complete freedom to go & come back to the flat.\r<br/>\r<br/>The last day my girlfriend and I had a nice breakfast on the balcony with incredible views, and prior our departure Rk offered us an indian tea each. He even put it on a plastic glass because we were running late to our bus and it was still hot. It was a great tea!\r<br/>\r<br/>If you are planning to visit London, my girlfriend and I would definitely recommend this place. It's easily accessed from Stansted Airport and has good connections to the city centre. "
        },
        {
            "name": "Valentin",
            "date": "2016-07-03",
            "review": "Raghu est quelqu'un de g\u00e9n\u00e9reux et chaleureux. Ils vous accueille dans son logement confortable situ\u00e9 a 30 minutes de londres centre. Vous avez toutes les commodit\u00e9s \u00e0 proximit\u00e9 et l'acc\u00e8s \u00e0 son logement est facile. Bref un logement tr\u00e8s bien."
        },
        {
            "name": "Charlotte",
            "date": "2016-08-02",
            "review": "Rk was really helpful, we stayed while I was taking part in ride London and there was room for the bikes and 5 mins from the start line so would recommend for next years. "
        },
        {
            "name": "Andra\u017e",
            "date": "2016-08-07",
            "review": "Raghu is a great host. He made us feel very welcome and even waited for us at the bus station. We came to watch the match at the Olympic Stadium so the location was perfect, only about a 5 minute walk. It's also very close to the Stratford station and the Westfield shopping centre. The apartment is clean and tidy and Raghu and his wife are very friendly."
        },
        {
            "name": "Lukas",
            "date": "2016-09-06",
            "review": "Rk uns seine kleine Familie waren ausgesprochen nett und sehr hilfsbereit. Wir wurden von ihm beim Busbahnhof Stratford abgeholt und er zeigt uns viele Unternehmungsm\u00f6glichkeiten in der Umgebung. (Pubs usw.) \r<br/>Die Wohnung ist ca. 15 Gehminuten von der Central Line Stratford entfernt. \r<br/>Der Aufenthalt war generell sehr unkompliziert und entspannend. \r<br/>"
        },
        {
            "name": "Christoph",
            "date": "2016-09-16",
            "review": "I can only strongly recommend to book this airbnb. Everything was perfect, the room was cozy, the flat was nice and the location was also great, as you can walk to Stratford in 8 minutes and go from there to almost anywhere in the city in a short time. But the best thing about the place were the hosts, Raghu and his wife. Raghu even picked us up on the first day at Stratford and showed us the way. They did everything to make us feel at home and make our journey as pleasant as possible. Thanks for the great time. We would come back anytime."
        },
        {
            "name": "Riccardo",
            "date": "2016-09-25",
            "review": "The experience was very positive, Raghu the host is very kind and helpful.<br/>He was at our disposal for any kind of request, also for pick up us at the bus stop or to guide us in the city.<br/>The room was clean and comfortable.<br/>Perfect location if you arrive at Stansted Airport and bring the National Express bus... The Stratford bus stop is 5minutes from the house and also the train to the centre is there."
        }
    ]
}