{
    "id": 11031215,
    "listing_url": "https://www.airbnb.com/rooms/11031215",
    "name": "Chelsea Kings Road Flat",
    "description": "My place is just off the Kings Road, close to BlueBird Restaurant, Sophie's Steakhouse & Bar, VQ 24Hour Restaurant, The Big Easy, The Ivy Chelsea Garden, and Brinkley's. You\u2019ll love my place because of the coziness and the location. My place is good for couples and business travelers.<br /><br /><b>The space</b><br />The location is superb.  Excellent 30Mbps internet. High Definition TV.  Business workstation with VOIP telephone and two large monitors.<br /><br /><b>Guest access</b><br />The flat is in the basement and it has its own main front door to inner lobby and flat door.<br /><br /><b>Other things to note</b><br />Nearest car park is at Chelsea & Westminster Hospital.",
    "host_name": "James",
    "host_id": 57244877,
    "host_url": "https://www.airbnb.com/users/show/57244877",
    "host_picture_url": "https://a0.muscache.com/im/pictures/user/4e134927-d708-4919-8c8b-926995c4cb9d.jpg?aki_policy=profile_x_medium",
    "neighbourhood_cleansed": "Kensington and Chelsea",
    "latitude": 51.48666,
    "longitude": -0.17645,
    "property_type": "Entire rental unit",
    "room_type": "Entire home/apt",
    "accommodates": 2.0,
    "bathrooms": 1.0,
    "beds": 1,
    "price": 44.0,
    "numbers_of_review": 21.0,
    "review_scores_rating": 4.86,
    "reviews": [
        {
            "name": "Ethan",
            "date": "2018-04-20",
            "review": "This flat was a dream. Wish I could stay forever and ever and ever!"
        },
        {
            "name": "Anna",
            "date": "2018-04-23",
            "review": "The appartement was really great, close to the public transport, pubs, markets etc. 15min walk to Victoria and Albert Museum (!!) and 30min walk to Westminster! The metro was also just around the corner.<br/>The flat was proper and well-equipped (fast internet, huge TV with films, two big screens and many more). Everything was amazing and we\u2019ll surely come back :)"
        },
        {
            "name": "Svenja",
            "date": "2018-04-26",
            "review": "We had some wonderful days at James home. The location is perfect. It's quick in the heart of London, has great shops around the corner and the houses are unique. The contact with James via AirBnB worked great."
        },
        {
            "name": "Leticia",
            "date": "2018-04-29",
            "review": "The place was very cosy everything we wanted for a gateway stay and close to transportation to travel within few mins and accessible to a local grocery store. The stay was   Great definitely recommend. thank you James"
        },
        {
            "name": "Alex",
            "date": "2018-05-06",
            "review": "Great place for a great price!"
        },
        {
            "name": "Ilya",
            "date": "2018-05-09",
            "review": "Convenient location, fast wi-fi,  responsive host, and spacious flat. Would recommend to others looking for a good value in the area!"
        },
        {
            "name": "Ander",
            "date": "2018-05-18",
            "review": "Great location, James always ready to help, is a great host, close to everything and easy access to all london."
        },
        {
            "name": "Ginty",
            "date": "2018-05-27",
            "review": "This basement apartment is in a fantastic locality. Spacious and comfortable."
        },
        {
            "name": "Stacie",
            "date": "2018-06-03",
            "review": "The flat is in a great location, bus stops are right around the corner, along with several place to eat, as well as grocery stores. The flat is located on a quite street. The flat is nice; however, the washer that is located in kitchen leaked the whole time. It would be best to take your own towels as there is only one small and one large towel in the flat. I would stay here again the next time that I go to London if the spot is open."
        },
        {
            "name": "Mazin",
            "date": "2018-06-18",
            "review": "Very nice flat fully equipped with all what you need and very nice strategic location in the heart of Chelsea"
        }
    ]
}