{
    "id": 11039421,
    "listing_url": "https://www.airbnb.com/rooms/11039421",
    "name": "Lovely 1 Bedroom Richmond (London) Apartment",
    "description": "Our lovely 1 bedroom apartment, on first floor, above a tiny family run restaurant, close to Richmond Station (2min). Large living room dining table. Kitchen with all mod-cons including dishwasher and microwave. Large windows. Queen Size Bed. Tesco's and a host of  lovely restaurants from Thai to Korean to British are on our doorstep. Waterloo is 15min from train, Clapham Junction is 10min by train, Kew Gardens is a 10minute walk. Richmond riverside, park and high street are 2minutes walk.<br /><br /><b>The space</b><br />Beautiful apartment perfect for business or leisure. Separate Kitchen living and shower room (no bath) and 1 bedroom with fitted wardrobes. Secure entrance.<br /><br />Public on road parking is available. Currently there are restrictions 10-4.30pm Mon-Sat, although Sundays are free. However, we can provide parking for within the restricted hours for \u00a32.40per day (1 vehicle) using Richmond's visitor parking vouchers, which we can leave for guests who request them. Paym",
    "host_name": "Rob",
    "host_id": 4329634,
    "host_url": "https://www.airbnb.com/users/show/4329634",
    "host_picture_url": "https://a0.muscache.com/im/pictures/user/143872f0-3388-47ea-9d44-7c4494fab315.jpg?aki_policy=profile_x_medium",
    "neighbourhood_cleansed": "Richmond upon Thames",
    "latitude": 51.46531,
    "longitude": -0.29709,
    "property_type": "Entire rental unit",
    "room_type": "Entire home/apt",
    "accommodates": 2.0,
    "bathrooms": 1.0,
    "beds": 1,
    "price": 80.0,
    "numbers_of_review": 30.0,
    "review_scores_rating": 5.0,
    "reviews": [
        {
            "name": "Jane",
            "date": "2016-09-25",
            "review": "We really enjoyed our weekend break at Rob and Ri's flat for our first wedding anniversary!  It was a really lovely place to spend time in, really lovely and clean (with the fluffiest towels ever) and the wine was a lovely touch.  Really great location too - a few minutes walk to Kew Gardens and Richmond shops, with loads of restaurants.  Rob and Ri both gave us loads of recommendations for places to eat and things to see, and answered any questions we had really promptly.  We only booked it a week before, so it could have been stressful, but they made the process really smooth.  I would definitely recommend staying here!"
        },
        {
            "name": "Lorna",
            "date": "2016-10-27",
            "review": "Superb apartment, tastefully decorated and very homely. We had a fabulous time."
        },
        {
            "name": "Anna",
            "date": "2016-11-03",
            "review": "Lovely stylish apartment in Richmond. <br/>Very close to city center and station. <br/>Great communication I'd love to stay there again. "
        },
        {
            "name": "Lee",
            "date": "2017-02-05",
            "review": "Close to Richmond station. <br/>Great hosts, well appointed apartment, definitely recommended. "
        },
        {
            "name": "Robert",
            "date": "2017-03-12",
            "review": "Rob and Ri's <br/>Apartment is bigger then the pictures suggest and is conveniently located on a main street with great local amenities. With 5mins walk of Richmond under ground and rail.<br/>There are lots of personal touches and curated artefacts throughout the apartment which creates a very cool boho/hip style.<br/>Communication was excellent and relaxed even though we did not get to meet. <br/>I would recommend<br/>regards<br/>Rob"
        },
        {
            "name": "Jj",
            "date": "2017-04-09",
            "review": "Robs place was perfect for our stay. It was well located, clean & spacious. He communicated quickly and was very helpful. I would definitely recommend staying at Robs flat"
        },
        {
            "name": "Mia",
            "date": "2017-07-15",
            "review": "I really enjoyed my stay in this Richmond flat. It's beautifully decorated, the hosts are polite, professional, responsive and kind. I was met by Rob's partner Ri who check me in and showed me the workings of the flat. She's just one of the loveliest hosts I've come across on Airbnb and it was a pleasure meeting her. The WiFi is reliable, great bathroom and bedroom, small but modern and functional kitchen, and a really charming reception room. I'd most definitely recommend this listing to anyone wanting to stay in a great area close to transport links, shops and restaurant. More importantly you'll be in great hands with lovely hosts who are concerned with providing a friendly and professional experience. Many thanks to Rob and Ri!"
        },
        {
            "name": "Paul",
            "date": "2017-07-20",
            "review": "Rob's flat is exactly what was needed for us. Communication is responsive. The flat has everything you need to have a comfortable stay."
        },
        {
            "name": "Robert",
            "date": "2017-08-06",
            "review": "Fantastic place and lovely hosts. So good its my regular AirBNB in London"
        },
        {
            "name": "Csilla",
            "date": "2017-08-13",
            "review": "Absolutely loved staying at this quirky, super stylish and renovated apartment in an excellent location. The tube/train station was 5 mins walk away with TESCO downstairs and all necessary amenities. The batroom was so lovely with its excellent shower feature and the kitchen was equally thoughtfully designed and fully stocked. The bed mattress was unbelievably good to sleep on. Would return in a heart beat."
        }
    ]
}