{
    "id": 1104183,
    "listing_url": "https://www.airbnb.com/rooms/1104183",
    "name": "Outstanding Apartment in Camden",
    "description": "Come and stay in this cool and trendy apartment in Central London. Fantastic open-plan living area with exposed bricks has a loft feel to it.  The 4 bedrooms are spacious and the bathrooms are beautiful. The garden is perfect for barbecues and the kids.<br /><br /><b>The space</b><br />An outstanding, architect-designed apartment of 170 square meters (1,830 sq ft), occupying the top three floors of a handsome Victorian house.  <br /><br />SPACE: The apartment comprises of a master bedroom (king-size bed) with an en-suite bathroom and three further double bedrooms. Second bedroom (on the same floor as the master)  has two single beds. Even though the single beds frames are folding, they are premium quality designed for commercial use (The brand is Jay-Be, and the bed is J-Bed; check it out). The mattresses are pocket-sprung, high quality ones. <br /><br /> In the two upstairs bedrooms (connected with a sliding door), there is a queen size double bed in each room, and if requested, a sin",
    "host_name": "Petra",
    "host_id": 6064341,
    "host_url": "https://www.airbnb.com/users/show/6064341",
    "host_picture_url": "https://a0.muscache.com/im/users/6064341/profile_pic/1366759891/original.jpg?aki_policy=profile_x_medium",
    "neighbourhood_cleansed": "Camden",
    "latitude": 51.54792,
    "longitude": -0.13807,
    "property_type": "Entire rental unit",
    "room_type": "Entire home/apt",
    "accommodates": 10.0,
    "bathrooms": 2.5,
    "beds": 7,
    "price": 320.0,
    "numbers_of_review": 94.0,
    "review_scores_rating": 4.93,
    "reviews": [
        {
            "name": "Berit",
            "date": "2013-05-30",
            "review": "Very nice apartment - clean, modern, has all the equipment needed. Looks just like on the pictures! The most beautiful garden in the neighbourhood:) (with a barbeque). The location is perfect - walking distance to Camden Market, where you can also  find different places to eat. Ca 200 m from the main street, where you can find grocery stores and a metro station (ca 400 m from the apartment). Ca 15 min to the center of the town by metro. \r<br/>Very nice and welcoming owners - Petra and her family. Would definetely return and recommend!"
        },
        {
            "name": "Ming & Angela",
            "date": "2013-07-27",
            "review": "We had a great stay at this roomy well furnished and comfy apartment.  Convenience stores and public transits are just a few minutes walk. Petra and her family, friends and neighbors are very friendly, it was a pleasure meeting them.\r<br/>\r<br/>Well said on their description.  The kitchen are fully equipped with everything and anything that we were wish for.  The beautiful garden is another highlighted area we recommended you spend some times there.  We enjoyed it very much (we were lucky to catch the best weather in London as well).     \r<br/>\r<br/>We are so glad to find this place to have our family trip.  Thank you Petra for accommodating us."
        },
        {
            "name": "Vilma",
            "date": "2013-08-01",
            "review": "It was great to stay at Petra\u2019s house. It\u2019s very easy to go from Luton or Gatwick to Kentish Town, there\u2019s a direct train even at late hours. We didn\u2019t meet Petra but her friend Yasmin, who was really nice and helpful, was waiting for us until 2am and Petra didn\u2019t charge us for the late check in. We were a bit unlucky as the Northern line wasn\u2019t working for 2 of the days but Petra left a paper with instructions of the house and some buses we could use straight to the center. Either by underground or by bus you can get to all London attractions very easily and quickly.\r<br/>The house was very clean and tidy and it looks as beautiful as the pictures show. I would highly recommend.\r<br/>"
        },
        {
            "name": "Stefano",
            "date": "2013-08-17",
            "review": "Appartamento comodissimo, ottimo per 2 famiglie, ben strutturato e dotato di tutti gli accessori. Noi lo abbiamo utilizzato in 8, 4 adulti e 4 ragazzi e ci siamo trovati benissimo.  La zona \u00e8 tranquilla e ben servita dal punto di vista logistico. I proprietari sono gentilissimi e molto disponibili."
        },
        {
            "name": "Caroline",
            "date": "2013-11-05",
            "review": "Questa casa \u00e8 fantastica, per non parlare della posizione, centralissima, a 5 minuti a piedi da camden town e a due passi dalla metro..\r<br/>\u00e8 arredata molto bene ..\r<br/>consiglio a tutti di alloggiare qua.. \r<br/>Non vedo l'ora di tornare a londra e alloggiare di nuovo qua...\r<br/>Grazie Petra e Dario.."
        },
        {
            "name": "Arianne",
            "date": "2014-01-05",
            "review": "Petra and Dario were very welcoming and everything about staying at their house was very easy. It is exactly as the pictures show and if there is anything I would add or change in the description it would be that the Kentishtown Metro is really very close, less than a 5 minute walk away, down two blocks and around the corner. It is a great place to stay with lots of space to both be together in the big living dining area or to retreat into the many various bedrooms. i was also told by a friend who lives in London that having a shower as opposed to just a tub is a luxury in England and there are two here as well as a big tub!"
        },
        {
            "name": "Alain",
            "date": "2014-04-23",
            "review": "We have got a very good stay in this apartment which is conform the photos. Petra was not present at our arrival, but a friend of her, Jasmin, showed us all it was necessary and give us all the explanations about buses and tubes, supermarket and every things like that. She is a very nice person. The apartment is a little far from the center, but the access by bus or tube is very easy and quick. \r<br/>All the facilities for our stay with children were in the apartment.\r<br/>I strongly recomend this adress to all who want to visit London, mainly with children.\r<br/>Many thanks to Petra e Yasmin.\r<br/>Alain"
        },
        {
            "name": "Christine",
            "date": "2014-06-02",
            "review": "Nous sommes enchant\u00e9s de notre s\u00e9jour dans l'appartement de Petra. \r<br/>Appartement tr\u00e8s accueillant avec beaucoup d'espace. Les enfants ont ador\u00e9 jouer dans le jardin. Le centre de Londres est facilement accessible par bus ou m\u00e9tro tout en se trouvant dans un lieu calme mais avec toutes les facilit\u00e9s \u00e0 proximit\u00e9.\r<br/>Je recommande vivement ce logement !"
        },
        {
            "name": "Reshma",
            "date": "2014-07-30",
            "review": "My host was extemely good with response times to my email inquiries. The place was immaculate, very clean and neatly organized. My family had a wonderful experience living here for almost a week. The neighborhood is anything like one should expect in a huge metropolitan city. It's centrally located with easy and short walking distance access to public transit. "
        },
        {
            "name": "Calum",
            "date": "2014-08-05",
            "review": "Myself and my family stayed in this apartment to celebrate my parents 40th wedding anniversary for 3 nights (Fri-Mon).  Communication back and forth with Petra prior to staying was great, very quick and helpful.  Checking in was easy and friendly (we met her friend Jasmine for the keys as Petra was on vacation herself).  The actual apartment itself is GORGEOUS.  We made use of the lovely back garden and had a bbq on the Friday night and enjoyed sharing time together in the large living room.  \r<br/>\r<br/>The apartment was really tidy and well kept, also only a 5 minute walk to Camden Market and Kentish Town Underground so great accessibility.  \r<br/>\r<br/>We had a great time as a family and created new memories something a hotel environment wouldn't have done for this type of weekend.  It was my first time using AirBnB and I had a great experience, and will now use the website again based on this."
        }
    ]
}