{
    "id": 11171713,
    "listing_url": "https://www.airbnb.com/rooms/11171713",
    "name": "Cozy Ground floor 1 Bed flat only for You",
    "description": "This is separate flat to use only by guests.<br />New 1 bed flat with separate entrance with off street parking space <br />Bathroom, kitchen-living Room with double sofa bed on ground level, <br />Bedroom with kingsize Bed on 1 Floor.<br />You can use shared garden with kids play house.<br /><br /><br />Zone 6, <br />10min by bus to Heathrow Airport LHR<br />25min by train to Paddington<br /><br /><b>The space</b><br />26 Square Meters (280 Square Foot)<br /><br /><b>Guest access</b><br />Off street parking, garden<br /><br /><b>Other things to note</b><br />We have kitchen with gas cooker and basic equipment, but where is no oven, if you want cook a cake you must choose another place ;)",
    "host_name": "Pawel",
    "host_id": 58133212,
    "host_url": "https://www.airbnb.com/users/show/58133212",
    "host_picture_url": "https://a0.muscache.com/im/pictures/user/4741279f-6c8f-41e5-94c2-b5e2b73dab68.jpg?aki_policy=profile_x_medium",
    "neighbourhood_cleansed": "Hillingdon",
    "latitude": 51.49865,
    "longitude": -0.46376,
    "property_type": "Entire loft",
    "room_type": "Entire home/apt",
    "accommodates": 4.0,
    "bathrooms": 1.0,
    "beds": 2,
    "price": 79.0,
    "numbers_of_review": 187.0,
    "review_scores_rating": 4.33,
    "reviews": [
        {
            "name": "Julia",
            "date": "2016-02-27",
            "review": "very quite place, modern, comfortable!!!!!! i recommend!"
        },
        {
            "name": "Fr\u00e9d\u00e9rique",
            "date": "2016-03-12",
            "review": "Logement neuf tres bien amenage et confortable. Prevoir neanmoins une voiture. "
        },
        {
            "name": "Paul",
            "date": "2016-03-17",
            "review": "Small, but functional space. Attention to detail in reno and finishing. A great place near Heathrow to relax between connecting flights. "
        },
        {
            "name": "Tom",
            "date": "2016-04-06",
            "review": "The flat was nice, clean, comfortable and modern. Linen was nice and clean and amenities were perfect. The area was nice and quiet and there was no air traffic noise even with its close proximity to Heathrow. \r<br/>I would have no problem coming back again."
        },
        {
            "name": "Michel",
            "date": "2016-04-10",
            "review": "The flat is exactly as described, we really enjoyed our stay. It is situated at 30-40 minutes by car from center London. Even with Heatrow not that far there is no noise. The place really inspire, we only spent a night there but it was really nice and there are many utilities for long term trips.\r<br/>Having a car (like we had) is probably the best solution though.\r<br/>Would come back with pleasure!"
        },
        {
            "name": "Glenn",
            "date": "2016-04-18",
            "review": "Our trip with Pawel was short but great! He was very helpful. It was well situated for a quick hop to Heathrow in the morning!"
        },
        {
            "name": "Nadya",
            "date": "2016-04-24",
            "review": "Thank you for everything Pawel. You're an incredibly amazing host. We felt like in our own home. It was a great pleasure to meet you. Thank you for your kindness and your generosity."
        },
        {
            "name": "Maria",
            "date": "2016-04-29",
            "review": "Nice, clean space and pull out bed is pretty comfortable."
        },
        {
            "name": "Bernadette",
            "date": "2016-05-06",
            "review": "Clean, tidy, close to Heathrow,  5 minutes walk to bus stop and 25 minutes walk to train station. Good place for stopover or if travelling into London."
        },
        {
            "name": "Silvia",
            "date": "2016-05-15",
            "review": "Quiet location, very convenient for Heathrow airport and near to other tourist landmark such as Windsor castle. "
        }
    ]
}