{"id": 11390523, "listing_url": "https://www.airbnb.com/rooms/11390523", "name": "Light & Cosy Garden Flat", "description": "A cosy garden flat with wooden floors, high ceilings & spacious kitchen/diner.  I rent out two of the rooms in the flat - a bedroom overlooking the garden with a king size bed and the living room which is the second bedroom with 'hidden' king size bunk bed. Note that access to this bed is via a vertical ladder so not suitable for kids or older people. Alternatively, I can provide a very comfortable foldable double mattress. <br />I'll be staying in the small bedroom and sharing the common spaces.<br /><br /><b>The space</b><br />My place is a Victorian converted flat in which I have lived for the past 14 years and which I truly love.  Three meter high ceilings and a southern facing living room give the place a spacious feel.  The wooden floors create a sense of cosiness which I hope my guests will enjoy! A great place to unwind after a busy day in London, away from the hustle and bustle of the city but only 30 mins by tube to Leicester Square!<br /><br /><b>Guest access</b><br />I am l", "host_name": "Evelina", "host_id": 33122665, "host_url": "https://www.airbnb.com/users/show/33122665", "host_picture_url": "https://a0.muscache.com/im/users/33122665/profile_pic/1431364144/original.jpg?aki_policy=profile_x_medium", "neighbourhood_cleansed": "Barnet", "latitude": 51.60514, "longitude": -0.20811, "property_type": "Private room in condo", "room_type": "Private room", "accommodates": 4.0, "bathrooms": 1.0, "bedrooms": 2, "beds": 2, "amenities": ["First aid kit", "Oven", "Hair dryer", "Wine glasses", "Hangers", "Dishes and silverware", "Essentials", "Shampoo", "Free street parking", "Cooking basics", "Shower gel", "Bathtub", "Wifi", "Heating", "Coffee maker", "Dishwasher", "Hot water kettle", "Refrigerator", "Iron", "Body soap", "Kitchen", "Stove", "Toaster", "Dedicated workspace", "Hot water", "Washer", "Smoke alarm", "Freezer"], "price": 118.0, "numbers_of_review": 10, "review_scores_rating": 4.6, "reviews": [{"name": "Caroline", "date": "2016-05-31", "review": "Easy to find on the main road with shops close by.<br/>The actual house itself was very clean and spacious. Everything was clearly cared for and working perfectly, including the strong shower. <br/>The only problem we had was the upstairs neighbours who woke us up at 9am with banging feet. Apart from this minor issue, thank you for a lovely stay. You were a very friendly and considerate host. Would stay again:)"}, {"name": "Maxine", "date": "2016-06-26", "review": "This was just a great experience all around....from the speedy response  from the owner to the flexibility in arrival/departure and everything in between.  Flat was well-appointed and cheerful; the outside garden area was a terrific bonus.  Public transportation (bus and tube) and massive grocery store were extremely convenient and flat is within walking distance of Allianz Park.  Kitchen was great and lots of attention to small details (linens, toiletries, etc) made our stay comfortable and enjoyable.  We'd return in a heartbeat!"}, {"name": "Lee", "date": "2016-08-15", "review": "We had a fantastic time staying at Evelina's place! She was a great and responsive host. It was a perfect home away from home at a convenient distance from the centre but also adequately far enough away to enjoy a more relaxed version of London. Great access via buses and tube, well equipped supermarket very close by and some great pubs to eat out too. The house was lovely and immaculately presented, very accurate to the pictures. The bed was a bit firm but this was also fine by us and a minor thing. We would stay again in a heartbeat and highly recommend this place to others."}, {"name": "Adele", "date": "2016-10-16", "review": "Really beautiful flat, host was very helpful- would have no reservations in recommending to someone else! Thank you for a lovely weekend!"}, {"name": "Tanja", "date": "2016-12-31", "review": "Evelinas Flat is so lovely decorated, we felt like coming home after visiting the crowded city of London.<br/>It was well heated and the water to shower was always hot.<br/>The beds are really comfortable - even the bunkbed in the living room.<br/>The big kitchen was well equipped and the living room was comfortable.<br/>If it weren't winter we would have been often in the lovely garden.<br/>The flat is ideally situated to reach the city easisly with tube or bus.<br/>There is a big supermarket very near and a little supermarket just next door and several Take-aways and a pub nearby.<br/>Evelina is a very helpful host. She answered always quickly to our inquiries.<br/>This was our first experience with AirBnB and we are convicted in every way.<br/>We can absolutely recommend the flat and would be happy to come back one day.<br/>Thank you Evelina for inviting us!"}, {"name": "Jean-Eric", "date": "2017-04-15", "review": "Appartement avec beaucoup de charme. On entends un peu les locataire du dessus. Bien situ\u00e9, a deux pas d'un petit supermarch\u00e9 et du m\u00e9tro pour aller au centre de Londres. Le petit jardin est un plus."}, {"name": "Ketaki", "date": "2017-10-29", "review": "The house is spacious and beautifully decorated with all amenities and a fully equipped kitchen. The tube station is a very short walk right past a large grocery store. Evelina always responded quickly and politely. Our flight arrived in the morning and she was kind enough to let us check in early. <br/>The flat is located in a quiet area outside of central London (about 40 minutes on the tube) but we knew that going in. There are frequent trains to Finchley Central all day and directly to central London during rush hours so getting around is easy. If you don't mind the slight commute it is the perfect place to stay. This was our first Airbnb experience so we were a little concerned but everything was perfect. I would definitely come back!"}, {"name": "St\u00e9phanie", "date": "2017-11-04", "review": "Maison propre,  une chambre  spacieuse, deuxieme lit en mezzanine au dessus du salon avec \u00e9chelle droite, cuisine bien \u00e9quip\u00e9e, petit salon sympa, acc\u00e8s Wi-Fi gratuit, petit jardinet rigolo, \u00e0 deux minutes \u00e0 pied d un magasin, et trois minutes du m\u00e9tro( zone 4). Bon rapport qualit\u00e9 prix"}, {"name": "Jessica", "date": "2017-11-10", "review": "We felt very comfortable in this flat, it was very cozy and decorated with taste<br/>The shops and underground station are around the corner<br/>A nice place to stay !"}, {"name": "Andrzej", "date": "2018-12-12", "review": "Good location, a bit outskirt from the city but with good communication link to central! Mill Hill East station is only 7min walk away. Plcace was very hommie and comfortable. Evelina wasn't around but communicating with her was super easy."}]}