{"id": 11834582, "listing_url": "https://www.airbnb.com/rooms/11834582", "name": "Charming and unusual in Shoreditch", "description": "Built on the site of a Theatre where Shakespeare used to play, this is an unusual courtyard flat located in zone 1 at the heart of Shoreditch. The flat is very quiet and safe despite being surrounded by bars and clubs.  Ideal for business and tourism<br /><br /><b>The space</b><br />The flat is built on a Theatre site where William Shakespeare used to play. It is an unusual space and still retains a lot of the original features which give it a very peculiar charm and atmosphere.  Sheets and towels will be provided. <br /><br />There is a double bed as well as a large sofa where one person can comfortably sleep. I can arrange for a cleaner to come during your stay if you request it in advance. <br /><br />The flat also gives you access to a private courtyard where a table and stools are available for you to have drinks or a meal al fresco if the weather allows it. <br /><br />The place is very quiet despite being located on curtain road, right at the heart of London nightlife's hustle a", "host_name": "Sabrina", "host_id": 19905357, "host_url": "https://www.airbnb.com/users/show/19905357", "host_picture_url": "https://a0.muscache.com/im/users/19905357/profile_pic/1434491097/original.jpg?aki_policy=profile_x_medium", "neighbourhood_cleansed": "Hackney", "latitude": 51.52385, "longitude": -0.07958, "property_type": "Entire rental unit", "room_type": "Entire home/apt", "accommodates": 3.0, "bathrooms": 1.0, "bedrooms": 1, "beds": 2, "amenities": ["Essentials", "Wifi", "Washer", "Long term stays allowed", "TV", "Smoke alarm", "Hair dryer", "Iron", "Carbon monoxide alarm", "Kitchen", "Heating"], "price": 102.0, "numbers_of_review": 6.0, "review_scores_rating": 4.2, "reviews": [{"name": "Aldo", "date": "2016-07-11", "review": "Hermoso departamento, Sabrina siempre dispuesta a ayudarnos. Lindo, limpio y excelente ubicaci\u00f3n gastron\u00f3mica"}, {"name": "Traci", "date": "2016-07-18", "review": "Great location with easy access to sightseeing. Apartment is cute with a comfy spacious bed."}, {"name": "Diana", "date": "2016-08-10", "review": "Good communication with the host! Great place, exactly like the pictures and very close to bus and tube station. I would really recommend it."}, {"name": "Mary", "date": "2016-09-01", "review": "Nice flat in lively area. The only issue (which she notified me about) was that the shades wouldn't close in the living area so there was sometimes a lack of privacy but it wasn't too bad as it was looking into a courtyard. Just awkward if others were also in courtyard. "}, {"name": "Linh Chi", "date": "2016-09-05", "review": "Sabrina's flat was lovely and even though located in the middle of busy shoreditch it was nice and quite thanks to the little courtyard. Excellent location close to loads of fun things. The rooms were as beautiful as in photos.\r<br/>\r<br/>Communication with Sabrina was easy and even though we never got to meet her in person she was very helpful."}]}