{
    "id": 11898411,
    "listing_url": "https://www.airbnb.com/rooms/11898411",
    "name": "Gorgeous house",
    "description": "Gated community",
    "host_name": "Alicia",
    "host_id": 12820622,
    "host_url": "https://www.airbnb.com/users/show/12820622",
    "host_picture_url": "https://a0.muscache.com/im/pictures/user/761340ab-d720-42de-9712-c082ce305716.jpg?aki_policy=profile_x_medium",
    "neighbourhood_cleansed": "Waltham Forest",
    "latitude": 51.55499,
    "longitude": -0.00238,
    "property_type": "Entire loft",
    "room_type": "Entire home/apt",
    "accommodates": 1.0,
    "bathrooms": 1.0,
    "beds": 1,
    "price": 75.0,
    "numbers_of_review": 3,
    "review_scores_rating": 5.0,
    "reviews": [
        {
            "name": "Alison",
            "date": "2016-04-12",
            "review": "The bed was so comfortable. My host was kind enough to help me get the right bus direct to her house. She'd thoughtfully provided my ideal breakfast combo. Can't wait to return! "
        },
        {
            "name": "Alison",
            "date": "2017-05-10",
            "review": "Carparking is a plus."
        },
        {
            "name": "Alison",
            "date": "2019-04-09",
            "review": "blah blah blah"
        }
    ]
}