{"id": 1208955, "listing_url": "https://www.airbnb.com/rooms/1208955", "name": "Relaxing Georgian house in London", "description": "Located in SE London. 20 mins to London Bridge by train. The O2 arena, Excel, historical Greenwich and Blackheath are a short bus ride. <br />Our house is arranged over 3 floors. Comfy double bedroom available, make yourself at home in the rest of the house. We have two rooms available, if you would like both rooms, the booking will need to be made as 3 guests. Thank you.<br /><br /><b>The space</b><br />Our house is a unique Georgian terrace, we encourage guests to make themselves at home. You will have your own bathroom and spacious lounge to relax. We don\u2019t have any rules or no go areas, guest just make themselves at home and enjoy the house and garden. We are on hand if needed to offer friendly advice, best transport routes and book hidden gem restaurants for guests.<br /><br /><b>Guest access</b><br />Lounge<br />Garden<br />Bathroom<br /><br /><b>Other things to note</b><br />Our area is very well connected for transport. We have bus / train / dlr all within walking distance and ", "host_name": "Devindra", "host_id": 719504, "host_url": "https://www.airbnb.com/users/show/719504", "host_picture_url": "https://a0.muscache.com/im/pictures/user/dbbe1dfe-c856-4bb1-9dd2-ec671ad039cc.jpg?aki_policy=profile_x_medium", "neighbourhood_cleansed": "Greenwich", "latitude": 51.48678, "longitude": 0.05079, "property_type": "Private room in home", "room_type": "Private room", "accommodates": 3.0, "bathrooms": 2.5, "bedrooms": 2, "beds": 2, "amenities": ["Extra pillows and blankets", "Hair dryer", "Hangers", "Dishes and silverware", "Essentials", "Shampoo", "TV with standard cable", "Free street parking", "Bed linens", "Carbon monoxide alarm", "Wifi", "Heating", "Coffee maker", "Dishwasher", "Backyard", "Long term stays allowed", "Microwave", "Refrigerator", "Iron", "Lock on bedroom door", "Hot water", "Smoke alarm", "Lockbox", "Cable TV"], "price": 80.0, "numbers_of_review": 70.0, "review_scores_rating": 4.94, "reviews": [{"name": "Sarah", "date": "2016-05-15", "review": "Nous avons pass\u00e9 un weekend \u00e0 Londres chez Devindra. Ce fut une tr\u00e8s bonne exp\u00e9rience!  La maison est tr\u00e8s jolie tout comme la chambre. Nos h\u00f4tes \u00e9taient tr\u00e8s gentils et pr\u00e9venants. Le petit d\u00e9jeuner \u00e9tait \u00e9galement parfait ! Ce fut un agr\u00e9able s\u00e9jour, nous y retournerons sans h\u00e9sitation !\r<br/>"}, {"name": "Zden\u011bk", "date": "2016-06-05", "review": " The best experience, really! We sort out all the details quickly and I have finished the booking for my friends. Before arrival we spoke on phone and check if everything is okay.\r<br/> Devindra was waiting for us even it was really late when we arrived, gave us warm welcome, asked if we need some refreshments or diner. He showed us his place and the room, everything spotless (plus he has awesome fish tank in the bathroom :D ). He gave us keys and told guys to taky something for a breakfast in the kitchen.\r<br/> Definitely good experience. \r<br/>\r<br/>Thanks!"}, {"name": "Cyril", "date": "2016-06-13", "review": "Notre accueil \u00e0 \u00e9t\u00e9 chaleureux avec des h\u00f4tes particuli\u00e8rement bienveillants et soucieux de nous faire profiter de notre s\u00e9jour.\r<br/>Probablement l'un des meilleurs rapport qualit\u00e9/prix \u00e0 Londres avec en prime le petit d\u00e9jeuner copieux. \r<br/>Encore merci pour ce week-end "}, {"name": "Ria", "date": "2016-06-16", "review": "Had a lovely stay - the location was ideal for visiting Greenwich we felt quite safe. The room was very clean and well-presented and had everything we needed for a comfortable stay. The host made us feel very welcomed, and give great tips on what we could do in the neighborhood to maximize our time. Would definitely stay here again when next we visit Greenwich."}, {"name": "Julie", "date": "2016-06-20", "review": "Super accueil, tout nous \u00e0 \u00e9t\u00e9 fourni. L'h\u00f4te est tr\u00e8s sympathique et nous a pr\u00e9par\u00e9 le petit d\u00e9jeun\u00e9 et offert des petits chocolats! Parfait :)"}, {"name": "Jennifer", "date": "2016-06-27", "review": "Devindra's place is a really nice place,he and his housemates are friendly 100% recommend .Thanks a lot Devindra."}, {"name": "Ross", "date": "2016-06-29", "review": "Had a lovely nights stay at Devindra's property. The room was spacious and they were very friendly in welcoming us. Additional touches such as shampoo, conditioner and breakfast really made the difference. Thanks again."}, {"name": "Leanne", "date": "2016-07-06", "review": "My daughter and I felt very much at home here. Devindra's home is great and they were so friendly and welcoming. They are very helpful with getting around. Don't be shy to ask for help...even before you get there. It can save you from bad ideas like renting a car in London :) Highly recommend this AirBnB!"}, {"name": "Mayuri", "date": "2016-07-11", "review": "Devindra and Kevin were lovely hosts who were friendly and welcoming and were accommodating even when we arrived earlier than planned. They have a lovely home and our room was very comfortable. There is a bus stop outside the house which takes you to north Greenwich tube station in 20-30 minutes. We only had a short stay but would definitely recommend their home to other travellers. Thank you very much!"}, {"name": "Andrew", "date": "2016-07-14", "review": "Amazing, wonderful quirky house. Nice comfortable room.\r<br/>\r<br/>Sociable and lovely hosts.\r<br/>\r<br/>Will definately be staying there again.\r<br/>\r<br/>Thanks chaps!"}]}