{"id": 12417402, "listing_url": "https://www.airbnb.com/rooms/12417402", "name": "Studio Flat in Great Location", "description": "Studio flat situated on the ground floor of this beautiful building, just 5 min walk from St John's Wood Station. The ideal pied a terre to explore London with plenty of transport links available. The flat is fully furnished. Ideal for 2 people.", "host_name": "Ognjen", "host_id": 17630520, "host_url": "https://www.airbnb.com/users/show/17630520", "host_picture_url": "https://a0.muscache.com/im/pictures/user/7c56718c-1e7b-4bff-a32b-76a51399cace.jpg?aki_policy=profile_x_medium", "neighbourhood_cleansed": "Westminster", "latitude": 51.52919, "longitude": -0.17741, "property_type": "Entire rental unit", "room_type": "Entire home/apt", "accommodates": 2.0, "bathrooms": 1.0, "bedrooms": null, "beds": 1, "amenities": ["Essentials", "Wifi", "Washer", "Long term stays allowed", "Shampoo", "Smoke alarm", "Hair dryer", "Iron", "Carbon monoxide alarm", "Dryer", "Hangers", "Kitchen", "Heating", "Hot tub"], "price": 75.0, "numbers_of_review": 21.0, "review_scores_rating": 4.57, "reviews": [{"name": "Cian", "date": "2016-05-29", "review": "This place was absolutely brilliant. The flat has everything you need, with all of the right facilities, great security, and plenty of space. I had absolutely no issues during my two week stay.\r<br/>\r<br/>The neighbourhood is quiet, friendly, and perfectly located for visits to regents park, little venice, and Lords cricket stadium. It's also very easy to get to neighbouring tube stations.\r<br/>\r<br/>Ogi was also an amazing host. He made my feel very welcome from the beginning and made himself available for contact at any time. He checked in to make sure everything was okay a couple of times, and also left some beers in the fridge :)"}, {"name": "Yizhe", "date": "2016-06-14", "review": "I had a great stay treated by great hospitality, clean and lovely room, and quiet neighborhood.<br/>Ogi and his wife are very kind and responded to troubles immediately.<br/>The room was far better than I expected."}, {"name": "Elizabeth", "date": "2016-06-22", "review": "From the very beginning, Ogi and Selin were very kind and welcoming. We received some wonderful advice on where to eat, how to get from place to place, and were excellent communicators. They made us feel comfortable and safe with their fantastic communication and swift responses to inquiries.  \r<br/>\r<br/>The flat was exactly as we expected it, and was a perfect space for two people! Walking to St. John's Wood underground station was a breeze. It was super cool to be able to cross Abbey Road so many times when walking to and from the station! There was a market about a block away from the flat, so it was easy to walk down and get some items to stock the kitchen during our stay. \r<br/>\r<br/>We agree that we would definitely stay in this flat again, given the chance. We miss it already! "}, {"name": "Artjoms", "date": "2016-06-24", "review": "The apartment is small, but clean. The view from the window is not very impressive since it's on the ground floor and overlooks the backyard, but it is silent. I also appreciated fresh flowers on the table."}, {"name": "Jonathan", "date": "2016-07-08", "review": "Really lovely flat in a convenient location. The host was very responsive and easy to get ahold of. Would stay here again anytime."}, {"name": "Erica", "date": "2016-07-13", "review": "My best friend and I had a wonderful stay in Ognjen's flat! It was just a short walk from the tube station and the lovely neighborhood of St. John's wood. We loved that the neighborhood was quiet, but with a few fun little pubs and restaurants. It was a nice place to return to after a day in busy London!"}, {"name": "Avi", "date": "2016-07-17", "review": "The flat was clean and well located near Regents park, Lord's Cricket stadium, and a few tube stops. Not a bad walk from Paddington too. Good size for a studio, simple, but has everything you need. Enjoyed my stay. Thanks Ogi!"}, {"name": "Johanna", "date": "2016-09-30", "review": "Great place to stay"}, {"name": "Johanna", "date": "2016-10-08", "review": "Great stay at perfect location!"}, {"name": "Katherine", "date": "2016-11-06", "review": "Ognjen and his wife were very kind to allow me late check out due to my flight time. They were fashionably on time when I checked in. Communication via smart phone had always been smooth and efficient.  St Johns Wood area is wealthy and safe, being a north Londoner I really appreciated the location.  Overall a very good experience for a short stay. "}]}