{"id": 1261899, "listing_url": "https://www.airbnb.com/rooms/1261899", "name": "Hostel Price's IN Fab Camden London", "description": "Bargain Hostel Price for a Lovely stay in a superb London location!<br /><br />Single Room and with all necessities in a superb location with excellent transport links and minutes away from all London has to offer Parks, Bars, Night-life, Museums.<br /><br /><b>The space</b><br />About Room to let:<br /><br />The room available to rent is a large single room in a quiet well located one bedroom flat. It has a single bed, canvas wardrobe, arm chair, table and chair and bookshelf. It is clean, bright and airy with wooden floors. <br /><br />The bathroom and kitchen have recently been refitted and the flat is clutter free, quiet, clean and tidy.<br /><br />The flat will be shared with myself. I am quiet, friendly, easy going and keep myself to myself.  I have a studio set up in  the other room.<br /><br />The kitchen and bathroom equipped with all mod cons, which you are welcome to use during your stay here and help yourself to tea and coffee and use the fridge. There is 24 hour heating an", "host_name": "Shiri", "host_id": 6872490, "host_url": "https://www.airbnb.com/users/show/6872490", "host_picture_url": "https://a0.muscache.com/im/pictures/user/e27c58fd-9e69-47ff-91a3-0209ba52c480.jpg?aki_policy=profile_x_medium", "neighbourhood_cleansed": "Camden", "latitude": 51.55468, "longitude": -0.1464, "property_type": "Private room in rental unit", "room_type": "Private room", "accommodates": 1.0, "bathrooms": 1.0, "bedrooms": 1, "beds": 1, "amenities": ["Extra pillows and blankets", "First aid kit", "Oven", "Hair dryer", "Wine glasses", "Dining table", "Hangers", "Cleaning products", "Dishes and silverware", "Rice maker", "Luggage dropoff allowed", "Essentials", "Shampoo", "Cooking basics", "Bed linens", "Clothing storage: dresser and closet", "Shower gel", "Bathtub", "Heating", "Wifi", "Safe", "Long term stays allowed", "Hot water kettle", "Microwave", "Portable fans", "Refrigerator", "Room-darkening shades", "Iron", "Body soap", "Drying rack for clothing", "Kitchen", "Stove", "Lock on bedroom door", "Toaster", "Dedicated workspace", "Hot water", "Washer", "Smoke alarm", "Ethernet connection", "Laundromat nearby", "Freezer"], "price": 65.0, "numbers_of_review": 20.0, "review_scores_rating": 4.65, "reviews": [{"name": "Gabriela Edna", "date": "2022-05-17", "review": "I had a really lovely 6 night stay here. Shiri is a very lovely host who is up for good conversation, advice and recommendations, but also very much able to provide you with privacy, depending on your needs. Shiri was there to meet me when I arrived to show me the space, and was very prompt in addressing my needs. The room is cosy and was perfect for me, as I was mostly out during the day and very happy to head back to a comfortable bed and space to call my own. The location is fantastic - 10 mins walk to Kentish Town, Tufnell Park and Gospel Oak stations, and a bus stop just outside with buses that can take you to central London. There is a Sainsburys at the entrance of both Kentish Town and Tufnell Park stations which was perfect for me to grab anything I needed on my way back. I would definitely recommend this space!"}, {"name": "Peilinwang", "date": "2022-05-29", "review": "\u5f88\u597d"}, {"name": "Russell", "date": "2022-06-02", "review": "The room is very comfortable and the apartment is located in Northwest London but fairly central to the City and the West End.<br/>Shiri was  very accommodating in terms of my unusual early arrival & late departure.  She\u2019s also very friendly and helpful.<br/>Rates are reasonably priced and correct for Airbnb, unlike most other hosts in London who seem to be charging hotel rates which defies the whole object of Airbnb."}, {"name": "Mingjun Tong", "date": "2022-06-03", "review": "The description is accurate as to what the host said. The convenient location and private space. The host is so kindly and hospitality and warm"}, {"name": "Rossana", "date": "2022-06-06", "review": "Everything you need for a stay in London and a very friendly and welcoming atmosphere. Highly recommended."}, {"name": "Heidi", "date": "2022-06-13", "review": "perfect location absolutely ideal for exploring London  comfortable and great price with everything you need. would recommend \ud83d\udc4c"}, {"name": "Christina", "date": "2022-06-16", "review": "Small apartment nicely located in Kentish Town in Camden.<br/>It\u2019s exactly as described and Shiri is a nice and welcoming host."}, {"name": "Monika", "date": "2022-06-24", "review": "Great communication with the owner and the place is really nice. Totally recommend!"}, {"name": "Michelle", "date": "2022-06-27", "review": "Nice room in Shiris apartment. Apartment was like in description. Near to the apartment was a bus stop and around a 10-15 minute walk away was the subway. <br/>The communication with Shiri was really nice and the check-in, aswell as the check-out were really easy."}, {"name": "Simiyon", "date": "2022-06-29", "review": "Good place."}]}