{"id": 12747971, "listing_url": "https://www.airbnb.com/rooms/12747971", "name": "Quirky Notting Hill Studio Flat", "description": "A homely, bright studio flat in a vibrant location minutes from Portobello Road and Westbourne Park tube station. Easy access to central London and nearby Hyde Park. The flat has a really fun, quirky style and is a perfect place to enjoy London from.", "host_name": "Josh", "host_id": 69336936, "host_url": "https://www.airbnb.com/users/show/69336936", "host_picture_url": "https://a0.muscache.com/im/pictures/user/2ed6f065-16cf-434a-aa8f-b3fb32f894dc.jpg?aki_policy=profile_x_medium", "neighbourhood_cleansed": "Westminster", "latitude": 51.52025, "longitude": -0.20273, "property_type": "Entire rental unit", "room_type": "Entire home/apt", "accommodates": 2.0, "bathrooms": 1.0, "bedrooms": null, "beds": 1, "amenities": ["Essentials", "Wifi", "Washer", "Long term stays allowed", "Fire extinguisher", "Smoke alarm", "Iron", "Hangers", "Dryer", "Kitchen", "Heating"], "price": 65.0, "numbers_of_review": 1, "review_scores_rating": 5.0, "reviews": [{"name": "Juan", "date": "2016-07-02", "review": "Great experience overall! The flat is exactly what you see in the pictures. Checking in and out was easy. We didn't get to meet Josh as he was away but he was very kind and answered all our questions. He also left us a great brochure explaining everything and giving tips on things to do. \r<br/>The neighbourhood is great. Quiet. Really close to the tube. Easy access everywhere.\r<br/>Bed is really comfortable. Bathroom is shared but we had no trouble at all. It was pretty much as having it to ourselves as we never saw another person using it.\r<br/>\r<br/>Overall fantastic airbnb experience again. Thanks, Josh!\r<br/>"}]}