{"id": 13148225, "listing_url": "https://www.airbnb.com/rooms/13148225", "name": "Spacious charming cozy D/BR. 10 minute overground", "description": "Welcome!Our bright and comfortable double room with Proven\u00e7al Style furniture has a truly romantic feeling! In a newly decorated home ,It accommodates two in the new double bed with new memory mattress and feather pillows, rest is assured after a long day. Interesting local area, easy access to Central London<br /><br /><b>The space</b><br />This is a master good sized double bedroom in a large family friendly semi-detached home in London , borough of Southwark. <br />The room is beautifully lit by a large bay window that cover most of one wall. There is a gas fireplace and is furnished in a romantic French style, with a provencal feel and smell of lavender . <br />Newly refurbished with new bed and memory mattress , and new pillows. <br />There is a fridge in the room , which will be filled with some drinks, milk, juices  and water , there will also be a kettle so that you can help yourself with tea and coffee anytime you want it . However you are more than welcomed to join us in the ", "host_name": "Raffaella", "host_id": 13266371, "host_url": "https://www.airbnb.com/users/show/13266371", "host_picture_url": "https://a0.muscache.com/im/users/13266371/profile_pic/1395608875/original.jpg?aki_policy=profile_x_medium", "neighbourhood_cleansed": "Southwark", "latitude": 51.45438, "longitude": -0.04968, "property_type": "Private room in home", "room_type": "Private room", "accommodates": 3.0, "bathrooms": 1.0, "bedrooms": 1, "beds": 2, "amenities": ["Extra pillows and blankets", "First aid kit", "Oven", "Hair dryer", "Hangers", "Dishes and silverware", "Luggage dropoff allowed", "Essentials", "Patio or balcony", "Shampoo", "Free street parking", "Bed linens", "Carbon monoxide alarm", "Shower gel", "Indoor fireplace", "Wifi", "Heating", "Children\u2019s books and toys", "Coffee maker", "Backyard", "Long term stays allowed", "Host greets you", "Microwave", "Refrigerator", "Outdoor dining area", "Iron", "Kitchen", "Breakfast", "Hot water", "Washer", "HDTV with premium cable", "Smoke alarm", "Outdoor furniture"], "price": 67.0, "numbers_of_review": 83.0, "review_scores_rating": 4.89, "reviews": [{"name": "Jeka", "date": "2016-10-20", "review": "Rafaella and her beautiful family welcome us at our late arrival  (after 23:00) and provided us all we need, expected and IAW with her listing's description. The room particularly and the whole house are very nice clean. Pictures describe the house exactly and there are no unpleasant surprises like \"not as described\" or \"pictures are better than reality\". The hosts provide great deal of hospitality and are very friendly. The atmosphere of stay is very warm and you feel like at your home or at your close relatives. They told us a lot about the vicinity, best transportation options and even recommended some places to visit. Very nice people with very polite, smart and cute children.\r<br/>We spent there 5 nights in the middle of October'16 and we recommend this place and this family for your stay in London. We enjoyed our stay very much. "}, {"name": "Nicola", "date": "2016-11-13", "review": "We had a lovely stay with Raffaella and her family. They are very friendly and welcoming and their children are beautifully behaved. The room is spacious, well presented and very clean. Not the most conveniently placed for the tube but there are good bus links if you have the time to get places! Would definitely recommend! "}, {"name": "\u6930", "date": "2016-12-08", "review": "Superb family, very friendly and great place to live, very clean and very nice house. It has really easy access to transportation into central London. <br/>"}, {"name": "Sara", "date": "2017-03-05", "review": "We booked Raffaella's place in order to attend a nearby wedding. Raffaella had excellent communication throughout and gave us lots of advice about how to travel to places. There is a bus stop located very close by and her husband even kindly picked us up from the train station.<br/>The house is quiet, warm, spotlessly clean and comfortable. Our room was larger than we expected and had everything we needed. If in London again we would definitely stay again! Thank you x"}, {"name": "Maira", "date": "2017-03-30", "review": "Raffaella \u00e9 realmente uma pessoa ador\u00e1vel, assim como toda a sua fam\u00edlia!<br/>Meu quarto estava impec\u00e1vel, com todo o conforto necess\u00e1rio para que eu imediatamente sentisse-me em casa!<br/>Foi realmente um prazer a minha estadia e certamente voltarei em uma pr\u00f3xima oportunidade!<br/>IMPERD\u00cdVEL "}, {"name": "Jennifer", "date": "2017-04-30", "review": "Raffaella is a very welcoming and warm person.<br/>I thank her and her familiy for their hospitality.<br/>They were avaliable, took the time to talk with us, tell us about their origins, their life in London and how to get access to the amenities of London <br/>The house is located in a quiet and familiy area.<br/>Access to transports and central London is very easy from home<br/>We felt right at home, we had the right to a breakfast each morning prepared by our hosts.<br/>The room is clean, spacious, comfortable and well apointed.<br/>I recommend this accommodation to anyone who is passing through London, all conditions are met for a pleasant moment."}, {"name": "Nick", "date": "2017-05-12", "review": "My parents had a fantastic stay at Raffaella's house. Raffaella and her family are lovely and really looked after them. They house was very clean - I would highly recommend this place."}, {"name": "Stuart", "date": "2017-06-17", "review": "I stayed with Raffaella for five nights while I am inbetween rented accommodation. The location of the house is in a lovely estate which is quiet and clean. She was very welcoming into her home. She has two lovely children who were very well behaved for the whole time I was there. The room is very spacious with a very comfortable bed. It had a flat screen television connected to a sky box. There's also a fridge in the room and tea & coffee making facilities.<br/>There were a few things that I should have checked before booking the accommodation, however. As a working professional, I was keen to save money while staying with Raffaella, so would have loved to be able to cook meals at the house. It is mentioned in the details that they prefer you to not cook while staying with them, but that's my own fault as I didn't check the description fully. I would say however that it's a little confusing due to the pictures attached containing many of the kitchen area. They were however very kind to let me cook breakfast in the morning and bring back a meal to heat in the microwave for evening dinners. Secondly, the location of the house can make it slightly difficult to access a train station, particularly at night. To get to honor oak park station, you need to walk through a cemetary which closes at 7.30pm, then you're only choice is to walk up a hill in the dark which is not lit at all. <br/>Also, the bathroom which you have access to is just off the kitchen and living area, so be prepared to say hello before taking your morning shower.<br/>Overall I was made to feel very welcome and the room was very comfortable. If you're visiting London and are expecting to be out most days and eating out while you do so, then this would be perfect for you. "}, {"name": "Gerard", "date": "2017-07-02", "review": "Nous avons beaucoup appr\u00e9ci\u00e9 l'accueil de Raffaella et de sa petite famille. Nous avons obtenu des informations utiles pour notre s\u00e9jour. Notre chambre \u00e9tait spacieuse et confortable. Habitation situ\u00e9e dans un quartier tres calme. Bus \u00e0 proximit\u00e9 tres pratique pour se rendre au centre de Londres. Petits commerces alimentaires tout pr\u00eat. Nous avons du completer le petit dejeuner. Nous recommandons."}, {"name": "Angela", "date": "2017-07-13", "review": "Sono stata qui con mio marito e mia figlia di 14 anni,la casa \u00e8 tranquilla ,un po' lontana dal centro ma collegata con bus,treni e overground.L'accoglienza \u00e8 stata ottima,ci siamo sentiti accolti come in famiglia.Raffaella,suo marito Federico e i figli Joseph e Sabrina ,sono  splendidi e disponibili.<br/>Il soggiorno \u00e8 stato davvero piacevolissimo. Ve lo consiglio vivamente."}]}