{"id": 13523040, "listing_url": "https://www.airbnb.com/rooms/13523040", "name": "Battersea Private Room", "description": "We are located on a quiet street, close to numerous buses. Vauxhall tube st (Victoria/Northen line) its 10min walk.<br /><br />Victoria Station or Oxford circus is 12min away with the tube. We are also 5min away from Battersea Park train Station.<br /><br />If your idea of home is a quiet place, organized and CLEAN, this is the room for you.<br /><br />Looking forward to hearing from you.<br /><br />Cheers<br />Andrea", "host_name": "Andrea", "host_id": 11187416, "host_url": "https://www.airbnb.com/users/show/11187416", "host_picture_url": "https://a0.muscache.com/im/pictures/user/c684da74-fad4-4763-938a-90257c9da529.jpg?aki_policy=profile_x_medium", "neighbourhood_cleansed": "Wandsworth", "latitude": 51.47991, "longitude": -0.1416, "property_type": "Private room in rental unit", "room_type": "Private room", "accommodates": 1.0, "bathrooms": 1.0, "bedrooms": 1, "beds": 1, "amenities": ["Essentials", "Wifi", "Washer", "Free parking on premises", "Long term stays allowed", "Elevator", "Host greets you", "Smoke alarm", "Hair dryer", "Iron", "Carbon monoxide alarm", "Kitchen", "Heating"], "price": 52.0, "numbers_of_review": 11.0, "review_scores_rating": 4.55, "reviews": [{"name": "Nick", "date": "2016-06-27", "review": "Andrea was a great host! She welcomed us into her home and provides helpful tips and tricks within the city."}, {"name": "Rob", "date": "2016-07-22", "review": "Very welcoming hostess!   A brief stop for one night and I was very happy with my choice. I would stay again."}, {"name": "Paula C", "date": "2016-09-13", "review": "Andrea was so kind and welcoming--a fabulous host. The apartment is chill and very clean, and it's also just a block or so from a stop for an all-night bus, which made travel around London super convenient, even late."}, {"name": "Maximilian", "date": "2016-09-17", "review": "Andrea was very friendly and welcoming. She was very helpful when I had any questions or so. Her place is great and with her help very easy to find. It was very clean and quiet. I enjoyed it a lot to stay there. I would book it again."}, {"name": "Maximilian", "date": "2016-09-22", "review": "I stayed the second time at Andrea's place. It was again perfectly great. "}, {"name": "David", "date": "2016-10-30", "review": "Acceptable stay, but very expensive considering the area."}, {"name": "Cloudy", "date": "2016-11-05", "review": "Andrea's place is convenient to central London and there is a 24 hour bus service just across the road from the house. Unfortunately there was no heating in the house unlike what was stated in the description, so the room was very chill. The room was big but there was only 1 pillow available, no hangers/space to hang clothes. Sharing 1 bathroom with the other 2 housemate. Expensive considering the conditions. "}, {"name": "Maximilian", "date": "2016-11-26", "review": "Thank you Andrea! It was again a great stay at your place. "}, {"name": "Maria", "date": "2017-05-18", "review": "Andrea is a lovely girl and we will definitely stay with her again!"}, {"name": "Maria", "date": "2017-06-09", "review": "Thank you again Andrea!"}]}