{
    "id": 13556269,
    "listing_url": "https://www.airbnb.com/rooms/13556269",
    "name": "Double room with mezzanine & en-suite in warehouse",
    "description": "Cozy double room located in a growing area in the heart of East London. <br />Nearby you will find restaurants, shops and a lovely park next to the canal in wich enjoy some relax. Otherwise, you can easily reach Dalston and Shoreditch, landmarks for a night out.<br />In the shared space there is a smoking area.<br /><br /><b>The space</b><br />The room is a very large mezzanine. On the top floor there is a double bed, a desk and sofa. Underneath your private bathroom. <br /><br />You will share the house with other 11 friendly chilled people.<br /><br />In the house you will find:<br />A large kitchen with two taps, two ovens, two cookers, two micro, your own fridge and a cupboard where you can store your food. <br />The living room with a projector.<br />A smoking area.<br />Bike parking.<br />A laundry with 2 washing machines and plenty of space to dry your clothes.<br /><br /><b>Guest access</b><br />Fell free to use the kitchen and the laundry (washing powder included) and access t",
    "host_name": "Marty",
    "host_id": 48810176,
    "host_url": "https://www.airbnb.com/users/show/48810176",
    "host_picture_url": "https://a0.muscache.com/im/pictures/user/d18a6e14-3ef8-4605-bb4d-b8abb6902a2c.jpg?aki_policy=profile_x_medium",
    "neighbourhood_cleansed": "Hackney",
    "latitude": 51.56554,
    "longitude": -0.05421,
    "property_type": "Private room in home",
    "room_type": "Private room",
    "accommodates": 2.0,
    "bathrooms": 1.0,
    "beds": 1,
    "price": 28.0,
    "numbers_of_review": 1,
    "review_scores_rating": 5.0,
    "reviews": [
        {
            "name": "Elizabeth",
            "date": "2016-08-18",
            "review": "The host was very helpful in anything I needed and the space was absolutely amazing and as pictured. Definitely recommend to anyone looking for a temporary home."
        }
    ]
}