{"id": 13932929, "listing_url": "https://www.airbnb.com/rooms/13932929", "name": "Lovely private room in Notting Hill, Portobello", "description": "Lovely double bedroom in a newly refurbished ground floor flat with high ceilings, large windows and many amenities. <br /><br />During your stay, someone will be staying in the back room who will be able to help with any information you need. <br /><br />Location: 1 minute from Portobello Road, site of the famous Portobello Market.<br /><br />Travel:   Within walking distance of Ladbroke Grove and Notting Hill Gate Tube Stations, and Bus stops for the 23 & 52 buses.", "host_name": "Redwan", "host_id": 82500941, "host_url": "https://www.airbnb.com/users/show/82500941", "host_picture_url": "https://a0.muscache.com/im/pictures/user/ead9b79f-032c-44cb-b267-ad3dd4656172.jpg?aki_policy=profile_x_medium", "neighbourhood_cleansed": "Kensington and Chelsea", "latitude": 51.51445, "longitude": -0.20294, "property_type": "Private room in rental unit", "room_type": "Private room", "accommodates": 2.0, "bathrooms": 1.0, "bedrooms": 1, "beds": 1, "amenities": ["Essentials", "Wifi", "Washer", "Long term stays allowed", "Smoke alarm", "Hair dryer", "Iron", "Carbon monoxide alarm", "Hangers", "Dryer", "Kitchen", "Heating", "Lock on bedroom door"], "price": 28.0, "numbers_of_review": 4, "review_scores_rating": 4.75, "reviews": [{"name": "Massimo", "date": "2016-07-25", "review": "L'host mi ha fatto accogliere da altri ospiti"}, {"name": "Bryan", "date": "2016-08-16", "review": "Was a great flat in a great area. Was very sad to leave! Great people and loads of Pokemon! :D"}, {"name": "Wiebke", "date": "2016-08-31", "review": "Wir hatten eine tolle Zeit in Notting Hill, vielen, vielen Dank!!\r<br/>\r<br/>Tolles, stilvolles viktorianisches Haus; sehr nette, hilfsbereite und aufgeschlossene WG- Mitbewohner; Lage in einem wundersch\u00f6nen, ruhigen Wohnviertel.\r<br/>Wir waren \u00fcber den Notting Hill Carnival dort, der quasi direkt vor der Haust\u00fcr stattfindet - ein echtes Erlebnis! Es war super, immer einen ruhigen, sauberen R\u00fcckzugsort zu haben und sich trotzdem jederzeit ins Get\u00fcmmel schmei\u00dfen zu k\u00f6nnen :)\r<br/>Die N\u00e4he zum Portobellomarket, wo auch einige gute Restaurants, Bars und Pubs sowie Superm\u00e4rkte zu finden sind, war toll!\r<br/>Die U-Bahn- Haltestellen sind jeweils ca. 10 Gehminuten entfernt. Die Anbindung ins Londoner Zentrum und zu den Sehensw\u00fcrdigkeiten ist sehr gut (Bus, U-Bahn).\r<br/>Wir w\u00fcrden die Unterkunft auf jeden Fall weiterempfehlen!"}, {"name": "James", "date": "2017-03-02", "review": "A back room in one of those huge white Georgian houses. Really nice to be 10 mins away from central London on the tube, but in a place that's quiet in the night, and with better air! I met Redwan and his mates, all nice guys, felt at home. Cheers Redwan"}]}