{"id": 14217544, "listing_url": "https://www.airbnb.com/rooms/14217544", "name": "1 BD Split Level Old Pub Conversion Tower Bridge", "description": "This brand new one bedroom pub conversion has unique interiors designed by a well known London Interior designer and architect. Our home is located on the bank of the River Thames, and the nautical feel running throughout reflects the local area well.<br /><br />If you're looking for a relaxing break away with friends, or want to visit the amazing sights London has to offer, our stylish property is the perfect base offering you the chance to experience a real taste of London.<br /><br /><b>The space</b><br />This flat has a very unusual history. It is a conversion from an old called \"The Ship\", and as you can see from the photos, this has been the inspiration for the interior design. The property is a split level with an open plan downstairs kitchen and living area. There is one bedroom with a double bed and a very comfortable double sofa bed in the living room too.<br /><br />The double height ceilings in the open space are over 6 m high, and the large original pub windows provide hug", "host_name": "John", "host_id": 25947129, "host_url": "https://www.airbnb.com/users/show/25947129", "host_picture_url": "https://a0.muscache.com/im/pictures/user/d6574f3a-d10e-46d5-8840-b21ada846940.jpg?aki_policy=profile_x_medium", "neighbourhood_cleansed": "Tower Hamlets", "latitude": 51.51205, "longitude": -0.05132, "property_type": "Entire rental unit", "room_type": "Entire home/apt", "accommodates": 4.0, "bathrooms": 1.0, "bedrooms": 1, "beds": 1, "amenities": ["42\\ HDTV with Netflix", "Amazon Prime Video", "First aid kit", "Oven", "Fire extinguisher", "Hair dryer", "Private entrance", "Hangers", "Dishes and silverware", "Essentials", "Shampoo", "Cooking basics", "Bed linens", "Carbon monoxide alarm", "Bathtub", "Shower gel", "Wifi", "Heating", "Dishwasher", "Long term stays allowed", "Microwave", "Refrigerator", "Iron", "Kitchen", "Stove", "Hot water", "Washer", "Smoke alarm", "Dryer", "Lockbox"], "price": 241.0, "numbers_of_review": 34.0, "review_scores_rating": 4.32, "reviews": [{"name": "Mike", "date": "2016-08-16", "review": "This was an incredible stay, although the flat is a bit off the beaten path it's relatively easy to get to once you get your bearings. It's close to some attractions and if you utilize the hop on hop off bus as we did its near the Tower bridge pick up point via one stop on the DLR. the design of the flat is thoughtful, modern, and sheik. You shouldn't be disappointed (it does get a bit warm however)."}, {"name": "Ashley", "date": "2016-08-26", "review": "Had an amazing time staying in John's home! It's decorated beautiful and is definitely cozy! It was easy to find and his communication was great. Would definitely recommend this place to anyone. It's beautiful! "}, {"name": "Iana", "date": "2016-09-04", "review": "The flat was amazing, everything you need for a short stay. Although can be hot due to large windows. "}, {"name": "\u9648", "date": "2016-09-05", "review": "It's really a beautiful house! DON'T miss it in London!"}, {"name": "Haylie", "date": "2016-09-09", "review": "John's place is really beautiful and stylish. We love the renovation very much!  If there was air conditioner, then everything would be perfect. Highly recommended!"}, {"name": "Danney", "date": "2016-09-11", "review": "I arrived with some questions and John did not get back to me until after I arrived.  That being said I enjoyed staying at his place with 1 fan and no AC!!!  ;) It was very muggy in the apartment with fan turned on.  Very nice place to stay when its very cold outside.  If its nice and sunny you are in for a muggy hot stay, there is one fan and 2 windows that open about 4 inches each.  Bedroom is very noisy at night since its very close to the road.  We slept downstairs on the sofa bed because of the noise. "}, {"name": "Michael", "date": "2017-01-02", "review": "Really great spot in London. Easy travels via public transit and Uber was always under 5 minutes away.<br/>Fresh towels and linens were ready on our arrival and a futon was perfect for having a friend over for a night or two. Wifi and TV worked perfectly and the kitchen was decently stocked.<br/>No hassle arriving - check-in and check-out were simple."}, {"name": "Krystal", "date": "2017-01-22", "review": "Johns place was incredible. We had a few minor issues checking in due to to the contracted cleaners not having been during the day, this was speedily fixed within 20 minutes a cleaner had arrived to polish everything. The place was comfortable and amazing for two girls moving country for the first time and needing a place to crash to start. John's home helped make London our home and we could not be more grateful. The place is perfectly decorated and public transport is so close you could jump there. <br/>Much appreciated!"}, {"name": "Lara", "date": "2017-05-05", "review": "This apartment is exactly how it looks in the photos and is fantastic value for money. It is very central and to get into heart of London, it's about a 20 minute subway ride - very easy. The place has all the ammenities you could need, and is kept very clean. Other reviews mentioned how hot the apartment was, but i didn't really find this to be the case. The bedroom got a little hot, but I simply opened the window and it was fine. I would stay here again in a heartbeat! "}, {"name": "Dennis", "date": "2017-05-08", "review": "The flat is very nice and cozy! You can easily walk to Shadwell station and within the area there are nice restaurants. So all in all I can definitely recommend this offer!"}]}