{"id": 14300858, "listing_url": "https://www.airbnb.com/rooms/14300858", "name": "Picturesque Notting Hill Studio", "description": "We are still accepting bookings and taking extra cleaning precautions throughout the building during the pandemic.<br /><br />This large and bright studio is in a beautiful house, in the heart of Notting Hill. This studio has an open plan kitchen with hob, refrigerator and a separate shower room with a power shower. It is decorated in an immaculate and contemporary style with  a faux-wooden floor. It has a TV and wifi. If two beds are needed, there will be an extra charge.<br /><br /><b>The space</b><br />The studio is self-contained, you have your own bathroom and kitchen. The bed is of double sized and all linen and towels are provided. If you are looking for a pied-a-terre, an overnight stop off or a London hide-away, this is the place for you!<br /><br />Please message us for the second bed to be set up, there will be a small charge  of \u00a320.<br /><br /><b>Guest access</b><br />We use a keyless entry system for check-in, more information regarding this will be sent to you upon booki", "host_name": "Max And Billie", "host_id": 82436841, "host_url": "https://www.airbnb.com/users/show/82436841", "host_picture_url": "https://a0.muscache.com/im/pictures/user/ddc3b1ab-e2d5-4953-8295-bbefa7a5e808.jpg?aki_policy=profile_x_medium", "neighbourhood_cleansed": "Kensington and Chelsea", "latitude": 51.51005, "longitude": -0.19486, "property_type": "Entire rental unit", "room_type": "Entire home/apt", "accommodates": 4.0, "bathrooms": 1.0, "bedrooms": null, "beds": 2, "amenities": ["Extra pillows and blankets", "Fire extinguisher", "Hair dryer", "Hangers", "Dishes and silverware", "Luggage dropoff allowed", "Essentials", "Shampoo", "TV with standard cable", "Cooking basics", "Smart lock", "Bed linens", "Wifi", "Heating", "Long term stays allowed", "Pack \u2019n play/Travel crib", "Refrigerator", "Iron", "Kitchen", "Stove", "Hot water", "Washer", "Paid parking off premises", "Smoke alarm", "High chair", "Dryer", "Cable TV"], "price": 164.0, "numbers_of_review": 417.0, "review_scores_rating": 4.48, "reviews": [{"name": "Cameron", "date": "2016-08-31", "review": "Max and Billie were great at keeping in communication and helping out as we were travelling from Manchester. The listing was very accurate, we really enjoyed our stay at the apartment. "}, {"name": "Katherine", "date": "2016-09-07", "review": "Beautiful location. Max and Billie were really helpful and easy to contact. <br/>(Please do be aware that there are several flights of stairs to carry your bags up). But otherwise self sufficient and tidy. "}, {"name": "Nicole", "date": "2016-09-13", "review": "Communication was very good! Location was lovely as well! The bed was arguably the best part of the whole studio; very comfortable to sleep in. Bathroom is small but serviceable. I will warn, however, that WiFi was dreadful -- either poor signal or just non-existent. This studio was also located near the top floor of the building and there was no lift. I had to carry a 20kg bag up 4-5 flights of narrow stairs! I'm not very strong, so this was difficult. I would stay here again (despite the bad WiFi), but only with lighter luggage. "}, {"name": "Kati", "date": "2016-09-17", "review": "Max and Billie's studio is for the most part, as described. I should note that while the layout is the same, the decor and some of the furniture is different from the photos. The studio is in a great location, just around the corner from an underground station and within walking distance to the portobello market and plenty of shops and bars. Overall, we enjoyed our stay, however I would strongly advise not staying here if you are at all dependent on wifi. We were traveling from over seas and only had access to our phones when we had wifi so booked our airbnb's accordingly. Their wifi was very in and out, mostly out. We were given two different networks to connect to throughout the duration of our stay and neither was very promising. We were also not told how to obtain the key until a few hours prior to check in. "}, {"name": "Justin", "date": "2016-09-23", "review": "Max and Billie were great hosts. We loved the location of the flat, with the park and various Tube stops so close. They were helpful and friendly in communication and even left some treats in the flat for us when we arrived. The only drawback was that the Wifi was not very good while we were there. They are working on improving the situation, though, so my guess is that is a temporary problem. All in all, a really great flat for the price and, to my mind, the location can't be beat."}, {"name": "Vicki", "date": "2016-09-30", "review": "Flat looked a bit tired compared to the photos but that was no problem. Lovely and clean, comfortable bed, great wi fi. Good location, close to shops, park and transport. Did not like climbing 69 steps to flat, would not have booked if I had known it was top floor. (Just don't like heights). Apart from that would recommend as good value for London. "}, {"name": "Katrin RE", "date": "2016-10-03", "review": "Das Apartment liegt super toll, U-Bahn direkt in der N\u00e4he. Schl\u00fcssel\u00fcbergabe problemlos.\r<br/>Das Zimmer war lieblos hergerichtet, alt und verwohnt,  den Preis nicht wert. Ich erwarte  keinen Luxus aber saubere und ordentliche M\u00f6bel. Bett ganz gut. Teppich total eklig. Um die Klosch\u00fcssel alles schwarz vor Schimmel. Klob\u00fcrste eine Zumutung.Es war nicht m\u00f6glich sich einen Kaffee zuzubereiten, die K\u00fcchenm\u00f6bel alt und abgeplatzt, sp\u00e4rliche Ausstattung der K\u00fcche."}, {"name": "Meetra", "date": "2016-10-12", "review": "My boyfriend and I stayed in London for a couple nights before heading to Iceland. Max and Billie's place was absolutely perfect. The location is amazing- very close to the Notting hill gate tube station. I highly recommend staying here if you're visiting London."}, {"name": "Antony", "date": "2016-10-23", "review": "Nice and comfortable apartment. Very clean and tidy. Very close to the centre of London, with plenty of eateries close by and a tube station a few minutes' walk away. There's a bakery/cafe en route to the main road which makes a great breakfast location. Do bring earplugs though - if the person in the apartment above comes home at 3am, you're going to be aware of it."}, {"name": "\uc9c0\ud604", "date": "2016-11-11", "review": "\uc6b0\uc120 \uc704\uce58\ub294 \ub178\ud305\ud790\uc5ed \uc815\ub9d0 \uac00\uae4c\uc774 \uc788\uace0 \uc2dc\ub0b4\uc5d0\uc11c\ub3c4 \uba40\uc9c0 \uc54a\uace0 \ubc84\uc2a4 \ub178\uc120\ub3c4 \ub9ce\uc544\uc11c \uc5ec\ud589\ud558\uae30\uc5d0 \ub531 \uc88b\uc740 \uacf3\uc774\uc5c8\uc5b4\uc694. \ub610 \uc704\uce58\ub3c4 \uc548\uc804\ud55c \ub3d9\ub124\ub77c \ubc24 \ub2a6\uac8c \ub2e4\ub140\ub3c4 \uad1c\ucc2e\uc744 \uc815\ub3c4\uc600\uc2b5\ub2c8\ub2e4. \uc219\uc18c\ub3c4 \ud6c4\uae30 \uc0ac\uc9c4\uacfc \uac70\uc758 \ud761\uc0ac\ud558\uace0 ( \uc0b4\uc9dd \uc881\uae34 \ud558\uc9c0\ub9cc) \uad00\ub9ac\ub3c4 \uc798 \ub418\uc5b4 \uae68\ub057\ud558\uace0 \uce68\uad6c\ub098 \uc218\uac74\uc740 \ub9cc\uc871 \uc2a4\ub7ec\uc6e0\uc5b4\uc694. \ub610 \ud638\uc2a4\ud2b8\ubd84\uacfc\uc758 \uc5f0\ub77d\ub3c4 \uad49\uc7a5\ud788 \ube60\ub974\uace0 \uc88b\uc558\ub2f5\ub2c8\ub2e4. \ucc98\uc74c \uccb4\ud06c\uc778\ud560\ub54c \ud0a4\ubc15\uc2a4\ub294 \ud55c\uad6d\uc778\uc5d0\uac8c\ub294 \uc870\uae08 \uc5b4\ub824\uc6b8 \uc218 \uc788\uc73c\ub2c8 \uaf2d \ud638\uc2a4\ud2b8\ubd84\uaed8 \uc5b4\ub5bb\uac8c \uc5ec\ub294\uac83\uc778\uc9c0 \ud655\uc778\ud558\uace0 \ubb3c\uc5b4\ubcf4\uc138\uc694. \uc800\ub3c4 \uc9c0\ub098\uac00\ub294 \uc601\uad6d\uc778\uc774 \ub3c4\uc640\uc8fc\uc168\ub2f5\ub2c8\ub2e4. \uadf8\ub9ac\uace0 \uc704\uce58\ub294 \uc88b\uc740\ub370 \uacc4\ub2e8\uc774 \uac00\ud30c\ub978 4\uce35\uc758 \uc544\ud30c\ud2b8\uc778\ub370\ub2e4\uac00 \uc5d8\ubca0\ub3c4 \uc5c6\uc5b4\uc11c \uc9d0 \uc62c\ub9ac\uace0 \ub0b4\ub9b4\ub54c \ub108\ubb34 \ud798\ub4e4\uc5c8\ub124\uc694. \ub610 \uc138\ud0c1\uae30\ub3c4 \uc9c0\ud558 4\uce35\uc5d0 \uc788\uc5b4\uc11c \ube68\ub798\ud558\uace0 \uc624\ub974\ub77d\ud558\ub290\ub77c \ud798\ub4e4\uc5c8\ub358 \uae30\uc5b5\uc774.. \uc774\ub7f0 \uc810\ub9cc \ube7c\uba74 \uae54\ub054\ud558\uace0 \uc548\uc804\ud574\uc11c \ub9cc\uc871\uc2a4\ub7ec\uc6b4 \uacf3\uc774\uc5c8\uc5b4\uc694. "}]}