{
    "id": 14339518,
    "listing_url": "https://www.airbnb.com/rooms/14339518",
    "name": "Cosy flat fully equipped (Barking underground st)",
    "description": "The flat has 1 bedroom, a bathroom, and a beautiful living room and kitchen. It is on a second floor and very quiet.<br /><br />- Free clean towels and bed sheets<br />- Strong Wifi connection<br />- Double glazed windows<br />- Shower gel, shampoo and hair dryer<br />- Full use of the kitchen <br />- Full use of the washing machine, tumble dryer and dishwasher<br />- Basic breakfast (e.g. tea/coffee, cereals...) <br />- London guides upon request<br />-1 double bed<br />-1 air bed for a third guest<br />-Flexible check in/check out hours",
    "host_name": "Alexis",
    "host_id": 8634152,
    "host_url": "https://www.airbnb.com/users/show/8634152",
    "host_picture_url": "https://a0.muscache.com/im/users/8634152/profile_pic/1378324487/original.jpg?aki_policy=profile_x_medium",
    "neighbourhood_cleansed": "Barking and Dagenham",
    "latitude": 51.534,
    "longitude": 0.08417,
    "property_type": "Entire rental unit",
    "room_type": "Entire home/apt",
    "accommodates": 3.0,
    "bathrooms": 1.0,
    "beds": 2,
    "price": 45.0,
    "numbers_of_review": 2,
    "review_scores_rating": 5.0,
    "reviews": [
        {
            "name": "Abayomi",
            "date": "2016-08-24",
            "review": "Very nice and clean flat. Alex is a wonderful host. Thank you"
        },
        {
            "name": "Laura",
            "date": "2016-09-19",
            "review": "Tr\u00e8s bon s\u00e9jour. L'appartement est comme sur les photos et surtout tr\u00e8s propre.  Il est situ\u00e9 dans un bon quartier avec beaucoup de commerces \u00e0 proximit\u00e9.  Nous avons \u00e9t\u00e9 tr\u00e8s bien accueilli je le recommande fortement. Alexis prenait le temps d'\u00e9changer avec moi quand je lui demand\u00e9 quelques choses. Que du positif tout \u00e9t\u00e9 fonctionelles et \u00e0 disposition."
        }
    ]
}