{
    "id": 14354497,
    "listing_url": "https://www.airbnb.com/rooms/14354497",
    "name": "Lovely 2 bed flat in Norbiton/Kingston Upon Thames",
    "description": "Lovely double room, opposite Kingston Hospital, right by Norbiton station which takes you to straight to Waterloo. Our place is very easy to get to, bright, quiet and welcoming! Richmond Park and the lively Kingston town centre and its riverside bars and restaurants are just around the corner. We do our best to make sure you have a great stay!<br /><br /><b>The space</b><br />Its a bright and quiet room with a double bed, simple but comfortable!<br /><br /><b>Guest access</b><br />During your stay feel free to use the bathroom and the kitchen.",
    "host_name": "Selma",
    "host_id": 17661141,
    "host_url": "https://www.airbnb.com/users/show/17661141",
    "host_picture_url": "https://a0.muscache.com/im/pictures/user/9707bf09-1854-4536-b69d-b06b170baefe.jpg?aki_policy=profile_x_medium",
    "neighbourhood_cleansed": "Kingston upon Thames",
    "latitude": 51.41386,
    "longitude": -0.28547,
    "property_type": "Entire rental unit",
    "room_type": "Entire home/apt",
    "accommodates": 4.0,
    "bathrooms": 1.0,
    "beds": 1,
    "price": 104.0,
    "numbers_of_review": 38.0,
    "review_scores_rating": 4.78,
    "reviews": [
        {
            "name": "Jule",
            "date": "2016-08-17",
            "review": "such a beautiful appartment in a great location - great and clean room & very friendly hosts !"
        },
        {
            "name": "Gemma",
            "date": "2016-08-29",
            "review": "We had a good stay, the room was as in the pictures and the house was clean. Babu (Selma's husband) was very polite and nice but we didn't have the chance to have long conversations, and Selma wasn't home. \r<br/>Eventhough the stay was very good. We would repeat. "
        },
        {
            "name": "Jade",
            "date": "2016-09-02",
            "review": "Hosts were great, very accommodating. Great communication before and during stay. Room is lovely, bed was comfy and a good size. <br/>Easy links into Kingston and close to town. Would stay here again and recommend :)"
        },
        {
            "name": "Rajina",
            "date": "2016-09-04",
            "review": "I booked the room for a relative and Selma and Babu were fantastic hosts. Lovely clean room as described, location was great and would book again!"
        },
        {
            "name": "Dinesh",
            "date": "2016-11-18",
            "review": "."
        },
        {
            "name": "Peter",
            "date": "2016-11-25",
            "review": "Sadly I didn't get to meet Selma and Babu, but through our emails they made me feel very welcome and kindly organised for their friend to meet me, let me in and show me all I needed to know. The flat was spacious, clean, warm, cosy and had everything I needed. With the nearest train station only a few minute walk away with great commuting links, and a large supermarket nearby too, it makes for a great location. I had a lovely stay and I would 100% recommend it to anyone."
        },
        {
            "name": "Sonia",
            "date": "2016-12-04",
            "review": "Selma & Babu are really nice people! <br/>The area is safe and just near to the station and many buses (3, 5min) walk."
        },
        {
            "name": "Dinesh",
            "date": "2016-12-09",
            "review": "This was my second stay at Selma\u2019s house and both time the experience was excellent... Both Babu and Selma are amazing host, very helpful and they will make you feel like at home. Room is nice and simple. I would happily stay here again.."
        },
        {
            "name": "Clemence",
            "date": "2016-12-27",
            "review": "We had a great stay. The location was ideal, the room was exactly what we needed and Selma was very helpful and easy to get in touch with. I will definitely use this place again. Thank you Selma."
        },
        {
            "name": "Beth",
            "date": "2017-01-22",
            "review": "Close to Norbiton station. Pub 1 minute walk and not far to kingston. <br/>Room was fine. A bit of noise in the morning from the other flats but not excessive. <br/>Friendly host. Bathroom and kitchen clean and available for guests to use. <br/>A pleasant stay. "
        }
    ]
}