{"id": 14367123, "listing_url": "https://www.airbnb.com/rooms/14367123", "name": "Basic single room, Tooting, ideal for Centr London", "description": "Open plan, period features, cosy flat with a single bedroom, with patio. Situated in the middle of Tooting, walking distance to pubs, restaurants and 6 minutes from Tooting broadway station.", "host_name": "Carolynn", "host_id": 28506501, "host_url": "https://www.airbnb.com/users/show/28506501", "host_picture_url": "https://a0.muscache.com/im/pictures/user/941c2e02-617c-412f-a69a-8fc24b96112d.jpg?aki_policy=profile_x_medium", "neighbourhood_cleansed": "Wandsworth", "latitude": 51.4213, "longitude": -0.16604, "property_type": "Private room in rental unit", "room_type": "Private room", "accommodates": 1.0, "bathrooms": 1.0, "bedrooms": 1, "beds": 1, "amenities": ["Oven", "Fire extinguisher", "Hair dryer", "Private entrance", "Dishes and silverware", "Essentials", "Patio or balcony", "Shampoo", "Cooking basics", "Paid parking on premises", "Wifi", "Heating", "Coffee maker", "Backyard", "Long term stays allowed", "TV", "Host greets you", "Microwave", "Refrigerator", "Kitchen", "Stove", "Hot water", "Washer", "Smoke alarm"], "price": 26.0, "numbers_of_review": 49.0, "review_scores_rating": 4.37, "reviews": [{"name": "Sarah", "date": "2016-09-07", "review": "Very helpful and welcoming host! "}, {"name": "Richard", "date": "2016-11-02", "review": "Carolynn was very laid back and accommodating. An affordable friendly place to stay that I would recommend. "}, {"name": "Anna", "date": "2016-11-04", "review": "Very comfortable night. It was a shame I couldn't spend more time with Carolynn as I was too busy.<br/>"}, {"name": "Lhoussaine", "date": "2016-11-08", "review": "Excellent contact avec Carolynn. Souriante, aimable et \u00e0 l'\u00e9coute.<br/>La chambre est comme d\u00e9crit, bien chauff\u00e9e et propre. Le lit est confortable.<br/>L'appartement se situe \u00e0 5 minutes \u00e0 pied de ealing broadway, o\u00f9 il y a de nombreux restaurants, fast food et supermarch\u00e9s. \u00c9galement \u00e0 5 minutes de la station de m\u00e9tro qui vous conduira directement au centre de Londres en quelques minutes.<br/>Un tr\u00e8s bon rapport qualit\u00e9/prix.<br/>Merci Carolynn."}, {"name": "Jane", "date": "2016-11-11", "review": "Easy to fine, the room was comfortable and what I expected. Very friendly host! "}, {"name": "Fabrice", "date": "2016-11-13", "review": "Personne sympathique pr\u00eate \u00e0 aider et qui m'a permis de trouver mon \u00e9tape suivante \u00e0 Londres. \r<br/>Carolynn est professeur de fran\u00e7ais ce qui la rend accessible pour les personnes ne parlant pas tr\u00e8s bien l'anglais :) .\r<br/>Le bien conforme \u00e0 la description.\r<br/>Bon rapport qualit\u00e9/prix\r<br/>"}, {"name": "Sally", "date": "2016-11-23", "review": "Carolynn was an amazing host one of the best that I have stayed with. She is so friendly and welcoming, she took the time to get to know me, and she asked about my day, and had time to talk.  She gave me free access to the kitchen which was amazing as I could cook a proper meal. no microwave jobs.  I told her about my favourite programme on BBC 1 and she invited me in to her living room to watch it on TV.  She couldn't do enough, great host, lovely house leaving you with a good experience. \r<br/>\r<br/>\r<br/> "}, {"name": "Zainab", "date": "2016-12-02", "review": "Excellent hostess, stayed up for me despite train delays. Made sure I was warm trough freezing winter nights. Very kind and considerate hostess "}, {"name": "Max", "date": "2016-12-10", "review": "Place was ideal for a budget room on a short visit but it could have been a little tidier. "}, {"name": "Luke", "date": "2016-12-18", "review": "Carolynn's communication leading up to my stay was great - very prompt & helpful. Unfortunately the room & bathroom were not clean."}]}