{
    "id": 14592247,
    "listing_url": "https://www.airbnb.com/rooms/14592247",
    "name": "Hackney flat Opposite Park",
    "description": "Renting out our lovely flat directly opposite Hackney Downs Park. It is a new build flat in a street with mostly victorian terraces. The flat comprises a lounge with open plan kitchen, two bed rooms (one actual bed room and the other one is furnished with a desk/workspace) and a modern bathroom. <br />Our place is in the Lower Clapton area of Hackney in walking distance from the action in Hackney. Broadway Market and London Fields is a 15 min walk, Dalston is a 15 min walk away.<br /><br /><b>The space</b><br />That flat is in a smaller new build next to the Hackney Downs park. The whole building comprises only 9 flats, so it is not one of those soul less new developments. The flat itself is pretty light with a lounge plus open plan kitchen and two bed rooms (one proper bed room with bed and one room with sofa bed and balcony).  The kitchen should have everything you need. We have a gas hob for cooking and lots of Le Creuset cookware (Pots, Pan, Wok, etc).<br /><br />The flat is our re",
    "host_name": "Eric",
    "host_id": 1443825,
    "host_url": "https://www.airbnb.com/users/show/1443825",
    "host_picture_url": "https://a0.muscache.com/im/users/1443825/profile_pic/1322315259/original.jpg?aki_policy=profile_x_medium",
    "neighbourhood_cleansed": "Hackney",
    "latitude": 51.55261,
    "longitude": -0.05825,
    "property_type": "Entire rental unit",
    "room_type": "Entire home/apt",
    "accommodates": 2.0,
    "bathrooms": 1.0,
    "beds": 1,
    "price": 115.0,
    "numbers_of_review": 14.0,
    "review_scores_rating": 4.86,
    "reviews": [
        {
            "name": "Sian",
            "date": "2016-10-14",
            "review": "Eric's flat was really lovely and perfect for our needs. It's in a great location next to the park and has lots of public transport nearby. It is also close to lots of cafe's, bars and restaurants. I know the area really well and I have to say it's my favourite neighbourhood in London. The flat itself was really clean and tidy and Eric was really accommodating in arranging our arrival. Highly recommended."
        },
        {
            "name": "Ka Man",
            "date": "2017-07-30",
            "review": "The place was exactly the same as it shows on Airbnb. It was very cozy and comfortable. Me and my son immediately felt like home on arrival. Everywhere and everything was very clean. The park next to it was our favourite. "
        },
        {
            "name": "Jean-Luc",
            "date": "2018-12-27",
            "review": "Tr\u00e8s agr\u00e9able appartement si vous cherchez sur Hackney. Transports, commerces et restaurants \u00e0 proximit\u00e9. <br/>De plus, Eric a \u00e9t\u00e9 tr\u00e8s arrangeant pour organiser notre arriv\u00e9e et notre d\u00e9part. <br/>En r\u00e9sum\u00e9, c'\u00e9tait parfait!"
        },
        {
            "name": "Wim",
            "date": "2020-01-02",
            "review": "Eric\u2019s flat is very comfortable and communication is fast and very precise. We liked the television apps and the bottle of prosecco in particular. A very good adress for two or three people."
        },
        {
            "name": "Maira",
            "date": "2021-09-03",
            "review": "Gostamos muito do apartamento. As fotos s\u00e3o fi\u00e9is ao que encontramos, boa localiza\u00e7\u00e3o para nossos prop\u00f3sitos, comunica\u00e7\u00e3o com o propriet\u00e1rio muito eficiente e gentil."
        },
        {
            "name": "Iwana",
            "date": "2021-09-19",
            "review": "Our stay at Eric\u2019s place has been perfect - great communication, amazing flat in nice location with everything you\u2019d need. They even wrote us a welcome card with a bottle of Cremant which was a nice detail! Would come back anytime."
        },
        {
            "name": "Jill",
            "date": "2021-10-26",
            "review": "Super fast and  accurate communication with the host. <br/>A modern,  spacious, well-equipped  and quiet two bedroom apartment in the vibrant neighbourhood of Lower Clapton placed opposite Hackney Downs. A perfect spot for public transport. Highly recommended. Many thanks."
        },
        {
            "name": "Joseph",
            "date": "2021-11-23",
            "review": "This apartment was cosy and comfortable and clean in a secure building in a great area. My only issue was having to pick up the keys for check-in at a shop which was not particularly close to the apartment. Apart from this, everything was perfect and the host was very accommodating"
        },
        {
            "name": "Rona",
            "date": "2021-12-05",
            "review": "This place is great. It feels very large, the shower pressure is great and there\u2019s lots of hot water. The flat is warm and clean. The bed is very comfortable. The kitchen is small but we had what we needed. Eric was super helpful and obliging and even got a hairdryer delivered for me to use during our stay. Perfect! Thank you very much!"
        },
        {
            "name": "Ashley",
            "date": "2022-01-31",
            "review": "My partner and I needed a place to stay while we were in between homes (waiting for our next home to available to move in to) - Eric was very communicative and helpful with all the information ahead of our stay. <br/>Eric's place was exactly as we expected and as its described, and perfectly set up if someone needs to do any work from the home - as was our case. There were also never any issues with wifi (speaking as someone that has a lot of video calls for work). The location of the flat is perfect; right next to the park for a walk, a 10 minute walk to central Hackney for loads of restaurants, or the Overground public transport trains for ease of access to central London. For me, great cafes close by as well for the much needed coffee break. <br/>Overall would definitely recommend Eric's place for anyone looking for a place to stay in East London."
        }
    ]
}