{"id": 14849031, "listing_url": "https://www.airbnb.com/rooms/14849031", "name": "Modern Flat in the heart of London", "description": "My place is right in the heart of Central London. Only a few areas close by are the beautiful Charlotte Street, The British Museum, Regents Park & buzzing Oxford Street. Unlike what you usually find in central london, this flat is brand new, spacious and bright. A great affordable solution for young couples, solo adventurers, and business travelers.<br /><br /><b>The space</b><br />Brand new modern property building with a lift. Despite the vivacious neighbourhood, the flat is super quiet.<br /><br />Though big enough to accommodate 3, the property is a one bedroom, with a queensize bed and then a large sofa (as per pictures) in the living room. Many previous guests have slept on the sofa with no issues but do want to note that it doesnt open into a bed. <br /><br />The property does have art work and furniture that aren\u2019t childproof.<br /><br />Pets are strictly forbidden in the building.<br /><br /><b>Guest access</b><br />Whole flat available.", "host_name": "Alexia", "host_id": 22815571, "host_url": "https://www.airbnb.com/users/show/22815571", "host_picture_url": "https://a0.muscache.com/im/users/22815571/profile_pic/1416104591/original.jpg?aki_policy=profile_x_medium", "neighbourhood_cleansed": "Westminster", "latitude": 51.52076, "longitude": -0.13947, "property_type": "Entire rental unit", "room_type": "Entire home/apt", "accommodates": 2.0, "bathrooms": 1.0, "bedrooms": 1, "beds": 1, "amenities": ["Extra pillows and blankets", "Oven", "Fire extinguisher", "Hair dryer", "Hangers", "Dishes and silverware", "Luggage dropoff allowed", "Essentials", "Patio or balcony", "Shampoo", "TV with standard cable", "Cooking basics", "Bed linens", "Dryer \u2013\u00a0In unit", "Carbon monoxide alarm", "Shower gel", "Wifi", "Heating", "Coffee maker", "Dishwasher", "Microwave", "Portable fans", "Refrigerator", "Iron", "Body soap", "Kitchen", "Stove", "Hot water", "Washer", "Paid parking off premises", "Elevator", "Smoke alarm", "Lockbox", "Cable TV", "Freezer"], "price": 200.0, "numbers_of_review": 45.0, "review_scores_rating": 4.95, "reviews": [{"name": "Bill", "date": "2016-09-25", "review": "Alexia is a really good host, very responsive throughout the reservation process as well as on arrival and throughout my stay. The place was perfect for my needs, in a great location for restaurants and bars but far enough away so that it was quiet. The modern flat is bright, comfortable and very well presented. Overall, a great AirBnB experience."}, {"name": "Sacha", "date": "2016-10-14", "review": "Alexia was very responsive, even pro-actively came back to me many times to make sure that everything was going well. Great flat, great host!"}, {"name": "Wui Jie", "date": "2016-10-30", "review": "Great location and very cosy flat. Alexia was quick to response when we had any problems and made sure everything is ok. Definitely recommend! "}, {"name": "Bart", "date": "2017-04-26", "review": "Everything went smoothly. Thanks!"}, {"name": "Mia", "date": "2017-04-30", "review": "Great host, lovely flat, convenient location. "}, {"name": "Abigail", "date": "2017-05-04", "review": "Awesome location and the apartment was lovely. Highly recommend "}, {"name": "C S", "date": "2017-05-25", "review": "Very beautiful and modern flat. Cannot recommend this property highly enough.  recommended.  Alexia accommodated my early check in without fuss.  "}, {"name": "Joanna", "date": "2017-07-04", "review": "The flat is lovely, clean, and spacious, flooded with light from the big windows and glass doors that open onto the balcony. Even though the neighborhood is busy, with lots of shops and foot traffic (and multiple tube stations), the street itself is quiet and you feel insulated from the clamor. Alexia was a wonderful and gracious host, always available to answer any question, and she accommodated my preferred check in and check out times, which greatly added to the convenience of my trip. I can't recommend this flat highly enough! Also, the location is fabulous. You can walk in Regent's Park or to the British Museum, go to corner pubs or coffee shops, or take the tube easily to anywhere else in the city. I had a worry-free, absolutely enjoyable week and hope to stay here again the next time I come to London. "}, {"name": "Victoria", "date": "2017-08-10", "review": "What a wonderful place, clean, central and secure and has the most comfortable bed. <br/>Its right in the heart of shop resturants and yet in a quiet street, and within walking distance of tubes, oxford street and things tourist. I would highly recommend Alexia's place. Absolutly perfect."}, {"name": "Wendy", "date": "2017-09-15", "review": "Alexia's flat is absolutely lovely - as others have said it's in a great location with lots of restaurants and shops but quiet at night. It is incredibly clean and is even better than it looks in the pictures. Alexia was a great host - really concerned to ensure all was well."}]}