{"id": 15213390, "listing_url": "https://www.airbnb.com/rooms/15213390", "name": "Spacious LOFT in Notting Hill refurbished!", "description": "Portered building. Art Nouveau period with concierge security in fashionable neighbourhood. The heart of London at your doorstep: Notting Hill Gate, Hyde Park, High Street Kensington, trendy shops, restaurants and bars, leafy gardens and walk Portobello Market.  <br /><br />You\u2019ll love my place; spacious, wooden floors, top floor panoramic views and lots of natural light. The flat is in great condition and bathroom has just been fully refurbished.<br /><br /><b>The space</b><br />Notting Hill is a superb location for urban travellers, romantic couples, business executives who want London at their doorstep. If you like to exercise outdoors, Hyde Park and Holland Park are round the corner, great for a morning run, weekend picnic or to cycle across the city through the beautiful natural scenery.  <br /><br />Also great for international students who want a quiet space to study in the heart of London's fashionable centre, with all the capital's exciting restaurants, cinemas, exhibition cen", "host_name": "Ava", "host_id": 96649754, "host_url": "https://www.airbnb.com/users/show/96649754", "host_picture_url": "https://a0.muscache.com/im/pictures/user/f0904123-5453-4a9e-ac33-a649b6c6a0bc.jpg?aki_policy=profile_x_medium", "neighbourhood_cleansed": "Kensington and Chelsea", "latitude": 51.51025, "longitude": -0.19388, "property_type": "Entire rental unit", "room_type": "Entire home/apt", "accommodates": 2.0, "bathrooms": 1.0, "bedrooms": null, "beds": 1, "amenities": ["Extra pillows and blankets", "Oven", "Fire extinguisher", "Hair dryer", "Private entrance", "Hangers", "Dishes and silverware", "Essentials", "Patio or balcony", "Cooking basics", "Single level home", "Bed linens", "Carbon monoxide alarm", "Bathtub", "Wifi", "Heating", "Coffee maker", "Long term stays allowed", "TV", "Hot water kettle", "Microwave", "Refrigerator", "Host greets you", "Iron", "Kitchen", "Drying rack for clothing", "Stove", "Toaster", "Security cameras on property", "Dedicated workspace", "Hot water", "Washer", "Paid parking off premises", "Elevator", "Smoke alarm", "Laundromat nearby", "Freezer"], "price": 78.0, "numbers_of_review": 10, "review_scores_rating": 4.78, "reviews": [{"name": "Yuko", "date": "2017-01-21", "review": "Ava was very organised and helpful whenever I needed her assistance. A lovely flat in a central location, very convenient for holidays and businesses. "}, {"name": "Yuko", "date": "2017-03-12", "review": "Ava was very helpful during my stay - always putting the guest's comfort at first. It is perfectly located near the tube station, close to many attractions which made my stay very pleasant. "}, {"name": "Ann-Kathrin", "date": "2018-03-31", "review": "Ava is an amazing host and the place is great!<br/>Fabulous location: Notting Hill -<br/>It is 1 minute to Notting Hill Gate station (central line), c. 15 minutes to bank and even shorter to Bond Street and Oxford Circus. It is also just a 1 minute walk to Kensington Gardens. It is a 5 minute walk to Portabello Rd and c.7 minute walk to Kensington High Street, where there is also a Whole Foods. <br/>The place: is very nice - <br/>It is top floor and is very spacious. The whole flat is very light, there are windows in every room (including the bathroom!). The french windows and terrace in the living area add elegance. The bathroom surprised me most, as it was very big and light for UK standards. <br/>The host: Ava has been forthcoming in every way. She is remarkably responsive. Check-in and check-out were very uncomplicated. Ava is very kind, and it has been a pleasure to be her guest!"}, {"name": "Marc", "date": "2018-04-15", "review": "Prime location. Ava is really good host"}, {"name": "Elsa", "date": "2018-08-15", "review": "Excellent location, 4 mins walk from Notting Hill Gate station. Spacious flat with lots of natural light and a balcony. The bed is a sofa bed which is noteworthy for lengthier stays."}, {"name": "Kelly", "date": "2019-05-12", "review": "This is such a great find! The location is so amazing: I walked to Kensington Park, Portebello Road, Kensington or Bayswater (great restaurants & shopping) almost every day, and the Notting Hill Gate Tube stop is a block and a half away. You couldn't be better placed to get to know London. There are grocery stores, bars and tons of great places to eat within easy walking distance. The studio flat has everything you need, and is clean and simple in a great way (ie it doesn't have a bunch of random art on the walls, which I really appreciate!) . It's charming. The bathroom appears to be recently remodeled and it is really nice (to have a bathtub and shower is a bonus too). The kitchen is streamlined and has all the basics for cooking small meals, and there's even a balcony for enjoying the sunset and a cup of tea (very big bonus!). Ava is a responsive, friendly and helpful host. This has been a great home away from home and one of my favorite AirBnB experiences."}, {"name": "Caroline", "date": "2021-07-31", "review": "Great location, some difficulties with the lifts, hot water and heater but Ava and her sister were always very helpful"}, {"name": "Reggie", "date": "2021-09-01", "review": "Great location. Great view and cute apartment for a good notting hill stay"}, {"name": "Maddy", "date": "2022-07-02", "review": "The flat has a lovely view and is in a great location! Very easy access to all of London and beyond for weekend trips. <br/>The space is perfect for 1-2 people and includes all of the listed amenities. The building staff is superb and you couldn\u2019t possibly find a better London stay!"}, {"name": "Dian", "date": "2022-09-01", "review": "Stunning location! Perfect for a single or couple wanting to visit central London!"}]}