{"id": 15949747, "listing_url": "https://www.airbnb.com/rooms/15949747", "name": "Spacious and Elegant Victorian 2 bedroom flat", "description": "My place is a Victorian flat with high ceilings and wooden floors , it has a period flame effect cosy gas fire , positioned close to Little venice with amenities within 1 minutes walk . The area has some fantastic pubs and cafes and is within 15 minutes walk from Regents Park . You are close to the West End but positioned in a lovely residential part of London . The flat has 2 small balconies and is on the third floor . It has 2 king sized beds plus a sofa bed or a single fold out bed .<br /><br /><b>The space</b><br />This flat has high ceilings with cornicing and wooden floors throughout . Nobody is living there so there is no \"clutter \" . It has floor to ceiling curtains and gets a lot of sunlight . It has a fabulous flame effect victorian fire which is extremely cosy during the winter  . There are two king sized beds in large double bedrooms plus a sofa bed and a fold out single bed if required . The local pubs and cafes are excellent and you are right next to Little Venice.<br /><", "host_name": "Lloyd", "host_id": 22664584, "host_url": "https://www.airbnb.com/users/show/22664584", "host_picture_url": "https://a0.muscache.com/im/pictures/user/fe3d2c32-d3a1-4ec2-a357-6199b57924d3.jpg?aki_policy=profile_x_medium", "neighbourhood_cleansed": "Westminster", "latitude": 51.52622, "longitude": -0.17847, "property_type": "Entire rental unit", "room_type": "Entire home/apt", "accommodates": 5.0, "bathrooms": 1.0, "bedrooms": 2, "beds": 3, "amenities": ["Extra pillows and blankets", "Oven", "Fire extinguisher", "Mini fridge", "Hair dryer", "Wine glasses", "Dining table", "Private entrance", "Hangers", "Cleaning products", "Rice maker", "Dishes and silverware", "Luggage dropoff allowed", "Essentials", "Patio or balcony", "Shampoo", "Bread maker", "Cooking basics", "Bed linens", "Carbon monoxide alarm", "Bathtub", "Indoor fireplace", "Heating", "Wifi", "Coffee maker", "Dishwasher", "Long term stays allowed", "TV", "Hot water kettle", "Microwave", "Portable fans", "Refrigerator", "Host greets you", "Iron", "Kitchen", "Drying rack for clothing", "Stove", "Toaster", "Dedicated workspace", "Hot water", "Washer", "Elevator", "Smoke alarm", "Ethernet connection", "Dryer", "Freezer"], "price": 220.0, "numbers_of_review": 34.0, "review_scores_rating": 4.88, "reviews": [{"name": "Christina", "date": "2016-11-26", "review": "V.I.P. treatment from Lloyd & the professional company he used for check in and out!!!<br/>Top notch communication, exceptional apartment, and incredible location to all tourist sites...for a very reasonable price.<br/>The flat is spacious, decorated nicely and well equipped for all your needs. The fireplace added so much warmth and coziness after long days walking the city. The beds and quality linens were very comfortable and made for a great sleep.You simply cannot beat the location of this flat. Hands down ...it made the stay so much nicer. It's a 3 minute drive via taxi to get to and from the major sites (a forgotten wallet at the flat was quick to recover & get back to the fun).<br/>The communication was impeccable and check in and out was smooth. Overall, this is an A+ property that we are so fortunate to have found. Thank you, Lloyd!!!"}, {"name": "Doug", "date": "2016-12-12", "review": "This is a clean, modern and comfortable place. There are two large bedrooms, a large kitchen (everything you need), and a large living room/TV room. It is on the 3rd floor, so the ample windows provide light throughout the flat -which provides an open and homey feel. I would highly recommend this place for a family or, like myself, a solo traveler.\r<br/>\r<br/>The apartments location is close (5-10 minute walk) to the Warwick station (Bakerloo line) - so getting anywhere on the Tube from the flat is easy. And Little Venice (with a grocery store, coffee houses, etc) is right around the corner."}, {"name": "Haila", "date": "2016-12-31", "review": "It's a lovely place with great facilities and location! Lloyd and Niamh  were both extremely cooperative and helpful ! I would recommend this place anyone even those families with children! It's spacious with great kitchen ! "}, {"name": "Heather", "date": "2017-03-11", "review": "The flat was just as pictured, very spacious and clean in a great location.  Lloyd and Niamh were very gracious and let us check in early.  The linens were high quality, a basket of treats and coffee and tea were available, the building is very quiet and close to many shops and parks.  Niamh was terrific!"}, {"name": "Luigi", "date": "2017-04-17", "review": "Nice, spacious and clean flat located in Maida Vale perfectly connected via bus or tube to main locations in London"}, {"name": "Hani", "date": "2017-06-05", "review": "This is a fantastic apartment located in a beautiful neighberhood. Lloyd was easy to communicate with and he made sure to reach out during our stay to make sure things are ok. The apartment is spacious, tastefully decorated and the beds are very comfortable. Hight recommended. <br/>"}, {"name": "Eulalia", "date": "2017-06-14", "review": "Lloyd is a fantastic host. He was very accommodating and allowed us to check in much earlier than expected since our flight arrived early morning. Communicating back-and-forth was easy and he was very responsive. The location was ideal and in close proximity to everything we needed. The flat was exactly as pictured. It was clean, it had two large bedrooms with a king in each room plus a pull out sofa in the living room. This easily accommodated our family of 5. Full kitchen with everything you needed. We bought groceries at the Tesco around the corner and cooked breakfast in the flat every morning. Fresh bread, cheeses, nice bakeries and a coffee shop just around the corner. We had a great experience and we would definitely stay there again. Thank you Lloyd!!! "}, {"name": "Pablo", "date": "2017-06-24", "review": "We really enjoyed Lloyd's apartment. Niahm welcomed us and provided all necessary information. The apartment is in a very beautiful and family friendly neighbourhood, conveniently located a few blocks from a tube station and bus stops a few steps away.<br/>There is a supermarket and a grocery store around the corner as well as a few restaurants and cafes.<br/>We happened to stay during an umprecedented heat wave and Lloyd contacted us to see if we would require fans considering the unusual circumstances. We passed on the offer as the apartment remained cool enough."}, {"name": "Jo", "date": "2017-06-30", "review": "Spacious flat in a great location. Well presented, neat, clean and tidy. Highly recommend."}, {"name": "Chris", "date": "2017-07-24", "review": "Great location!  Nice place. Plenty of room, no clutter, convenient shops and variety of public transit access options nearby. Nice to have clothes washer in apartment."}]}