{
    "id": 16091100,
    "listing_url": "https://www.airbnb.com/rooms/16091100",
    "name": "Lovely Bright 1BD Garden Flat in West Kensington",
    "description": "5 minutes walk from Shepherd's Bush station my lovely Brook Green flat is a wonderful home away from home in the heart of lively West  London. <br /><br />On a charming and tranquil street, there is a private entrance to the garden at the back, as well as through the main building, making you feel secure. <br /><br />With a large living room and cosy bedroom, as well as brilliant amenities and things to on your doorstep, my place is perfect for couples, solo adventurers, and business travellers.<br /><br /><b>The space</b><br />You couldn't imagine a more charming garden flat than mine. The moment you enter you're treated to a bright and cosy home, where the sunny living room is the perfect space to relax at the end of a busy day out in London. <br /><br />The comfortable sofa invites you in, and extends to a bed to make sleeping space for four. Feel free to enjoy Netflix and Sky on the 43 inch wall mounted Smart TV. Around the corner is the well appointed kitchen, stocked with everyth",
    "host_name": "Adrian",
    "host_id": 2363991,
    "host_url": "https://www.airbnb.com/users/show/2363991",
    "host_picture_url": "https://a0.muscache.com/im/users/2363991/profile_pic/1431560544/original.jpg?aki_policy=profile_x_medium",
    "neighbourhood_cleansed": "Hammersmith and Fulham",
    "latitude": 51.50216,
    "longitude": -0.21607,
    "property_type": "Entire rental unit",
    "room_type": "Entire home/apt",
    "accommodates": 4.0,
    "bathrooms": 1.0,
    "beds": 2,
    "price": 98.0,
    "numbers_of_review": 12.0,
    "review_scores_rating": 4.67,
    "reviews": [
        {
            "name": "Wing",
            "date": "2016-12-11",
            "review": "Convenient location, very clean apartment.  "
        },
        {
            "name": "Yuichi",
            "date": "2017-01-11",
            "review": "House was very nice. Adrian is great host!"
        },
        {
            "name": "Madison",
            "date": "2017-01-22",
            "review": "This place is 5 min walk from Sheperd's Bush Station. It's clean and comfortable. Definitely felt safe and it was easy to get into the flat and contact Adrian if I needed to. "
        },
        {
            "name": "Rainer",
            "date": "2017-01-31",
            "review": "Great location"
        },
        {
            "name": "Roy",
            "date": "2017-02-08",
            "review": "Great comms, clean place, central and quiet. Would stay again! "
        },
        {
            "name": "Ian",
            "date": "2017-03-02",
            "review": "Great location for London Olympia event. Great property for money and clean simply comfortable furnishing."
        },
        {
            "name": "Bill",
            "date": "2017-03-16",
            "review": "Good value for money, great location for events at Olympia. Bedroom quite small, the double bed literally takes up the entire width of the room, not so much as a hands-breadth of room on either side. But on the plus side the mattress was VERY comfortable. Kitchen quite nicely appointed and there's a peaceful outlook to the back garden.  Did not have any F2F contact with host or anyone else, key exchange via lockbox, and issue with lockbox on checkout, while my fault, was problematic. Because host is hands off and uses an agency that handles hundreds of AirBnB properties there is a lack of flexibility, for example check-in time is fixed regardless of whether the flat was even rented the night before. But Adrian (or at least someone acting on Adrian's behalf - I'm not 100% sure I ever actually communicated with the owner)  was responsive to emails/messages."
        },
        {
            "name": "Ana",
            "date": "2017-03-21",
            "review": "Valor Justo vs qualidade , pr\u00f3ximo da esta\u00e7\u00e3o de metro , numa zona residencial calma "
        },
        {
            "name": "Veronica",
            "date": "2017-03-28",
            "review": "Great. Perfect set up. Would have loved to stay longer!"
        },
        {
            "name": "Gennady",
            "date": "2017-04-03",
            "review": "Amazing place, amazing location, spacious living room, everything clean, host is nice as well:)"
        }
    ]
}