{"id": 16237603, "listing_url": "https://www.airbnb.com/rooms/16237603", "name": "2 Bed flat Dalston", "description": "Newly renovated chic flat in Haggerston.", "host_name": "Maiken Skoie", "host_id": 106137140, "host_url": "https://www.airbnb.com/users/show/106137140", "host_picture_url": "https://a0.muscache.com/im/pictures/user/2962e8f1-96bd-4159-9070-0e24e4476165.jpg?aki_policy=profile_x_medium", "neighbourhood_cleansed": "Hackney", "latitude": 51.54099, "longitude": -0.07476, "property_type": "Entire rental unit", "room_type": "Entire home/apt", "accommodates": 4.0, "bathrooms": 1.0, "bedrooms": 2, "beds": 2, "amenities": ["Essentials", "Wifi", "First aid kit", "Washer", "Long term stays allowed", "Shampoo", "TV", "Fire extinguisher", "Smoke alarm", "Hair dryer", "Heating", "Iron", "Carbon monoxide alarm", "Dryer", "Hangers", "Kitchen", "Air conditioning"], "price": 82.0, "numbers_of_review": 1, "review_scores_rating": 5.0, "reviews": [{"name": "Julian", "date": "2016-12-09", "review": "Thanks for the stay Maiken. Great flat in nice location. Easy find to and hassle free.<br/>I couldn't ask for more.<br/>Thanks!"}]}