{"id": 16297160, "listing_url": "https://www.airbnb.com/rooms/16297160", "name": "Cosy private bedroom with own bathroom and lock", "description": "Zone 2! Very good connections!<br /><br />5 min/tube Canary Wharf area <br />5 min/tube Stratford, Westfield Shopping Center and Olympic Park. <br /><br />It's a nice and clean room with big bed and own private bathroom, situated in your room. The room has its lock with a key so you can feel safe and secure. It is spacious and quite. The window is towards our private garden. You have a free parking space in garage. In the flat there is only me.My place is good for couples, solo adventurers, and business travellers.", "host_name": "Californy", "host_id": 21017990, "host_url": "https://www.airbnb.com/users/show/21017990", "host_picture_url": "https://a0.muscache.com/im/users/21017990/profile_pic/1428414840/original.jpg?aki_policy=profile_x_medium", "neighbourhood_cleansed": "Newham", "latitude": 51.52208, "longitude": 0.01709, "property_type": "Private room in rental unit", "room_type": "Private room", "accommodates": 2.0, "bathrooms": 2.0, "bedrooms": 1, "beds": 1, "amenities": ["Essentials", "Wifi", "Washer", "Free parking on premises", "Long term stays allowed", "Smoke alarm", "Hair dryer", "Iron", "Hangers", "Kitchen", "Heating", "Lock on bedroom door"], "price": 50.0, "numbers_of_review": 1, "review_scores_rating": 4.0, "reviews": [{"name": "Raissa", "date": "2017-01-02", "review": "I stayed there with My friend for two days. Our room was fine and we had our own bathroom which was very good. Californy was Nice and accessible. The nearest station Canning Town is at 10 min at walk."}]}