{"id": 16625284, "listing_url": "https://www.airbnb.com/rooms/16625284", "name": "Luxurious Central London Flat", "description": "Located in a quiet mews just off the famous Bermondsey Street.<br /><br />Central location: moments from the river, walking distance to Tower Bridge; 7 minutes walk from 2 underground stations: London Bridge and Borough; Several buses; 5 minute train ride to Covent Garden, as well as a 10 minute walk to the City. <br /><br />A generously proportioned 1 double sized bedroom, 1 bathroom flat quietly tucked away in a quiet mews within a characterful , gastronomic and artsy neighborhood.<br /><br /><b>The space</b><br />-  bright and quiet room with built in wardrobes for you to use, a built in desk, and a wall mounted 28 inch telly. <br /><br />- Private bathroom <br /><br />- Double bed with a luxurious 1500 spring cashmere topped mattress<br /><br />-Bed made up with fresh white Egyptian cotton sheets, 3\" goose down topper, and goose feather and down duvet and pillows. <br /><br />- You will be supplied with all bath products to use and fresh bath and hand towels.<br /><br /><b>Other th", "host_name": "Jason", "host_id": 483530, "host_url": "https://www.airbnb.com/users/show/483530", "host_picture_url": "https://a0.muscache.com/im/users/483530/profile_pic/1322089193/original.jpg?aki_policy=profile_x_medium", "neighbourhood_cleansed": "Southwark", "latitude": 51.49856, "longitude": -0.08131, "property_type": "Entire condo", "room_type": "Entire home/apt", "accommodates": 2.0, "bathrooms": 1.5, "bedrooms": 1, "beds": 1, "amenities": ["Essentials", "Wifi", "Dedicated workspace", "Washer", "Long term stays allowed", "Shampoo", "TV", "Elevator", "Smoke alarm", "Hair dryer", "Iron", "Dryer", "Hangers", "Kitchen", "Heating"], "price": 156.0, "numbers_of_review": 45.0, "review_scores_rating": 4.91, "reviews": [{"name": "James", "date": "2017-01-28", "review": "Nice flat, good room<br/>Separate private bathroom<br/> Very tidy apartment<br/>Quiet<br/>Right in the middle of Bermondsey street which is good for restaurants and close to London Bridge<br/>Jason was a very good host !"}, {"name": "Julian", "date": "2017-02-02", "review": "Jason's place is really well located, spotless, quiet, very well appointed (e.g. with super sheets, towels, etc.) but best of all Jason went the extra mile to make me feel welcome.  Truly a \"rare find\" as they say."}, {"name": "Marcus", "date": "2017-02-10", "review": "Spotlessly clean and great location. Jason was delightful.  "}, {"name": "Annie", "date": "2017-02-12", "review": "Great space, easy to get to and very comfortable. Jason made the whole experience very easy. "}, {"name": "Edmund", "date": "2017-02-25", "review": "Great place, great location! Can't thank Jason enough for his hospitality!"}, {"name": "Emmanuel", "date": "2017-03-13", "review": "We had a more than comfortable stay at Jason's. The apartment is perfectly clean, bright and very quiet. It was very nice to have a private bathroom.<br/>Jason was away for the week-end, but he had been very helpful through e-mails.<br/>We do recommand his place and will be happy to stay again."}, {"name": "I-Hsuan", "date": "2017-03-19", "review": "Jason is a very very friendly and intimate person! He did is best to provide the services.<br/>The apartment is very clean and have a super comfortable bed."}, {"name": "Zoe", "date": "2017-03-22", "review": "Jason's place was perfect, so well located, quiet and spotless. Jason is also a fantastic host!"}, {"name": "Margot", "date": "2017-03-27", "review": "L'appartement de Jason est id\u00e9alement situ\u00e9 \u00e0 10min \u00e0 pied de Tower Bridge. Il est spacieux et propre. Nous n'avons pas rencontr\u00e9 Jason mais il nous a bien guid\u00e9 avant l'arriv\u00e9e. "}, {"name": "Tom", "date": "2017-04-06", "review": "Lovely place, great location, Jason was an excellent host. Thanks!"}]}