{
    "id": 17112360,
    "listing_url": "https://www.airbnb.com/rooms/17112360",
    "name": "Cosy & Vibrant 1 Bed Flat in Peckham",
    "description": "My place is a brand new one bedroom flat located very close to local amenities,  with easy access to central London and on a very quiet road. <br /><br />Just 15 minutes by bus to central London, Oxford Street, Westminster & Victoria. The nearest stations are Denmark Hill, Oval and Elephant and Castle.<br /><br />There is a king sized bed in the bedroom and a comfy double sofa couch in the lounge for extra guests.<br /><br /><b>The space</b><br />The apartment is fully equipped with everything you need for a short or long stay in London.<br /> <br />The apartment is cosy, comfortable & modern with all amenities including washer, dryer, central heating & air conditioning. There is a king sized bed in the bedroom and a sofa couch in the lounge for any extra guests. Our cleaners place fresh, hotel quality linen on the bed just before your arrival.<br /><br />The kitchen is fully equipped with all you need for a home cooked meal and there is a dining table in the lounge room.<br /><br /><b",
    "host_name": "Jadesola",
    "host_id": 114926669,
    "host_url": "https://www.airbnb.com/users/show/114926669",
    "host_picture_url": "https://a0.muscache.com/im/pictures/user/865e9cb9-1a93-4e79-819e-b0876bf44497.jpg?aki_policy=profile_x_medium",
    "neighbourhood_cleansed": "Southwark",
    "latitude": 51.47559,
    "longitude": -0.08128,
    "property_type": "Entire rental unit",
    "room_type": "Entire home/apt",
    "accommodates": 4.0,
    "bathrooms": 1.5,
    "beds": 1,
    "price": 103.0,
    "numbers_of_review": 56.0,
    "review_scores_rating": 4.38,
    "reviews": [
        {
            "name": "Oceane",
            "date": "2017-02-20",
            "review": "Tr\u00e8s jolie appartement ca ressemble exactement aux photos, mais  il y a beaucoup de chose \u00e0 r\u00e9parer, difficile \u00e0 trouver les cl\u00e9 de l'appartement. <br/>Ce fut un bon s\u00e9jour."
        },
        {
            "name": "Elissa",
            "date": "2017-03-13",
            "review": "Pros:<br/>-host was very good with communication and made every effort to make the stay comfortable <br/>-easy access to centre town, very close bus stop<br/>-spacious unit <br/>-bathroom and kitchen newly redone<br/>-lots of clean towels and linens <br/>- overall very clean <br/>-two TV's with lots of stations <br/>Cons :<br/>-Just a bathtub with a shower nozzle that had minimal water pressure. Was not able to get my hair wet enough to properly clean with warm water so had to rinse with freezing cold water.<br/>-light outside of the bedroom outside of the unit is so bright it felt like daytime all night. Proper curtains could help this.<br/>-bit of a dodgy feel to the building, lots of screaming children outside the unit and the lift was rarely working.<br/>While the host was very nice and brought in a plumber to try to fix the bath on a Sunday, it still didn't get fixed. Had I known this was the case I definitely would not have stayed there. <br/>Otherwise it was a really cute apartment and easy to navigate around the city from there."
        },
        {
            "name": "Joonwoo",
            "date": "2017-03-19",
            "review": "\ud654\uc7a5\uc2e4 \uc0e4\uc6cc \uc2dc\uc124 \ubb38\uc81c\uac00... \ubb3c \uc218\uc555\uc774 \ub108\ubb34 \ub0ae\uc544\uc11c \uc2dc\ub0c7\ubb3c \ud750\ub974\ub4ef \uc878\uc878\uc878 \ub098\uc624\uace0 \ucc2c\ubb3c\uc774\ub791 \ub728\uac70\uc6b4 \ubb3c\uc774 \ubb34\uc2a8 \ud751\ubc31\ucc98\ub7fc \ub728!!!!\uac81\uac70\ub098 \ucc28!!!!\uac11\uac70\ub098 \ud574\uc11c \ubb3c\uc774 \ucc2c\ubb3c\uc5d0\uc11c \ub728\uac70\uc6b4 \ubb3c\ub85c \ubc14\ub00c\uac70\ub098 \ucc2c\ubb3c\uc5d0\uc11c \ub728\uac70\uc6b4 \ubb3c\ub85c \ubc14\ub00c\ub294 2\ucd08\ub3d9\uc548 \uc5f4\uc2ec\ud788 \uc53b\uc5c8\uc74c... \uc218\uc555 \ub54c\ubb38\uc5d0 \uba38\ub9ac \uac10\ub294\uac74 \ud3ec\uae30... \uc774\uac70 \ube7c\uace0\ub294 \ud638\uc2a4\ud2b8\ub3c4 \uad49~~~\uc7a5\ud788 \uc2e0\uacbd\uc368\uc8fc\uc2dc\uace0 10\ubd84\uc5d0 \ud55c\ubc88\uc529 \uc8fc\uc704 \uc2dc\uc124 \uad00\ub828\ud574\uc11c \ubb38\uc790 \ubcf4\ub0b4\uc8fc\uc2dc\uace0 \uc9d1\ub3c4 \ub530\uc2a4\ud558\uace0 \uc88b\uc558\uc74c<br/>\uc2dc\ub0b4\uc5d0\uc11c \uc880 \uba40\uae34 \ud55c\ub370 \uac00\uaca9 \ub300\ube44 \uad1c\ucc2e\uc558\uc74c<br/>Good communication with host and warm house. Had some problem with the shower and quite a distance from the city but other than that everything was good!"
        },
        {
            "name": "Alina",
            "date": "2017-03-30",
            "review": "Great place! The apartment was super clean and everything was in great condition. Everything was near if needed only minute walks from grocery stores and some great shops!<br/>The area and the actual building I found a bit scary at first and found out it was in Peckham after I booked - but there was no issues and I found everything to be safe and friendly.  <br/>Overall great place to stay."
        },
        {
            "name": "Javaad",
            "date": "2017-04-09",
            "review": "Great, thanks. "
        },
        {
            "name": "Lucy",
            "date": "2017-04-23",
            "review": "Nice apartment and very good location for south London with lots of buses to connect to the tube."
        },
        {
            "name": "Md",
            "date": "2017-06-11",
            "review": "it was very nice place to stay"
        },
        {
            "name": "Kat",
            "date": "2017-06-20",
            "review": "This place was comfortable! It was very very warm in the summer but it has a really nice, big fan and you can get some airflow by opening windows. I was also the during a heat wave so ;)"
        },
        {
            "name": "Fran\u00e7oise",
            "date": "2017-06-24",
            "review": "Appartement situ\u00e9 dans un HLM et ghetto, endroit peu s\u00fbre.<br/>Entretien tr\u00e8s superficiel, passage de souris.<br/>Manque de rangements, les armoires sont remplies.<br/>Chaleur terrible ,due au passages des tuyaux d'eau chaude dans l'appartement et au manque d'a\u00e9ration possible.<br/>A d\u00e9conseiller."
        },
        {
            "name": "Christy",
            "date": "2017-06-30",
            "review": "This was a great stay! To us, the location waa a little unsafe thiugh it was close to everything. Jadesola is a great communicator and i jad anything we needed just by emailing. "
        }
    ]
}