{
    "id": 17184566,
    "listing_url": "https://www.airbnb.com/rooms/17184566",
    "name": "Lovely family home in trendy London Fields Hackney",
    "description": "Stylish, bright & airy family townhouse in the heart of trendy London Fields Hackney E8, lots of living space, 3 bedrooms, incl. kids room with bunks & cot, modern kitchen & bathrooms (x2). Combining stylish furniture, modern appliances & fittings with all the period charm of a Victorian terraced house, this is a happy & very comfortable home away from home. Perfect for a visiting group of friends who will love the buzzing area & great access to  London, or family travelling with kids.<br /><br /><b>The space</b><br />Split over 3 floors, this is a beautiful family home comprising of: <br /><br />- Ground floor: open plan family lounge room, kitchen & dining room, overlooking and opening up to a lovely private back garden through French doors, with a outdoor terrace with outdoor dining table and chairs. Gas BBQ also set up for alfresco dining in the summer.<br />This floor is our family space, with huge oversize lounge suite, lovely big bay window, lots of kids toys & tv / music / ente",
    "host_name": "Florence",
    "host_id": 5056334,
    "host_url": "https://www.airbnb.com/users/show/5056334",
    "host_picture_url": "https://a0.muscache.com/im/pictures/user/293d5e37-0c1a-4612-8f24-5db010860dad.jpg?aki_policy=profile_x_medium",
    "neighbourhood_cleansed": "Hackney",
    "latitude": 51.54518,
    "longitude": -0.05745,
    "property_type": "Entire townhouse",
    "room_type": "Entire home/apt",
    "accommodates": 4.0,
    "bathrooms": 2.0,
    "beds": 4,
    "price": 99.0,
    "numbers_of_review": 2,
    "review_scores_rating": 4.5,
    "reviews": [
        {
            "name": "Shannon",
            "date": "2017-06-24",
            "review": "It was a lovely place to stay at!"
        },
        {
            "name": "Matt",
            "date": "2017-11-13",
            "review": "Impressive and large house in a great location! <br/>However, the house felt slightly empty as I believe the host had been away for a few months, which was a shame. It also meant we had to buy basic items such as washing up liquid, dishwasher tablets, and basic cooking ingredients etc, which was slightly frustrating for a short trip."
        }
    ]
}