{
    "id": 17217160,
    "listing_url": "https://www.airbnb.com/rooms/17217160",
    "name": "Self contained studio. Wheel chair access.",
    "description": "Light and airy, first floor studio flat in a quiet residential street . Wheel chair access so suitable for disabled person with attendant. Off street parking. Accommodation also suitable for a baby as travel cot and high chair available on request.<br />Rear door with steps lead to garden.<br />20 minute down hill walk to station with trains going into London, Victoria and Croydon town centre. Easy access from M25 and M23. Tram in Croydon goes to Wimbledon and Beckenham, accessible from Lloyd Park.",
    "host_name": "Annette",
    "host_id": 115913143,
    "host_url": "https://www.airbnb.com/users/show/115913143",
    "host_picture_url": "https://a0.muscache.com/im/pictures/user/019c7531-55ec-4fbd-bc42-ce9413cb1324.jpg?aki_policy=profile_x_medium",
    "neighbourhood_cleansed": "Croydon",
    "latitude": 51.34148,
    "longitude": -0.08021,
    "property_type": "Entire rental unit",
    "room_type": "Entire home/apt",
    "accommodates": 2.0,
    "bathrooms": 1.0,
    "beds": 2,
    "price": 35.0,
    "numbers_of_review": 7.0,
    "review_scores_rating": 5.0,
    "reviews": [
        {
            "name": "Craig",
            "date": "2017-03-16",
            "review": "Accommodation was perfect and just as described. Annette ensured that my stay was as comfortable as possible. After the 1st night, I booked up for a further x4 weeks. I can highly recommend this accommodation listing. Craig"
        },
        {
            "name": "Craig",
            "date": "2017-03-23",
            "review": "I cannot recommend this location highly enough. Whenever I am in the area and require accommodation, rest assured that I will be checking availability with Annette. 1st class."
        },
        {
            "name": "Craig",
            "date": "2017-04-06",
            "review": "Another fantastic stay at Annette's Studio Flat. "
        },
        {
            "name": "Rosemary",
            "date": "2017-04-09",
            "review": "Lovely flat in a beautifully quiet location. The hostess had provided tea, coffee, milk, bread etc. Beds were comfortable and facilities were adequate for my needs. "
        },
        {
            "name": "Craig",
            "date": "2017-04-20",
            "review": "Another thoroughly enjoyable stay at Annette's Studio Flat. Already booked up again."
        },
        {
            "name": "Alison",
            "date": "2017-05-03",
            "review": "A very clean, spacious flat and a great host. We had a great stay and would stay again."
        }
    ]
}