{"id": 17524980, "listing_url": "https://www.airbnb.com/rooms/17524980", "name": "Perfect Location, Cool Cosy Bright Soho Apartment", "description": "A well located cosy one bedroom apartment in a great location moments from Oxford Street and Carnaby Street. Surrounded by delicious places to eat and drink, with both boutique and mainstream shopping in every direction. people always love the location :)  Apartment is simple but well equipped and Cosy for two.  Only available for two people only. this is a quiet residential building.<br /><br /><b>The space</b><br />One Bedroom Apartment<br />- Bedroom (Double Bed 140 x 200 cm)<br />- Kitchen (Fridge, Stove/Hob, Microwave, Oven, Kettle, Toaster)<br />- Living Room; Leather Sofa, 40 Inch Smart TV.<br /><br /><b>Guest access</b><br />Guests have access to the whole apartment.<br /><br /><b>Other things to note</b><br />- Central Location<br />- Some Street Noise To Be expected (Central Soho)", "host_name": "Bianca", "host_id": 51343611, "host_url": "https://www.airbnb.com/users/show/51343611", "host_picture_url": "https://a0.muscache.com/im/pictures/user/15e21616-e2ce-4711-ae38-f6200feb7598.jpg?aki_policy=profile_x_medium", "neighbourhood_cleansed": "Westminster", "latitude": 51.51595, "longitude": -0.13546, "property_type": "Entire rental unit", "room_type": "Entire home/apt", "accommodates": 2.0, "bathrooms": 1.0, "bedrooms": 1, "beds": 1, "amenities": ["Essentials", "Wifi", "Long term stays allowed", "Shampoo", "TV", "Smoke alarm", "Hair dryer", "Lockbox", "Iron", "Hangers", "Kitchen", "Heating"], "price": 375.0, "numbers_of_review": 79.0, "review_scores_rating": 4.47, "reviews": [{"name": "Jeff", "date": "2017-03-10", "review": "Fantastic location for central London. "}, {"name": "Dan", "date": "2017-03-11", "review": "Perfect place. Loved it! It's fix in the center and there is no noise to bother u when you return after a night out.<br/>Will definitely come back.<br/>"}, {"name": "Jo", "date": "2017-03-16", "review": "I really loved this apartment ! It was clean and tidy and very comfortable. The flat is well equipped and was just what I was looking for. It had all the faculties I needed and the host Bianca was fabulous. I was running late for my check in but a quick text to Bianca out my mind at rest. The location was wonderful, a great vibe and superb for people watching ! There are countless bars ad restaurants a stones throw away and a few minutes walk to Oxford St if you need to pick up any shopping for your stay. There was some street noise but that disappeared after 11pm and actually the area was very quiet after that. The bed was very comfortable and clean and all other facilities were perfect. A little kitchen if you need to cook with teas and coffees etc  and other useful items like a table and chairs if you need to work, iron and ironing board, hangers for clothes and plenty of fluffy towels and toiletries. Fabulous location, so nice to stay in the heart of town in a little home from home. Will definitely be back! <br/>"}, {"name": "Rasmus & Kristian", "date": "2017-04-08", "review": "Returnere"}, {"name": "Pepe", "date": "2017-04-15", "review": "The place is great! Near great places to eat and have a drink, lots of places in walking distance. I would definitely stay there again!"}, {"name": "Brenda", "date": "2017-04-23", "review": "We had an incredible time in London. Great apartment right in the heart of Soho. Thank you Charlie for everything!"}, {"name": "Chris", "date": "2017-05-01", "review": "Great location. Easy to find. It's a small studio with everything you need. Excellent communication from the owner. Great value "}, {"name": "Kat", "date": "2017-05-08", "review": "The space was true to the photos. It is located in Soho, and is very close to the Oxford Circus tube station. It was also close to the Piccadilly Circus and Leicester Square stations. Easy access to food, shopping, and bars--we never needed to go further than a few blocks for these. Travel-sized bottles of shampoo, conditioner, and body wash were included, and there were enough towels. Also included were an iron, hair dryer, and clothes rack, and Bianca was very kind to include a plug converter (US to UK) for us in the unit. There was no problem with getting hot water, either in the shower, or in the sinks. There was also a toaster and hot water kettle, and small fridge.<br/>The main downside was that because it is located next to shops, bars, and cafes, a good deal of sound went through. Most businesses closed at around midnight and opened back up around 8am, so if you plan your trip around that time, you should be okay. Wifi worked fine as long as you were in the living room area (didn't work so well in the bedroom). Heating was controlled by room, which worked fine for us.<br/>The instructions on checking out and tips on things to see/do were very helpful."}, {"name": "Graeme", "date": "2017-05-31", "review": "Very convenient flat in the centre of soho. Great if you want everything within walking distance, although can be a bit noisy if you are after seclusion. Flat exactly as described and communication excellent."}, {"name": "Susana", "date": "2017-06-08", "review": "Bianca is a very nice host, she answered really fast any question we had. The flat is at a great location, close to everything, just like the pictures show, small but very comfortable and practical.<br/>Thanks Bianca<br/>"}]}