{"id": 17707315, "listing_url": "https://www.airbnb.com/rooms/17707315", "name": "Amazing & Modern Apartment in Brixton with Garden", "description": "Our bright and airy apartment is on a quiet, leafy street just 8 mins from the cool bars and restaurants of Brixton Village and 8 minutes walk from Brixton tube station (10 mins to Oxford Circus). Brockwell Park (with its fantastic Lido) and Herne Hill market are 10 mins walk away. The huge open-plan living space opens onto a large south-facing garden. The bedroom has a large window and is spacious with lovely high ceilings.<br /><br /><b>The space</b><br />Ideally situated, this apartment offers the perfect balance of having cool and quirky Clapham/Brixton on your doorstep - yet being able to escape the excitement and relax in a modern and cosy home. An open-plan kitchen and living room greet you upon entry, providing a lovely amount of space and beautifully styled, ensuring a truly peaceful and homely atmosphere. The bedroom is just next door and offers a double bed and plenty of space. There is the option of a sofa bed in the living area meaning that the flat is ideal for groups or ", "host_name": "Emmanuel", "host_id": 120538811, "host_url": "https://www.airbnb.com/users/show/120538811", "host_picture_url": "https://a0.muscache.com/im/pictures/user/e964dc5b-7844-4fcd-8a70-70de56e1d5ab.jpg?aki_policy=profile_x_medium", "neighbourhood_cleansed": "Lambeth", "latitude": 51.46034, "longitude": -0.12349, "property_type": "Entire rental unit", "room_type": "Entire home/apt", "accommodates": 4.0, "bathrooms": 1.0, "bedrooms": 1, "beds": 2, "amenities": ["Essentials", "Wifi", "Washer", "Long term stays allowed", "Shampoo", "TV", "Fire extinguisher", "Smoke alarm", "Hair dryer", "Iron", "Carbon monoxide alarm", "Hangers", "Kitchen", "Heating"], "price": 100.0, "numbers_of_review": 6.0, "review_scores_rating": 5.0, "reviews": [{"name": "Daniel", "date": "2017-03-24", "review": "Perfect place in a really nice are."}, {"name": "Elizabeth", "date": "2017-04-07", "review": "Charming flat in a central location close to Brixton and Clapham North tube stops, as well as Brixton Hill. Loved my stay! Highly recommend. "}, {"name": "JoAnne", "date": "2017-04-14", "review": "Emmanuel's place was lovely, and just as pictured.  We have a great stay and enjoyed exploring the local neighborhood.   We were also able to easily travel to all of the London sights using the underground and buses that are close to this property."}, {"name": "Chantal", "date": "2017-04-19", "review": "Great place to stay in London ! "}, {"name": "Elizabeth", "date": "2017-05-26", "review": "Fantastic long stay at Emmanuel's flat. Charming flat, great location, communicative and helpful host. Highly recommend."}]}