{"id": 1838003, "listing_url": "https://www.airbnb.com/rooms/1838003", "name": "Luxury 5 bed family house", "description": "Welcome to our home.  This summer we are offering 65% off weekly bookings.<br />We speak English, French and Spanish, and are happy to help where we can. <br />The price we ve listed is based on a maximum of 9 guests having the house to themselves.<br /><br /><b>The space</b><br />We live in a large Victorian family home, which offers a juxtaposition of modern and Victorian architecture.<br />We also have a green roof, and you can see flowers/snowdrops from every window. <br /><br />When booking the upstairs room you'll have access to a bath/shower room, and the kitchen/living areas.<br /><br />We live 5 minutes from 2 parks(Wandsworth and Clapham Commons), - borrow our bikes and explore them.  We're also close to a large number of boutique shops, cafes and restaurants. We have a local butcher, fishmonger and an amazing breadstall to hand.<br />& it's only 25 minutes tube journey to Oxford Street & the Westend ( the heart of theatre land). <br /><br />We have friends down the road who ", "host_name": "Emily", "host_id": 9592683, "host_url": "https://www.airbnb.com/users/show/9592683", "host_picture_url": "https://a0.muscache.com/im/pictures/user/f72a2c8a-d302-44fa-80aa-570d83afc831.jpg?aki_policy=profile_x_medium", "neighbourhood_cleansed": "Wandsworth", "latitude": 51.45375, "longitude": -0.16228, "property_type": "Entire home", "room_type": "Entire home/apt", "accommodates": 9.0, "bathrooms": 3.0, "bedrooms": 5, "beds": 6, "amenities": ["Washer", "TV", "Heating", "Dryer", "Kitchen", "Wifi"], "price": 350.0, "numbers_of_review": 4, "review_scores_rating": 5.0, "reviews": [{"name": "Blandine", "date": "2014-12-23", "review": "We had a fabulous stay in Emily's house with my family, visiting from France! The house was huge (we had the whole house for our few days stay) and the photos on the website cannot describe well enough how beautiful the house is! Amazing book/CD library, playroom, great (and big living space), perfect for a family reunion! Communication with Emily was very easy and her family was lovely! Location is great - transportation could not be easier! You cannot be disapointed when staying in Emily's house! Thank you!"}, {"name": "Jos", "date": "2015-01-04", "review": "Emily reageerde snel op onze aanvullende vragen. We wilden een specifieke periode afspreken en daarvoor moesten we met haar contact opnemen. Dat liep snel en behulpzaam. Het huis staat in een mooie wijk van Londen. Er stond een mooie kerstboom en het huis zag er schoon en opgeruimd uit. Voor onze kleinzoon stond een mooie rieten wieg klaar. Het huis is ruim (groot) en de omschrijving van het aantal kamers, badkamers en de gemeenschappelijke ruimtes waren correct. Emily had ervoor gezorgd dat er iemand aanwezig was bij de sleuteloverdracht zowel bij aankomst als vertrek. "}, {"name": "Ines", "date": "2015-07-06", "review": "Emily was so friendly and accommodating. She made for a relaxed and happy stay. The house is absolutely beautiful, spacious and in a great location. I would 100% recommend to stay here. It is absolute bliss. "}, {"name": "Philipp", "date": "2016-03-15", "review": "Emily and her husband are very friendly and made us feel very welcome in their beautiful home (thank you for the bread and cake!!). They also accomodated a number of extras last minute which was super helpful (eg baby travel bed).  The house is very spacious and has a fantastic kitchen/living area where a large family can gather and enjoy time together. We really enjoyed staying at Emily's house and would highly recommend it!!"}]}