{"id": 18486929, "listing_url": "https://www.airbnb.com/rooms/18486929", "name": "Beautiful family home in Victoria Park Village", "description": "Cosy family home in the heart of Victoria Park Village. Great space for small groups with communal spaces in th front room and a large kitchen diner. Great outside space too. Our house is very close to Victoria Park, a beautiful place and is less than a ten minute bus ride to Mile End station and Homerton overground, meaning the whole of the city is pretty accessible.", "host_name": "Emma", "host_id": 33428276, "host_url": "https://www.airbnb.com/users/show/33428276", "host_picture_url": "https://a0.muscache.com/im/pictures/user/361ccba2-c7d8-4846-a3fa-1bb9dd3fff93.jpg?aki_policy=profile_x_medium", "neighbourhood_cleansed": "Hackney", "latitude": 51.53858, "longitude": -0.04393, "property_type": "Entire rental unit", "room_type": "Entire home/apt", "accommodates": 5.0, "bathrooms": 1.5, "bedrooms": 3, "beds": 1, "amenities": ["Essentials", "Wifi", "Washer", "Shampoo", "TV", "Smoke alarm", "Hair dryer", "Iron", "Indoor fireplace", "Dryer", "Hangers", "Carbon monoxide alarm", "Kitchen", "Heating"], "price": 190.0, "numbers_of_review": 1, "review_scores_rating": 5.0, "reviews": [{"name": "Paul", "date": "2017-08-06", "review": "We stayed at Emma's home for two nights during a visit to London to watch the Athletics at the Olympic Stadium.  We left booking quite late but the place was perfect for us.  Right next to Victoria Park which was perfect for the kids and lots of good shops and eateries in walking distance.  The Olympic Park was within a 30 minute walk.  Communication and check-in all went smoothly and the house was perfect for a small family / young children.  Highly recommended!"}]}