{"id": 18725649, "listing_url": "https://www.airbnb.com/rooms/18725649", "name": "On The Pulse 1 Bed Apartment", "description": "A 1 bedroom apartment with sofa-bed and communal gardens located at the flagship Pulse development opened in 2010, situated just off Colindale Avenue next to Colindale tube station. <br /><br /><br />An Italian Restaurant, a Sainsbury's local and Pure Gym recently opened on site.<br /><br /><b>The space</b><br />A comfortable one bedroom apartment that can accommodate up to 4 people (2 in the Bedroom and 2 on the sofa bed) The apartment is ideal for families as there is a communal garden. The apartment has a cosy living room, fully equipped kitchen, bathroom and lovely views of the garden.<br /><br /><b>Other things to note</b><br />Upon arrival at Felix Court at the intercom dial \"39\" and then press the bell icon.", "host_name": "Nick And Margareth", "host_id": 40230143, "host_url": "https://www.airbnb.com/users/show/40230143", "host_picture_url": "https://a0.muscache.com/im/users/40230143/profile_pic/1438471632/original.jpg?aki_policy=profile_x_medium", "neighbourhood_cleansed": "Barnet", "latitude": 51.5953, "longitude": -0.25424, "property_type": "Entire rental unit", "room_type": "Entire home/apt", "accommodates": 4.0, "bathrooms": 1.0, "bedrooms": 1, "beds": 2, "amenities": ["Essentials", "Wifi", "Washer", "Long term stays allowed", "Shampoo", "TV", "Elevator", "Smoke alarm", "Bed linens", "Hair dryer", "Iron", "Dryer", "Hangers", "Kitchen", "Heating"], "price": 60.0, "numbers_of_review": 3, "review_scores_rating": 5.0, "reviews": [{"name": "Rohit", "date": "2017-05-29", "review": "We had a nice stay .the Colindale avenue station was walkable.<br/>Thanks "}, {"name": "Temitayo", "date": "2017-06-06", "review": "Wonderful and helpful hosts. Apartment was very lovely, clean and high standard."}, {"name": "Bastien", "date": "2017-06-18", "review": "Thank you! It was just perfect!"}]}