{"id": 18817792, "listing_url": "https://www.airbnb.com/rooms/18817792", "name": "Beautiful and Modern Flat West London", "description": "Beautiful and modern whole flat available in a very trendy part of London in Zone 2.<br /><br />Shops and restaurants are close by in young Kilburn and several train and underground stations (Queens Park Tube) are within 10 mins walk giving quick access to central London within 30. It is very easy to get to numerous popular locations from the this tub station within 30 mins.<br /><br />As a note, the second bedroom is a single room with a double futon bed, it is a comfortable large bed in a single room.<br /><br /><b>The space</b><br />Very modern and well kept, has internet, fridge and freezer, can house up to four people if you don't mind the second bedroom being a bit small for two people, yet there is a large comfortable futon bed.", "host_name": "Nicholas", "host_id": 131020148, "host_url": "https://www.airbnb.com/users/show/131020148", "host_picture_url": "https://a0.muscache.com/im/pictures/user/6d734733-0c28-425e-9c3f-5f839d999456.jpg?aki_policy=profile_x_medium", "neighbourhood_cleansed": "Westminster", "latitude": 51.5272, "longitude": -0.20556, "property_type": "Entire rental unit", "room_type": "Entire home/apt", "accommodates": 4.0, "bathrooms": 1.0, "bedrooms": 2, "beds": 2, "amenities": ["Essentials", "Wifi", "Hot water", "Long term stays allowed", "Shampoo", "TV", "Smoke alarm", "Hair dryer", "Private entrance", "Iron", "Bathtub", "Hangers", "Carbon monoxide alarm", "Kitchen", "Heating"], "price": 76.0, "numbers_of_review": 13.0, "review_scores_rating": 4.58, "reviews": [{"name": "Michael", "date": "2017-06-11", "review": "Nice place, would stay there again. "}, {"name": "Todd", "date": "2017-06-16", "review": "Nicholas and Adrianna were very nice.  The place was clean and the bathroom was fabulous!  Great kitchen and great location.  Grocery store and costa coffee is a 5 min walk away!  Subway is 10 min.  Great place!"}, {"name": "Tonje", "date": "2017-06-20", "review": "The flat is recently renovated and has all the amenities one can ask for - kitchen/living room with dining table and TV, two bedrooms, bathroom with shower/bathtub and wi-fi. Key box outside makes check in and out very flexible. Very clean. Quiet and beautiful neighborhood. Friendly neighbors. Big Sainsbury's store nearby (15 min walk). It takes about half an hour by bus to reach the city center. The owner has been very helpful all the way. "}, {"name": "Kedi Chun", "date": "2017-06-24", "review": "The room is so comfortable with quiet location. The room is furnitured well. It is close to the underground and bus. It's a great experience living in here."}, {"name": "Mauro", "date": "2017-07-09", "review": "Nice flat and good value"}, {"name": "Shuangjing", "date": "2017-07-16", "review": "Nicholas is a warm hearted person! The apartment was clean, beautiful and at a great location! "}, {"name": "Elaine", "date": "2017-07-20", "review": "This flat is great - so easy to get into central London and on a quiet residential street.  Couple of supermarkets and greengrocers within very short walking distance + restaurants.  The bathroom is fabulous and the beds very comfortable.  We had a great stay and would definitely like to stay again"}, {"name": "Andrew", "date": "2017-08-12", "review": "A very nice apartment in a quiet road, close to bus and train services. We enjoyed our stay and would stay again."}, {"name": "Jorge Raimundo", "date": "2017-08-25", "review": "Great host. Excellent apartment. Very well located (close to train and bus stations)."}, {"name": "Jordan", "date": "2017-09-09", "review": "Cozy listing. 15 min walk to several tube lines."}]}