{
    "id": 18890551,
    "listing_url": "https://www.airbnb.com/rooms/18890551",
    "name": "Lovely flat close to Wimbledon Tennis Grounds",
    "description": "Light, bright and airy two double bedroomed apartment in walking distance to Wimbledon Tennis Grounds.  Modern, homely decor.  You will feel right at home.<br /><br /><b>The space</b><br />The apartment is based on the first floor and has one flight of stairs.  The apartment block is small and secure with a shared garden.  The kitchen has all appliances including a family sized dishwasher and washing machine.  Both bedrooms are full doubles.  There is a family bathroom which has recently been renovated.  The kitchen is also fully renovated and modern.  The bedrooms are carpeted and the rest of the apartment is fitted with wood floors and tiles. Large TV with full SKY TV compliments, WIFI, Apple TV and DVD player available.<br /><br /><b>Guest access</b><br />Shared walled garden.<br /><br /><b>Other things to note</b><br />Please make use of the coffee, tea, spicesetc. that you find in the kitchen.",
    "host_name": "Laura",
    "host_id": 16992626,
    "host_url": "https://www.airbnb.com/users/show/16992626",
    "host_picture_url": "https://a0.muscache.com/im/users/16992626/profile_pic/1411142924/original.jpg?aki_policy=profile_x_medium",
    "neighbourhood_cleansed": "Wandsworth",
    "latitude": 51.44309,
    "longitude": -0.1932,
    "property_type": "Entire rental unit",
    "room_type": "Entire home/apt",
    "accommodates": 4.0,
    "bathrooms": 1.0,
    "beds": 2,
    "price": 110.0,
    "numbers_of_review": 1,
    "review_scores_rating": 5.0,
    "reviews": [
        {
            "name": "Stoyan",
            "date": "2017-07-14",
            "review": "It's a nice apartment in quiet place. <br/>Great for a family time away from home."
        }
    ]
}