{
    "id": 18930500,
    "listing_url": "https://www.airbnb.com/rooms/18930500",
    "name": "3 COMFY ROOMS Near Stratford Xcel O2 FREE PARKING",
    "description": "We are a lovely couple who love to meet new people from all around the WORLD. We are here to serve you and make sure you have a memorable experience.  The nearest stations are Beckton DLR, Eastham & Upton Park tube stations which are all a bus ride away. Canary Wharf shopping centre and the Westfield in Stratford are roughly 30mins  away on public transport. We are surrounded by supermarkets - Asda, Lidl, Sainsbury's. <br />Our place is suitable for professionals, couples, groups & solo adventurers.<br /><br /><b>The space</b><br />The 3 spacious bedrooms  have comfy beds with clean sheets and towels, high-speed internet, a blue tooth to connect your own device.  The living Area has a Flat screen TV and cable TV.<br /><br /><b>Guest access</b><br />You are welcome to use our spacious kitchen for warming and the simple preparation of light foods. All foods should be eaten in the kitchen, as NO foods are allowed to be eaten in the rooms. Our Morphy Richards Smoothie & Soup Maker, as well",
    "host_name": "Laura",
    "host_id": 114559278,
    "host_url": "https://www.airbnb.com/users/show/114559278",
    "host_picture_url": "https://a0.muscache.com/im/pictures/user/6ddd2cd0-b29e-4983-8ee9-31b553d8050c.jpg?aki_policy=profile_x_medium",
    "neighbourhood_cleansed": "Newham",
    "latitude": 51.51897,
    "longitude": 0.04878,
    "property_type": "Entire home",
    "room_type": "Entire home/apt",
    "accommodates": 8.0,
    "bathrooms": 2.0,
    "beds": 4,
    "price": 195.0,
    "numbers_of_review": 31.0,
    "review_scores_rating": 4.81,
    "reviews": [
        {
            "name": "Naomi",
            "date": "2017-06-10",
            "review": "Had a lovely stay, the home was very beautiful,  the host was fantastic and very friendly "
        },
        {
            "name": "Chetan",
            "date": "2017-06-11",
            "review": "We really enjoyed the stay, the house is very beautiful and well maintain also Laura and her husband are very good host, Talking about the area there are variety of Asian hotels nearby which are very cheap in cost with grate taste.<br/>Overall this is perfect place for London Annex."
        },
        {
            "name": "Kohinoor",
            "date": "2017-06-18",
            "review": "Everything was as described. Laura was wonderful and very helpful, and the rooms were clean and nice. We enjoyed ourselves at her place. The only glitch was that it was a bit farther away than expected from Central London! "
        },
        {
            "name": "Mira",
            "date": "2017-06-25",
            "review": "The rooms were nice and clean and well decorated. Everything you could think of was provided and Laura was a wonderful, kind and helpful host! Would definitely recommend :)"
        },
        {
            "name": "\u5c0f\u51e1",
            "date": "2017-06-26",
            "review": "It's feel very comfortable house , Laura is a nice Ladies, I had a great holiday stay !"
        },
        {
            "name": "Victoria",
            "date": "2017-06-30",
            "review": "Laura was very friendly.  The house was clean and tidy and the bed was comfortable.  It's a very reasonable price if you are looking to stay in that area.  I'd stay again."
        },
        {
            "name": "Shanice",
            "date": "2017-06-30",
            "review": "Top quality apartment with a great helpful host."
        },
        {
            "name": "Anoush",
            "date": "2017-07-03",
            "review": "We really enjoyed staying at Laura's place. Laura was so kind and offered a bigger room at ground floor as we  were with small children. We really felt like at home and enjoyed a lot.<br/>The nearest bus stop is 8 to 10 mns from the house. Grocery shops and restaurants are also at 10 mns by walk.<br/>I recommend this place for visitors with a v\u00e9hicule or visitors love walking.<br/>Any case Laura  can assit if need.<br/>Cheers !!!!!"
        },
        {
            "name": "Romane",
            "date": "2017-07-10",
            "review": "We had a very good week at Laura's home. She is very nice, friendly and helpful. We will come back with pleasure. <br/>Thank you so much. <br/>Merci ! "
        },
        {
            "name": "Jia Yee",
            "date": "2017-07-12",
            "review": "We had a lovely stay in Laura's house and it is such a nice place! Thank you Laura! :)"
        }
    ]
}