{
    "id": 19022198,
    "listing_url": "https://www.airbnb.com/rooms/19022198",
    "name": "Bright and Spacious Double Room in Shoreditch",
    "description": "Bright double room available in our four bedroom house with a view on our garden. Spacious living room and kitchen available to use.<br /><br />`The flat is in amazing location. Just 5min walking distance to Shoreditch High Street station, 15min walking to Liverpool Street station. Bus 55 to Oxford street takes 30mins. Situated in a calm street but close to cool (and a bit hipster) Shoreditch restaurants, markets, bars and shops.<br /><br />I share the house with 3 friends - one student and two young professionals.",
    "host_name": "Natalia",
    "host_id": 29313464,
    "host_url": "https://www.airbnb.com/users/show/29313464",
    "host_picture_url": "https://a0.muscache.com/im/pictures/user/e84437ed-0374-42a1-a5cf-1a02971e9c59.jpg?aki_policy=profile_x_medium",
    "neighbourhood_cleansed": "Tower Hamlets",
    "latitude": 51.5252,
    "longitude": -0.07219,
    "property_type": "Private room in home",
    "room_type": "Private room",
    "accommodates": 2.0,
    "bathrooms": 2.0,
    "beds": 1,
    "price": 46.0,
    "numbers_of_review": 2,
    "review_scores_rating": 5.0,
    "reviews": [
        {
            "name": "Ewelina",
            "date": "2017-06-20",
            "review": "Pok\u00f3j by\u0142 czysty, wsp\u00f3\u0142lokatorzy bardzo mili, mieszkanie umiejscowione w bardzo fajnej dzielnicy, \u015bwietnie sp\u0119dzi\u0142am czas.<br/>Polecam!"
        },
        {
            "name": "Zdenek",
            "date": "2017-07-10",
            "review": "Great room in a lively neghborhood. Communication with Natalia was perfect, the flat itself is shared with quite a few people, everybody is super nice.  The house is not was from the city centre and the atmosphere of Shoreditch is really unique."
        }
    ]
}