{"id": 19097912, "listing_url": "https://www.airbnb.com/rooms/19097912", "name": "Cosy and quiet room in Hackney", "description": "Cosy and quiet private room with high ceilings in pretty Victorian house.<br />Lively Dalston and Stoke Newington are in walking distance, 10mins to Liverpool Street by Overground.", "host_name": "Philip", "host_id": 62976981, "host_url": "https://www.airbnb.com/users/show/62976981", "host_picture_url": "https://a0.muscache.com/im/pictures/user/590ac2b6-b206-4e39-a500-3acd0c5534b0.jpg?aki_policy=profile_x_medium", "neighbourhood_cleansed": "Hackney", "latitude": 51.56112, "longitude": -0.05948, "property_type": "Private room in rental unit", "room_type": "Private room", "accommodates": 1.0, "bathrooms": 1.0, "bedrooms": 1, "beds": 1, "amenities": ["Essentials", "Wifi", "Long term stays allowed", "Kitchen", "Hangers", "Heating"], "price": 22.0, "numbers_of_review": 1, "review_scores_rating": 5.0, "reviews": [{"name": "Simon", "date": "2017-07-07", "review": "Philip is a great guy and I really enjoyed getting to know him and his friends. The house was really friendly"}]}