{
    "id": 19485300,
    "listing_url": "https://www.airbnb.com/rooms/19485300",
    "name": "Beautiful large double bedroom, South East London",
    "description": "Enjoy a stay in the heart of South London. We live in a charming neighbourhood with a vast array of amenities in walking distance. The flat is beautifully maintained, with loads of natural light. Excellent soundproofing and a queen-size bed with a plush mattress ensures that you're guaranteed a great nights sleep.<br /><br />Transportation links are excellent and using one of the three train stations located by you can be anywhere in London within 30 minutes (including central London within 15 minutes).<br /><br /><b>The space</b><br />A large double bedroom in a beautiful, bright, modern flat in Tulse Hill.  The room has a king-sized bed, wardrobe and mirror with a private bathroom. You'll enjoy a beautiful communal living room with state of the art, completely stocked kitchen.<br /><br />There are pubs, restaurants, supermarkets and South London's best park just down the road.<br /><br />Two stations serve the area; Tulse Hill (1 min walk) which gets you to central London in 15 minut",
    "host_name": "Martha",
    "host_id": 7765563,
    "host_url": "https://www.airbnb.com/users/show/7765563",
    "host_picture_url": "https://a0.muscache.com/im/pictures/user/efe1a284-03ad-4d52-bcf1-212e9c1f703f.jpg?aki_policy=profile_x_medium",
    "neighbourhood_cleansed": "Lambeth",
    "latitude": 51.44004,
    "longitude": -0.10518,
    "property_type": "Private room in rental unit",
    "room_type": "Private room",
    "accommodates": 2.0,
    "bathrooms": 1.0,
    "beds": 1,
    "price": 33.0,
    "numbers_of_review": 37.0,
    "review_scores_rating": 4.89,
    "reviews": [
        {
            "name": "Maja",
            "date": "2017-07-10",
            "review": "Marthas and her boyfriend are lovely! A clean, fresh and cosy room close to the station, a nice park and loads of pubs as well as restaurants. Would def recommend! "
        },
        {
            "name": "Vincent",
            "date": "2017-07-31",
            "review": "Great place. Everything that's promised is there as well. Martha and Alex were great hosts and were always at the ready if we needed them. I would recommend this place to anyone."
        },
        {
            "name": "Laure",
            "date": "2017-08-19",
            "review": "Un accueil tr\u00e8s gentil et chaleureux, superbe place, good night at home s Martha & Alex, really kindness"
        },
        {
            "name": "Lorna",
            "date": "2017-08-20",
            "review": "Had a great stay with Martha & her boyfriend! Very welcoming & great hosts! I would definately stay here again!"
        },
        {
            "name": "Damien",
            "date": "2017-08-30",
            "review": "We had a really good staying! Martha and Alex were really helpful. The apartment is cosy, very comfortable and fully refurbished! We had our own bathroom, internet and felt free to use the common spaces! We do reccommend their apartment !"
        },
        {
            "name": "Pam",
            "date": "2017-09-04",
            "review": "Martha and Alex were great hosts and really interesting people to talk with. They were happy for me to use the kitchen and made me feel relaxed and welcome in their home. Bed was comfortable but firm (my preference) and the bathroom had bath and good shower. Great location. Thanks guys."
        },
        {
            "name": "Ilayda",
            "date": "2017-09-15",
            "review": "We had a lovely time in Martha & Alex's place. It is very easy to find , close to transport links. There are shops & pubs in close distance. The flat is in a very secure building , our room was quite spacious and during our stay we had our own bathroom. <br/>They are very kind and understanding ! Would definitely recommend :)"
        },
        {
            "name": "Pooja",
            "date": "2017-10-01",
            "review": "Martha and Alex were very welcoming and warm. It felt like home staying at their place. All public transports are quite near from their place."
        },
        {
            "name": "Dwayne",
            "date": "2017-10-13",
            "review": "Had a great stay with Martha and Alex, they are both very friendly and helpful! The apartment was extremely clean with all amenities and in a great location 1 min walk from a train station."
        },
        {
            "name": "Tamara",
            "date": "2019-08-12",
            "review": "I had a great stay at this place. Apartment is very clean and beautiful. You  have your own bathroom. You can use kitchen for breakfast and dinner. Alex and Martha are very friendly. I had a great time. Would definitely recommend it."
        }
    ]
}