{"id": 19540986, "listing_url": "https://www.airbnb.com/rooms/19540986", "name": "Clean Double room in Harrow", "description": "Welcome to our Family friendly home in Greater London. <br />My place is close to:<br /><br />Heathrow Airport (45 min train)<br />Rayners lane and South Harrow Stations (12 min walk)<br />Tesco (5 min walk)<br />Central London (30-45 mins train)<br /><br />You\u2019ll love my place because of<br /><br />The warm welcome<br />The comfy room<br />The transport links<br />Good Restaurant nearby<br />Parking in the driveway<br />The peaceful area<br /><br /><b>Guest access</b><br />Guest can access bathroom", "host_name": "Shilpa", "host_id": 99992624, "host_url": "https://www.airbnb.com/users/show/99992624", "host_picture_url": "https://a0.muscache.com/im/pictures/user/b261c946-b6e3-4de4-b1e8-6a9818b99ba6.jpg?aki_policy=profile_x_medium", "neighbourhood_cleansed": "Harrow", "latitude": 51.56782, "longitude": -0.36763, "property_type": "Private room in rental unit", "room_type": "Private room", "accommodates": 2.0, "bathrooms": 1.0, "bedrooms": 1, "beds": 1, "amenities": ["Essentials", "Extra pillows and blankets", "Wifi", "Washer", "Free parking on premises", "Shampoo", "Long term stays allowed", "Smoke alarm", "Bed linens", "Iron", "Dryer", "Hangers", "Heating", "Hot tub"], "price": 15.0, "numbers_of_review": 15.0, "review_scores_rating": 4.86, "reviews": [{"name": "Yusuf", "date": "2017-07-20", "review": "Shilpa was a great host, really went out of her way to make us feel comfortable and made sure any issues were dealt with, would def recommend "}, {"name": "Glen", "date": "2017-07-29", "review": "A lovely family. Very hospitable and friendly. A comfortable room in a good location. "}, {"name": "Ignatius", "date": "2017-08-04", "review": "Lovely family excellent host"}, {"name": "Glen", "date": "2017-08-12", "review": "Excellent welcome and stay one again. Thank you"}, {"name": "Christel", "date": "2017-09-07", "review": "Shilpa, her husband and their little girl are so nice and I received a warm welcome from them. I even had a note and cuddy toy when I arrived there. They were always asking how my day went and always proposed a cup of coffee. <br/>I would definitely go back if I have the opportunity !"}, {"name": "Yoganathan", "date": "2017-09-11", "review": "Good value nice staying"}, {"name": "Jc", "date": "2017-09-12", "review": "Most welcoming host I could ever expect! I felt like part of the family! Thanks so much :)"}, {"name": "Ross", "date": "2017-09-14", "review": "Lovely couple, very friendly, couldn't do enough to help. Will be back."}, {"name": "Renata", "date": "2017-09-17", "review": "We had a good time! Shilpa help us to get in everything we did, for example, to know the public transportation! Good host!"}, {"name": "William", "date": "2017-09-23", "review": "Shilpa and her family are very kind, making me feel at home and part of their family. The room is great and the shower and kitchen are spot on. I had a fantastic time getting to know everyone and it was fun spending time with them."}]}