{
    "id": 19629632,
    "listing_url": "https://www.airbnb.com/rooms/19629632",
    "name": "Spacious Double Room -Canada Water- Well Connected",
    "description": "Clean and newly renovated flat with new furniture. It's a bright, sunny and spacious room that gets afternoon light.<br /><br /><b>The space</b><br />Furnishings in the room include a double bed, work desk, small sofa and side table. Includes partial use of the wardrobe as well.<br /><br />The room is on the same floor as the entrance, near the shared kitchen and shared bathroom and it often feels like you have the flat to yourself.<br /><br /><b>Guest access</b><br />Guests have full use of the shared kitchen and shared bathroom as well as the outdoor space (it's not quite a terrace as it is the entrance to the flat) with a table and chairs and a view of the shard.",
    "host_name": "Angela",
    "host_id": 25117498,
    "host_url": "https://www.airbnb.com/users/show/25117498",
    "host_picture_url": "https://a0.muscache.com/im/pictures/user/70938bc6-927e-4c15-b7db-c90a6fe2083f.jpg?aki_policy=profile_x_medium",
    "neighbourhood_cleansed": "Southwark",
    "latitude": 51.49927,
    "longitude": -0.04891,
    "property_type": "Private room in rental unit",
    "room_type": "Private room",
    "accommodates": 1.0,
    "bathrooms": 1.0,
    "beds": 1,
    "price": 22.0,
    "numbers_of_review": 6,
    "review_scores_rating": 4.83,
    "reviews": [
        {
            "name": "Nihal",
            "date": "2017-08-08",
            "review": "Really nice and clean place. Close to the tube station and minutes away from the centre."
        },
        {
            "name": "Jonathan",
            "date": "2017-09-09",
            "review": "Perfect location just moments from the tube. Great apartment with modern features. Fresh smelling room, had everything I needed, and a little box of toiletries and fresh towels provided. Excellent, accommodating, friendly, speedy responses from Angela. Fuss free with flexible check in/out. Would definitely stay again."
        },
        {
            "name": "Meng-Yun",
            "date": "2017-09-16",
            "review": "Room and whole flat are super clean. Great location! Recommended!!"
        },
        {
            "name": "Alex",
            "date": "2018-02-01",
            "review": "We booked in with Angela for our nights 4-8 after arriving in London while we looked for longer term accomodation. The location was perfect for this. Being so close to trains and buses getting to the CBD or other suburbs for viewings was very convenient. The room was clean, tidy and of generous size. Be aware that you will be sharing bathroom/kitchen with other house occupants (this was clearly communicated in room description). I would happily recommend Angela's place to friends or family visiting London!"
        },
        {
            "name": "Ava",
            "date": "2018-02-04",
            "review": "I really enjoyed my stay at Angela's place! The room is very cosy, the bed is very comfy and the appartement is very close to the subway. And Angela is very attentive! Thank you again! It was perfect."
        },
        {
            "name": "Lee",
            "date": "2018-02-07",
            "review": "Location is so near the tubes it awesome. Clean room. Access to kitchen, and hot water and ok bathroom. Great... Thanks so much. Nice cup of tea thanks."
        }
    ]
}