{
    "id": 19636343,
    "listing_url": "https://www.airbnb.com/rooms/19636343",
    "name": "Double bed room with amazing view",
    "description": "Nice double bed room in a 2 double bed flat with amazing view of the city of London",
    "host_name": "Davide",
    "host_id": 21451765,
    "host_url": "https://www.airbnb.com/users/show/21451765",
    "host_picture_url": "https://a0.muscache.com/im/pictures/user/0aa8a06f-a07b-44e8-99f7-ee8000b317fb.jpg?aki_policy=profile_x_medium",
    "neighbourhood_cleansed": "Tower Hamlets",
    "latitude": 51.52205,
    "longitude": -0.05342,
    "property_type": "Private room in rental unit",
    "room_type": "Private room",
    "accommodates": 1.0,
    "bathrooms": 1.0,
    "beds": 1,
    "price": 50.0,
    "numbers_of_review": 2,
    "review_scores_rating": 5.0,
    "reviews": [
        {
            "name": "Jacopo",
            "date": "2018-10-17",
            "review": "Very good place to stay in between Whtiechapel (good for transport connections) and Bethnal Green (good for bars/restaurants/parks)"
        },
        {
            "name": "Jonty",
            "date": "2019-06-27",
            "review": "Couldn\u2019t fault it. Made me feel very welcome for my short stay. Would stay again"
        }
    ]
}