{"id": 19708962, "listing_url": "https://www.airbnb.com/rooms/19708962", "name": "Greenwich Spacious Double Room & Private Bathroom", "description": "Spacious flat with 24h concierge, green areas, a restaurant, gym and swimming pool. The nearest station is less than 2 minutes away. Excellent transport links into Central London, close to Canary Wharf, London City Airport, ExCel London, The O2, and the new Icon Outlet (210,000 foot premium designer outlet). <br /><br />Ideal base for a single person who wishes to indulge while visiting London, couples on vacation or discovery weekend, or professional people on short term assignments.<br /><br /><b>The space</b><br />The flat is a quiet 2 beds 2 baths with open-plan kitchen. I live in the flat and I have my own room and bathroom. You will have your own room with a king size bed, 12 inch (30 cm) memory foam mattress, and your own private bathroom too. The bedrooms and bathrooms are at opposite ends of the flat giving total privacy.<br /><br />Why you will love the flat?<br />- spacious bedroom room with king size bed and 12 inch mattress - private bathroom with soap (his & hers), shampo", "host_name": "Arno", "host_id": 3660280, "host_url": "https://www.airbnb.com/users/show/3660280", "host_picture_url": "https://a0.muscache.com/im/pictures/user/10179ece-4d08-4a9a-8c78-81349989e304.jpg?aki_policy=profile_x_medium", "neighbourhood_cleansed": "Lewisham", "latitude": 51.47337, "longitude": -0.02148, "property_type": "Private room in condo", "room_type": "Private room", "accommodates": 2.0, "bathrooms": 1.0, "bedrooms": 1, "beds": 1, "amenities": ["Extra pillows and blankets", "First aid kit", "Hair dryer", "Hangers", "Cleaning products", "Luggage dropoff allowed", "Essentials", "Shampoo", "Bed linens", "Carbon monoxide alarm", "Shower gel", "Wifi", "Heating", "Pool", "Building staff", "Long term stays allowed", "Iron", "Body soap", "Gym", "Conditioner", "Hot water", "Washer", "Clothing storage: closet and dresser", "Elevator", "Smoke alarm"], "price": 104.0, "numbers_of_review": 177.0, "review_scores_rating": 4.97, "reviews": [{"name": "Dee", "date": "2017-08-09", "review": "Arno's place was just perfect! The location was good enough as well. For people who loves quite and lovely town, this is the best option. Besides that, Arno really knows good place to eat and see in Greenwich. We really enjoyed the stay. Highly recommended."}, {"name": "Maya", "date": "2017-08-15", "review": "Arno was an excellent host, he was always available for us and helped us plan our trip with plenty of advice and useful tips. The flat is really nice and clean, we were not missing anything at all. And the neighborhood very quiet, and close to public transports. We highly recommend Arno's place for a pleasant and enjoyable stay, do not hesitate to get in touch with him!"}, {"name": "Andrea", "date": "2017-08-30", "review": "Arno was an excellent host and his place was immaculate: clean, tidy, all in perfect order at all times. <br/>The room is spacious and comfortable and the mattress is exceptional, so comfortable that you are guaranteed to sleep like a baby through the night. <br/>The flat is very well located, just a stone\u2019s throw from Deptford Bridge DLR Station, and Greenwich Park is only a 10-minute walk from the park. <br/>Also, very close to the flat there are many convenience stores which open until late. <br/>I would definitely recommend a stay at Arno\u2019s place!"}, {"name": "Julian", "date": "2017-09-25", "review": "Great place to stay with excellent facilities. Arno is very accommodating, good at communicating beforehand, and on hand during the stay to provide local know how whenever needed. Provision of breakfast was also a welcome bonus!"}, {"name": "Jim", "date": "2017-09-26", "review": "Arno's place is as described, very clean and comfortable, especially the mattress. The dedicated use of a bathroom with a powerful shower was great. It was a little further away from where I was working than I was looking for but, as it was no distance from the DLR station, the location was actually really good for me. Arno had lots of tips on where to eat locally and the fresh morning croissants are a thoughtful touch. Great host and great place!"}, {"name": "Elena", "date": "2017-10-02", "review": "A really comfortable staying experience. The room is exactly as spacious as described, big, clean and the place is just 2 mins walking from the DLR station so it's really convenient. <br/>There's a Tesco , restaurants, bars around so you don't have to worry you have no place to eat. Arno is a super friendly host and always there to give advice and support (especially on where to go to spend your day and what time you should go to save your time and money). <br/>The place is close to the museum and Greenwich market as well so definitely would recommend it"}, {"name": "Jim", "date": "2017-10-10", "review": "I've stayed with Arno a few times now. That should tell you something. See previous review."}, {"name": "Annette", "date": "2017-10-23", "review": "Arno has a very clean and welcoming apartment. The accommodation was just right. Nothing is too much trouble for Arno."}, {"name": "Benoit", "date": "2017-10-26", "review": "Arno's place is very good. Arno is always available if you have a question. The flat is very convenient (very near the DLR). The flat is new. Bedroom and bathroom are very clean. I recommend."}, {"name": "Benoit", "date": "2017-11-02", "review": "Very good. Please see my review from last week."}]}