{
    "id": 19816606,
    "listing_url": "https://www.airbnb.com/rooms/19816606",
    "name": "Spacious Double Bedroom By Mile End Park",
    "description": "A spacious double bedroom in a maisonette opposite Mile End Park, with a large window, less than 8 minutes walk to Mile End station. (District, Central and Hammersmith & City lines). Very quick transport links into central London. All personal items and posters etc. inside the room will be removed before you arrive.<br /><br /><b>The space</b><br />It's a maisonette, so the bedrooms and main bathroom are upstairs, with one flatmate living downstairs (he's currently away). My girlfriend and I are the main tenants, but will be living out of the property, although we will drop in from time to time to check that everything is OK.<br /><br /><b>Guest access</b><br />The main bathroom is shared, with a shower/bath, and space for you to keep any toiletries or towels. There's an additional toilet downstairs you will also have access to. Amenities such as toilet roll and washing up liquid will be provided by us.<br /><br />Our maisonette is on the second floor, so the walkway doubles as a balco",
    "host_name": "Oliver",
    "host_id": 140001786,
    "host_url": "https://www.airbnb.com/users/show/140001786",
    "host_picture_url": "https://a0.muscache.com/im/pictures/user/6abefc1a-7a48-49ba-ac2c-c45418dde78d.jpg?aki_policy=profile_x_medium",
    "neighbourhood_cleansed": "Tower Hamlets",
    "latitude": 51.52319,
    "longitude": -0.03433,
    "property_type": "Private room in home",
    "room_type": "Private room",
    "accommodates": 1.0,
    "bathrooms": 1.5,
    "beds": 1,
    "price": 19.0,
    "numbers_of_review": 1,
    "review_scores_rating": 4.0,
    "reviews": [
        {
            "name": "Ross",
            "date": "2017-07-30",
            "review": "Ollie is a very friendly host. The flat is brilliantly located to get around London and there are plenty of nice places to explore in the area. The flat could've been cleaner and the WiFi was a little temperamental, but all in all good value for money. "
        }
    ]
}