{
    "id": 19958734,
    "listing_url": "https://www.airbnb.com/rooms/19958734",
    "name": "Architectural Glamour Penthouse with Heated Rooftop Pool",
    "description": "Start your day with laps in the heated glass bottom pool and a coffee on the terrace with amazing views of the Shard and London cityscape. Stroll through London Fields park to the not-to-be-missed Broadway market with plenty of trendy shops, caf\u00e9\u2019s, pubs, eateries and London\u2019s best market (Saturdays). Take a scenic walk (or bike) along Regent\u2019s canal east to Victoria Park or west to Islington and see people living a cozy life aboard the hundreds of narrowboats.<br /><br />[Disclaimer: Due to COVID 19 safety protocols some amenities/events may be temporarily closed. Be sure to check before booking.]",
    "host_name": "Chris & Jackie",
    "host_id": 46207463,
    "host_url": "https://www.airbnb.com/users/show/46207463",
    "host_picture_url": "https://a0.muscache.com/im/pictures/user/7eda63b0-96a6-4e56-a261-79f618b9ceba.jpg?aki_policy=profile_x_medium",
    "neighbourhood_cleansed": "Hackney",
    "latitude": 51.5395,
    "longitude": -0.05775,
    "property_type": "Entire rental unit",
    "room_type": "Entire home/apt",
    "accommodates": 4.0,
    "bathrooms": 2.0,
    "beds": 2,
    "price": 358.0,
    "numbers_of_review": 15.0,
    "review_scores_rating": 5.0,
    "reviews": [
        {
            "name": "Fredrik",
            "date": "2017-08-13",
            "review": "My parents stayed at Chris and Jackie's place for 9 days - they had a wonderful time.  The apartment is truly beautiful, incredible view, high end amenities, balcony and close to the fantastic broadway market and London fields.  The rooftop pool was great and they used it a lot.  Chris and Jackie were great to deal with and very welcoming  - had everything ready for my parents arrival, and the whole experience was seamless.  My parents would definitely want to stay there again and they were sad to leave! The area is great, close to really good cafes and restaurants and getting the bus and overground or city bikes is easy! The building has a concierge at all times sitting at the entrance so the building is safe and secure and my parents liked that too!"
        },
        {
            "name": "Jean-Marc",
            "date": "2018-01-02",
            "review": "We had an excellent London experience - the best actually - in Jackie \u00b4s appartment wich offers delicate comfort, views  on the city, and a lively neighbourhood.<br/>Jackie was a super host, welcoming with attention to details and always available.<br/>We do higly recommend!!!"
        },
        {
            "name": "Caitlin",
            "date": "2018-07-30",
            "review": "Chris & Jackie's place is even better than the pictures. It truly feels like home and is very comfortable. There are great restaurants, pubs and music venues close by. The overground station is a 2min walk away and the neighbourhood is safe. The market on Saturday's is a must! Chris & Jackie were easy to get a hold of (while away for their wedding and honeymoon!) and treated us like friends. I urge you to stay at this one of a kind spot in London! "
        },
        {
            "name": "Joshua",
            "date": "2018-09-26",
            "review": "Luxury apartment with heated pool- it doesn\u2019t get better than this in London. Hackney used to be a rough area, but today it\u2019s one of London\u2019s trendiest areas. We were a bit worried about the proximity to the train lines, but we barely heard them. It was very convenient to be next to London Fields park and the train station. Some of the best bakeries are nearby (E5, Gail\u2019s). The concierge downstairs was excellent."
        },
        {
            "name": "Lourdes",
            "date": "2019-01-14",
            "review": "Chris and Jackie\u2019s place is so beautiful and well furnished. We fulled enjoyed our staying there and Chris and Jackie made us feel like at home."
        },
        {
            "name": "Randy",
            "date": "2019-08-05",
            "review": "This lovely home is truly an amazing place stay and just perfect all around. The hosts are superbly helpful with your stay, i definitely will come back here again my next go around in London."
        },
        {
            "name": "Helen",
            "date": "2019-10-14",
            "review": "Chris and Jackie were extremely responsive, friendly and readily available.  <br/>Their apartment building was fantastic and well located, equipped with a pool and spacious terrace.  Their apartment itself is also furnished with style and full of thoughtful, modern amenities (the Sonos speakers were great).  We loved the high ceilings and being on the balcony as well - thank you both so much.<br/>Cannot recommend this more!"
        },
        {
            "name": "Helen",
            "date": "2019-10-20",
            "review": "Must book!"
        },
        {
            "name": "Ciara",
            "date": "2019-12-01",
            "review": "We loved our stay in this perfect apartment! Great location and excellent communication with host. Highly recommend."
        },
        {
            "name": "Polykarpos",
            "date": "2021-06-03",
            "review": "From the moment you get in the apartment , you leave all your worries behind. Super stylish , super comfortable and the roof terrace with the warm swimming pool with the glass bottom is everything!!! Hosts were not there but we were in constant communication and they are super nice ppl. The area around it , Hackney , is one of the best.. really !!! Hip, vibrant , cool to everything that has to offer. Loved it all the way .. thank you guys !!! All the best to you"
        }
    ]
}