{
    "id": 20002844,
    "listing_url": "https://www.airbnb.com/rooms/20002844",
    "name": "BOUNDS GREEN N11- PICC. LINE-\u00a3570PCM (\u00a319PD) -RM01",
    "description": "The house is only 10 minutes walk to Bounds Green tube, Piccadilly Line, Kings Cross 20 minutes. Also it is 10 minute walk to New Southgate mainline train station which is 20 minutes to Moorgate .Also the house is served by many bus routes<br /><br />This would suit a quiet  30years+ tenant , non smoker. It is a lovely bright double bedroom in a comfortable and cozy house. It would be ideal for a quiet, mature student / professional who is working or studying full time and is looking for a quiet room<br /><br /><b>The space</b><br />SINGLES ONLY AGE 30 YEARS+ . MEDIUM TERM, 2 MONTH + MINIMUM. IDEAL FOR A GUEST WHO IS WORKING OR STUDYING FULL TIME AND IS LOOKING FOR A QUIET ROOM IN A COMFORTABLE HOUSE. \ud83d\udead NO SMOKING .NO VAPING \ud83d\udead <br /><br />A current COVID19 PCR  negative test result is necessary. <br /><br />We three will share the common spaces  (the landlord , a long term Airbnb guest and yourself)<br /><br />As the landlord  is working at home remotely, the house should  always be qu",
    "host_name": "Paul",
    "host_id": 4632603,
    "host_url": "https://www.airbnb.com/users/show/4632603",
    "host_picture_url": "https://a0.muscache.com/im/users/4632603/profile_pic/1442943940/original.jpg?aki_policy=profile_x_medium",
    "neighbourhood_cleansed": "Haringey",
    "latitude": 51.61015,
    "longitude": -0.13401,
    "property_type": "Private room in home",
    "room_type": "Private room",
    "accommodates": 1.0,
    "bathrooms": 1.0,
    "beds": 1,
    "price": 19.0,
    "numbers_of_review": 10,
    "review_scores_rating": 4.14,
    "reviews": [
        {
            "name": "Samy",
            "date": "2017-09-21",
            "review": "I've had a great stay a Paul's. He's very likeable and willing to help and give any information you might need to make sure you make the most of your stay. The room is as large and cosy as advertised and the house is both nice and functional. I definitely recommend it!"
        },
        {
            "name": "Patrick",
            "date": "2019-03-05",
            "review": "Flexibility really great, local pubs around the corners, quiet neighborhood, little market across the street, and quick access to central London."
        },
        {
            "name": "Wayen",
            "date": "2019-04-06",
            "review": "Perfect host, perfect house!  Lovely large bedroom with large window overlooking Tewkesbury Green.  2 minutes from bus stop, 5 mins from Bounds Green Tube Station Piccadilly Line, conveniently  intersects to all of London.  Paul helped me with my d*rn mobile, helped with directions to all over London, etc.    AND, important to me, house allows for privacy, but Paul instantly accessible to help with any issuess.  I look forward to a return visit!"
        },
        {
            "name": "Patrick",
            "date": "2019-07-05",
            "review": "Nice place for a college student on a budget. Good location, just 18 mins by tube to King's Cross. There is a little store next to the house. Safe and quiet neighborhood. Nice pubs near Bounds Green and Arnos Grove. Paul is good about check-in and check-out."
        },
        {
            "name": "Jorge",
            "date": "2019-09-09",
            "review": "This room totally worth it! It is very bright with a huge bed and a lot of space to put your clothes.<br/>The house it is located in a great neighborhood (7-9 min to the tube and 2 min to a bus stop. Once in the tube you will be able to get the center in 15 min). There is a little shop in front of the house where you can get food essentials (you will have 3 or 4 of these kinds of shops in your way to the tube)<br/>Regarding the house, It is so quiet, which I appreciated every minute, clean and also has a lovely terrace.<br/>Paul, the landlord, is a great host, I have no doubt he will help you with any issue you may have. But Paul is more than that, He\u00b4s very friendly and always respectful, which is quite important when you live in a house with someone else. We became friends because he\u00b4s honestly an amazing person. His presence helps me a lot in my 2 months stay in London."
        },
        {
            "name": "Michael",
            "date": "2019-11-29",
            "review": "Very unclean house. Clearly the bedroom hadn't been hoovered or cleaned properly in preparation for receiving a guest. The bathroom has dirty and the kitchen was so unclean it made me not want to cook or use it. The host played loud music most mornings. The host often had guests around on sunday nights where they played music (mostly movie soundtracks and 80s throwbacks) at max volume. The host also made a huge deal every time a light was left on, which added to the unpleasantness of the stay."
        },
        {
            "name": "Kevin",
            "date": "2022-08-31",
            "review": "Host works from home, so guest is expected to be quiet all the time. The room is cozy and the location is convenient.  A nearby commercial area can provide shopping, leisure, entertainment, and a variety of foods choice at competitive prices."
        },
        {
            "name": "Abdelhakim",
            "date": "2022-10-01",
            "review": "I highly recommend this accomodation as Paul is a great host that will help you with any tips or information during your stay in London. Can't think of any better introduction to the Lononian life as an international student. The accomodation is really confortable and within a reasonable budget. <br/>Thank you Paul and Sue for your kind help and presence during my stay."
        },
        {
            "name": "Bakary",
            "date": "2022-11-05",
            "review": "Impossible de vivre chez Paul pour plusieurs raisons. Je d\u00e9conseille vivement son logement. Je devrais y rester pour 2 mois mais finalement je n'ai fait que 2 nuits. C'\u00e9tait une exp\u00e9rience horrible. J'avais l'impression d'\u00eatre dans une prison.<br/>1. Propri\u00e9t\u00e9 :<br/>Le logement est trop salle et mal rang\u00e9. Les draps et les couettes sont \u00e9galement d\u00e9gueulasses. Il y avait du sang sur ma couette, des t\u00e2ches bizarres sur les draps et les oreillers.<br/>2. Restrictions <br/>Au-del\u00e0, des r\u00e8gles fix\u00e9es dans son annonce, il existe d'autres restrictions qui rendent la vie impossible chez lui.<br/>A partir de 22h, tu ne peux aller ni au toilette ni \u00e0 la douche. Tu ne peux pas mettre la TV.<br/>Le matin, on n'a pas droit d'utiliser la cuisine pour le petit d\u00e9jeuner de 7h \u00e0 9h.<br/>Tu dois sortir la poubelle commune et faire le m\u00e9nage.<br/>En plus, il faut l'autorisation de Paul pour cuisiner, pour mettre le chauffage, pour repasser tes v\u00eatements et pour rester dans le salon.<br/>3. Bruits <br/>La fen\u00eatre de la chambre fait face \u00e0 une autoroute. Il y a donc beaucoup de bruits 24/24h. Si tu as un sommeil l\u00e9ger, c'est donc impossible de dormir.<br/>4. Humidit\u00e9 et allergies <br/>Il y a trop d'humidit\u00e9 dans son appartement et une pr\u00e9sence forte de pollens, donc impossible d'y rester si tu as la moindre allergie."
        },
        {
            "name": "Carmen",
            "date": "2023-07-15",
            "review": "bedroom has a filthy carpet, stains all over.  Bathroom as well not thoroughly cleaned. Host needs to hire a professional cleaning company to give a thorough cleaning to his house.  location is pretty far from all the touristic sites, you spend a long time on the Tube back and forth. Beware of Host not charging  a cleaning fee,  his house rule is that you clean his entire house, vacuum and clean bathroom and kitchen which will take away from your vacation time.  Host OCD with the door lock, drove me out of his place on the second day."
        }
    ]
}