{
    "id": 20110218,
    "listing_url": "https://www.airbnb.com/rooms/20110218",
    "name": "Bright Room in Canada Water-Central London",
    "description": "We are renting a comfortable room: quite, bright and functional. You can relax and feel at home as the accommodation is fitted with a spacious single bed and it is also fitted with a desk. In addition the furniture is well organised and it rises high into cupboards and shelves. The room has a free broad band access. The rent includes all bills and the house expenses. <br /><br />The kitchen and bathroom are shared with other housemates. <br />The strong point of this place is the location.<br />The house is set in a beautiful green area between Canada Water and Rotherite station which is close to public transport (tube, overground and bus). It's a perfect location for reaching the City, the Docklands and the centre of London but thanks to its peaceful neighbourhood it permits a complete relax during the evening and the weekend.",
    "host_name": "Valentina",
    "host_id": 141959105,
    "host_url": "https://www.airbnb.com/users/show/141959105",
    "host_picture_url": "https://a0.muscache.com/im/pictures/user/10e7c9b4-3b6f-4207-8075-232b12b87a0f.jpg?aki_policy=profile_x_medium",
    "neighbourhood_cleansed": "Southwark",
    "latitude": 51.50522,
    "longitude": -0.03879,
    "property_type": "Private room in home",
    "room_type": "Private room",
    "accommodates": 1.0,
    "bathrooms": 1.0,
    "beds": 1,
    "price": 26.0,
    "numbers_of_review": 4,
    "review_scores_rating": 4.5,
    "reviews": [
        {
            "name": "Felix",
            "date": "2017-08-12",
            "review": "Nice and friendly atmosphere, great communication. 35 minute commute to the city centre. However the room does not have a doorknob on the inside and doesn't secure when it's closed. If the window is open, a light breeze will push the door wide open."
        },
        {
            "name": "Kevin",
            "date": "2017-08-20",
            "review": "Lovely stay, highly recommend."
        },
        {
            "name": "Jonathan",
            "date": "2017-08-21",
            "review": "Nice, leafy, quiet, clean area. House was nice clean and well organised. House mates were friendly, polite and sociable. Host was very friendly and welcoming and available to let me in to the place."
        },
        {
            "name": "Ruben",
            "date": "2017-09-10",
            "review": "Valentina as a hostess is unique, as a friend is fantastic, and the best thing of her are her tips!!"
        }
    ]
}