{"id": 20136054, "listing_url": "https://www.airbnb.com/rooms/20136054", "name": "Tooting, South West London with on street Parking", "description": "Near Tooting Bec, South West London.  Lots of green spaces nearby; including Tooting Bec Common home to the Lido the largest outdoor swimming pool in Europe, tennis courts and football. Many shops and supermarkets in Mitcham Road and the local Market sells a variety of goods from fruit to furniture. Trendy wine bars, Bistros, Pubs and excellent restaurants. Good transport, london buses 5mins. Tooting Broadway tube in Zone 3 takes you to centre of London in 25 mins.<br /><br /><b>The space</b><br />Ground floor  with patio garden.<br /><br /><b>Guest access</b><br />The whole of the ground floor with own entrance<br />There is a sofa bed in the conservatory", "host_name": "Sara", "host_id": 14508768, "host_url": "https://www.airbnb.com/users/show/14508768", "host_picture_url": "https://a0.muscache.com/im/pictures/user/0479f308-e3e9-419c-947f-312b0418e3e0.jpg?aki_policy=profile_x_medium", "neighbourhood_cleansed": "Wandsworth", "latitude": 51.42204, "longitude": -0.15085, "property_type": "Entire home", "room_type": "Entire home/apt", "accommodates": 5.0, "bathrooms": 1.0, "bedrooms": 2, "beds": 3, "amenities": ["First aid kit", "Oven", "Fire extinguisher", "Hair dryer", "Private entrance", "Hangers", "Dishes and silverware", "Essentials", "Patio or balcony", "Free parking on premises", "Free street parking", "Cooking basics", "Single level home", "Carbon monoxide alarm", "Wifi", "Heating", "Coffee maker", "Dishwasher", "Backyard", "Long term stays allowed", "TV", "Microwave", "Refrigerator", "Iron", "Kitchen", "Stove", "Hot water", "Washer", "Smoke alarm", "High chair", "Dryer"], "price": 116.0, "numbers_of_review": 28.0, "review_scores_rating": 4.71, "reviews": [{"name": "Graeme", "date": "2017-09-06", "review": "A nice flat with everything you would need for a few nights away. On street parking, Sky, WiFi, well stocked kitchen and easy check in/out process."}, {"name": "Kiril", "date": "2018-07-20", "review": "Great flat , we are definitely coming back"}, {"name": "Craig", "date": "2018-08-27", "review": "We booked very late and had a very easy and enjoyable experience dealing with the host. It was exactly what we were looking for and great value for money."}, {"name": "Jose", "date": "2018-09-13", "review": "The aparment met all our expectations and we were very comfortable during our stay. It is a twenty minute walk from Tooting Broadway station where you can get the underground to London and local shops are perfect for anything you may need. As we hired a car the free on street parking was perfect for the days where we did not use it."}, {"name": "Mari Luz", "date": "2018-10-06", "review": "Este alojamiento es perfecto para lo que busc\u00e1bamos, tiene todo lo necesario de menaje, s\u00e1banas y todo muy limpio. Para llegar al metro es necesario coger un Bus que est\u00e1 muy cerca de la casa \u00f3 caminar unos 20 minutos."}, {"name": "Lisa", "date": "2018-12-20", "review": "Great stay"}, {"name": "Peter", "date": "2019-01-25", "review": "Parking can be an issue but other than that a great place to stay"}, {"name": "Elizabeth", "date": "2019-02-06", "review": "Great place. Very nice and comfortable. The beds were nice. Nice neighborhood. Easy access to trains, bus, shops etc. Also it was quiet. Host was easy to reach. Great wifi."}, {"name": "Tina", "date": "2019-02-17", "review": "Great location with on street parking. Lots of buses and local shops with short walk to tube station and Tooting Common a 10 minute walk away. Very well equipped to cook for yourself and everything you would need for your comfort. It was a great base for us and we really enjoyed our stay."}, {"name": "Tyler", "date": "2019-02-21", "review": "So nice.  Beautiful home in a quiet neighborhood."}]}