{"id": 20207137, "listing_url": "https://www.airbnb.com/rooms/20207137", "name": "Spacious Modern Apartment in town centre", "description": "Modern luxury apartment in a quiet private electronic gated development only 3/4 minutes walk to the main train station for quick and direct access to central London Liverpool St (approx 15 mins), Westfield  Shopping centre from 8 mins), or the leafy green suburbs. Quiet oasis In the heart of a lively town centre, shopping centres, restaurants, cinemas, bars, supermarkets, & famous outdoor market all on your doorstep.<br />Homely central heated, fast wifi broadband included, Smart TV channels<br /><br /><b>The space</b><br />Apartment is in a quiet oasis in the heart of the town centre where you will find many popular restaurants, cafes, bars, shopping, VUE cinema, bowling etc..and popular fast food and retail chains like M&S, WHSmiths, Boots, McDonald's, Burger King, Wimpy, Starbucks, Costa, Sainsbury's Superstore, Debenhams and many more.<br /><br /><b>Guest access</b><br />The number of guests in the booking must be the same as the number staying.<br /><br /><b>Other things to note<", "host_name": "Mo", "host_id": 23282898, "host_url": "https://www.airbnb.com/users/show/23282898", "host_picture_url": "https://a0.muscache.com/im/pictures/user/0cfb4fb1-662c-4003-ac0b-c0aa657cc9df.jpg?aki_policy=profile_x_medium", "neighbourhood_cleansed": "Havering", "latitude": 51.57856, "longitude": 0.18052, "property_type": "Entire rental unit", "room_type": "Entire home/apt", "accommodates": 3.0, "bathrooms": 2.0, "bedrooms": 3, "beds": 3, "amenities": ["Oven", "Paid parking lot off premises", "Hangers", "Dishes and silverware", "Essentials", "Patio or balcony", "Cooking basics", "Bed linens", "Carbon monoxide alarm", "Wifi", "Heating", "Long term stays allowed", "TV", "Host greets you", "Microwave", "Refrigerator", "Iron", "Kitchen", "Stove", "Security cameras on property", "Hot water", "Washer", "Smoke alarm"], "price": 105.0, "numbers_of_review": 10, "review_scores_rating": 4.33, "reviews": [{"name": "Peng Wee", "date": "2018-08-29", "review": "Great location for local amenities"}, {"name": "RachelHelen", "date": "2018-09-26", "review": "Amazing place nice and clean lovely decor and personal touch through out the apartment.Shoaib was quick to respond to requests we made. I would definitely recommend his place.Also great location next to shops,restaurants and transport links!"}, {"name": "R\u00e9mi", "date": "2018-10-21", "review": "Tr\u00e8s bon accueil, tr\u00e8s disponible, tr\u00e8s bonne communication.<br/>Logement tr\u00e8s bien situ\u00e9 (proche transport et zone commerciale), plus d'ustensiles de cuisine \u00e0 pr\u00e9voir. Merci pour le s\u00e9jour ;)"}, {"name": "Anjini", "date": "2019-03-30", "review": "This was my first time using Airbnb and I absolutely loved it. The area is amazing, it is basically in the Brewery which has a bunch of stores, coffee shops and restaurants. It is close to many bus stops as well as a 30 second walk to the liberty shopping centre. <br/>Mo was an amazing host and responded quickly to anything we needed! <br/>Definitely would stay there again!!"}, {"name": "Umang", "date": "2019-06-21", "review": "Perfect area to live in. Right in the center of the town, shopping malls, market streets, shops all around you. Close to the train station too."}, {"name": "Tiya", "date": "2022-05-14", "review": "For me, this is just basic accommodation,\u00a0 provides the necessities you need. A place to stay, bath, sleep and cook, nothing to wow you.<br/>The issues I had which were put foward to the host were that there was only one set of keys and there were two of us with diverse schedules. We stayed 2 weeks and were not able to get a spare key which made the stay quite inconveniencing. <br/>Also, the fridge was not properly cleaned and was water logged, the host's attention was brought to this the day we checked in. There was past left over food in the fridge and freezer as well.<br/>The location was good. As you come out, there are shops and restaurants close by and it's close to the train station."}, {"name": "Holly", "date": "2023-03-19", "review": "Thank you for being a welcoming host. Highly recommend."}, {"name": "Gwen", "date": "2023-04-21", "review": "Very close to shopping center, and convenient transportation. The rooms are spacious and clean. Mo is a very patient and responsive host. Nice apartment to stay."}, {"name": "Gwen", "date": "2023-05-09", "review": "A wonderful second-stay experience with this cosy and comfortable place. Easy to find and very close to the Romford Station with restaurants and supermarkets around. Mo is very kind and always responsive by clear guidance of check in and check out."}, {"name": "Anjuly", "date": "2023-09-16", "review": "Mo was amazing and very cooperative. He and his family were on hand to answer any questions we had. He allowed us to check in early as we arrived early. <br/>The air bnb was in a great location with shops and restaurants at your door step. The train station was a short walk away which made it very convenient for us to get around for work and pleasure. I would definitely recommend Mo\u2019s place and stay here again should we need. Thanks Mo"}]}