{
    "id": 20455534,
    "listing_url": "https://www.airbnb.com/rooms/20455534",
    "name": "Lovely 1-Bedroom Apartment with Balcony in Putney",
    "description": "Located in the homey area of Putney, our wonderful apartment featuring a spacious balcony makes a perfect home base in London.<br /><br /><b>The space</b><br />Welcome to this beautiful first floor, one bedroom apartment located in the popular area of Putney. Our well furbished apartment has an eye-catching unique feel for a memorable stay. With its chic design, the living room is the perfect space to socialise or wind down. <br /><br />Next to the living room, you will find the kitchen, which is fully-equipped with everything you might need to make a delectable feast, to then enjoy at the dining area with your fellow guests.<br /><br />The bedroom has plenty of wardrobe space for you to fully unpack and settle in during your stay. The comfortable king size bed and plush pillows, is also perfect for a goodnight sleep. <br /><br />Our fresh and modern bathroom is nicely fitted with a toilet, shower, and a bubbly bathtub for you to relax after a busy day of exploring the city.<br /><br /",
    "host_name": "Darko",
    "host_id": 50963247,
    "host_url": "https://www.airbnb.com/users/show/50963247",
    "host_picture_url": "https://a0.muscache.com/im/pictures/user/0977b848-98ae-4d6d-8252-741fdeb09724.jpg?aki_policy=profile_x_medium",
    "neighbourhood_cleansed": "Wandsworth",
    "latitude": 51.45869,
    "longitude": -0.21623,
    "property_type": "Entire rental unit",
    "room_type": "Entire home/apt",
    "accommodates": 2.0,
    "bathrooms": 1.0,
    "beds": 1,
    "price": 185.0,
    "numbers_of_review": 38.0,
    "review_scores_rating": 4.84,
    "reviews": [
        {
            "name": "Carlos",
            "date": "2017-10-04",
            "review": "The apartment is very stylish and reflect's the host pictures. It also has all the amenities that you can wish for in a home away from home. The host was very responsive.<br/>Location is good and within 5-7 mins walk to two subways and train stations. It also has quite a number of cool restaurants in the vicinity. Would recommend the Spanish tapas for a nice glass of wine and some delicacies.<br/>Overall it was a great experience and place to explore London and river walks."
        },
        {
            "name": "Suzanne",
            "date": "2017-10-07",
            "review": "What a beautiful apartment in Putney!!! Modern, clean, quiet, with lots of nice furniture and a very well stocked kitchen. The place felt posh yet homey. Lots of space (along with a North American-sized kitchen, oven and all) and we felt spoiled and happy."
        },
        {
            "name": "Antonella",
            "date": "2017-10-11",
            "review": "Darko was a great host, the flat was clean and tidy. I would definitely recommend him!"
        },
        {
            "name": "Khaye",
            "date": "2017-11-10",
            "review": "It's such a cozy place and very convenient to train station and shops."
        },
        {
            "name": "Vanessa",
            "date": "2017-11-12",
            "review": "Great stay at this place, nice touches and very clean.<br/>Thanks for the fast and detailed communication."
        },
        {
            "name": "Jack",
            "date": "2017-11-19",
            "review": "Incredible value and perfect location for a long weekend in London. <br/>Darko and his team ensured that we were up to speed with how everything worked and were on hand to help when needed. The apartment itself is superb and is less than a 5 min walk to the shops / tube to get around.<br/>Great host, great place and a great weekend. Thanks!"
        },
        {
            "name": "Harriet",
            "date": "2017-12-11",
            "review": "We had a great stay at Darko's! It was exceptionally clean, comfortable and pleasantly filled with the essentials! <br/>It felt like home for the weekend and we enjoyed spending time in the space as much as enjoyed the area.<br/>Thank You."
        },
        {
            "name": "Andy",
            "date": "2017-12-21",
            "review": "I had a wonderful stay at this very comfortable, spacious 1 bed Putney apartment - a great location within easy access of central London and routes out of town. <br/>The owner has a fantastic support team who were very responsive.<br/>I highly recommend this property for all short London breaks."
        },
        {
            "name": "Omar",
            "date": "2018-01-07",
            "review": "Such a lovely apartment and had everything you need in it. The kitchen is well stocked with utensils and great location. Awesome and quick communication. Thanks for the stay!"
        },
        {
            "name": "Cassian",
            "date": "2018-02-11",
            "review": "The flat was perfectly located for visiting Putney and for easy access into Central London. Inside was stylish, spacious, and very clean. Communication was abundant! Would happily stay here again. Thanks Darko!"
        }
    ]
}