{"id": 20522383, "listing_url": "https://www.airbnb.com/rooms/20522383", "name": "1 Bedroom Apartment in Cutty Sark, Greenwich", "description": "More info", "host_name": "Kim", "host_id": 26267866, "host_url": "https://www.airbnb.com/users/show/26267866", "host_picture_url": "https://a0.muscache.com/im/pictures/user/0ae93c4e-3dca-40a6-8376-9bdfd379e19c.jpg?aki_policy=profile_x_medium", "neighbourhood_cleansed": "Greenwich", "latitude": 51.482517, "longitude": -0.010514, "property_type": "Entire rental unit", "room_type": "Entire home/apt", "accommodates": 2.0, "bathrooms": 1.0, "bedrooms": 1, "beds": 1, "amenities": ["First aid kit", "Oven", "Barbecue utensils", "Wine glasses", "Dining table", "Private entrance", "Hangers", "Waterfront", "Dishes and silverware", "Luggage dropoff allowed", "Essentials", "Shampoo", "TV with standard cable", "Baking sheet", "Cooking basics", "Carbon monoxide alarm", "Wifi", "Heating", "Dishwasher", "Long term stays allowed", "Hot water kettle", "Refrigerator", "Portable fans", "Iron", "Kitchen", "BBQ grill", "Stove", "Toaster", "Breakfast", "Dedicated workspace", "Hot water", "Washer", "Smoke alarm", "Laundromat nearby", "Private garden or backyard", "Cable TV", "Freezer"], "price": 115.0, "numbers_of_review": 10, "review_scores_rating": 4.6, "reviews": [{"name": "Richard", "date": "2018-09-16", "review": "Brilliant place to stay 30 second walk from the Cutty sark. Amazing location, clean apartment, large kitchen not much more to ask for. Would definitely recommend staying here when visiting Greenwich."}, {"name": "Ailsa", "date": "2018-09-23", "review": "Super handy for transport links on DLR and river bus. Thriving local community with great bakery and market.  Would stay again if back in the area."}, {"name": "Sara", "date": "2018-10-01", "review": "Location is great, the kitchen is nice and the flat is cheap but there are a few negatives: there is no space to hang/put away your clothes/store anything, the shower is very difficult to use - cold or boiling, the bed is not stable and the feathers in the bedding poke out and are painful. We were also surprised to find a pet fish we were not told about above the fridge so we didn\u2019t see or know to feed it initially."}, {"name": "Assia", "date": "2018-10-23", "review": "Kim's place was perfect!<br/>beautiful location cosy and welcoming house.<br/>We had a great stay."}, {"name": "Michele", "date": "2021-06-05", "review": "Kim\u2019s place is in an excellent location within Greenwich, but with very convenient access to central London. It\u2019s very tastefully decorated yet very homely. Very comfy bed and a well equipped kitchen. For the location and the space it\u2019s also an added bonus to have an outside space. Would definitely recommend Kim\u2019s place!"}, {"name": "Zelda", "date": "2021-07-27", "review": "Kim's home (and it IS her home) is a fabulous place to stay. The location is unbeatable, 5 mins (maybe less) walk to the Thames in a lovely, garden area next to Cutty Sark. And, while filled with her own characteristic furniture, the home is also very very clean. Her kitchen is one of the best supplied I've ever seen (including my own). There's a nice front patio for sitting and chatting. You are at a transportation hub as well. The town of Greenwich is simply lovely. Kim is very communicative and easy to deal with. We hope to stay there again. (Whoever had problems with the shower and hot water, I can't explain -  it's a great shower.)"}, {"name": "David", "date": "2021-08-17", "review": "A really nice little flat in an amazing location.  Right next to the Cutty Sark and Greenwich 'beach'. Lots of tourism and good restaurants and cafes nearby."}, {"name": "Kate", "date": "2021-08-30", "review": "A beautifully decorated flat in an excellent location. I was a solo traveller looking for a well connected place and DLR is right on the doorstep. Kim was proactive and friendly about communication but basically just let me get to it, which is exactly what I wanted."}, {"name": "Linda", "date": "2022-06-04", "review": "Great wee find!"}, {"name": "Nicholas", "date": "2022-07-24", "review": "Incredible location and a lovely flat. Host was very nice and everything in the flat was comfortable and easy to operate. Would recommend."}]}