{"id": 2053193, "listing_url": "https://www.airbnb.com/rooms/2053193", "name": "Sunny double in Victorian house", "description": "Please will you send me a message before requesting to book to make sure my room is a good fit for your needs. I promise to give you a prompt response. <br /><br />My place is a three bedroom Victorian house with lots of character. The room is a good-sized double. It's a sunny room at the back of the house and looks out over a pretty garden.<br /><br />The house belongs to me, I'm Zoe, a native Londoner.<br /><br /><b>The space</b><br />Please note: I work from home so if you plan to be around a lot during the day my place isn't right for you. <br /><br />LOCATION <br /><br />My house is in Finsbury Park, North London (the neighbourhood is called Stroud Green).<br /><br />It's a safe and attractive residential area of Victorian terraced houses and tree-lined streets, popular with young families. With great transport links, it's extremely easy to get to central London from here. The underground from Finsbury Park (a ten to fifteen minute walk away) will get you to Kings Cross (a major t", "host_name": "Zo\u00eb", "host_id": 185201, "host_url": "https://www.airbnb.com/users/show/185201", "host_picture_url": "https://a0.muscache.com/im/users/185201/profile_pic/1390409055/original.jpg?aki_policy=profile_x_medium", "neighbourhood_cleansed": "Islington", "latitude": 51.56904, "longitude": -0.11703, "property_type": "Private room in townhouse", "room_type": "Private room", "accommodates": 2.0, "bathrooms": 1.0, "bedrooms": 1, "beds": 1, "amenities": ["Essentials", "Wifi", "Hot water", "Paid parking off premises", "Fire extinguisher", "Smoke alarm", "Bed linens", "Hair dryer", "Hangers", "Kitchen", "Heating", "Lock on bedroom door"], "price": 35.0, "numbers_of_review": 94.0, "review_scores_rating": 4.77, "reviews": [{"name": "Bettina", "date": "2014-01-29", "review": "We very much enjoyed staying with Zoe, a very friendly and helpful host, in a pleasant neighbourhood. We only spent 1 night, but would certainly stay there again if we come back to London. Thanks Zoe, for putting up breakfast for us in the morning. "}, {"name": "Jean", "date": "2014-03-03", "review": "Zo\u00eb was on hand to give me a warm welcome when I arrived and even got up bright and early to make me a nice cup of tea before I left the next morning.  She was so interesting to chat with I had to tear myself away with regret. Thank you Zo\u00eb for a very nice stay!"}, {"name": "Anil", "date": "2014-03-21", "review": "I had a very nice time staying at Zoe's home near Finsbury Park. Zoe's a very nice host, and was welcoming and helpful. The house itself was clean and bright. It's located conveniently near shops and the Finsbury Park tube station. I'd recommend Zoe and her house very much."}, {"name": "Manos And Eirini", "date": "2014-04-08", "review": "Zoe's place is friendly, cosy and sunny. She is an easy going, relaxed host, the kind one wishes to have. The place is 10 min on foot to the Finsbury Park Tube/Rail station, and you also got the Crouch Hill Overground around the corner.  Some nice cafes a Supermarket and various shops within 5 min from the house. Thanks for everything Zoe, we had a lovely time."}, {"name": "Lucie", "date": "2014-05-06", "review": "My mum came to visit me in London and she stayed at Zo\u00eb's for a week. She was very happy of the experience. Zo\u00eb was a very welcoming host, kind and helpfull. The room was nice and comfortable and the house was situated in a quiet and friendly neighbourhood with very close tube and overground stations.\r<br/>\r<br/>"}, {"name": "Milena", "date": "2014-05-15", "review": "It certainly was a good experience. Lovely and quiet flat in interesting area. ITs district is not touristic and I had the opportunity to live a genuine londoner experience. Zoe has been very kind and discrete.\r<br/>Really positive my staying at Zoe's. I definitely recommend it.\r<br/>Tra l'altro ho scoperto che ci sono vari ristoranti italiani se , per caso, si abbia voglia di mangiare una buona pizza.\r<br/>Milena"}, {"name": "\u00c5smund", "date": "2014-05-31", "review": "Lovevly room in a nice and clean house. Zoe was a great host. \r<br/>The house was a few minutes walk from Finsbury Park station, so no problem getting around. House is old but well kept and charming. Nice residential area. "}, {"name": "Denise", "date": "2014-06-13", "review": "My nine year old son and I spent just over a week with Zoe and the experience was lovely. The room and home is just as pictured and the bed was very comfortable. The location is very close to two underground stops and various bus lines. There are many cafes, restaurants and shops within easy walking distance. The neighborhood is safe and very easy to navigate. This was our first Airbnb experience and I must say we could not have asked for a better host. Zoe is kind, warm and interesting. She was available to offer suggestions, provided us with the use of a tube map and other resources and was very sweet to my son loaning him books to read during our stay. When we return to London we will definitely rebook this listing. We could not have wished for a better experience. Thank you so much Zoe."}, {"name": "Samia", "date": "2014-07-27", "review": "My stay at Zo\u00eb's was my first BnB experience and I must say that it was an extremely pleasant one. The room described and depicted is exactly the same in reality or even better. The cosy feeling and positive vibes of the house ensure you get a good night's sleep. \r<br/>From asking for guidance of where to start exploring London to having a glass of wine and sharing delightful experiences of our lives. It was one of the most comfortable and memorable stays I have ever had. Thanks a lot Zoe. Looking forward to visiting London again. "}, {"name": "David", "date": "2014-09-02", "review": "I stayed for three days.  What a wonderful welcome.  Staying with zoe gave me the chance to stay in  a London that was new to me.  The house was immaculate with just wonderful character.  A quick stroll to the tube, and around the corner from Zoe's house are some of the best (and most affordable) breakfast and lunch spots in the city.  Zoe's recommendations couldnt have been better.  Bedrooms were spacious, super clean, and had the comfiest bed I've had on airbnb yet.  I'd come back in the morning!\r<br/>"}]}