{
    "id": 20600136,
    "listing_url": "https://www.airbnb.com/rooms/20600136",
    "name": "Super Central Ensuite Room near London Eye",
    "description": "Modern, ensuite room perfectly located in the heart of London<br />Facilities include gym, swimming pool, and shared kitchen. 5 mins walk to London Eye and Big Ben. Waterloo station within walking.<br /><br /><b>The space</b><br />Contains Ensuite bathroom, a space for your own personal use.<br /><br />The bed is bigger than single, but slightly smaller than a double. It it able to accommodate two people.<br /><br /><b>Guest access</b><br />Access to shared kitchen, gym and swimming pool",
    "host_name": "Mw",
    "host_id": 94934497,
    "host_url": "https://www.airbnb.com/users/show/94934497",
    "host_picture_url": "https://a0.muscache.com/im/pictures/user/ecbb1343-6d76-4029-88a5-725da0d9d4cb.jpg?aki_policy=profile_x_medium",
    "neighbourhood_cleansed": "Lambeth",
    "latitude": 51.50107,
    "longitude": -0.11686,
    "property_type": "Private room in rental unit",
    "room_type": "Private room",
    "accommodates": 2.0,
    "bathrooms": 1.0,
    "beds": 1,
    "price": 46.0,
    "numbers_of_review": 1,
    "review_scores_rating": 5.0,
    "reviews": [
        {
            "name": "Luke",
            "date": "2017-08-30",
            "review": "\u4f4d\u7f6e\u5f88\u597d\uff0c\u623f\u4e1c\u5f88\u70ed\u60c5"
        }
    ]
}