{"id": 20939530, "listing_url": "https://www.airbnb.com/rooms/20939530", "name": "Lovely garden log cabin. Own bathroom & kitchen.", "description": "This lovely log cabin surrounded by gardens is beautifully relaxing and a perfect retreat. Double glazed and heated with lots of light, the cabin has its very own brand new kitchen and bathroom. There\u2019s a table to work and eat from a new sofa bed and an amazingly comfortable Brazilian hammock to relax in. Enjoy the peace and feel of being in the country, while being in vibrant Hackney. I am a travel writer and this is my favourite place in the world.", "host_name": "Jane", "host_id": 6615071, "host_url": "https://www.airbnb.com/users/show/6615071", "host_picture_url": "https://a0.muscache.com/im/users/6615071/profile_pic/1429791497/original.jpg?aki_policy=profile_x_medium", "neighbourhood_cleansed": "Hackney", "latitude": 51.55175, "longitude": -0.04447, "property_type": "Private room in tiny home", "room_type": "Private room", "accommodates": 1.0, "bathrooms": 1.0, "bedrooms": 1, "beds": 1, "amenities": ["Essentials", "Wifi", "Dedicated workspace", "Hot water", "Coffee maker", "Oven", "Long term stays allowed", "Microwave", "Refrigerator", "Shared patio or balcony", "Shared fenced garden or backyard", "Bed linens", "Dining table", "Private entrance", "Kitchen", "Outdoor furniture", "Heating", "Stove", "Lock on bedroom door", "Dishes and silverware"], "price": 105.0, "numbers_of_review": 15.0, "review_scores_rating": 4.73, "reviews": [{"name": "Georgia", "date": "2017-10-11", "review": "Gorgeous little cabin in a sweet little back yard. The perfect little getaway in a big city. Very comfortable bed, great kitchen and amazing bathroom! The cabin is in a wonderful location with lots of coffee shops and places to eat, as well as being a quick walk to the Homerton overground station. I absolutely loved my stay here! Thank you Jane! Xx"}, {"name": "Olivia", "date": "2018-03-06", "review": "A private room nestled away in the garden, this garden studio is the perfect retreat from the city. Steps from great cafes and shops, Sutton House, the overground and buses, and close to plenty of east end markets, galleries and haunts, it is the perfect place to unwind and have some space to yourself after a day out. Jane\u2019s Victorian house boasts a beautiful bathroom, 2 lovely cats and friendly people & neighbours that offer a Hackney community welcome. A highly recommended stay. Thanks Jane!"}, {"name": "Stefanie", "date": "2019-03-12", "review": "Its my second time at Janes place and its lovely like always. The cabin is really nice and very well if you want some privat time. I also like the room inside the house a lot, stayed one night there also. My london home, away from home."}, {"name": "Stephen", "date": "2021-08-29", "review": "Cozy little garden studio in a great part of Hackney. Good place to chill out and unplug if you want to sit in the hammock and read (wifi wasn't very accessible from the garden during my stay). Jane was lovely and welcoming too."}, {"name": "Peter", "date": "2021-09-24", "review": "Lovely little cabin to get away from it all, Jane is a great host and the house is super friendly. Recommend"}, {"name": "Reva", "date": "2021-10-06", "review": "If you're looking for a quiet peaceful getaway, this is a sweet spot. However, the wifi doesn't work so make sure to take that into consideration."}, {"name": "Katarina", "date": "2021-10-25", "review": "This is such a gem in the middle of Clapton. A quiet place where you can relax, while also being close to public transport, such as having Chatsworth road with its charming local restaurants and shops just around the corner! <br/>This was the perfect place for me while being in between houses and having long work days. Coming home to this place after a busy day was just what I needed. <br/>I\u2019ll be coming back soon!"}, {"name": "Sophia", "date": "2021-11-20", "review": "Good value place in a lovely location next to nice caf\u00e9s and multiple modes of public transport"}, {"name": "Ann", "date": "2021-12-19", "review": "I had a great stay at Janes cabin. It felt like a hideaway in the heart of Hackney"}, {"name": "Gosia", "date": "2022-03-13", "review": "Great stay at this surpising 'retreat' in the heart of London, Hackney. Great bus and overground links to Central and West London. Victoria Park and Walhamstow Marshes walking distance (if you like to walk:). I enjoyed my stay; the wooden smell as you enter, the privacy, the practicality of it, the little garden with a small magnolia tree in a corner (which just open up during my stay!), the two majestic and calm cats visiting the garden from time to time. Highly recommended!"}]}