{
    "id": 21257940,
    "listing_url": "https://www.airbnb.com/rooms/21257940",
    "name": "A fully modernised south London house with garden",
    "description": "Perfectly finished 2 bedroom  house with a secluded courtyard garden in a  charming Victorian terrace in Sydenham. Free street parking.<br />Sydenham is a friendly, multicultural place with excellent transport links (18-20 mins to central London). Our house is 8 mins walk to the nearest station and 5 mins walk to the High Street, with all you need inc: cafes, pubs & restaurants. Close to Mayow Park, Crystal Palace Park and Dulwich Park.<br /><br /><b>The space</b><br />We think our house is perfect for a couple or small family. Everything you need for your stay is therefor you , and you can relax in the warm, comfortable  space.<br /><br /><b>Guest access</b><br />The entire house and garden is available for use by our guests.",
    "host_name": "Doug&Annika",
    "host_id": 81271533,
    "host_url": "https://www.airbnb.com/users/show/81271533",
    "host_picture_url": "https://a0.muscache.com/im/pictures/user/389dccbb-6a51-4e81-9186-cb3e51d1a4f4.jpg?aki_policy=profile_x_medium",
    "neighbourhood_cleansed": "Lewisham",
    "latitude": 51.42642,
    "longitude": -0.0421,
    "property_type": "Entire townhouse",
    "room_type": "Entire home/apt",
    "accommodates": 4.0,
    "bathrooms": 2.0,
    "beds": 3,
    "price": 95.0,
    "numbers_of_review": 19.0,
    "review_scores_rating": 5.0,
    "reviews": [
        {
            "name": "Suzan",
            "date": "2017-12-01",
            "review": "Doug and Annikas place is full of charm, it has the old style mixed in with the modern, and felt very homely,  it is in a charming terraced street and parking for us was not a problem, we managed to find a space each evening on our return home, the road itself is a surprisingly peaceful location even though at the end of the street is the busy main road into the high street, with a very short walking distance to shops, pubs, buses and trains if you needed them, the property has a small private courtyard garden and we wish we could of made use of it, but as it was November it was not possible, we would love to return one day, thank you once again."
        },
        {
            "name": "Ana",
            "date": "2017-12-16",
            "review": "We had an amazing time at Doug & Annika's place, The house is much better than than the pictures, I felt at home. <br/>Thank you both!"
        },
        {
            "name": "Cynthia",
            "date": "2018-04-22",
            "review": "We had such a wonderful time at Doug & Annika\u2019s beautiful home! It\u2019s perfect for someone trying to get away from all the noise in the city but perfectly located just a quick 10 minute walk away from the tube. The beds are very comfortable and the entire place was spotless! There are a few great pubs just up the street, grocery stores as well if you\u2019re planning to cook in their beautiful kitchen. Luckily the weather was beautiful so we made use of the garden for breakfast. It was the perfect place and I would definitely book again in the future!"
        },
        {
            "name": "Noora",
            "date": "2018-04-28",
            "review": "The place was great! Felt like home in a big city like London. Also we felt very welcome! They were really easy to communicate and the place was tidy. :) I highly recommend this place."
        },
        {
            "name": "Elizabeth",
            "date": "2018-05-09",
            "review": "Excelente nuestra estancia en esta hermosa residencia . Limpieza, buen gusto, todo lo necesario para sentirse como en la propia casa. Impecable atencion de los anfitriones. Lo recomendamos! Esperamos volver!"
        },
        {
            "name": "Ryan",
            "date": "2018-05-25",
            "review": "Well appointed family home for a most comfortable stay when exploring the greater London area. "
        },
        {
            "name": "Chris",
            "date": "2019-05-03",
            "review": "D&A\u2019s home is a wonderful, well appointed, warm and comfortable place to stay in London. Location to great transport links into the centre of London and some excellent local shopping near by. The house itself is a real home from home. We never felt like it missed any detail and we will stay here again when come back to the UK. Additionally to the house being perfect they are also great hosts. Communication was quick and easy and the welcome pack was a great help. The house also has a wild squirrel in the garden which our boy loved to feed each day. 5* and highly recommended. Chris and family"
        },
        {
            "name": "Gaurav",
            "date": "2019-05-18",
            "review": "Doug & Annika are nice hosts, they provided for all amenities and were prompt with their<br/> communication. Lucie - thier care taker, checked us in even when it was quiet late (that was really nice gesture). This place is quiet near to rail head -Sydenham and is quiet accessible by bus and public transport. <br/>We'd a great time!\ud83d\ude0a"
        },
        {
            "name": "Jerome",
            "date": "2019-06-09",
            "review": "Doug & Annika's house is Airbnb like it should be: staying in a lovely house with all the amenities. This is a perfect spot for a family wishing to stay away from the crowd of the city center, yet perfectly reachable for day trips. We recommend warmly this address!"
        },
        {
            "name": "Vincenzo",
            "date": "2019-08-25",
            "review": "Doug & Annika's house is a nice, quite and comfortable  place to stay. Communication was quick and easy. Perfect check-in and check-out. The house was very clean and accessible by bus and public transport. I and my family would book again in the future!"
        }
    ]
}