{
    "id": 21331289,
    "listing_url": "https://www.airbnb.com/rooms/21331289",
    "name": "Bright clean central room",
    "description": "Amazing clean bright room in Farringdon within a converted loft apartment opposite the station.<br /><br />The location is unbeatable, 1 min or less to Farringdon station: overground, underground and plenty of buses.<br /><br />The room has all the necessary amenities and is very bright. The flat is fairly small but perfect for a short stay. <br />We have a cleaner on Friday which is included in the room cost, as well including WiFi and all bills. We keep the flat tidy.",
    "host_name": "Emilina",
    "host_id": 61640850,
    "host_url": "https://www.airbnb.com/users/show/61640850",
    "host_picture_url": "https://a0.muscache.com/im/pictures/user/e2cfca10-f72d-4ec5-9501-a5145140ced8.jpg?aki_policy=profile_x_medium",
    "neighbourhood_cleansed": "Camden",
    "latitude": 51.5194,
    "longitude": -0.10639,
    "property_type": "Private room in rental unit",
    "room_type": "Private room",
    "accommodates": 1.0,
    "bathrooms": 1.0,
    "beds": 1,
    "price": 40.0,
    "numbers_of_review": 2.0,
    "review_scores_rating": 5.0,
    "reviews": [
        {
            "name": "Zach",
            "date": "2017-11-27",
            "review": "Emilina was an amazing host, and the apartment was exactly as advertised."
        }
    ]
}