{"id": 21382000, "listing_url": "https://www.airbnb.com/rooms/21382000", "name": "Double Bedroom Apartment in the buzzing Croydon", "description": "The place is cosy place to relax after a long day. The six seater big sofa provides the well deserved rest after the day. The balcony opens the flat to the outside world and along with the big windows brings a lot of natural light to the flat.  Its close to shops so no worries to go far for dinners and lunches as the Restaurant mile and town centre is all within 10-15 mins walk", "host_name": "Anuj", "host_id": 150458808, "host_url": "https://www.airbnb.com/users/show/150458808", "host_picture_url": "https://a0.muscache.com/im/pictures/user/9fe4d93e-cc5a-4b5c-a15c-0d3de68bc1a8.jpg?aki_policy=profile_x_medium", "neighbourhood_cleansed": "Croydon", "latitude": 51.3738, "longitude": -0.10263, "property_type": "Private room in rental unit", "room_type": "Private room", "accommodates": 2.0, "bathrooms": 1.0, "bedrooms": 1, "beds": 1, "amenities": ["Essentials", "Wifi", "Washer", "Shampoo", "TV", "Elevator", "Smoke alarm", "Iron", "Indoor fireplace", "Hangers", "Kitchen", "Heating", "Breakfast", "Gym"], "price": 30.0, "numbers_of_review": 2.0, "review_scores_rating": 4.0, "reviews": [{"name": "Robert", "date": "2017-11-10", "review": "Anuj is a great host, going out of his way to ensure all is well, and always responding promptly to messages. The flat is right in the centre of Croydon, which is great from a location point of view, but it is noisy and bright, as a result. It would certainly benefit from some blackout blinds, but that's the price of a town centre location. Otherwise, the flat is comfortable and has everything needed and more. Although not clean to hotel standards, it was relatively clean, to an everyday standard. I would stay here again."}]}