{"id": 21689655, "listing_url": "https://www.airbnb.com/rooms/21689655", "name": "Fantastic Bright 2 Bed in Notting Hill", "description": "Welcome to my home! I\u2019m so excited to open up my property to fellow Airbnb travellers. My beautiful2 apartment, in the famous area of Notting Hill, is a stylish and comfortable place to stay and has terrific transport links. You\u2019re under 10 minutes walk away from the nearest tube. <br />The place is fantastic and light throughout with and amazingly located  Hyde Park just over 5 minutes walk away!<br />Explore the neighbourhood and enjoy this bustling part of London. <br />I hope you enjoy your stay!<br /><br /><b>The space</b><br />My stylish 2 bed apartment is the perfect base when visiting London. Conveniently located in the exciting area of Notting Hill and with great transport links, you\u2019ll be right in the hub of the city but able to escape the hustle and bustle!<br />The living area is light and airy with a beautiful, modern design and lovely finishing touches. Relax on the sofa, hang out with your friends, make yourself at home! It\u2019s a welcoming and inviting space where you can ", "host_name": "Guy", "host_id": 11780692, "host_url": "https://www.airbnb.com/users/show/11780692", "host_picture_url": "https://a0.muscache.com/im/pictures/user/c1b7095b-9ca5-4f19-8eea-a4f19a023bcb.jpg?aki_policy=profile_x_medium", "neighbourhood_cleansed": "Westminster", "latitude": 51.51541, "longitude": -0.19193, "property_type": "Entire rental unit", "room_type": "Entire home/apt", "accommodates": 4.0, "bathrooms": 1.0, "bedrooms": 2, "beds": 2, "amenities": ["Essentials", "Wifi", "First aid kit", "Washer", "Long term stays allowed", "TV", "Elevator", "Smoke alarm", "Hair dryer", "Iron", "Hangers", "Kitchen", "Heating"], "price": 134.0, "numbers_of_review": 4, "review_scores_rating": 4.75, "reviews": [{"name": "Oph\u00e9lie", "date": "2017-12-11", "review": "L\u2019appartement est tr\u00e8s sympa et propre <br/>Guy a toujours \u00e9t\u00e9 tr\u00e8s r\u00e9actif"}, {"name": "MariaIrene", "date": "2017-12-18", "review": "Guy\u2019s apartment is in a perfect location, just 10 minutes walking by Hyde Park and very well connected with the tube. The apartment is clean, cozy and bright. Perfect for 4 people, but we undertook there is the possibility to add another bed. Amazing choice for a week end in London with friends!"}, {"name": "Patricia", "date": "2017-12-28", "review": "Guy's place is very comfortable , clean and full equipped. In the neighborhood you can find restaurants, markets, pharmacies and stores , but is a quiet place as well. It's well located , being connected to bus stops ( 2 minutes walk distance) and to the tubes (10 minutes walk distance to Royal Oak or Bayswater Sn). Guy also answered all my questions quickly and  was always extremely kind . I definitely recommend Guy's place."}, {"name": "Nicolas", "date": "2018-01-02", "review": "Appart lumineux et fonctionnel. Quartier calme et sympa, proche des sup\u00e9rettes et de restaurants.<br/>Je recommande cet appartement !"}]}