{"id": 21839495, "listing_url": "https://www.airbnb.com/rooms/21839495", "name": "K4. Large Double Room with TV and a Sofa in Zone 1", "description": "- 6 Min Walk to Pimlico Station (Access to Victoria Line)<br /><br />- 12 Min Walk to Victoria Station <br /><br />- 2 Min Walk to Bus No.24 which Runs 24h to Lots of Main Attractions: <br />Westminster, Big Ben, London Eye, Horse Guards Parade, Trafalgar Square, The National Gallery,  China Town, Soho, British Museum...etc<br /><br />- Self Check-In<br /><br />- Heating Accessible 24/7<br /><br />- Please Check\u300eOther Things To Note\u300f& \u300eHouse Rules\u300fSection<br /><br /><b>The space</b><br />It is a 3-bedroom flat on the Ground Floor (without a living room) is equipped with a fully functioning kitchen, bathroom, separate WC and a private balcony area.<br /><br />Room P (There is a lock on the bedroom door): <br />1. A double sofa bed (140 x 200cm) with a mattress topper - Sleeps 2<br />2. A 32' TV with Netflix, Youtube...etc<br />3. A 3-seater sofa - can be used as a double bed (140 x 200cm) - Sleeps 2<br />4. A dining table<br />5. Shelves<br />6. A clothes rail with hangers<br />7. A sma", "host_name": "S&D", "host_id": 48975847, "host_url": "https://www.airbnb.com/users/show/48975847", "host_picture_url": "https://a0.muscache.com/im/pictures/user/33212477-bc88-4fd2-a9c3-e53a986fca1f.jpg?aki_policy=profile_x_medium", "neighbourhood_cleansed": "Westminster", "latitude": 51.48765, "longitude": -0.1387, "property_type": "Private room in rental unit", "room_type": "Private room", "accommodates": 4.0, "bathrooms": 1.5, "bedrooms": 1, "beds": 2, "amenities": ["Oven", "Hair dryer", "Private entrance", "32\\ HDTV with Amazon Prime Video", "Netflix", "Hangers", "Cleaning products", "Dishes and silverware", "Luggage dropoff allowed", "Essentials", "Patio or balcony", "Shampoo", "Free street parking", "Cooking basics", "Single level home", "Bed linens", "Carbon monoxide alarm", "Shower gel", "Wifi", "Heating", "Long term stays allowed", "Microwave", "Refrigerator", "Kitchen", "Stove", "Lock on bedroom door", "Security cameras on property", "Hot water", "Washer", "Paid parking off premises", "Elevator", "Smoke alarm", "Lockbox"], "price": 42.0, "numbers_of_review": 140.0, "review_scores_rating": 4.58, "reviews": [{"name": "Nadia", "date": "2017-11-26", "review": "Great location, nice & clean and Sheng is answering very quick on your needs!"}, {"name": "Adrien", "date": "2017-12-03", "review": "The apartment was good."}, {"name": "Sirica", "date": "2017-12-05", "review": "We had an excellent stay at Sheng&Dido\u2019s place. The room is much bigger than the photo shown. The kitchen is fully equipped and clean. One thing to address is there are no keys to the room but the apartment only, so you have to bring along your valuable items with you."}, {"name": "Louis", "date": "2017-12-06", "review": "Very good value and great location!"}, {"name": "Alistair", "date": "2017-12-08", "review": "Great communication, and  very convenient check in with use of MasterLock. Thank you. Just what we needed."}, {"name": "Fanny", "date": "2017-12-10", "review": "Great location, nice flat, very nice and accommodating hosts ! Big thumbs up for the presence of anything necessary to have a wee breakfast or meal ! \ud83d\ude0a"}, {"name": "Ash", "date": "2017-12-11", "review": "Good short term stay"}, {"name": "Qiannan", "date": "2017-12-12", "review": "I would really appreciate for everything Sheng & Dido provide. Their lovely home makes me do not want to go back to my studio. The haeting kettle and water filter are quite good especially for Chinese travellers. Theyr are so well-organized. They make everything clean and get prepared for every details to meet the customers' need. They also give clear instructions on how to get their home quickly instead of using map app and how to use locker box and storage room. I would choose to stay here again when I travel to London."}, {"name": "\u7fbd\u4f73", "date": "2017-12-14", "review": "Nice house"}, {"name": "Kristy", "date": "2017-12-17", "review": "Great location. Clean public area and with essential amenities . I am having a good time in London. Thanks a lot"}]}