{
    "id": 21993925,
    "listing_url": "https://www.airbnb.com/rooms/21993925",
    "name": "Waterside Mews",
    "description": "Boasting views over the dock from each room, this charming house is set over 2 floors and sleeps 4 people with Tower Bridge on its doorstep.<br />        <br />LIVING ROOM & KITCHEN<br />Enter the house directly into the open-plan kitchen and living room, boasting natural light coming through the large windows overlooking the dock.  The kitchen area features black sleek furniture and offers all the utilities needed for a comfortable stay such as gas hobs, ovens, fridge, freezer, dishwasher, coffee machine, as well as a washing machine. A dining table for 4 is placed between the kitchen area and the sitting area which offers 2 sofas and a coffee table facing the flat screen TV. The room has underfloor heating and is decorated with lovely pieces of art, boasting warmth and style. <br /><br />WC <br />A WC with a single wash basin is located on the ground floor, off the living room. <br /><br />FIRST BEDROOM with en-suite bathroom<br />On the first floor, on the right hand side, you\u2019ll fi",
    "host_name": "Veeve",
    "host_id": 33889201,
    "host_url": "https://www.airbnb.com/users/show/33889201",
    "host_picture_url": "https://a0.muscache.com/im/pictures/user/cefcf382-a8fe-4348-9bba-ae00462784ca.jpg?aki_policy=profile_x_medium",
    "neighbourhood_cleansed": "Tower Hamlets",
    "latitude": 51.50603,
    "longitude": -0.06993,
    "property_type": "Entire home",
    "room_type": "Entire home/apt",
    "accommodates": 4.0,
    "bathrooms": 2.0,
    "beds": 2,
    "price": null,
    "numbers_of_review": 11.0,
    "review_scores_rating": 5.0,
    "reviews": [
        {
            "name": "Rod",
            "date": "2018-03-06",
            "review": "The location is great and the view from the back of the flat is tranquil.  I'd definitely stay there the next time I'm in London."
        },
        {
            "name": "Allison",
            "date": "2018-06-28",
            "review": "We loved staying here. The place is very clean and well stocked. Loved that the location is a bit away from the crowds, but only five minutes from the tube. We could get anywhere we wanted to go in the city very easily from this location. Highly recommend this property."
        },
        {
            "name": "Annika",
            "date": "2018-09-02",
            "review": "We absolutely adored this \u201cmew\u201d apartment in the St Katherine Docks! Living dockside was peaceful and serene (especially being able to sip coffee on the terrace, watching the birds and boats). The location was absolutely perfect for proximity to the big tourist spots (Tower of London and Tower Bridge, and the Borough Market among others) and to the Underground (Tower Hill station). In the Docks area there is an abundance of wonderful restaurants and cafes which served us perfectly for our evening meals post-sight-seeing. Across the street is a Waitrose grocery store - easy for quick food buys for your breakfasts. <br/>For our family of 4 - 2 adults and 2 kids (8 & 10) the two bedrooms were roomie, had their own bathrooms, and were nice and private. <br/>The photos while lovely in their own right still did not do this apartment justice when you factor in the environment and the amenities. <br/>I can\u2019t recommend this lovely mew enough!"
        },
        {
            "name": "Peta",
            "date": "2018-09-11",
            "review": "A wonderful little gem of a place in the heart of London. So beautiful. Easy access to anything you might want to do with a 10 min walk to tower hill station. The apartment was beautifully clean and exactly as pictured. Would be happy to stay there again and highly recommend anyone to stay."
        },
        {
            "name": "John",
            "date": "2018-09-21",
            "review": "It's a great place to stay for business or pleasure.  The inside of the house was modern and contained all the necessary amenities.  The house sits right on the edge of the marina and offers a great view.  The location also offers easy access to transportation and tourist attractions."
        },
        {
            "name": "Bev",
            "date": "2018-10-10",
            "review": "As others have written: a lovely, clean, modern unit with an excellent location!"
        },
        {
            "name": "Pamela",
            "date": "2018-10-15",
            "review": "We thoroughly enjoyed this apartment. The view of the marina was one of my favorite parts of our stay. It was very clean, and had everything we needed. It was nice to be able to walk to several restaurants in the area, as well as the Tower Of London. We would definitely stay here again!"
        },
        {
            "name": "Patrick",
            "date": "2019-01-02",
            "review": "This was a great place to stay.  We loved the location and the unit, itself, was perfect for our family of 4."
        },
        {
            "name": "Jayshri",
            "date": "2019-03-17",
            "review": "Booking, check in & check out process was easier and much nicer than I expected.  Number one reason we chose the house was because of location. It has great connectivity and great views. The flat was very clean and nicely maintained. I had few concerns with the pillows and few items not working properly. Veeve addressed then immediately. They had offered complementary cleaning during stay cleaning which was nice to have. The bed linens and towel were of hotel quality and sufficient. The kitchen had all the essentials required for cooking. The pantry was equipped with plenty of basics. Any  missing items were easily available from grocery shop 2 min walking distance.  <br/>There are plenty of great restaurants with in minutes walk. Kids had plenty of space to play.  A true feeling of  home away from home."
        },
        {
            "name": "David",
            "date": "2019-11-09",
            "review": "A wonderful base for a week in London. Excellent location. Close to everything. We were there for work trip but also a brilliant base for those wanting to explore the city. Highly recommended!!"
        }
    ]
}