{"id": 22096824, "listing_url": "https://www.airbnb.com/rooms/22096824", "name": "Garden House In the city 15 min away from Big Ben", "description": "Live in Cosy English Cottage house inside the city. This is available for only short term. The location is literally in the city, London Eye is 15 minutes away, and 24 hour bus and underground which is at the doorstep. Location is trendy East London with cool pubs and restaurant, Famous destination Shoreditch is 10 minute walk.", "host_name": "Alex", "host_id": 25140579, "host_url": "https://www.airbnb.com/users/show/25140579", "host_picture_url": "https://a0.muscache.com/im/users/25140579/profile_pic/1419369141/original.jpg?aki_policy=profile_x_medium", "neighbourhood_cleansed": "Tower Hamlets", "latitude": 51.51881, "longitude": -0.05528, "property_type": "Private room in condo", "room_type": "Private room", "accommodates": 2.0, "bathrooms": 1.0, "bedrooms": 1, "beds": 1, "amenities": ["Essentials", "Wifi", "Washer", "Long term stays allowed", "Smoke alarm", "Carbon monoxide alarm", "Kitchen", "Heating", "Lock on bedroom door"], "price": 35.0, "numbers_of_review": 4.0, "review_scores_rating": 1.5, "reviews": [{"name": "Travis", "date": "2018-06-19", "review": "Alex was friendly and accommodating but we found the cleanliness was an issue, so cancelled upon arrival. You may have a difference experience."}, {"name": "Scott", "date": "2018-06-25", "review": "Alex's personality and responsiveness were top-notch and I believe he could become a \"super-host\" in the future. Unfortunately, the house was not clean at all to include black-mold in the bathroom. Until this is rectified, I cannot recommend others stay here. "}]}