{"id": 22316589, "listing_url": "https://www.airbnb.com/rooms/22316589", "name": "Homely Luxury Apartment in Iconic Site", "description": "Luxury open and airy apartment in iconic heritage site in Walthamstow, North East London.<br /><br />Secure underground parking for one car on complex.<br /><br />20 mins into Central London on the Victoria Line. <br /><br />7-10 mins to Walthamstow Central Station.<br /><br /><b>The space</b><br />Newly built luxury apartment in Walthamstow  heritage site. 24 hour security patrol. <br /><br />Good transport links to London Underground, London Overground, Bus services right outside complex and a 3 min walk away from large Sainsbury's store which includes, TU, Argos and Gourmet Sushi and Pharmacy. <br /><br />10 min walk away from Waltham Forest Feel Good centre which includes Spa, pool and trampoline park. <br /><br />Outdoor crazy Jurassic Falls Adventure Golf  7 min walk away from complex. <br /><br />Corner Shop and Hugs 'n' Mugs cafe on complex with rooftop garden open in the summer months.<br /><br /><b>Guest access</b><br />Guests have full access to the entire apartment includin", "host_name": "Simone", "host_id": 11857505, "host_url": "https://www.airbnb.com/users/show/11857505", "host_picture_url": "https://a0.muscache.com/im/pictures/user/878b077c-628a-4b41-b24c-8b86e956f854.jpg?aki_policy=profile_x_medium", "neighbourhood_cleansed": "Waltham Forest", "latitude": 51.60258, "longitude": -0.01192, "property_type": "Entire rental unit", "room_type": "Entire home/apt", "accommodates": 2.0, "bathrooms": 1.0, "bedrooms": 1, "beds": 1, "amenities": ["First aid kit", "Oven", "Hair dryer", "Private entrance", "Hangers", "Dishes and silverware", "Essentials", "Patio or balcony", "Free parking on premises", "Shampoo", "Cooking basics", "Bed linens", "Paid parking on premises", "Carbon monoxide alarm", "Wifi", "Heating", "Dishwasher", "TV", "Host greets you", "Microwave", "Refrigerator", "Iron", "Kitchen", "Breakfast", "Hot water", "Elevator", "Smoke alarm"], "price": 80.0, "numbers_of_review": 14.0, "review_scores_rating": 4.93, "reviews": [{"name": "Kenny", "date": "2018-05-20", "review": "It was a perfect week end. The accomadation is beautiful. Simone and her husband are so nice."}, {"name": "Tracy", "date": "2018-05-29", "review": "It look way better than it does in the pictures. I loved it, Simone was welcoming she gave us Oyster cards. Maps it for London. "}, {"name": "Kyee", "date": "2018-06-11", "review": "What an excellent experience!<br/>Simone and Nicolas waited up for us to arrive after our flight came in very late! (We really appreciated that).<br/>They are super kind and genuine people. When we arrived they gave us a tour and showed us  how to work everything, they also left us bus maps and Oyster cards (VERY big help).<br/>The apartment was perfect for us. We were shocked at how big it was, the pictures don\u2019t do it justice!<br/>Was very pleased to see there was iron board!<br/>The only thing I would suggest would be to have a garbage in the bathroom ( for us females). <br/>But other than that.. we had an amazing stay at Simone and Nicholas\u2019s place. HIGHLY recommend booking your stay there. You won\u2019t be disappointed. <br/>Thanks Simone and Nicholas!!"}, {"name": "Danitza", "date": "2018-07-01", "review": "Simone and Nicholas were exceptional hosts, welcoming and friendly.  <br/>Simone who speaks only a few words in french really tried to make the communication easier which my friend really appreciated at the check in time. Therefore, they made sure that they were speaking slowly and they were articulate that he could understand. <br/>They are both fantastic, very helpful, mindful and available. Moreover, they prepared a welcome pack with maps, oyster card and other information as such as the shops around with timetable and also the main buses to get back to their place. That was adorable and useful by the way. <br/>Futhermore, the flat was perfect... sparkly, modern and cosy. We immediately felt like home.<br/>PS : They are getting ready for a hudge special event shortly \ud83d\ude09.<br/>Do not hesitate, carry on and book in!  "}, {"name": "Amaris", "date": "2018-07-07", "review": "Simone\u2019s place is such a great little apartment, it\u2019s very modern and stylish especially the balcony and bathroom. Me and my boyfriend only stayed for one night but we wish we\u2019d stayed longer! It was much better than a lot of 3/4* hotels we\u2019ve stayed in previously. Simone showed us around upon our arrival and left us a fridge full of food and drinks to help ourselves to, as well as plenty of info about the surrounding area and travel info etc. The area was quaint with public transport points very close by and also with a lovely convenience store just minutes away. Would definitely recommend as I have nothing to fault!!"}, {"name": "Sam", "date": "2018-07-22", "review": "Simone\u2019s place was great. It was really clean and homely, and had great transport links into the centre of London. Simone was really hospitable, and gave us Oyster cards to use during our stay. I would definitely recommend!"}, {"name": "Felicity", "date": "2018-08-05", "review": "Simone and Nic's apartment is really beautiful, spotlessly clean, and had everything we needed for our overnight stay. Fantastic views and sunbathing from the balcony, toiletries galore, Oyster cards, fully equipped kitchen and even food in the fridge, Simone went above and beyond to ensure our stay was as comfortable and easy as possible! Slightly slow/temperamental internet was the only thing keeping this apartment from perfection, it really is bigger and better than the pics, a truly super find, and we look forward to staying here again! "}, {"name": "Robert", "date": "2018-08-19", "review": "My girlfriend and I stayed here for our weekend away in London. We really enjoyed our stay and would 100% recommend this place. The apartment was so clean and really well decorated.<br/>There was also parking available in the building. The hosts were so friendly and provided information about local shops/transport in the local area. They also provided Oyster cards which was very handy! They were both lovely and really helped us settle in and sorted any issues we had!<br/>The area was also very well connected with buses and the underground. It took her about 20-30 minutes to get to the centre of London. <br/>Just wish we had longer to enjoy this lovely air b&b!"}, {"name": "Vicky", "date": "2018-09-30", "review": "The apartment is large, spacious and brilliantly equipped. We love the light airy space and it was a great base for our weekend away. Simone and Nicholas are lovely hosts."}, {"name": "Freya", "date": "2018-10-07", "review": "Simone and Nicholas were great hosts! Great commutation and always at hand if we needed to ask any questions! The flat was everything we could of asked for (and more) very clean, homely and stylish a lot bigger than photos as well. Location was great with a big Sainsbury\u2019s only 6 minutes walk away. Good bus and train links into Central London and Simone and Nicholas even provided Oyster cards! If we could give them a 6 star rating we would. Would happily stay there again."}]}