{
    "id": 22399546,
    "listing_url": "https://www.airbnb.com/rooms/22399546",
    "name": "Chelsea 5/6 bedroom Family townhouse",
    "description": "Welcome to our family home!  We are located equidistant between Chelsea\u2019s Kings Road, the museums and amenities of South Kensington, and the luxury shopping district of Knightsbridge.   You will not find a better located townhouse from which to explore London with your family/friends:   many of London\u2019s major attractions are walking distance!<br /><br /><b>The space</b><br />Our house is a 5 story, Grade II-listed Georgian townhouse built in the 1800s, renovated most recently in 2018 to fully modern specifications when we added a mansard roof to add two new bedrooms upstairs.   <br /><br />It benefits from 5 discrete bedrooms and 3 living rooms (one of which can be comfortably used as separate bedroom/sleeping area).  There is also a back garden for outdoor seating / dining, as well as one off-street parking space.<br /><br />In our experience, the house can comfortably be shared by two families with young/teenage children, or one extended family.  In total, it sleeps 10-12.<br /><br /",
    "host_name": "Daphne",
    "host_id": 81096988,
    "host_url": "https://www.airbnb.com/users/show/81096988",
    "host_picture_url": "https://a0.muscache.com/im/pictures/user/0f5df240-c3ee-4ba5-960e-043924f74e23.jpg?aki_policy=profile_x_medium",
    "neighbourhood_cleansed": "Kensington and Chelsea",
    "latitude": 51.49018,
    "longitude": -0.17179,
    "property_type": "Entire townhouse",
    "room_type": "Entire home/apt",
    "accommodates": 12.0,
    "bathrooms": 4.0,
    "beds": 6,
    "price": 999.0,
    "numbers_of_review": 13.0,
    "review_scores_rating": 4.83,
    "reviews": [
        {
            "name": "Francisco",
            "date": "2018-01-07",
            "review": "Daphne and Claudio\u2019s place was a fantastic find, spacious and elegant.  Communication was excellent and responsive. The house is very close to public transportation and walking distance to many amenities, restaurants in one of London\u2019s finest neighborhoods. A pleasure stay that hopefully will be repeated."
        },
        {
            "name": "Brian",
            "date": "2018-04-01",
            "review": "Beautiful house in South Kensington/ Chelsea, very stylish and perfect for families"
        },
        {
            "name": "Clint",
            "date": "2018-12-31",
            "review": "We loved our stay at Daphne and Claudio\u2019s home! Very clean and inviting. Both Daphne and Claudio were very responsive and helpful. The home is just a short walk to South Kensington Station making it very accessible. The home is well appointed and clean. Neighborhood felt very safe (we had 6 young children in our group)."
        },
        {
            "name": "Thomas",
            "date": "2019-08-08",
            "review": "The good:<br/>Nice home owned by a lovely family in one of London's poshest neighborhoods. Great communication with the hosts who even provided a regular cleaning service to take out the trash, clean the rooms, and do the dishes.<br/>The not-so-good:<br/>House is extremely cramped by North American or Australian standards. Stretch out two arms and you'll hit two walls. We tried to fit three families of four, four a total of twelve people. We made it work, but it wasn't easy. Expect to climb a lot of stairs, as there are five stories between the basement where the washing machine is located and the top floor--where we were sleeping. The dryer doesn't fully dry clothes. The basement bedrooms are rather claustrophobic and don't have proper air circulation. The family has left their clothing, family pictures, and other personal items out and about. Some people may find this charming, but it was a bit odd for us.<br/>Verdict:<br/>If you have eight to ten people in your group and want an authentic experience in a historic house in a great neighborhood--and don't mind some funky quirks--this could be a good choice."
        },
        {
            "name": "Clodagh",
            "date": "2019-12-22",
            "review": "The location of this house is amazing! We had a vehicle but did not use it due to being so central to everything! Excellent accommodation for our family of 5 plus 1! Highly recommend this house to anyone who is considering it. Daphne and Claudio\u2019s communication was excellent from start to finish! Thank you for having us we will be back to stay again."
        },
        {
            "name": "Harriet",
            "date": "2020-08-06",
            "review": "Such a fantastic location.  We stayed here as two families with teenage children.  The kids could come and go from shopping in the West End, to football in Hyde Park.  Everything was very walkable and the adults enjoyed all the fabulous restaurants and pubs on our doorstep.  Perfect London staycation.  Daphne and Claudio were always quick to respond to messages and very helpful too."
        },
        {
            "name": "Matthew",
            "date": "2021-12-28",
            "review": "Our extended family of 8 stayed here for Christmas break and had a wonderful time. We had a few older guests with knee issues but accessing the rooms on the lower ground floor and going up to 1st floor were fine for them.<br/>The home is very well presented and the furnishings are comfortable; what you see in the pictures is what you get. It's a great location, close to lots of activities, and less than 10 minute walk to the South Kensington tube stop, so getting around the rest London is easy. <br/>I had to work a few days while there and the place had 2 small work stations set up, which was very convenient.<br/>I would stay here again."
        },
        {
            "name": "Roland",
            "date": "2022-04-16",
            "review": "This is a beautiful family home in one of the nicest neighborhoods in London. We had a fabulous time staying here!"
        },
        {
            "name": "Kellen",
            "date": "2022-07-26",
            "review": "Excellent flat in the heart of Chelsea!"
        },
        {
            "name": "Jamal",
            "date": "2022-08-13",
            "review": "It\u2019s a very nice house & great location\ud83d\udc4d<br/>One side of the house was noisy if you keep the windows open. <br/>House owner very nice ,easy to communicate & very helpful.<br/>Thanks Daphne \ud83d\ude4f"
        }
    ]
}