{
    "id": 22433855,
    "listing_url": "https://www.airbnb.com/rooms/22433855",
    "name": "A lovely and warm room",
    "description": "A very cozy room with double bed in an exceptionally warm flat in a super quiet birdsong ambiance in Blackheath village.<br />Please read all descriptions!<br /><br /><b>The space</b><br />I like this place,out of traffic noise and pollution!Green as well.It is probably not for those people who search for food store and transport just front of window!Forget it,better look somewhere else.<br /><br /><b>Guest access</b><br />You can use a free parking place for your car front of a house.<br /><br /><b>Other things to note</b><br />You will have great sleep at night as the area is very quiet and wake with birds songs.<br />Note that this is not a hotel(is also very affordable and low price)and everyone should clean after themselves as at your proper home.The price is for sharing a flat and not paid a cleaning service or similar.",
    "host_name": "Filip",
    "host_id": 116557560,
    "host_url": "https://www.airbnb.com/users/show/116557560",
    "host_picture_url": "https://a0.muscache.com/im/pictures/user/75e21037-5a5e-4ffb-9cea-c7bc3e66c276.jpg?aki_policy=profile_x_medium",
    "neighbourhood_cleansed": "Greenwich",
    "latitude": 51.46454,
    "longitude": 0.01668,
    "property_type": "Private room in rental unit",
    "room_type": "Private room",
    "accommodates": 1.0,
    "bathrooms": 1.0,
    "beds": 1,
    "price": 22.0,
    "numbers_of_review": 6,
    "review_scores_rating": 4.33,
    "reviews": [
        {
            "name": "Ellis",
            "date": "2017-12-31",
            "review": "An amazing stay with a very thoughtful and helpful host. The rooms was exactly as advertised: lovely and very warm (and cosy!). A little hard to find but Filipe came out himself to find us. Would definitely stay again :)"
        },
        {
            "name": "Matthew",
            "date": "2018-01-01",
            "review": "Simple space with great heating. Filip was a great host!"
        },
        {
            "name": "Javier",
            "date": "2018-01-31",
            "review": "Nice place,quiet and surrounded by nature ,10/15 min to the nearest station and bus. the host is nice and helpfull , he stays most of the time at home in the next room(that can be good or bad),but he tries not to bother (which is nice). The bedroom is great, kitchen and bathroom are okay."
        },
        {
            "name": "Hendrik",
            "date": "2018-02-05",
            "review": "Die Wohnung ist sehr sauber und einfach, mit allem wichtigen, ausgestattet. Filip ist ein sehr guter und freundlicher Gastgeber."
        },
        {
            "name": "Kathi",
            "date": "2018-02-16",
            "review": "Das Zimmer war gem\u00fctlich, K\u00fcche, Flur und Bad sauber, wobei sehr klein, ohne Sitzm\u00f6glichkeit- typisch englisch.  Die ganze Wohnung besteht nur aus 2 Zimmern, einfache Ausstattung, gutes Preis-Leistungs-Verh\u00e4ltnis."
        },
        {
            "name": "Kathryn",
            "date": "2018-02-23",
            "review": "Filip's place is small but the room is a good-sized double with very comfortable bed and a huge mirror. It's a little hard to find - best advice is to call Filip when you arrive at the road and he'll come out and meet you. The ambience in the flat is calm and relaxed and located in a leafy suburb there is no traffic noise. It's a 10-minute walk to Blackheath and the nearest public transport. Off road parking directly outside the window. A relaxing place to stay and Filip is a friendly and helpful host."
        }
    ]
}