{"id": 22627388, "listing_url": "https://www.airbnb.com/rooms/22627388", "name": "Spacious and Convenient London Apartment", "description": "Superbly located for Charlton mainline station.  Bright, roomy, comfortable and convenient apartment on a quiet street.  A warm welcome awaits people from all around the world.  Everything you need for a handy, self-catering stay.  Please get in touch with your questions!<br /><br /><b>The space</b><br />This apartment has been newly redecorated and carpeted with all the amenities you need for a stay in this fabulous corner of London!  Gentle, uncluttered decor with (on a sunny day!) sunshine flooding into the bathroom and bedroom.  The living room contains three sofas (including one sofa-bed) and a TV.  The bedroom has a chest-of-drawers, wardrobe, and luggage-rack.  The kitchen includes a washer-dryer for your laundry.  Essential basics (tea, coffee, sugar, shampoo) are provided to help you on your first night!<br /><br /><b>Guest access</b><br />Guess have the whole apartment to themselves.  There is a small communal hallway from the street door shared with the downstairs flat, but ", "host_name": "Angus", "host_id": 25500120, "host_url": "https://www.airbnb.com/users/show/25500120", "host_picture_url": "https://a0.muscache.com/im/pictures/user/150fa065-290c-4830-a0ef-7b8f63d71c22.jpg?aki_policy=profile_x_medium", "neighbourhood_cleansed": "Greenwich", "latitude": 51.48425, "longitude": 0.02987, "property_type": "Entire rental unit", "room_type": "Entire home/apt", "accommodates": 3.0, "bathrooms": 1.0, "bedrooms": 1, "beds": 1, "amenities": ["Extra pillows and blankets", "First aid kit", "Oven", "Hair dryer", "Hangers", "Dishes and silverware", "Essentials", "Shampoo", "Cooking basics", "Bed linens", "Carbon monoxide alarm", "Wifi", "Heating", "Long term stays allowed", "TV", "Microwave", "Refrigerator", "Kitchen", "Stove", "Hot water", "Washer", "Smoke alarm", "Dryer"], "price": 44.0, "numbers_of_review": 9, "review_scores_rating": 5.0, "reviews": [{"name": "Paul", "date": "2018-01-17", "review": "Lovely home perfect for a few nights' stay. Super clean and quite comfortable, good access to public transportation. Didn't have WiFi so made communication with the host difficult but they responded quickly and to their best ability when contacted."}, {"name": "Laura", "date": "2018-02-08", "review": "After staying here for 10 days I can highly recommend these accommodations. Great neighborhood and Easy walking distance to trains, grocery stores and shops. Apartment is clean and relaxing, clothes washer was a perk as well. Angus was very accommodating."}, {"name": "Ligia", "date": "2018-02-12", "review": "It was a great weekend for us and it was so good having a lovely place like this as our home. Everything was perfect!"}, {"name": "Zhivko", "date": "2018-02-18", "review": "This flat had everything I needed for my stay including full kitchen equipment.. I didn't miss anything and I felt truly  at home. It is very well decorated, clean, quite and cosy. All the rooms, including the bathroom, are very spacious and well illuminated. Angus was very responsive, friendly and helpful. I would definitely stay here again on my next trip"}, {"name": "Candela", "date": "2018-02-25", "review": "I stayed at Angus flat with my husband and dad and we had a lovely time. The flat was very confortable and spacious. Also, it was well connected with the rest of the city. <br/>Angus and Lily were very attentive all the time."}, {"name": "VickyLiechti", "date": "2018-03-12", "review": "Great roomy flat with easy access to central London (London bridge in 10 to 15 minutes on the over ground train) and to the O2 (15 minutes by bus which runs 24 hours).<br/>Sainsbury's Local 3 minutes walk away so easy to pick up groceries.<br/>Quiet residential street.<br/>A helpful and courteous host, a well kitted out kitchen and bathroom.<br/>All in all a great find and an enjoyable stay!"}, {"name": "Jack", "date": "2018-03-17", "review": "Lovely space, very comfortable, very close to the train station. Angus is very hospitable!"}, {"name": "Sarah", "date": "2018-03-19", "review": "My cousins and I stayed at this beautiful location over the weekend and automatically felt at home. Angus\u2019 home was very cozy and tidy and was located near grocery store which was very convenient for our stay. We were also able to easily travel to central London via public transit from this location. The home offers all appliance one could need in a kitchen and was fully furnished as well. We had a great stay here and would definitely recommend it to anyone deciding on where to book their next stay!"}, {"name": "Oli", "date": "2018-03-25", "review": "We stayed for 3 nights in March, 2018 for a sightseeing weekend. The little Flat is comfortabel with light furniture and a nice cozy cut. The Bed has good comfort as well. The next bus station is 5 minutes by feet, then within in 20 minutes you reach the tube system and can start to explore London. A supermarket is around the corner, open EVERY day (not that usual in germany). The street is very calm, in fact you hear no noises in the evening or in the morning - we slept very well. When we plan our next travel to London we will definitevely ask Angus and Lily for accomodation :-)"}]}