{
    "id": 23024847,
    "listing_url": "https://www.airbnb.com/rooms/23024847",
    "name": "Flat to rent",
    "description": "1 bedroom flat to rent for the week or weekend , Crystal Palace area in south London <br />15 min Peckham <br />25 min Brixton <br />30 min Victoria<br /><br />Many bus <br />Train <br />Quiet place <br />Private residence with garden<br /><br /><b>The space</b><br />flat quiet relax front the wood in Crystal Palace parade <br />Front the big park with dinausaurus and lac ...<br /><br /><b>Guest access</b><br />bathroom and room <br />If you need the fridge of course you can use it if you have baby as well<br /><br /><b>Other things to note</b><br />Bed sheet and tole are available ! But if you want to use your one it\u2019s fine",
    "host_name": "Dsf Laora",
    "host_id": 105695099,
    "host_url": "https://www.airbnb.com/users/show/105695099",
    "host_picture_url": "https://a0.muscache.com/im/pictures/user/1d791370-7bbc-4b1d-b80b-e7a95917e77d.jpg?aki_policy=profile_x_medium",
    "neighbourhood_cleansed": "Southwark",
    "latitude": 51.42237,
    "longitude": -0.07766,
    "property_type": "Private room in rental unit",
    "room_type": "Private room",
    "accommodates": 2.0,
    "bathrooms": 1.0,
    "beds": 1,
    "price": 25.0,
    "numbers_of_review": 5.0,
    "review_scores_rating": 4.75,
    "reviews": [
        {
            "name": "Angela",
            "date": "2018-03-02",
            "review": "Dsf made me very welcome and I thoroughly enjoyed my stay. The flat was lovely and warm, the bed was very comfortable and the transport links are great from this location."
        },
        {
            "name": "Ly",
            "date": "2018-03-09",
            "review": "We would like to thank DSF for his welcoming, helphul, kindness, responsive. His tips were relevant to visite some interesting places. His flat is nice , tidy, cleaned, well located, close to Caribbean district and public trasport. Besides, his ads some perfumed candles, so we feel like at home. We really recomend his flat if you want to visit London."
        },
        {
            "name": "Roberto",
            "date": "2018-03-12",
            "review": "She was so nice too us and full of advice. Not only a proper host but a friend too"
        },
        {
            "name": "Jana",
            "date": "2018-03-22",
            "review": "Laura was great host and made me feel welcome and comfortable at all time. Nothing was a problem for her. Bed is comfy and her place is cosy."
        }
    ]
}