{
    "id": 23325491,
    "listing_url": "https://www.airbnb.com/rooms/23325491",
    "name": "Lovely 3 double bedroom ground floor apartment",
    "description": "Super spacious, comfortable and professionally managed 3 double bedroom apartment in the heart of the restaurant quarter in South Croydon. The apartment is less than a 10 minute walk away from South Croydon train station with regular trains into central London in under 20 minutes. Enjoy the space and coziness of a well equipped apartment with all the utilities and also great access to Central London as well as the many amenities of East Croydon. <br /><br />We welcome families and groups of friends alike!<br /><br /><b>The space</b><br />The apartment had a deceptive amount of space with:<br />-three large double bedrooms and an en suite shower room to the master.<br />-A large family bathroom<br />-A separate and fully stocked kitchen with all cooking and eating utensils<br />-A large lounge with dining table and large couch for relaxing<br />-The space is professionally managed by a dedicated AirBnB management company who will meet you at check in, show you the space and be available",
    "host_name": "David",
    "host_id": 11057302,
    "host_url": "https://www.airbnb.com/users/show/11057302",
    "host_picture_url": "https://a0.muscache.com/im/pictures/user/f94ff252-c06f-44ee-938a-fe7f8f3df57a.jpg?aki_policy=profile_x_medium",
    "neighbourhood_cleansed": "Croydon",
    "latitude": 51.36568,
    "longitude": -0.09911,
    "property_type": "Entire rental unit",
    "room_type": "Entire home/apt",
    "accommodates": 6.0,
    "bathrooms": 2.0,
    "beds": 3,
    "price": 90.0,
    "numbers_of_review": 16.0,
    "review_scores_rating": 4.07,
    "reviews": [
        {
            "name": "Alexandre",
            "date": "2018-03-20",
            "review": "The listing states that \"the apartment is professionally managed by a specialist AirBnB management company\". We've stayed at dozens of AirBnB homes, and had bad experiences with the 2 stays, where the host did not get personally involved. We mistakenly thought it could be different if the \"professional\" specialized in AirBnB. <br/>A day before our arrival, David, the host, asked our arrival time and gave us Jessica's number, indicating she was the property manager and would meet us at the apartment, if we texted her after clearing customs. In reality, she was not available in person or by phone, and we had to communicate with her with text messages, in order to clarify how to find and get into the apartment. <br/>Once in, we were surprised that the towels included in the listing description had only just be bought and were still in their packaging. There was no laundry detergent to wash them either. When prompted, Jessica indicated this was the cleaner's fault and that she could only send someone the next day. <br/>The apartment itself is indeed 3 bedrooms, a living room and a kitchen, all about the same size. The internet worked well, but the sofa in the living was broken, as were half of the chairs. The entrance hall and the kitchen smelled badly and we had to descale the tea kettle before use. Cups had not been washed.<br/>In summary, we do not recommend staying at David's place. It appears to be an uninspired attempt at converting a flatshare into an AirBnB home without the human investment."
        },
        {
            "name": "Samantha",
            "date": "2018-03-23",
            "review": "Lovely clean flat, lovely host"
        },
        {
            "name": "In\u00eas",
            "date": "2018-04-23",
            "review": "Nice flat, great location. Everything went really well during our stay and I would highly recommend."
        },
        {
            "name": "Florin",
            "date": "2018-04-29",
            "review": "Good loca\u021bii,"
        },
        {
            "name": "Rob",
            "date": "2018-05-04",
            "review": "This is a great place to stay for London.  Very short train ride to London.  Very close to great pubs and stores."
        },
        {
            "name": "Tomas",
            "date": "2018-05-09",
            "review": "Lovely place and great host!"
        },
        {
            "name": "Aminullah",
            "date": "2018-05-15",
            "review": "Thanks very much David and Jessica.<br/>It was an awesome stay we had with David they are very responsive and Jessica who is the property manager she is incredibly gorgeous and polite person.<br/>The property is very clean you will hear a bit of noise from the windows during the night a part from it was spot-on.<br/>I do recommend this for a lovely stay.<br/>Thanks <br/>Amin"
        },
        {
            "name": "Raaj",
            "date": "2018-06-15",
            "review": "David's apartment is a great value for money. It's a massive three bedroom apartment, fully furnished and you have all the amenities you need in house. Moreover the location is not too far from South Croydon Station, which give me good connectivity to Central London.<br/>David was kind enough to accommodate my extensions due to some uncertain plans on my side. Jessica was very good in communicating and that made out things lot more easy.<br/>I would definitely recommend David's apartment for a comfortable / spacious family accommodation in London. "
        },
        {
            "name": "Paolo",
            "date": "2018-07-08",
            "review": "L'appartamento \u00e8 molto usato e molto sporco. Inoltre si trova in una zona molto periferica e per raggiungere il centro di Londra bisogna prevedere costi e tempi molto elevati, con qualsiasi mezzo. "
        },
        {
            "name": "Greg",
            "date": "2018-07-22",
            "review": "Great place to stay. The flat was perfect for our family of 6 and allowed us easy access to local pubs and restaurants as well as easy access to central London. <br/>The minor hiccups were we only were provided three towels for the six of us, but in David's defense we didn't mention it because we were so excited to visit the local sites. <br/>The other was the noise from the pub across and busy street was a little loud and distracting, but we probably wouldn't have noticed if the weather was so beautiful and we had to keep the windows open. The last night we left our kids in the flat and we went across the street to enjoy the festivities and visit with people in the pub. <br/> The neighbors were fantastic!  The day we arrived was incredibly hot and a lady from across the way welcomed us and offered us a pitcher of iced water while we waited, and another person from upstairs also offered us some water while we waited. Incredibly friendly and welcoming people made it a pleasure to stay at Davis's flat.<br/>Also need to mention the great variety of pubs and restaurants within a 5-10min walk from the flat. <br/>I would highly recommend the flat and would not hesitate to stay again.<br/>If coming from Canada (or for anyone not familiar with the transit system), investigate an Oyster pass and pick one up at your first stop at a tube/train or bus station.<br/>"
        }
    ]
}