{"id": 23435479, "listing_url": "https://www.airbnb.com/rooms/23435479", "name": "Penthouse apartment in Harrow", "description": "A fantastic offer for this modern, fully furnished and newly built penthouse apartment. Only 15 mins to central London, the underground train is only a few minutes away. The penthouse is close to all amenities in Harrow, and is a must see for a great stay in London. Bright and spacious with your very own roof terrace to enjoy the views over Harrow. The kitchen is fully self catering with all the amenities you need. Two brand new bathrooms, one with bathtub and one on-suite. Enjoy your stay!", "host_name": "Justin", "host_id": 47581157, "host_url": "https://www.airbnb.com/users/show/47581157", "host_picture_url": "https://a0.muscache.com/im/pictures/user/10805288-4c8b-4e69-af9b-b32bcd0893d5.jpg?aki_policy=profile_x_medium", "neighbourhood_cleansed": "Harrow", "latitude": 51.57886, "longitude": -0.33347, "property_type": "Entire rental unit", "room_type": "Entire home/apt", "accommodates": 4.0, "bathrooms": 2.0, "bedrooms": 2, "beds": 2, "amenities": ["Oven", "Hair dryer", "Hangers", "Dishes and silverware", "Luggage dropoff allowed", "Essentials", "Patio or balcony", "TV with standard cable", "Cooking basics", "Bed linens", "Wifi", "Heating", "Air conditioning", "Dishwasher", "Long term stays allowed", "Host greets you", "Microwave", "Refrigerator", "Iron", "Kitchen", "Stove", "Hot water", "Washer", "Smoke alarm", "Cable TV"], "price": 99.0, "numbers_of_review": 11.0, "review_scores_rating": 4.6, "reviews": [{"name": "Nathan", "date": "2018-06-11", "review": "Great location in a charming part of London. "}, {"name": "Yogita", "date": "2018-08-28", "review": "We very much enjoyed our stay at Justin's place. It was conveniently located in the heart of shops and restaurants, and a two minute walk to the tube station. The apartment was clean with all modern conveniences. This was very helpful for us as we had two infants in tow so the washing machine turned out to be a godsend!. Overall, we had a very comfortable stay and would highly recommend to anyone visiting London. Thanks Justin."}, {"name": "RIchard", "date": "2018-09-16", "review": "Nicely laid out apartment. Great to be on top floor with small terrace."}, {"name": "Ajay", "date": "2019-05-05", "review": "The location is excellent and the Host is very responsive and helpful"}, {"name": "Ravi", "date": "2019-05-10", "review": "Worth to Stay"}, {"name": "Manoj", "date": "2019-07-25", "review": "Flat was neat and with good amenities. But the challenge was to find the place. Also being right in the town centre, and with pubs near the flat you are disturbed by late pub goers. Too much noise."}, {"name": "Adam", "date": "2019-08-21", "review": "We found the location of this flat ideal, being less than a half-hour's Tube ride from Baker Street Station and five minutes' walk from the Harrow-on-the-Hill stop on the Metropolitan line.  Local pubs and restaurants, as well as places to shop for groceries, abound.  Tea bags and chocolate were provided -- a nice touch.  And the place itself is spacious, airy, and bright.  <br/>But virtually every piece of furniture in the apartment was bunged-up in one way or another, from a side table in the living room that we were warned not to lean on, to the nightstands in the larger bedroom, the glass tops of both of which were shattered.  The central button on the TV remote was missing, making it extremely difficult to use. <br/>In a flat advertised as no-smoking, a water pipe was prominently displayed in the living room.  The balcony was essentially an outdoor ashtray.  The bath towels provided were so old and dirty as to be unusable; thankfully, when this was brought to caretaker Maher's attention he immediately replaced them with brand-new towels.  The bottom sheet on the bed in the smaller bedroom was so worn that it literally disintegrated over the week during which it was slept on.<br/>Overall, a mixed bag."}, {"name": "Raja", "date": "2020-03-07", "review": "Great apartment in a good location for train links into central London"}, {"name": "Ali", "date": "2020-10-18", "review": "Big space, clean and fast response. <br/>Thank you"}, {"name": "Amit", "date": "2022-05-01", "review": "Its an absolute value for money. Extremely useful location - train station is 2 mins walk and all utility/ grocery stores are located at stone throw distance. Good connectivity with bus network as well. <br/>On top of that - this apartment is fully equipped and can easily accommodate 6 people as extra mattress is provided. Load of towels and bed linen available along with soaps and cleaning material. <br/>Host and Manager are extremely responsive to all your queries. <br/>Just be careful about a minor detail - apartment is on 3 rd floor and lift goes till 2nd floor - so if you are carrying some heavy luggage then be prepared to carry it to apartment thru stairs for one floor. <br/>Rest all is amazing and look forward to stay here again in future."}]}