{
    "id": 23689848,
    "listing_url": "https://www.airbnb.com/rooms/23689848",
    "name": "Large Double Room & Private Bathroom",
    "description": "Situated a minute from Hackney Central tube station, 30 seconds from major bus stops and 5 seconds from a relaxed local pub, my place is perfect for couples and solo adventurers. Transport to central, Shoreditch, and Camden are all extremely regular and fast. Spacious private room with a private bathroom just outside the bedroom door. There is a balcony,  a shared kitchen and living area with knowledgeable hosts!<br /><br /><b>The space</b><br />The place is located on a pedestrian path, next to the very attractive town hall and the famous Hackney Empire theater. It is walking distance to London Fields park, Lido, Broadway Market and Colombia road market. Opposite the front door is a fun pub with good food, friendly staff, and respectful closing time to residents.<br /><br /><b>Guest access</b><br />You are welcome to share our kitchen and its appliances, TV, Living room, and the shared balcony",
    "host_name": "James",
    "host_id": 34839775,
    "host_url": "https://www.airbnb.com/users/show/34839775",
    "host_picture_url": "https://a0.muscache.com/im/pictures/user/8f844549-2187-4570-8c8f-fc11d86d6427.jpg?aki_policy=profile_x_medium",
    "neighbourhood_cleansed": "Hackney",
    "latitude": 51.5463,
    "longitude": -0.05695,
    "property_type": "Private room in rental unit",
    "room_type": "Private room",
    "accommodates": 1.0,
    "bathrooms": 1.0,
    "beds": 1,
    "price": 50.0,
    "numbers_of_review": 15.0,
    "review_scores_rating": 4.93,
    "reviews": [
        {
            "name": "Veerle",
            "date": "2018-04-02",
            "review": "very good location in the centre of East London , nice room and friendly people"
        },
        {
            "name": "Elle",
            "date": "2018-05-07",
            "review": "Very nice place to stay, lovely area! Great communication and great host"
        },
        {
            "name": "Marine",
            "date": "2018-05-21",
            "review": "James est un h\u00f4te attentif et qui nous a re\u00e7u chaleureusement chez lui. Ses colocataires n\u2019\u00e9taient pas tr\u00e8s avenants mais sont rest\u00e9s tr\u00e8s discrets durant notre s\u00e9jour. <br/>La Chambre de James est fonctionnelle et lumineuse, et la salle de bain \u00ab\u00a0priv\u00e9e\u00a0\u00bb est un gros plus! <br/>Le samedi soir, le bar en face peut \u00eatre un peu bruyant mais les pubs \u00e0 Londres ne fermant pas trop tard, nous n\u2019avons pas \u00e9t\u00e9 emb\u00eat\u00e9s trop longtemps.<br/>Je recommande ce logement, qui est d\u2019un bon rapport qualit\u00e9 prix pour Londres! "
        },
        {
            "name": "Ryann",
            "date": "2018-06-06",
            "review": "James was a great host! Communication was easy. Neighbourhood has great transportation options and close to cinema, theatre, library, and nice dining options."
        },
        {
            "name": "Camilla",
            "date": "2018-07-17",
            "review": "James was great at communicating with us. We were late and he went out of his way to make sure we found the place. It's a great spot for a quick place to crash, kind of a college dorm feel. The roommates were very sweet and helpful. Located next to plenty of things to do and the metro with a great balcony."
        },
        {
            "name": "Kimberly",
            "date": "2018-07-22",
            "review": "Excellent location. Very responsive hosts. The pub across the road was pretty loud but it was over the weekend so not that surprising. Very nice and responsive hosts and room mates "
        },
        {
            "name": "Hannah",
            "date": "2018-08-05",
            "review": "This is a great place to stay if you want to get around East London. Very easy access to Hackney Central . Flatmates are also really lovely and it\u2019s a great room - no different to a hotel I\u2019d say. James is also a great communicator too so would definitely recommend."
        },
        {
            "name": "Morgan",
            "date": "2018-08-19",
            "review": "Great stay at James place.  Location couldn\u2019t have been more convenient for me as I working across the road.  James was really helpful and friendly, would recommend. "
        },
        {
            "name": "Hugo",
            "date": "2018-09-08",
            "review": "Great spot, lovely people. Does exactly what it says on the tin."
        },
        {
            "name": "Alexandre",
            "date": "2018-09-30",
            "review": "James is punctual and will give you tips about London. His roommates are awesome. The house is nicely located. It's nice to have a bathroom located next to your room."
        }
    ]
}