{"id": 23727104, "listing_url": "https://www.airbnb.com/rooms/23727104", "name": "Top Floor Duplex Penthouse in Shoreditch", "description": "Spacious duplex penthouse between Shoreditch and the City, close to Spitafields Market. Over 120m2 with a private terrace, 2 bedrooms and 2 bathrooms. This top floor flat is perfect for families looking for a spacious and welcoming place to stay in Central London. You will enjoy the amazing view of Canary Wharf from the living room and bedrooms. The flat is very luminous with natural light from large bay windows and rooflights. Large TV to enjoy relaxing evenings in the comfortable sofas.", "host_name": "Pauline", "host_id": 36296936, "host_url": "https://www.airbnb.com/users/show/36296936", "host_picture_url": "https://a0.muscache.com/im/pictures/user/9ce7c1d8-4f2b-4aae-b838-c819d5dd9963.jpg?aki_policy=profile_x_medium", "neighbourhood_cleansed": "Tower Hamlets", "latitude": 51.52185, "longitude": -0.07451, "property_type": "Entire rental unit", "room_type": "Entire home/apt", "accommodates": 4.0, "bathrooms": 2.5, "bedrooms": 2, "beds": 2, "amenities": ["Essentials", "Security cameras on property", "Wifi", "Washer", "Free parking on premises", "Shampoo", "TV", "Elevator", "Smoke alarm", "Hair dryer", "Iron", "Carbon monoxide alarm", "Dryer", "Hangers", "Kitchen", "Heating"], "price": 250.0, "numbers_of_review": 3.0, "review_scores_rating": 4.5, "reviews": [{"name": "Lewis", "date": "2018-03-17", "review": "Fantastic space and welcoming hosts. <br/>Easy to chat to and communication was very good. <br/>We made a few minor suggestions for some pretty small changes. <br/>Otherwise everything else was great, would definitely stay again. <br/>The location is really good."}, {"name": "Gipil", "date": "2018-03-18", "review": "FANTASTIC penthouse apartment in the middle of Shoreditch/Liverpool Street area, right in the centre of it all! Pauline's place is very spacious, clean, modern and fully equipped with an amazing view of East London from the balcony. For 4-5 people, this place was perfect and so much room to relax to really enjoy the penthouse and the surrounding area. Two big bedrooms, two bathrooms and three toilets, a good sized and fully equipped kitchen and a big dinning area in this duplex apartment.<br/>The apartment is right in the centre of all great local cafe's less than 2 min walk away, shops less than 10 seconds away, restaurants less than 1 min away and transport links less than 5 min away, with most places at your doorstep.<br/>Pauline was such a great host, even though we didn't meet, she made sure check-in was smooth and efficient and replied very quickly to messages and any other comms in regards to my stay, could not have asked for a better host.<br/>Definitely recommend Pauline's penthouse if you need a relaxing place to stay in a central location whilst in London and have a respect and appreciation for lots of space, local areas and as well as enjoying those nights in or just resting after a days exploring of London!<br/>Thanks again!"}]}