{"id": 23832085, "listing_url": "https://www.airbnb.com/rooms/23832085", "name": "Cosy 2 bed in Wood Green, London", "description": "A 5 minute walk from Wood Green tube station and town centre (zone 3), situated close to Alexandra Palace and 35 minutes to central London on the Piccadilly line.", "host_name": "Robyn", "host_id": 98670255, "host_url": "https://www.airbnb.com/users/show/98670255", "host_picture_url": "https://a0.muscache.com/im/pictures/user/325fb7ad-10f2-4d50-8100-2dd74aa52c4c.jpg?aki_policy=profile_x_medium", "neighbourhood_cleansed": "Haringey", "latitude": 51.60032, "longitude": -0.11579, "property_type": "Entire rental unit", "room_type": "Entire home/apt", "accommodates": 2.0, "bathrooms": 1.0, "bedrooms": 1, "beds": 1, "amenities": ["Essentials", "Wifi", "Hot water", "Washer", "Dishwasher", "Shampoo", "TV", "Oven", "Refrigerator", "Long term stays allowed", "Cooking basics", "Smoke alarm", "Bed linens", "Hair dryer", "Hangers", "Kitchen", "Heating", "Dishes and silverware"], "price": 50.0, "numbers_of_review": 6.0, "review_scores_rating": 5.0, "reviews": [{"name": "Esneider", "date": "2019-08-09", "review": "Very clean and cosy apartment, just a walk away from most local places"}]}