{"id": 23936609, "listing_url": "https://www.airbnb.com/rooms/23936609", "name": "Bright 2 Bed Flat - Short Walk to Notting Hill", "description": "Welcome to our bright 2-bedroom apartment where you will feel comfortably at home and experience the city like a local.<br /><br /><b>The space</b><br />Our apartment comprises a living room which has a comfy sofa and armchair, a TV with Sky and a dining table. The kitchen is fully-equipped with everything you need to practice your cooking skills and the dining table in the living room will make a great place to get together and enjoy a delicious meal.<br /><br />There are 2-bedrooms and 1-bathroom. Both bedrooms house double beds which guarantee a restful and revitalizing sleep. Both rooms also come with storage space for belongings.<br /><br />There is one-bathroom in the apartment, it has a toilet, sink and a bathtub with an overhead shower.<br /><br /><b>Guest access</b><br />You will have the whole property for yourselves during your stay.<br /><br /><b>Other things to note</b><br />Let yourself in, at your convenience, with self check-in. Enjoy our professionally cleaned and main", "host_name": "James", "host_id": 179951247, "host_url": "https://www.airbnb.com/users/show/179951247", "host_picture_url": "https://a0.muscache.com/im/pictures/user/f4f2e5ad-671c-478e-98cc-a95cbf0baaab.jpg?aki_policy=profile_x_medium", "neighbourhood_cleansed": "Westminster", "latitude": 51.52006, "longitude": -0.19443, "property_type": "Entire rental unit", "room_type": "Entire home/apt", "accommodates": 4.0, "bathrooms": 1.0, "bedrooms": 2, "beds": 2, "amenities": ["Oven", "Hangers", "Dishes and silverware", "Essentials", "Shampoo", "Cooking basics", "Bed linens", "Carbon monoxide alarm", "Bathtub", "Wifi", "Heating", "Coffee maker", "Dishwasher", "Long term stays allowed", "TV", "Refrigerator", "Iron", "Kitchen", "Stove", "Hot water", "Washer", "Smoke alarm"], "price": 201.0, "numbers_of_review": 58.0, "review_scores_rating": 4.67, "reviews": [{"name": "Rachel", "date": "2018-04-22", "review": "Flat was clean and well maintained. Three minute walk from the tube station but on a quiet road 5*. Great flat best nights sleep in ages - excellent mattress."}, {"name": "Viviane", "date": "2018-04-30", "review": "Le logement est bien situ\u00e9 par rapport aux moyens de transports ainsi que pour les commerces. Les lieux touristiques sont facilement accessibles. Le logement est tr\u00e8s propre, confortable et les chambres sont au calme. \u00c0 conseiller."}, {"name": "Jamie", "date": "2018-05-07", "review": "Great location and spacious apartment. A top stay in London."}, {"name": "Rich", "date": "2018-05-20", "review": "Solid place. Was clean and had everything you would need."}, {"name": "Josh", "date": "2018-05-28", "review": "Great stay, clean apartment and good communication from the host. I'd stay here again."}, {"name": "Avi", "date": "2018-06-04", "review": "Incre\u00edble  lugar! S\u00faper recomendado!!!"}, {"name": "Ana", "date": "2018-06-11", "review": "Clean, spacious  apartment with comfortable beds and nice linens. Helpful telephone contact."}, {"name": "Chandler", "date": "2018-06-18", "review": "The place was simple and comfortable. We thoroughly enjoyed the place. <br/> <br/>James let us check in early and was always asking if we needed anything! <br/>Checkin was a little hard considering the keys were finicky and we didn\u2019t know which was the right apartment. <br/>There also is no A/C but that\u2019s pretty standard in London. <br/>Overall, we enjoyed our time and would stay again!"}, {"name": "Sanjana", "date": "2018-07-02", "review": "James' place was an excellent find and great value for money. We wanted to live near Notting Hill, and this was a great, quiet location, walkable to Portobello market and Notting Hill area. Lots of restaurants within 10 minute walking. The Royal Oak station is very close too.<br/>The flat was well equipped with everything needed, including a drying rack and ironing board.  It is on the second floor, so consider the flight of stairs if you have little ones or a stroller or luggage. <br/>Beds and pillows were very comfortable. Although there is no A/C, there is plenty of light and ventilation so it was quite pleasant even in June. I would definitely consider staying here again if we were in the area."}, {"name": "Luis", "date": "2018-07-24", "review": "Ok"}]}