{"id": 23993368, "listing_url": "https://www.airbnb.com/rooms/23993368", "name": "Quiet Private Entrance with Spacious one  bedroom", "description": "This Private Self-contained spacious one bedroom flat is ideal for single occupancy or family wishing to enjoy a quiet time in London. <br /><br />It\u2019s an ideal work from home flat. We have cleaners at the flat every month  to clean and disinfect the flat during your stay. <br /><br /><br />It\u2019s a short commute to central London whilst taking advantage of a suburban feel. <br /><br />You have beautiful parks just 1 minute from the flat. <br /><br />Local supermarkets are just a minute walk and the bus stop is less than a minute.<br /><br /><b>The space</b><br />The bedroom, living room, bathroom and toilet, kitchen and hallway<br /><br /><b>Guest access</b><br />Bathroom, toilet, kitchen, living room and bedroom", "host_name": "Carina", "host_id": 88194636, "host_url": "https://www.airbnb.com/users/show/88194636", "host_picture_url": "https://a0.muscache.com/im/pictures/user/269823c1-adb1-4936-8885-88b6b229ae7f.jpg?aki_policy=profile_x_medium", "neighbourhood_cleansed": "Barnet", "latitude": 51.59966, "longitude": -0.19823, "property_type": "Entire rental unit", "room_type": "Entire home/apt", "accommodates": 4.0, "bathrooms": 1.0, "bedrooms": 1, "beds": 1, "amenities": ["Extra pillows and blankets", "Fireplace guards", "Oven", "Hair dryer", "Dining table", "Private entrance", "Hangers", "Dishes and silverware", "Luggage dropoff allowed", "Essentials", "Free parking on premises", "Shampoo", "Free street parking", "Cooking basics", "Bed linens", "Shower gel", "Bathtub", "Clothing storage: dresser", "closet", "and wardrobe", "Heating", "Wifi", "Safe", "Long term stays allowed", "Hot water kettle", "Refrigerator", "Portable fans", "Iron", "Body soap", "Drying rack for clothing", "Kitchen", "Conditioner", "Security cameras on property", "Hot water", "Washer", "Paid parking off premises", "Smoke alarm", "Laundromat nearby", "Dryer", "Freezer", "Pocket wifi"], "price": 115.0, "numbers_of_review": 8.0, "review_scores_rating": 5.0, "reviews": [{"name": "Alimoddin", "date": "2018-08-18", "review": "Carina\u2019s flat is an one bed room flat on first floor. Very clean and tidy. It was perfect for my family of 4 (2 kids 6 n 9). Small kitchen but good. <br/>Good neighborhood, we stayed for almost 2 months with no issues. Sainsbury n Waitrose in about 5 mins walk and Tesco superstore in about 10 mins walk. Local shops n pubs nearby in walking distance. <br/>Finchley central station is in about 10 mins walk which takes you to St Patrick\u2019s station in about 20 mins. <br/>Bus stop is opposite to the  flat in 1 min walk. <br/>Carina is an wonderful host with no issues. We had a lovely stay at her place. "}, {"name": "Asaad", "date": "2018-10-08", "review": "Carina was an amazing host; even though we met just at the time of check out, as she was travelling herself. She was always available through the website and on the phone; provided great tips and helped with any queries that we had. I stayed at the place for 11 nights with my wife and 2 kids (3 and 6 yrs old) and the flat was pretty comfortable for all of us. All essentials/amenities were available and Carina also provided breakfast items in the fridge. The flat was clean, well maintained and is located towards the backside of the lodge which means it is quite throughout the day. Well connected with the rest of the city and plenty of groceries/shops/restaurants/parks nearby. I would definitely recommend this place to future travellers. Thumbs up to Carina for her hospitality and support!!! <br/>Best wishes/Asaad"}, {"name": "Jia", "date": "2019-07-28", "review": "Carina was a great host to me and my family. <br/>When we had any queries or issues it was quickly responded to and dealt with. <br/>The flat is large and comfortable. <br/>I would recommend it to anyone considering a long term stay."}, {"name": "Yizhe", "date": "2019-10-03", "review": "Carina is a great host. Awesome flat in a peaceful and convenient neighborhood!  We stayed there for nearly 20 days. Strongly recommended!"}, {"name": "Grover", "date": "2021-07-17", "review": "Great location, just 5 mins walk to Finchley Central Station. <br/> Tesco,  Sainsburys and Waitrose are all stone throw away.<br/>The flat has everything you need; sofa, dining table in living room, kitchen with everything you need to make a meal, and the bedroom is well appointed.<br/>The hosts also went out of their way to make our stay comfortable."}, {"name": "Lk", "date": "2021-08-28", "review": "The location is very good, shops, bus stop, restaurant, library...... 5 min walk to Finchley central station.  The apartment very clean and well equipped. Great choice if you want to stay in Finchley.  Carina is a very nice host."}, {"name": "Ekaterini", "date": "2021-09-25", "review": "Corina treat you as a her house guest not just an airbnb client! Very helpful and friendly."}]}