{
    "id": 24010040,
    "listing_url": "https://www.airbnb.com/rooms/24010040",
    "name": "Quiet Double Bedroom",
    "description": "Double Room in Wood Green is situated within a shared two bedroom flat located a short distance from Wood Green tube station. The fully fitted kitchen has a washer/dryer, additional benefits include own bathroom. Bedroom is also equipped with Microwave, Mini Fridge, Kettle, Television and a Desk.  <br /><br />Bills included - Gas, Electricity, Water, Internet and council tax<br /><br /><b>The space</b><br />I have a modern clean room , with the privilege of your own Bathroom.<br />The building is a  house converted into flats . <br /> <br />My flat is on the first floor and the guest bedroom is to the rear of the building . <br />The Road is generally quiet and the area is close to a Park at both ends of the Road , and a local sports Stadium ( New river Sports Centre ) <br />I am no more than a 15min walk from  Wood Green underground station on  Piccadilly line and no more than 15min from Bowes Park Train station, which is a 30min Train to the West End . <br /><br />Wood Green is a loc",
    "host_name": "Sheldon",
    "host_id": 170568529,
    "host_url": "https://www.airbnb.com/users/show/170568529",
    "host_picture_url": "https://a0.muscache.com/im/pictures/user/9bc75d3b-bcf8-4882-8252-08eb2301264d.jpg?aki_policy=profile_x_medium",
    "neighbourhood_cleansed": "Haringey",
    "latitude": 51.60406,
    "longitude": -0.1077,
    "property_type": "Private room in rental unit",
    "room_type": "Private room",
    "accommodates": 1.0,
    "bathrooms": 1.0,
    "beds": 1,
    "price": 36.0,
    "numbers_of_review": 40.0,
    "review_scores_rating": 4.87,
    "reviews": [
        {
            "name": "Roy",
            "date": "2018-06-09",
            "review": "Sheldon is a great host, informative, helpful, easy going and relaxed.  having stayed twice for a month st a time approximately I only gutted I couldn't have stayed longer.  great man and place in a quiet neighbourhood. "
        },
        {
            "name": "Alexandra",
            "date": "2018-06-25",
            "review": "Nice light airy room, good facilities."
        },
        {
            "name": "Mariya",
            "date": "2018-06-30",
            "review": "sheldon is a really kind man. if you go to his room you might think you live alone because he respects so much the guests and never bother you. if you need help or need someone to talk with he is there for you! no matter if he has to work or other thinks to do, or maybe if he's sick! you can appreciate the experience in the home because you have to share only the kitchen. you have your own room and bathroom. the house is not much far from the center and you can choose if you want to go by bus or want to walk to the nearest station and appreciate the nice park in the near area! if you have any type of problem Sheldon is here to help you!"
        },
        {
            "name": "Sophie",
            "date": "2018-07-05",
            "review": "Lovely modern room with TV in a quiet area (there's a park nearby). Buses are less than 5 min away. Underground is 10-15 min walk. Several shops on the way if you need to buy food. I specially appreciated having my own bathroom and a shelf in Sheldon's fridge."
        },
        {
            "name": "Luke",
            "date": "2018-07-13",
            "review": "Brilliant host. Lovely clean flat. Great location. Good value for money. Would stay again! Thanks sheldon!"
        },
        {
            "name": "Joe",
            "date": "2018-07-28",
            "review": "Sheldon is very thoughtful and resourceful as a host. I was very grateful for my reservation. "
        },
        {
            "name": "Patrick",
            "date": "2018-08-10",
            "review": "Great guy<br/>Very helpfull "
        },
        {
            "name": "Patrick",
            "date": "2018-08-17",
            "review": "Great guy<br/>Thoughtful & considerate "
        },
        {
            "name": "Chantal",
            "date": "2018-08-30",
            "review": "Just as advertised it is close by to the underground (10mn by bus which stops at a 4min walk) quiet neighborhood. Your host will make sure to meet and greet you and he is always available via phone"
        },
        {
            "name": "Natalia",
            "date": "2018-10-12",
            "review": "I went to London for to do a course. I was booking for 4 weeks then when I arrived I extend my stay in Sheldon's house. The double room is really really good. The matress and pillows like a hotel, wardrobe, desk, lamp and TV. The fully equipped kitchen. The house is a few steps the many amenities such a supermarket, pharmacy, restaurants, Mall, that is, everything you need. The underground and bus stop just a few meters. Sheldon is a very kind person. I'm lucky to found this place in London.<br/>Totally recommended! \ud83d\ude0a"
        }
    ]
}