{
    "id": 24110549,
    "listing_url": "https://www.airbnb.com/rooms/24110549",
    "name": "Garden flat near Wimbledon and Central London",
    "description": "This lovely one bedroom ground floor flat with super king bed benefits from a south west facing garden with comfy seating area, perfect for summer evenings. Situated in a quiet residential street just 1.5 miles from Wimbledon Tennis Courts with quick and frequent transport links to Wimbledon, Central London and Clapham. A parking permit can be arranged at an additional fee.<br /><br /><b>The space</b><br />The flat is on the ground floor of a Victorian terraced conversion. The external front door leads to a shared hallway (shared with one other flat upstairs). Then to the flat\u2019s own front door. Once inside you\u2019ll find a spacious double bedroom, one bathroom, one living room with dining area and a kitchen. The kitchen has a back door which leads to private garden and patio area.<br /><br /><b>Other things to note</b><br />Whilst there are no stairs leading up to the property there is one step in the hallway between the bedroom and the living room.",
    "host_name": "Jo",
    "host_id": 58904079,
    "host_url": "https://www.airbnb.com/users/show/58904079",
    "host_picture_url": "https://a0.muscache.com/im/pictures/user/a5ea84b5-73ec-4c58-b02e-91e5ed065db1.jpg?aki_policy=profile_x_medium",
    "neighbourhood_cleansed": "Wandsworth",
    "latitude": 51.447250398251,
    "longitude": -0.1850258186459541,
    "property_type": "Entire condo",
    "room_type": "Entire home/apt",
    "accommodates": 2.0,
    "bathrooms": 1.0,
    "beds": 1,
    "price": 170.0,
    "numbers_of_review": 5,
    "review_scores_rating": 5.0,
    "reviews": [
        {
            "name": "Melissa",
            "date": "2022-07-03",
            "review": "Lovely flat in an easy accessible area.  Quick trip to Wimbledon and just as easy to get into the centre of London, but Earlsfied was also fun to explore.  Nicely decorated and easy to feel at home.  Jo was a great host.  Highly recommend."
        },
        {
            "name": "Eduardo",
            "date": "2022-07-06",
            "review": "We had a very pleasant stay at Jo\u2019s place in Earlsfield. The location was perfect, near the station and Wimbledon. The flat is well appointed and clean; comfortable bed and a nice shower. Everything was impeccable. Communication with Jo was seemless and she very responsive and accommodating. Looking forward to staying there again."
        },
        {
            "name": "Dhwani",
            "date": "2022-07-10",
            "review": "The apartment is exactly as you see in the pictures and very well maintained! The garden area is beautiful with a very comfortable seating area. Really enjoyed having our morning coffee and breakfast there. The train station is just a couple of minutes away which makes the rest of the city accessible too! The host was super quick with his responses and super friendly. Would 10/10 recommend and would definitely book it again for my next London visit!"
        },
        {
            "name": "Alberto",
            "date": "2023-01-02",
            "review": "Fantastic flat, very clean, and stress-free. Located in a very nice, quiet residential area in London with good options for food and drink not far away, as well  as bus stops within walking distance"
        },
        {
            "name": "Jo",
            "date": "2023-07-11",
            "review": "Great place to stay, only downside was no iron or ironing board!"
        }
    ]
}