{
    "id": 24371443,
    "listing_url": "https://www.airbnb.com/rooms/24371443",
    "name": "Studio",
    "description": "Studio, with private bathroom and cooking facilities, suitable for couples visiting London, or for single professionals, close to two Piccadilly line stations.<br /><br /><b>The space</b><br />The studio has cooking facilities and it\u2019s own bathroom.<br /><br /><b>Guest access</b><br />The place it\u2019s a self contained studio, the guests have in it everything they need.<br /><br /><b>Other things to note</b><br />We really care about our guests and feedback are the most important part of  the game, they told us the bed wasn\u2019t super comfortable: we\u2019ve changed the bed with a new one, super comfortable!<br />They told us the wardrobe wasn\u2019t big enough: we\u2019ve changed it with a huge one, with plenty of space.",
    "host_name": "Lucia",
    "host_id": 90804954,
    "host_url": "https://www.airbnb.com/users/show/90804954",
    "host_picture_url": "https://a0.muscache.com/im/pictures/user/eb6aa2ca-8aa1-434c-a553-7f48478dc2fd.jpg?aki_policy=profile_x_medium",
    "neighbourhood_cleansed": "Ealing",
    "latitude": 51.496,
    "longitude": -0.30965,
    "property_type": "Private room in home",
    "room_type": "Private room",
    "accommodates": 2.0,
    "bathrooms": 1.0,
    "beds": 1,
    "price": 45.0,
    "numbers_of_review": 43.0,
    "review_scores_rating": 4.72,
    "reviews": [
        {
            "name": "Maja",
            "date": "2018-04-20",
            "review": "We really enjoyed our short stay. The house is only a short walk away from the underground!"
        },
        {
            "name": "\u7f8e\u7531\u7d00",
            "date": "2018-05-28",
            "review": "The host was really helpful and really kind. It was about ten minutes walk from the nearest station to the house but it was close from Heathrow airport to the nearest station. It was at a really quiet place and a nice place to stay."
        },
        {
            "name": "Andrei",
            "date": "2018-07-08",
            "review": "Great host! Perfect room for a couple, in a nice neighbourhood and close to the underground! Thank you!"
        },
        {
            "name": "Steven",
            "date": "2018-07-12",
            "review": "Great room and lovely family. Do not be put off with the outside appearance"
        },
        {
            "name": "Sarah",
            "date": "2018-07-15",
            "review": "Lovely room and ensuit with a large telly. Perfect for our stay in London. "
        },
        {
            "name": "Ala",
            "date": "2018-09-22",
            "review": "Lucia and her family were welcoming and kind.<br/>The room is as advertised, fitted with everything you'd need to be comfortable without feeling choked up. It is on a quiet street (which I loved!), and it is a 9-11mins walk from 2 stations on the Piccadilly line so you can connect to the city easily. There are shops and restaurants close by (walking or a short bus ride). In all I had a great 2 weeks at Lucia's."
        },
        {
            "name": "Jazmine",
            "date": "2018-09-23",
            "review": "Good functional room with nice ensuite, lovely family hosts"
        },
        {
            "name": "Rebecca",
            "date": "2018-10-11",
            "review": "I would recommend this to anyone visiting London! Value for the money and a safe environment to experience a London Suburb."
        },
        {
            "name": "Keith",
            "date": "2018-10-16",
            "review": "15 minute walk to the underground which was pleasant , private ensuite with key to come and go without disturbing anyone , Lucia was very enjoyable but kept a distance so you felt on your own !"
        },
        {
            "name": "Penelope",
            "date": "2018-10-18",
            "review": "Good location. Basic but good value for what it is \ud83d\ude0a"
        }
    ]
}