{"id": 24385068, "listing_url": "https://www.airbnb.com/rooms/24385068", "name": "Regents Park Zone 1, Quiet Apartment Large Balcony", "description": "Great Portland Street Underground Station is 5 minutes walk, Camden Town & Soho 15 minutes, Marylebone 10 minutes, Fitzrovia 5 minutes, Euston Station is 5 minutes, & Regents Park 2 minutes walk. A bright & well equipped apartment. The apartment has everything  you could need for a short stay in Central London. Stairs access Only. Bedroom area has a double bed, the living area has a single bed so sleeps 3 maximum but comfortably. The apartment is very quiet and has a Smart TV for Netflix etc.<br /><br /><b>The space</b><br />The apartment is very quiet as away from busy roads, it looks out onto a park with large trees, it is only two minutes from Regents Park Side Entrance on Albany Street. It has a spacious balcony with table and chairs for three people. <br /><br />Kitchen<br />- Washing machine<br />- Espresso Machine<br />- Oven with stove<br />- Utensils etc as required<br />- microwave, kettle, toaster<br />Bathroom <br />- Toilet, Basin and bath/shower<br />Heating<br />- New Ga", "host_name": "David", "host_id": 26518292, "host_url": "https://www.airbnb.com/users/show/26518292", "host_picture_url": "https://a0.muscache.com/im/pictures/user/96401f2b-4fa7-40c6-8f52-28d565c71c9c.jpg?aki_policy=profile_x_medium", "neighbourhood_cleansed": "Camden", "latitude": 51.52725, "longitude": -0.14353, "property_type": "Entire rental unit", "room_type": "Entire home/apt", "accommodates": 3.0, "bathrooms": 1.0, "bedrooms": null, "beds": 2, "amenities": ["Essentials", "Wifi", "Hot water", "Washer", "Long term stays allowed", "Shampoo", "TV with standard cable", "Fire extinguisher", "Smoke alarm", "Cooking basics", "Bed linens", "Hair dryer", "Iron", "Carbon monoxide alarm", "Dryer", "Hangers", "Kitchen", "Cable TV", "Heating"], "price": 349.0, "numbers_of_review": 18.0, "review_scores_rating": 4.39, "reviews": [{"name": "Larissa", "date": "2021-10-05", "review": "Great location, so close to Regents Park! It was a quick walk to several tube stations and tucked away from the street. It was surprisingly quiet. The place was clean and spacious enough given it was a studio. Great value for the price. <br/>David was very communicative ahead of check in with the most detailed instructions for getting into the apartment, which made getting in to the place after a long day of a travel very easy."}, {"name": "Thais", "date": "2021-10-09", "review": "\ud83d\ude0d"}, {"name": "Karen", "date": "2021-10-25", "review": "Comfortable apartment near to Camden and Regent's Park with everything you might need on a break in London. The large sunny balcony is a highlight, not something that's easy to come across in London. Great host, really helpful and responsive. Would definitely stay here again"}, {"name": "V\u00e9ronique", "date": "2021-11-07", "review": "Appartement bien situ\u00e9, fonctionnel, quelques soucis de chauffage et d'\u00e9lectricit\u00e9 nous ont fait passer une premi\u00e8re nuit \u00e0 16\u00b0 !! Puis un petit d\u00e9jeuner plong\u00e9 dans le manuel de fonctionnement du thermostat !"}, {"name": "Richard", "date": "2021-11-12", "review": "I'd probably give 2 stars, but the apartment seems to be a full-time airbnb in council/social housing, which is morally questionable and possibly illegal<br/>Pros: accessible part of town near Regent's Park; David was responsive; easy check-in<br/>Cons: appears to be in council housing; there was mold/mildew in both the bathroom and bedroom; you can only control the shower temperature from the boiler in the kitchen (and the shower head was partially broken); there is a balcony but the door was jammed and you couldn't get out on to it"}, {"name": "Emmanuel", "date": "2021-11-15", "review": "Tr\u00e8s bien situ\u00e9, propre et tranquille"}, {"name": "Bernard", "date": "2021-11-22", "review": "Appartement tr\u00e8s bien situ\u00e9 pr\u00e8s du centre-ville"}, {"name": "W", "date": "2022-01-11", "review": "The apartment was located in a good area as it was close to the Paddington station"}, {"name": "\u0418\u0440\u0438\u043d\u0430", "date": "2022-03-06", "review": "\u041e\u0447\u0435\u043d\u044c \u0432\u0430\u0436\u043d\u043e, \u0447\u0442\u043e \u0445\u043e\u0437\u044f\u0438\u043d \u0432\u0441\u0435\u0433\u0434\u0430 \u043d\u0430 \u0441\u0432\u044f\u0437\u0438, \u0434\u0430\u0436\u0435 \u043d\u043e\u0447\u044c\u044e!! \u0422\u0440\u0430\u043d\u0441\u043f\u043e\u0440\u0442 \u0440\u044f\u0434\u043e\u043c, \u0435\u0441\u0442\u044c \u043d\u043e\u0447\u043d\u044b\u0435 \u0430\u0432\u0442\u043e\u0431\u0443\u0441\u044b, \u043e\u0447\u0435\u043d\u044c \u0443\u0434\u043e\u0431\u043d\u043e \u0437\u043e\u043d\u0438\u0440\u043e\u0432\u0430\u043d\u043e \u043f\u0440\u043e\u0441\u0442\u0440\u0430\u043d\u0441\u0442\u0432\u043e, \u0432 \u043a\u0432\u0430\u0440\u0442\u0438\u0440\u0435 \u0435\u0441\u0442\u044c \u0432\u0441\u0435 \u043d\u0435\u043e\u0431\u0445\u043e\u0434\u0438\u043c\u043e\u0435, \u0442\u0435\u043f\u043b\u043e. \u0431\u044b\u043b\u0430 \u043e\u0434\u043d\u0430 \u043f\u0440\u043e\u0431\u043b\u0435\u043c\u0430 - \u044d\u0442\u043e \u0441\u043c\u0435\u0441\u0438\u0442\u0435\u043b\u044c \u0432 \u0432\u0430\u043d\u043d\u043e\u0439, \u0440\u0435\u0433\u0443\u043b\u0438\u0440\u043e\u0432\u0430\u0442\u044c \u0442\u0435\u043c\u043f\u0435\u0440\u0430\u0442\u0443\u0440\u0443 \u0432\u043e\u0434\u044b \u0432\u043e\u0437\u043c\u043e\u0436\u043d\u043e \u0442\u043e\u043b\u044c\u043a\u043e \u0438\u0437 \u043a\u0443\u0445\u043d\u0438. \u043d\u0430\u0434\u0435\u044e\u0441\u044c, \u044d\u0442\u0443 \u043c\u0435\u043b\u043e\u0447\u044c \u043e\u0447\u0435\u043d\u044c \u0431\u044b\u0441\u0442\u0440\u043e \u0438 \u043b\u0435\u0433\u043a\u043e \u0438\u0441\u043f\u0440\u0430\u0432\u044f\u0442."}, {"name": "Katerina", "date": "2022-03-08", "review": "Clean and cozy apartment, near the train station and shops. Has everything you need and the host is responsive and easy to communicate with!"}]}