{"id": 24665049, "listing_url": "https://www.airbnb.com/rooms/24665049", "name": "Standard Double", "description": "<b>The space</b><br />-Double size bed with luxury topper & cotton linens<br />-Goose down duvets & pillows (a choice of hyper-allergenic bedding is available)<br />-Bathrooms with showers & Eco-Boutique geranium products which are free from parabens, sulphates, petrochemicals and artificial colouring<br />-Complimentary high speed Wi-Fi<br />-26\u201d full HD TV<br />-Iron & Hairdryer<br />-Kettle with complimentary Teas & coffee<br />-Dyson Air-Flow fan or Air con (subject to availability)<br /><br /><b>Guest access</b><br />24 hours Check in reception", "host_name": "The Lodge Hotel", "host_id": 174709593, "host_url": "https://www.airbnb.com/users/show/174709593", "host_picture_url": "https://a0.muscache.com/im/pictures/user/48696dcb-7af1-47fd-9c58-8821949190ed.jpg?aki_policy=profile_x_medium", "neighbourhood_cleansed": "Wandsworth", "latitude": 51.45687, "longitude": -0.20665, "property_type": "Room in boutique hotel", "room_type": "Private room", "accommodates": 2.0, "bathrooms": 1.0, "bedrooms": 1, "beds": 1, "amenities": ["Free parking on premises", "Long term stays allowed", "Shampoo", "TV", "Smoke alarm", "Hair dryer", "Iron", "Hangers", "Wifi", "Gym"], "price": 213.0, "numbers_of_review": 4, "review_scores_rating": 4.0, "reviews": [{"name": "Aishling", "date": "2018-09-27", "review": "Well located comfortable Hotel. Good size rooms with comfortable facilities. Will consider staying here again in the future."}, {"name": "Daisy", "date": "2019-02-16", "review": "Friendly staff and nice clean and comfy room"}, {"name": "Aaron", "date": "2019-05-07", "review": "Great hotel, great location, free on-site parking! What a great place and will definitely visit again!"}, {"name": "Joao Paulo", "date": "2022-10-17", "review": "it is a nice hotel, in a convenient place, with good decoration, connections to public transportation.<br/>it bit overpriced for the size of the rooms, but all try compensate with very comfortable beds, chairs and good wardrobes ..."}]}