{
    "id": 24704792,
    "listing_url": "https://www.airbnb.com/rooms/24704792",
    "name": "Private room in a Riverside Apartment",
    "description": "Double room available for a short let in a two bed apartment over looking River Thames.  Good transport links and close proximity to Royal Arsenal. Price is inclusive of bills, Wifi and Netflix. Open plan living with dining space, and a separate guest bathroom.<br /><br /><b>The space</b><br />Apartment is located on the upper ground floor, (with lift access), within a quiet neighbourhood. Guests have their own private room and bathroom.<br /><br />Sharing with one female.<br /><br />Only female guests can book due to the shared living space.<br /><br /><b>Guest access</b><br />Guests are free to use the living room (including the TV) and kitchen (with the various appliances and crockery). <br /><br />Although I am not providing breakfast, there is plenty of free tea and coffee.<br /><br /><b>Other things to note</b><br />Guests to check in from 18:00 onwards on weekdays and anytime over the weekend.",
    "host_name": "Brenda",
    "host_id": 186719961,
    "host_url": "https://www.airbnb.com/users/show/186719961",
    "host_picture_url": "https://a0.muscache.com/im/pictures/user/98cc404f-7165-446e-a228-9e1bd4ed1427.jpg?aki_policy=profile_x_medium",
    "neighbourhood_cleansed": "Greenwich",
    "latitude": 51.49639,
    "longitude": 0.08003,
    "property_type": "Private room in rental unit",
    "room_type": "Private room",
    "accommodates": 1.0,
    "bathrooms": 1.0,
    "beds": 1,
    "price": 40.0,
    "numbers_of_review": 15.0,
    "review_scores_rating": 5.0,
    "reviews": [
        {
            "name": "Vanetta",
            "date": "2018-07-20",
            "review": "Brenda is the perfect host. Her place is in a super cute and attractive neighborhood along the river. You are about a 7 minute walk to busses that will easily link you to trains. There are markets, pubs and restaurants within a 10 minute walk. <br/>   <br/>Brenda routinely cleaned the apartment and supplied fresh towels during my stay. Having a private bath and access to the tv in the main living area is also a plus. The room is simple with a comfortable bed and a place to store all of your things. I personally thought the room was the perfect size with enough space to store your luggage. <br/>Communication is ideal with Brenda. She will share a cocktail with you and invite you out. But, you will also have more than enough personal space and time. I extended my stay with Brenda and ended up staying more than a month in total. I would absolutely recommend a stay with Brenda."
        },
        {
            "name": "Keren-Maryse",
            "date": "2019-02-23",
            "review": "Location is lovely and Brenda is an excellent host. Will definitely stay there again. Wish I had some more time to explore the markets etc."
        },
        {
            "name": "Ashna",
            "date": "2019-05-04",
            "review": "Brenda has been an amazing host and we became good friends along the way! She provided me with all the amenities necessary - she thinks about everything A-Z so you won\u2019t have to worry! A cheerful lady who will help you make the most of your journey! Looking forward to booking my trip again with her next time I\u2019m back!"
        },
        {
            "name": "Hui",
            "date": "2019-06-18",
            "review": "Brenda is the best host you could ask for. I stayed with Brenda for 6 weeks and loved the experience. She's incredibly welcoming, and goes above and beyond to make sure you're comfortable. She is always available for a fun chat but is also respectful of your me time. The apartment is homely, immaculate, and the river Thames is right at your doorstep."
        },
        {
            "name": "Hana",
            "date": "2019-07-13",
            "review": "Brenda\u2019s flat is immaculate and tastefully decorated and is just a short stroll to the Woolwich Arsenal DLR along the Thames. The bedroom was clean; the mattress comfortable, and I had a bathroom to myself. Brenda is a wonderful hostess. She is the girl-next-door with a wholesome, warm, and upbeat disposition. She is friendly and very considerate. I enjoyed my stay at her flat and would definitely recommend her place to other guests."
        },
        {
            "name": "Maria",
            "date": "2019-09-14",
            "review": "Brenda is a great host, always making me feel at home and helping with anything I needed. I recommend to anyone who needs a long stays as I could feel free to cook, use the washing machine and also have a private room and bathroom. Plus I really enjoyed talking to Brenda, she\u2019s lovely!"
        },
        {
            "name": "Salma",
            "date": "2019-10-14",
            "review": "Brenda Is a lovely host and a pleasure to stay with. The apartment is nice, clean and well located. I would definitely recommend it!"
        },
        {
            "name": "Yutong",
            "date": "2020-09-29",
            "review": "Room is clean and the host is very kind."
        },
        {
            "name": "Zelene",
            "date": "2021-10-24",
            "review": "Super great stay, the hospitality, the flat, the host herself, everything was far greater than I expected! Recommended without a drop hesitation!"
        },
        {
            "name": "Chayanika",
            "date": "2022-03-01",
            "review": "Brenda and her friend Fiona are both lovely hosts. Brenda made sure that in her absence I was checked in, looked after well.  She has a beautiful, fully functional, well kept home and I would recommend this place to everyone. Apart from the the comfort I got at her place, I really liked her attitude, her promptness to attend to my queries and her overall demeanour. Her friend, Fiona, is equally hospitable and warm. I stayed here for over a month and it has been a great experience!!"
        }
    ]
}