{"id": 24925307, "listing_url": "https://www.airbnb.com/rooms/24925307", "name": "Single room in Forest Hill", "description": "Single bedroom, clean, cosy, affordable, within split level apartment, leafy residential street, excellent location, Zone 3. Free WiFi, close to tube, buses, cafes, restaurants, all 6/8 mins walk from apartment. Central London is 15 mins away, via London bridge, also within easy reach of business, shopping, theatre & tourist destinations.<br /><br /><b>The space</b><br />They can use the living room and the balcony", "host_name": "Giulia", "host_id": 102085450, "host_url": "https://www.airbnb.com/users/show/102085450", "host_picture_url": "https://a0.muscache.com/im/pictures/user/78328123-c17e-490c-875d-b8b257003f2f.jpg?aki_policy=profile_x_medium", "neighbourhood_cleansed": "Lewisham", "latitude": 51.43399, "longitude": -0.05139, "property_type": "Private room in rental unit", "room_type": "Private room", "accommodates": 1.0, "bathrooms": 1.0, "bedrooms": 1, "beds": 1, "amenities": ["Essentials", "Wifi", "Long term stays allowed", "Fire extinguisher", "Smoke alarm", "Hair dryer", "Iron", "Carbon monoxide alarm", "Heating", "Lock on bedroom door"], "price": 25.0, "numbers_of_review": 2.0, "review_scores_rating": 4.0, "reviews": [{"name": "Beth", "date": "2018-09-02", "review": "Simple accommodation but all I needed."}]}