{
    "id": 25014047,
    "listing_url": "https://www.airbnb.com/rooms/25014047",
    "name": "1 Bedroom Apartment with a large living room.",
    "description": NaN,
    "host_name": "Toro",
    "host_id": 5801212,
    "host_url": "https://www.airbnb.com/users/show/5801212",
    "host_picture_url": "https://a0.muscache.com/im/pictures/user/e47216f5-cbaf-4d02-b9a0-b4a5abf0af84.jpg?aki_policy=profile_x_medium",
    "neighbourhood_cleansed": "Tower Hamlets",
    "latitude": 51.51672,
    "longitude": -0.02687,
    "property_type": "Entire rental unit",
    "room_type": "Entire home/apt",
    "accommodates": 3.0,
    "bathrooms": 1.0,
    "beds": 2,
    "price": 95.0,
    "numbers_of_review": 4,
    "review_scores_rating": 4.75,
    "reviews": [
        {
            "name": "Mads",
            "date": "2018-06-03",
            "review": "Everything was great! Thanks for hosting us"
        },
        {
            "name": "Adam",
            "date": "2018-06-04",
            "review": "Very nice flat. I didn't meet Toro, but his friend was there to meet us on arrival to show us the flat and give us the key etc."
        },
        {
            "name": "Kousuke",
            "date": "2019-11-02",
            "review": "Toro\u2019s house had everything I needed. It located great and very closed to central. I totally recommend his flat."
        },
        {
            "name": "JIN SEOK(Grant)",
            "date": "2019-11-24",
            "review": "Very tidy and lovely AirBnb apartment equipped with everything you need. A good bed and nice bathroom. Mr. Toro is a great host and there when you need him, Very nice and wants to share all h\u00e9 know about the area. We had a great stay!"
        }
    ]
}