{"id": 25305896, "listing_url": "https://www.airbnb.com/rooms/25305896", "name": "Oxford Street shopping and tourist attractions", "description": "An entire elegant 1 bedroom flat located on the first floor with lifts of a charming block . Minutes away from Great Portland Street and Regent Park underground station.<br /><br /><b>The space</b><br />Plenty of eateries and night clubs within walking distances. The guest get to use the entire apartment . Very private .<br /><br /><b>Guest access</b><br />Guest get private access to the bedroom, bathroom, kitchen and the living room with a sofa-bed.", "host_name": "P & Co", "host_id": 28790699, "host_url": "https://www.airbnb.com/users/show/28790699", "host_picture_url": "https://a0.muscache.com/im/pictures/user/6cb1d70e-92c0-464b-b56b-f717b833662f.jpg?aki_policy=profile_x_medium", "neighbourhood_cleansed": "Westminster", "latitude": 51.52258, "longitude": -0.14376, "property_type": "Entire rental unit", "room_type": "Entire home/apt", "accommodates": 4.0, "bathrooms": 1.0, "bedrooms": 1, "beds": 2, "amenities": ["Extra pillows and blankets", "Oven", "Hair dryer", "Hangers", "Dishes and silverware", "Essentials", "Shampoo", "Bed linens", "Wifi", "Heating", "Dishwasher", "Long term stays allowed", "Host greets you", "Microwave", "Refrigerator", "Iron", "Kitchen", "Stove", "Hot water", "Washer", "Paid parking off premises", "Elevator", "Smoke alarm"], "price": 275.0, "numbers_of_review": 37.0, "review_scores_rating": 4.78, "reviews": [{"name": "Jessica", "date": "2018-06-18", "review": "Pradeep was an amazing host. His place was clean and very comfortable. I highly recommend staying here as it's also located at a very central spot. Definitely one of the best bnb's we have stayed in."}, {"name": "Karin", "date": "2018-06-26", "review": "Great location and great host! We arrived later than our initial time but Pradeep was kindly waiting for us with a service for breakfast. Great location to go to the central city. The place had a small lift which helped us a lot when carrying big suitcases."}, {"name": "Charles", "date": "2018-06-29", "review": "."}, {"name": "Ron", "date": "2018-07-17", "review": "Paradip and his wife hosted us very nicely, with generosity and kindness.<br/>Gave us good and fast service.<br/>The appartment is well located, the space was very good for our needs ( 2 adults+2 kids).the kitchen was inviting and the washing machine was helpful.<br/>The house was cleen , towels and sheets were great. <br/>We defenetly recomend this appartment"}, {"name": "Alan", "date": "2018-07-19", "review": "Great location and host very easy to deal with "}, {"name": "Zijun", "date": "2018-07-22", "review": "\u4f4d\u7f6e\u4e0d\u9519\uff0c\u65fa\u4e2d\u5e26\u9759\uff0c\u53bb\u725b\u6d25\u8857\u6b65\u884c15\u5206\u949f\uff0c\u53bbsoho\u533a\u6b65\u884c20\u5206\u949f\uff0c\u5efa\u8bae\u6b65\u884c\uff0c\u5750\u5730\u94c1\u66f4\u9ebb\u70e6\u3002\u623f\u95f4\u91cc\u9762\u7eb8\u5dfe\u5145\u8db3\uff0c\u623f\u4e1c\u8d34\u5fc3\u5730\u51c6\u5907\u4e86\u725b\u89d2\u5305\uff0c\u725b\u5976\uff0c\u679c\u6c41\u7b49\u3002\u4e0b\u6b21\u53bb\u4f26\u6566\u8fd8\u4f1a\u9009\u62e9\u3002"}, {"name": "Damien", "date": "2018-07-26", "review": "Nice place in porland , thanks "}, {"name": "Brooke", "date": "2018-07-30", "review": "Amazing place with a great location it was close to many great restaurants and shops. The one major thing was the WiFi didn\u2019t work for some of the days but other than that this place was incredible. I loved how the host left some croissants and grapes and even a bottle of wine for our stay it was so thoughtful. If I am in London again I will for sure stay at Pradeep\u2019s place. "}, {"name": "Julio C\u00e9sar", "date": "2018-08-09", "review": "."}, {"name": "Heidi", "date": "2018-08-12", "review": "Nous avons pass\u00e9 ( 3 adultes et un enfant 7 ans) un tr\u00e8s agr\u00e9able s\u00e9jour dans cet appartement tr\u00e8s calme dans une tr\u00e8s belle maison. "}]}