{"id": 25402657, "listing_url": "https://www.airbnb.com/rooms/25402657", "name": "Comfortable & cosy one bedroom apartment", "description": "This apartment has a very warm and cosy atmosphere. Modern decor and tone colours make it very pleasant to stay in. It\u2019s compact but comfortable. Bed in the bedroom is super comfy. It has everything you need. Bathroom and kitchen fully equipped. In bedroom there\u2019s a double bed and single bed. Living room has a big sofa bed, smart tv, and a table. You\u2019ll feel like at home!<br /><br /><b>The space</b><br />Flat has everything in a reach of a hand that you\u2019ll need! Calm atmosphere will make you feel relaxed and comfortable. Shops are few minutes walk from the flat. Bus stop 3 min away ( 4 stops to the tube station) . Hendon Central station is located 15 min away and it takes 25 min to get to the center with Northern Line.<br /><br /><b>Guest access</b><br />You have for your use entire flat<br /><br /><b>Other things to note</b><br />Flat is located in a quiet area. Strictly no parties and loud behaviour at the property.<br />Smoking not allowed.", "host_name": "Aneta", "host_id": 191754682, "host_url": "https://www.airbnb.com/users/show/191754682", "host_picture_url": "https://a0.muscache.com/im/pictures/user/12ef4427-0e53-4ac9-b3af-90b1bb0ca6f2.jpg?aki_policy=profile_x_medium", "neighbourhood_cleansed": "Barnet", "latitude": 51.59313, "longitude": -0.22555, "property_type": "Entire rental unit", "room_type": "Entire home/apt", "accommodates": 4.0, "bathrooms": 1.0, "bedrooms": 1, "beds": 3, "amenities": ["Extra pillows and blankets", "Oven", "Hair dryer", "Hangers", "Dishes and silverware", "Essentials", "Shampoo", "TV with standard cable", "Cooking basics", "Single level home", "Bed linens", "Wifi", "Heating", "Coffee maker", "Microwave", "Refrigerator", "Iron", "Kitchen", "Stove", "Hot water", "Washer", "Cable TV"], "price": 50.0, "numbers_of_review": 10, "review_scores_rating": 4.9, "reviews": [{"name": "Youyou", "date": "2018-06-04", "review": "Very clean and nice apartment, worthy to book, and has all equipments you want. A little bit far away from the underground station, but i recommend you to book."}, {"name": "Keith", "date": "2018-07-22", "review": "Aneta's home is wonderful and come with all the creature comforts you could hope for. She was quick to respond and flexible with check-in times."}, {"name": "Panicos", "date": "2018-09-07", "review": "a very homely place with everything provided to make the stay feeling at home."}, {"name": "Nirav", "date": "2018-09-09", "review": "Awesome place, great for what we needed. Aneta very quick to respond and help with any enquires."}, {"name": "Richard", "date": "2019-04-26", "review": "Great communication throughout the stay. Lovely home!"}, {"name": "Dr Ankita", "date": "2019-07-14", "review": "Aneta is a great host and it\u2019s a beautiful flat. Location is great with tube connectivity at a 10 min walk.<br/>There are all kinds of amenities in her flat. We would love to stay with her again the next time we are in London.\ud83d\ude07"}, {"name": "Anna", "date": "2019-08-18", "review": "Aneta to wspania\u0142y gospodarz, super kontakt, osoba go\u015bcinna,pomocna, kt\u00f3ra bardzo szybko reaguje na e-maile sms-y. Mieszkanie bardzo przytulne, czy\u015bciutki, pachn\u0105ce i wyposa\u017cone we wszystko co Ci jest potrzebne. Po\u0142o\u017cone w spokojnej, bezpiecznej dzielnicy, blisko przystanek, bary, sklepy, piekarnia. Wszystkim serdecznie polecam i przy kolejnej wizycie w Londynie w pierwszej kolejno\u015bci sprawdz\u0119 mo\u017cliwo\u015b\u0107 ponownego skorzystania z go\u015bcinno\u015bci Anety."}, {"name": "Matt", "date": "2019-08-27", "review": "Pleasant stay at great value."}, {"name": "Solly", "date": "2019-09-07", "review": "Great little cozy flat. Enjoyed my stay."}, {"name": "Alex", "date": "2019-09-09", "review": "Great cozy apartment! Great host and quick to respond. Bed was maybe the most comfiest I\u2019ve slept on in an AirBnB lol. Big screen TV and all the kitchen tools needed. Would recommended highly."}]}