{
    "id": 26332292,
    "listing_url": "https://www.airbnb.com/rooms/26332292",
    "name": "Country-style flat with quiet garden in Brixton",
    "description": "Country cottage chic in Brixton - close to the centre of London.  Enjoy calm, 5 minutes walk from bustling Brixton Market & 15 mins tube ride from Oxford Street - with an amazing organic bakery & pub around the corner.<br /><br /><b>The space</b><br />A 2 bedroom flat, with large & stylish kitchen dining area and country cottage garden.  The kitchen comes with all the usual appliances (oven / fridge etc.), including a dishwasher & washing machine - along with pots / pans / crockery etc.  The garden provides a great quiet space away from the hustle and bustle of Brixton.  The bedroom areas provide space for 4 sleeping on beds - along with a cot & high-chair for a baby (on request).  One bed is a King sized double bed; the other is a super comfy double sofa bed.  If you've got a car, there's paid parking outside the property for \u00a35 a day.<br /><br /><b>Guest access</b><br />The whole apartment is available for you to access - so you can enjoy the whole space during your stay ;-)<br /><br",
    "host_name": "Christopher",
    "host_id": 651406,
    "host_url": "https://www.airbnb.com/users/show/651406",
    "host_picture_url": "https://a0.muscache.com/im/pictures/user/0075dbaf-2a2c-4bc5-8e39-3a551a9b5321.jpg?aki_policy=profile_x_medium",
    "neighbourhood_cleansed": "Lambeth",
    "latitude": 51.46578,
    "longitude": -0.122,
    "property_type": "Entire rental unit",
    "room_type": "Entire home/apt",
    "accommodates": 4.0,
    "bathrooms": 1.0,
    "beds": 2,
    "price": 100.0,
    "numbers_of_review": 4,
    "review_scores_rating": 5.0,
    "reviews": [
        {
            "name": "Sarina",
            "date": "2018-07-13",
            "review": "Chris was a fantastic host and made us feel completely at home during our stay. The flat is situated perfectly between Clapham North, Stockwell and Brixton making it easily accessible to all modes of public transport. We had a little one with us and Chris provided us with a high chair, cot and little extras (including a babysitter!!) for the baby which was extremely helpful. The flat was airy and spacious with a great little private garden in the back which was invaluable during the heat wave! We would be happy to recommend to anyone looking for a place to stay in South London. Thank you again for a wonderful stay."
        },
        {
            "name": "Elin",
            "date": "2018-07-18",
            "review": "We had an absolutely amazing time in Christophers place! The apartment is really nice, and his descriptions are very accurate; it is cosy and rustique, with fun details which reveals for us that Christopher has a sense of humor. We never met Christopher, we only had contact through messages, but he seems like a very nice guy. Oh, and the place smells really good; The towels, the bed linnens, well, everything! Brixton is a very interesting area, and we quickly found out that it has it all;  the busy markets where you can buy everything, the  Cool and hip vibe ( if thats what you are into) the good food, and most of all; the interesting caracters. On the way home from the pub one day, We accidentaly got invited to a street party right around the corner from where we lived, and it was the best! Grannys, newborn babies, some finance-people, some hippies, some gay dancers, the large carribean Family, dancing in the streets; we will never forget it! The apartment is in a very quiet area, so the only negative thing was that we sometimes laughed so much that we were afraid of disturbing the neighbours. But again, the peace was  very nice in the morning. All in all, its a big thumbs up! "
        },
        {
            "name": "Duncan",
            "date": "2018-08-03",
            "review": "Great location, amazing apartment and garden - 10 out of 10 would stay again. And Chris was a fantastic host! "
        },
        {
            "name": "Melody",
            "date": "2018-08-06",
            "review": ":) "
        }
    ]
}