{"id": 26701261, "listing_url": "https://www.airbnb.com/rooms/26701261", "name": "Superhost's  Amazing London Flat by Stunning Park", "description": "I respond to all inquiries within a minute.<br /><br />- The listing is for a spacious and modern flat with great transport links to central London.<br />-Prominent, leafy, safe and quiet area.<br />-Modern, bright, spacious.<br />-Great transport links<br />-Bathroom and Separate WC. <br />-Overlooking scenic Gladstone Park.<br />- Brand new tennis courts, playgrounds and cafe nearby<br />- 6 min drive and 10 mi\u0301n by bus to Brent Cross Shopping Mall <br />- Free street parking is available.<br />- Large TV sets in living room and master bedroom.<br /><br /><b>The space</b><br />The flat is in the most prominent residential area in Dollis Hill, opposite very large public historical park with activities, tennis, running etc. There is a cafe and a duck pond, only a few mins walk from the flat. The size of the property makes for a very comfortable and unforgettable stay. The place is bright and clean, with loads of day light . There is a modern kitchen with all the kitchen utensils needed", "host_name": "Emrah", "host_id": 28381203, "host_url": "https://www.airbnb.com/users/show/28381203", "host_picture_url": "https://a0.muscache.com/im/pictures/user/996a0e0f-9bea-42b8-8a80-458bae5c834f.jpg?aki_policy=profile_x_medium", "neighbourhood_cleansed": "Brent", "latitude": 51.56191, "longitude": -0.23606, "property_type": "Entire condo", "room_type": "Entire home/apt", "accommodates": 8.0, "bathrooms": 1.5, "bedrooms": 2, "beds": 5, "amenities": ["First aid kit", "Oven", "Fire extinguisher", "Hair dryer", "Wine glasses", "Dining table", "Private entrance", "Hangers", "Piano", "Dishes and silverware", "Essentials", "Shampoo", "Free street parking", "Cooking basics", "Bed linens", "Bathtub", "Shower gel", "Wifi", "Heating", "Dishwasher", "Long term stays allowed", "TV", "Hot water kettle", "Microwave", "Refrigerator", "Room-darkening shades", "Iron", "Kitchen", "Drying rack for clothing", "Induction stove", "Toaster", "Hot water", "Clothing storage: closet and dresser", "Freezer"], "price": 240.0, "numbers_of_review": 3, "review_scores_rating": 5.0, "reviews": [{"name": "Francesca", "date": "2018-09-16", "review": "Thanks for making our stay so wonderful."}, {"name": "Anshita", "date": "2021-12-01", "review": "We had a lovely stay at Emrah\u2019s apartment which was very clean, warm and beautifully set up. Emrah was quick and prompt at responding to any questions or help we needed throughout. Would highly recommend this to anyone looking for a place to stay in this location."}, {"name": "Gitte", "date": "2022-08-09", "review": "Impeccable!"}]}