{"id": 26803864, "listing_url": "https://www.airbnb.com/rooms/26803864", "name": "Beautifully Decorated 2 Bed Home in Clerkenwell", "description": "Beautifully decorated 2 bedroom home in Clerkenwell only a 10 minute walk from Angel station. Clerkenwell has long been a hub of creativity - enjoy some of the best restaurants and art in London right at your doorstep! This home boasts a bright and spacious living room, a modern fully equipped kitchen and 2 comfortable bedrooms. Perfect for couples, friends and family wanting to stay in an attractive and dynamic area in the heart of London.<br /><br /><b>The space</b><br />Amenities: <br />- 24/7 guest support<br />- Professionally cleaned<br />- Hotel-quality bed linen and towels<br />- 24/7 check-in as there is a lockbox with the keys<br /><br />Kitchen:<br />Newly refurbished <br />- Fully equipped<br />- Oven<br />- Stove<br />- Refrigerator<br />- Dishwasher <br />- Microwave<br />- Toaster<br />- Kettle<br /><br />Living Room:<br />- Sofa<br />- Coffee table<br />- Dining table and chairs<br />- Large flat screen smart TV<br />- Apple TV<br /><br />Bedrooms (2):<br />- Large doub", "host_name": "Simon", "host_id": 200098383, "host_url": "https://www.airbnb.com/users/show/200098383", "host_picture_url": "https://a0.muscache.com/im/pictures/user/9e8831d6-44a1-4aa9-8ecd-9be1486d92ca.jpg?aki_policy=profile_x_medium", "neighbourhood_cleansed": "Islington", "latitude": 51.52611, "longitude": -0.10781, "property_type": "Entire rental unit", "room_type": "Entire home/apt", "accommodates": 4.0, "bathrooms": 1.0, "bedrooms": 2, "beds": 2, "amenities": ["Oven", "Hangers", "Dishes and silverware", "Essentials", "Shampoo", "Cooking basics", "Bed linens", "Carbon monoxide alarm", "Wifi", "Heating", "Dishwasher", "Long term stays allowed", "TV", "Microwave", "Refrigerator", "Iron", "Kitchen", "Stove", "Hot water", "Washer", "Elevator", "Smoke alarm", "Dryer", "Lockbox"], "price": 145.0, "numbers_of_review": 11.0, "review_scores_rating": 4.45, "reviews": [{"name": "Delphine", "date": "2019-05-12", "review": "Appartement tr\u00e8s lumineux, agr\u00e9able il est proche des commerces, restaurants et bus."}, {"name": "Lisa", "date": "2019-09-01", "review": "Simon\u2019s apartment was in a great location. It was convenient to shops and restaurants. The apartment had everything one would need to be comfortable, even a washer/dryer combo. <br/>It was however on a busy street and because it was so warm we had to keep the windows open and could hear the noise. In colder months I\u2019m sure this wouldn\u2019t be an issue. <br/>It was clean and had very comfy, cozy beds."}, {"name": "Manuel", "date": "2019-09-06", "review": "Great place to stay, would love to come back!"}, {"name": "Claire", "date": "2019-09-27", "review": "Super clean, very spacious. Highly recommended host. Thank you Simon."}, {"name": "Christian", "date": "2019-10-25", "review": "We really enjoyed our stay at Simon\u2019s place."}, {"name": "Ingrid", "date": "2019-11-09", "review": "Simons place is very spacious, great location with tons of restaurants nearby. <br/>The 1st bedroom near the bathroom is bigger and nice soft bed. The 2nd bedroom near the living room is a little bit smaller but the bed is awful! Its hard and not at all friendly on one's back, you have been warned! <br/>Our stay was ok, although we never found the trash room or the key for it. I tried to communicate with Simon's support team but not one person knew what the key looked like or where the trash room was actually located. As you can imagine there was trash bag buildup in the kitchen and after a 9 day stay it got a bit smelly."}, {"name": "Sebastian", "date": "2019-11-23", "review": "Excellent apartment with all the amenities for our 10 day stay. Apartment is spacious and very close to amazing cafes and restaurants - lovely area. Highly recommend."}, {"name": "Ethan", "date": "2019-12-07", "review": "This apartment served its purpose and was a short walk to restaurants and bus stops. The underground is a bit of a hike, so stay here if you\u2019re comfortable walking or taking the bus (which is very easy in London). Pictures of the apartment were misleading in that many of the nice touches had been removed and some furniture was missing. Also, pictures included a coffee maker and toaster but neither were there. Additionally, when we arrived there was no toilet paper. <br/>The space worked for us\u2014two adults and a child\u2014but we are unlikely to return. That said, if you are likely to be out on the town or want a spot close to a small but lively night scene, this could be a good choice."}, {"name": "Cleta", "date": "2019-12-28", "review": "This is a beautiful, airy and bright corner flat one block from Exmouth market.   It comes with a well stocked kitchen, particularly plenty of glassware of every kind and lots of coffee/ tea cups.   There are huge windows that look out on both sides of nice streets.  The neighborhood is very quiet, and convenient to all transport.  It is spotlessly clean and the team is very responsive insofar as checking in and checkout.   The kitchen and bathroom are both super modern and there is a dishwasher, and a washer-dryer that both work!  We had one small maintenance issue that wasn\u2019t resolved but it was minor and didn\u2019t impact our stay.   We loved the flat and it was perfect for our two week stay in London.  Perfect!"}, {"name": "Pascal", "date": "2020-01-28", "review": "Bright spacious 2 room apartement  with large common area and great kitchen, best neighborhood, everything you need within 50 m groceries, caf\u00e9's , great restaurant's and pubs, hardware stores etc , bus stop for the 19 and 38 right out the door to get you where you want to go, walking distance to Angel, the canal and other great hoods, Simon's team great response and helpful."}]}