{"id": 27169367, "listing_url": "https://www.airbnb.com/rooms/27169367", "name": "A Cosy Little Haven", "description": "This two bedroom terrace house is a delightful space for travellers within the Airbnb community. <br /><br />You'll love the bright and airy feel of this house. The carpeted stairs leading to the first floor offers a landing area to the private bathroom, a double bedroom and a bright kitchen/dining area with a comfy sofa-bed. Here you can unwind and relax. There is also space for preparing light snacks.<br /><br />This top floor space is well secluded even though there is no divide between the two floors.<br /><br /><b>The space</b><br />A cosy little haven in the quiet residential streets of Hayes, UB4. You'll have sole access to the top floor of this two storey quaint terrace house.<br /><br />You'll have your own double bed in the bedroom, a dining area with a sink, refrigeration and a countertop for preparing light meals. Your own private bath and shower room. <br /><br />There will be teas and coffee provided with bread, jams, cereals, yoghurts and a fruit bowl. Please help yourse", "host_name": "Judith", "host_id": 94082984, "host_url": "https://www.airbnb.com/users/show/94082984", "host_picture_url": "https://a0.muscache.com/im/pictures/user/02086955-a4a3-4cab-876c-d920053bec57.jpg?aki_policy=profile_x_medium", "neighbourhood_cleansed": "Hillingdon", "latitude": 51.52837, "longitude": -0.41866, "property_type": "Private room in home", "room_type": "Private room", "accommodates": 1.0, "bathrooms": 1.0, "bedrooms": 1, "beds": 1, "amenities": ["Essentials", "Wifi", "Dedicated workspace", "Hot water", "Long term stays allowed", "Shampoo", "Host greets you", "Refrigerator", "Free street parking", "Smoke alarm", "Bed linens", "Hair dryer", "Iron", "Carbon monoxide alarm", "Hangers", "Kitchen", "Heating", "Breakfast", "Lock on bedroom door", "Dishes and silverware"], "price": 38.0, "numbers_of_review": 1, "review_scores_rating": 5.0, "reviews": [{"name": "Gemma", "date": "2022-08-07", "review": "Amazing 3 night stay at Judith's and couldn't recommend it more, she is an excellent host!"}]}