{
    "id": 27303499,
    "listing_url": "https://www.airbnb.com/rooms/27303499",
    "name": "Double Bedroom: Hammersmith: Close to tube station",
    "description": "Welcome to our home. We live in the apartment and rent out the 2nd bedroom when it is available.  We are in the heart of Hammersmith, Zone 2, a 5 minute walk to the station. Westfield shopping centre & Shepherds Bush trains 10 minutes walking.  You'll find local conveniences opposite: including local stores, pub, restaurant, cafe and wine bar.  Many other options in are close on foot.  The river is 10 minutes walk.<br /><br />Hablamos ingl\u00e9s y espa\u00f1ol :)<br /><br /><b>The space</b><br />We are a friendly working couple, so out during the day and generally at home on the evenings. <br /><br />We are happy to socialise and offer advice to guests, or leave you to your own if you prefer. <br /><br />We live in a basement flat in the heart of Hammersmith, lots of local options for eating or entertainment.<br /><br /><b>Guest access</b><br />Private bedroom<br />Use of shared Bathroom<br />Use of shared kitchen, dining room and living area<br />Use of garden",
    "host_name": "Helen",
    "host_id": 42522818,
    "host_url": "https://www.airbnb.com/users/show/42522818",
    "host_picture_url": "https://a0.muscache.com/im/users/42522818/profile_pic/1440541404/original.jpg?aki_policy=profile_x_medium",
    "neighbourhood_cleansed": "Hammersmith and Fulham",
    "latitude": 51.49829,
    "longitude": -0.22729,
    "property_type": "Private room in rental unit",
    "room_type": "Private room",
    "accommodates": 2.0,
    "bathrooms": 1.0,
    "beds": 1,
    "price": 50.0,
    "numbers_of_review": 21.0,
    "review_scores_rating": 5.0,
    "reviews": [
        {
            "name": "Stephen",
            "date": "2018-08-24",
            "review": "A lovely room, spacious, with private entry to a cute garden. Desk was very handy for me. Overall an excellent bnb and great host."
        },
        {
            "name": "Sam",
            "date": "2019-01-25",
            "review": "Super nice room, close to the station and shops. Really friendly hosts!"
        },
        {
            "name": "Jake",
            "date": "2019-02-04",
            "review": "5 star stay! Perfectly located, clean, modern apartment with super friendly and welcoming hosts. A definite home away from home and would happily stay again!"
        },
        {
            "name": "Susie",
            "date": "2019-02-08",
            "review": "Fantastic stay, very friendly hosts, great room and apartment - 10/10"
        },
        {
            "name": "Eugene",
            "date": "2019-02-13",
            "review": "A clean & great location close to shops & the underground. Highly recommended."
        },
        {
            "name": "Vin\u00edcius",
            "date": "2019-03-01",
            "review": "Very nice place and people! best place that I've stayed in London."
        },
        {
            "name": "Nick C",
            "date": "2019-03-08",
            "review": "Helen was a very helpful host, her home is a lovely place to stay, close to good transport links. I hope to have the opportunity to stay there again."
        },
        {
            "name": "Nam",
            "date": "2019-03-13",
            "review": "We stayed at helen\u2019s place for 3 nights and i must say this was our one of the best airbnb experience. The house is beautiful with all the immaculate amenities. The most important part is helen and her husband are the great hosts they made sure that we have the comfortable stay, The location is very near from all public transports,grocery shop and a mall. We will definitely book here again when traveling to London..Thank you helen for your hospitality"
        },
        {
            "name": "David",
            "date": "2019-03-18",
            "review": "Great stay would definitely recommend!"
        },
        {
            "name": "Duncan",
            "date": "2019-03-22",
            "review": "We could not have enjoyed our stay more. It was exactly what we wanted it to be, great location, great responses from Helen reassuring us that if we wanted anything more she would do her best to help. A great night in a lovely home. Definitely recommend"
        }
    ]
}