{
    "id": 2736493,
    "listing_url": "https://www.airbnb.com/rooms/2736493",
    "name": "Beautiful flat Queen's Park W9",
    "description": "Extraordinary architect designed bright spacious 2 double bedroom flat with underfloor heating, large kitchen dining room, tons of built-in storage. Second (top) floor in a Victorian house. Fully furnished and equipped to enjoy a summer in London.<br /><br />I live close by and so can attend to most requirements at the drop of a hat!<br /><br /><b>The space</b><br />The accommodation is distinctly modern and contemporary.  It is located in a residential area and close(7-15mins) to excellent transport links to just about anywhere interesting in London.<br /><br />You only need to bring your own toothbush to get comfortable here.<br /><br />The flat is clean and tidy and fully furnished and equipped<br />-Washing machine/dryer<br />-Combination microwave<br />-Bedding and Linen<br /><br /><b>Guest access</b><br />The flat is self contained on the top (second) floor of a Victorian terrace. There are a couple of parks-Paddington Recreation Ground and Queen's Park with green spaces and exer",
    "host_name": "Piloo",
    "host_id": 1814334,
    "host_url": "https://www.airbnb.com/users/show/1814334",
    "host_picture_url": "https://a0.muscache.com/im/pictures/user/c8a8a86e-e33b-4446-84a8-acf5babcd6e8.jpg?aki_policy=profile_x_medium",
    "neighbourhood_cleansed": "Brent",
    "latitude": 51.53167,
    "longitude": -0.19987,
    "property_type": "Entire rental unit",
    "room_type": "Entire home/apt",
    "accommodates": 4.0,
    "bathrooms": 1.5,
    "beds": 2,
    "price": 60.0,
    "numbers_of_review": 3,
    "review_scores_rating": 5.0,
    "reviews": [
        {
            "name": "Maria",
            "date": "2021-07-21",
            "review": "Piloo\u2019s place was beautifully clean, light and airy. The apartment is well designed and ready to live in for both a short or long term stay. Piloo was a very kind host and very easily contactable during my stay."
        },
        {
            "name": "Lucy",
            "date": "2021-09-03",
            "review": "We had a wonderful time staying here. The flat is spacious, airy and filled with sunlight. It is well equipped with very comfortable furnishings and everything you could need for a short or long stay. The flat is in an excellent location. It is on a pleasant quiet street so you have a peaceful place to stay, but is also only a short walk away from public transport so you can quickly and easily get wherever you need to go in London. Piloo was a gracious and helpful host, who made us feel welcome and shared delicious home-cooked meals with us. Highly recommend this flat!"
        },
        {
            "name": "Andrea",
            "date": "2023-11-04",
            "review": "todo muy bien"
        }
    ]
}