{
    "id": 27535764,
    "listing_url": "https://www.airbnb.com/rooms/27535764",
    "name": "Beautiful Bright Flat 15min to Liverpool Street",
    "description": "Hello!<br /><br />We recently bought our flat - we love it, and would like to share it with you!<br /><br />The flat is just a one minute walk away from Stamford Hill overground station, which connects directly to Liverpool Street Station in the heart of the City in 15 minutes. The Underground station on the Victoria line at Seven Sisters is one stop away and will take you to the all the main tourist attractions in 15 minutes too.<br /><br /><b>The space</b><br />The flat is a Victorian conversion, newly decorated throughout. <br /><br />The spare bedroom (which we are renting out in this instance)  has a comfortable double bed and black out blinds for peaceful sleeping.<br /><br />You might notice also that we have quite a few plants, if you are a nature lover, this is your paradise! :)<br /><br /><b>Guest access</b><br />As well as your room, you are very welcome to use the the kitchen/ lounge area for relaxing, cooking and dining. Feel free to rummage around our cupboards for drinks",
    "host_name": "Duncan",
    "host_id": 17163293,
    "host_url": "https://www.airbnb.com/users/show/17163293",
    "host_picture_url": "https://a0.muscache.com/im/pictures/user/01f709b4-7dc8-4c56-b631-ad92fa196ef7.jpg?aki_policy=profile_x_medium",
    "neighbourhood_cleansed": "Hackney",
    "latitude": 51.57483,
    "longitude": -0.07881,
    "property_type": "Private room in rental unit",
    "room_type": "Private room",
    "accommodates": 2.0,
    "bathrooms": 1.0,
    "beds": 1,
    "price": 52.0,
    "numbers_of_review": 28.0,
    "review_scores_rating": 5.0,
    "reviews": [
        {
            "name": "Gideon",
            "date": "2018-08-31",
            "review": "I really appreciate their outstanding hospitality and the wonderful flat's decor."
        },
        {
            "name": "Anna-Bella",
            "date": "2018-09-25",
            "review": "We were very warmly welcomed! Hosts are very friendly and kind people. They were very helpful and told good local tips to move around and explore. Apartment is very beautiful. Communication and check in was easy. We absolutely recommend!"
        },
        {
            "name": "Benjamin",
            "date": "2018-10-11",
            "review": "Duncan and Tianyan are very kind and helpful at any time. The flat is only 15 to 20 minutes away from the center. The transport connection is very good, because the bus station and also the overground are just a few minutes on foot away. Also the supermarkets are very close. We can only recommend the apartment and especially the hosts."
        },
        {
            "name": "John",
            "date": "2018-10-26",
            "review": "A friendly welcoming and helpful host"
        },
        {
            "name": "Montse",
            "date": "2018-11-13",
            "review": "The hosts were very friendly with us! The flat was beautiful and very clean, just like in the photos. They helped us in everything so we had an unforgettable stay in London. I highly recommend this accommodation. What we liked is that it is very close to bus and metro stops, so you can move easily. If you are looking for something cheap at 15 minutes by metro from the center, you will not regret it!"
        },
        {
            "name": "Malika",
            "date": "2018-11-25",
            "review": "I had a pleasant stay with Tianjian & Duncan. They are really friendly and helpful. I loved the decoration with all the plants. The apartment is well located only 2  mins walk away to the overground line. I definitely recommend it."
        },
        {
            "name": "New",
            "date": "2018-12-08",
            "review": "This flat is georgeous, such a creative, stylish space...all the plants made it feel like a home from home for me. Tianyan gave me such a warm welcome, I immediately felt at home. Very comfy bed too :) would love to stay again someday."
        },
        {
            "name": "Meg",
            "date": "2019-09-15",
            "review": "The apartment is in a lovely location about 20-30min journey from London city centre. I felt very much at home & the hospitality was exceptional. I would very much recommend :)"
        },
        {
            "name": "Rupan",
            "date": "2019-09-21",
            "review": "Beautiful room in a beautiful flat.  Well connected. The hosts are incredibly welcoming and warm.  Would definitely recommend!"
        },
        {
            "name": "Ziva",
            "date": "2019-09-26",
            "review": "Amazing apprtement very close to the center of London. Very accurate pictures, the place is exactly what it looks like. Duncan and Tianyan\u2019s hospitality is phenomenal! It felt just like home! Totally recommend it!"
        }
    ]
}