{"id": 27591228, "listing_url": "https://www.airbnb.com/rooms/27591228", "name": "the grand suit at deptford", "description": "Easy , double room with private bathroom clean and safe location.... supermarkets., banks and safe....bank and all the service are close 1 stop to London Bridge<br /><br /><b>The space</b><br />amazing double room with private bathroom and big rooftop with London views<br /><br /><b>Guest access</b><br />laundry... private bathroom.. rooftop...lift..", "host_name": "Abel", "host_id": 208190988, "host_url": "https://www.airbnb.com/users/show/208190988", "host_picture_url": "https://a0.muscache.com/im/pictures/user/fae8abf8-9092-4db6-958b-ebbda582d8d8.jpg?aki_policy=profile_x_medium", "neighbourhood_cleansed": "Lewisham", "latitude": 51.47903, "longitude": -0.02784, "property_type": "Private room in rental unit", "room_type": "Private room", "accommodates": 2.0, "bathrooms": 1.0, "bedrooms": 1, "beds": 1, "amenities": ["Essentials", "Wifi", "Hot water", "Washer", "Patio or balcony", "Shampoo", "TV", "Cleaning before checkout", "Microwave", "Refrigerator", "Free street parking", "Smoke alarm", "Iron", "Shower gel", "Dryer", "Hangers", "Heating", "Stove", "Lock on bedroom door", "Dishes and silverware"], "price": 25.0, "numbers_of_review": 1, "review_scores_rating": 5.0, "reviews": [{"name": "A", "date": "2018-09-03", "review": "Abel is a great host, the house is very clean. Highly recommended"}]}