{
    "id": 27981541,
    "listing_url": "https://www.airbnb.com/rooms/27981541",
    "name": "Stylish loft in leafy area of central London",
    "description": "Join London life in this beautiful red brick Victorian house on a gorgeous tree lined street in the popular Queens Park area of central London. Rub shoulders with actors and local authors, visit the local farmers market and cafes and know that you are only 15 minutes away from the very centre of the city.<br /><br /><b>The space</b><br />We are a professional couple who have put a lot of love and dedication into creating a wonderful home in an area we love. We occupy the ground and first floor, along with our friendly dog, Piper; and you have full use of the attic conversion, with a huge, top quality bed, an ensuite bathroom and views over the London sky line.<br /><br /><b>Guest access</b><br />You will be the only people in our house apart from the two of us. We are out or working for most of the day. Piper, our quiet and gorgeous dog,  may be here, but will not be allowed on your floor.<br /><br /><b>Other things to note</b><br />We provide complementary tea and coffee to make in yo",
    "host_name": "Gracia",
    "host_id": 112072272,
    "host_url": "https://www.airbnb.com/users/show/112072272",
    "host_picture_url": "https://a0.muscache.com/im/pictures/user/f8387072-aeb2-41df-ba84-831c7051d78b.jpg?aki_policy=profile_x_medium",
    "neighbourhood_cleansed": "Brent",
    "latitude": 51.53445,
    "longitude": -0.21722,
    "property_type": "Private room in home",
    "room_type": "Private room",
    "accommodates": 2.0,
    "bathrooms": 1.0,
    "beds": 1,
    "price": 75.0,
    "numbers_of_review": 120.0,
    "review_scores_rating": 4.91,
    "reviews": [
        {
            "name": "Patti",
            "date": "2018-09-15",
            "review": "Friendly hosts in a great house in a fabulous location."
        },
        {
            "name": "Lynn",
            "date": "2018-09-19",
            "review": "I would definitely recommend Anthony&Gracia\u2019s house!<br/>I stayed with Anthony&Gracia for four days. I love the house very much. The room is on the top floor and Gracia & Anthony live downstairs. The room is very clean with a private bathroom. Just like my own room!!! Gracia is very helpful and kind. My laptop was broken but there is an important online test for me one night. I told Gracia and she immediately borrow her laptop to me. I could not express my thanks anymore they are so kind and thoughtful. <br/>What is more there are two lovely dogs with us. They are very friendly and docile. so do not be afraid:)<br/>There are some little bottles of alcohol in my room which is collected all over the world by Anthony\u2019s father which make me feel very interesting.<br/>The location is good. There is a bus stop to the center London in just 2 mins walk. Overground is convenient too, within 10mins walk and it take about 15mins to euston station.<br/>Shop and restaurant and supermarket are all around, do not need to worry. There\u2019s a park nearby name queen park. Many children and people go there for leisure. I would recommend this park for a walk when you finish your meal nearby !<br/>Will chose again if I back to London :) plz do not hesitate to stay with Anthony&Gracia !"
        },
        {
            "name": "Anne",
            "date": "2018-09-23",
            "review": "We had the most wonderful time at Gracia and Anthony\u2019s place. The room was very comfy, in a quiet street close to everything (buses, tube, supermarkets, bars...). Our hosts were really accommodating, thoughtful and communication with them was really easy. We will definitely book this room again for our next time in London !"
        },
        {
            "name": "Abbie",
            "date": "2018-09-30",
            "review": "excellent accommodation in a stylish part of London. close enough to the city centre to feel involved, far enough away to get a decent night's sleep.  exceptional hosts who made us feel welcome and fabulous room. we hope we can stay again"
        },
        {
            "name": "Susan",
            "date": "2018-10-04",
            "review": "Wonderful stay at this fantastic loft. Stunning house and lovely room. Huge, comfy bed. Fab location, so close to Kensal rise and Queen\u2019s Park. Anthony and Gracia were such fantastic hosts! Lots of lovely touches. Will definitely be back and recommending to friends. Thank you so much!"
        },
        {
            "name": "Sarah",
            "date": "2018-10-08",
            "review": "Une belle chambre cosy dans un environnement calme. Les lieux sont propres. Les propri\u00e9taires sont accueillants et le chien de la maison est tr\u00e8s sympathique, calme et amical \u00e0 la fois !"
        },
        {
            "name": "Isaac",
            "date": "2018-10-22",
            "review": "A beautiful place to stay, Gracia and Anthony were warm, hospitable and lovely hosts. The room was terrific and the little touches really made an excellent weekend getaway."
        },
        {
            "name": "Chris",
            "date": "2018-10-28",
            "review": "In close proximity to Queens Park station with direct access to central London. Very clean, comfortable bed and welcoming hosts."
        },
        {
            "name": "Eleonore",
            "date": "2018-11-04",
            "review": "It was my second time at Gracia & Anthony's they are such a great couple, their place is perfect, so cosy, super clean & bright. We felt totally at home. The bed is sooooo big and comfy. Perfect location in the best London neighborhood  I know, close from everything you need and must see !  Will definitely come back here next time I'm in London ;)"
        },
        {
            "name": "Marcos",
            "date": "2018-11-09",
            "review": "Anthony y Gracia son excelentes anfitriones, muy c\u00e1lidos y predispuestos, fue como estar en un apartamento aunque era una habitaci\u00f3n privada , el barrio es muy tranquilo y seguro, con un parque cerca y zona cercana para almorzar o cenar, esta pr\u00f3ximo  a dos estaciones de metro que te permite moverte sin problemas hacia las zonas de inter\u00e9s , muy recomendable este alojamiento !!!"
        }
    ]
}