{
    "id": 28491926,
    "listing_url": "https://www.airbnb.com/rooms/28491926",
    "name": "Private Triple Bedroom in London Euston (8)",
    "description": "A spacious private bedroom with a shared fully fitted kitchen, wood flooring, double glazing. Situated in the ever popular Drummond Street & within walking distance to transport links of Euston & Warren St, all amenities of Tottenham Court Road & University College of London ( UCL ).  Euston is both a train station and a Tube station and just 4 minutes away from our apartment. Euston Square Underground Station is just 2 mins away. London Euston is directly connected to several major UK cities.<br /><br /><b>The space</b><br />Drummond Street is the perfect place for you: it is home to some of the best curry houses in London. Nearby, you\u2019ll find the Wellcome Collection, UCL, British Library and British Museum.<br />Please be advised there is a security camera in front of the building recording 24/7.<br /><br /><b>Guest access</b><br />Fully Fitted Kitchen and two shared bathroom.<br /><br /><b>Other things to note</b><br />Take a stroll through Camley Street Natural Park and feel a mill",
    "host_name": "Kannell",
    "host_id": 203335319,
    "host_url": "https://www.airbnb.com/users/show/203335319",
    "host_picture_url": "https://a0.muscache.com/im/pictures/user/bbea4816-3819-47b1-983d-cc8fdb41c092.jpg?aki_policy=profile_x_medium",
    "neighbourhood_cleansed": "Camden",
    "latitude": 51.5279,
    "longitude": -0.1376,
    "property_type": "Private room in home",
    "room_type": "Private room",
    "accommodates": 3.0,
    "bathrooms": 2.5,
    "beds": 2,
    "price": 74.0,
    "numbers_of_review": 121.0,
    "review_scores_rating": 4.38,
    "reviews": [
        {
            "name": "William",
            "date": "2018-09-20",
            "review": "Clean and great location if your traveling by train be sure to get special instructions how to open door it took me 20 min to get in"
        },
        {
            "name": "\u5b87\u7487",
            "date": "2018-09-30",
            "review": "Great and convenient! Love it!"
        },
        {
            "name": "Yuwei",
            "date": "2018-10-10",
            "review": "Great location, very convenient cheak-in process.  Good value for money. \u5730\u7406\u4f4d\u7f6e\u5f88\u597d\uff0c\u5165\u4f4f\u7b80\u5355\uff0c\u6027\u4ef7\u6bd4\u9ad8\u3002"
        },
        {
            "name": "Camila",
            "date": "2018-10-22",
            "review": "Buena ubicaci\u00f3n y piezas de buena calidad, el ba\u00f1o y la cocina impecables. Son impersonales e intransigentes con los horarios de entrada y salida, no puedes llegar antes de las 15.00 hrs. ni siquiera para guardar tu maleta. Es complicado llegar ya que faltan detalles en las instrucciones que env\u00edan."
        },
        {
            "name": "Erik",
            "date": "2018-11-06",
            "review": "El ambiente necesita remodelaci\u00f3n del piso, este piso se mueve y es incomodo, se disimula con una alfombra pero no es suficiente."
        },
        {
            "name": "Jianfei",
            "date": "2018-11-20",
            "review": "Great location and nice room! Definitely will come again."
        },
        {
            "name": "Andy",
            "date": "2018-11-22",
            "review": "Good, clean, economical accommodation, easy check-in with text/email detailed sent before arrival, I stayed for work purposes and was more than pleased. <br/>Kind regards<br/>Andy"
        },
        {
            "name": "Kotaro",
            "date": "2018-11-26",
            "review": "Good location and clean room.<br/>It may be a little bit difficult to find out the entrance, but Matt gently tell us about it if we ask.<br/>\u99c5\u304b\u3089\u5f92\u6b695\u5206\u3067\u90e8\u5c4b\u3082\u6e05\u6f54\u3067\u3059\u3002<br/>\u90e8\u5c4b\u306e\u5165\u308a\u53e3\u304c\u5c11\u3057\u308f\u304b\u308a\u306b\u304f\u3044\u3067\u3059\u304c\u3001\u30e1\u30fc\u30eb\u3059\u308c\u3070\u3059\u3050\u6559\u3048\u3066\u304f\u308c\u307e\u3059\u3002<br/>\u5468\u56f2\u306b\u306f\u30ec\u30b9\u30c8\u30e9\u30f3\u3084\u30d1\u30d6\u304c\u8c4a\u5bcc\u3067\u3001\u3054\u98ef\u306b\u306f\u56f0\u3089\u306a\u3044\u3068\u601d\u3044\u307e\u3059\u3002"
        },
        {
            "name": "Lucy",
            "date": "2018-12-02",
            "review": "The room is cozy (the beds take up almost all of the floor space) but it did the trick. There are quite a few bedrooms in the house but we didn't have trouble getting bathroom time. Everything was very clean. It is really close to Euston station and a quick walk to the British Library and Kings Cross. <br/>One downside was there wasn't really anywhere to sit or hang out. There was only really the beds for sitting."
        },
        {
            "name": "Yifei",
            "date": "2018-12-07",
            "review": "\u975e\u5e38\u65b9\u4fbf\u7684\u4ea4\u901a\uff0c\u6b65\u884c\u4e94\u5206\u949f\u5185\u6709\u4e24\u4e2a\u5730\u94c1\u7ad9\u3002\u9644\u8fd1\u6709Sainsbury\uff0cTesco\uff0cMS\u4fbf\u5229\u8d85\u5e02\u3002\u8fd8\u6709\u4fbf\u6377\u65e5\u6599\u5e97\u5feb\u9910\u5e97\u548c\u5176\u4ed6\u4e00\u4e9b\u9910\u9986\u3002<br/>\u6bcf\u5929\u90fd\u6709\u4eba\u6765\u6253\u626b\u516c\u5171\u533a\u57df\uff0c\u5f88\u5e72\u51c0\u3002<br/>\u503c\u5f97\u63a8\u8350\uff5e"
        }
    ]
}