{
    "id": 28582479,
    "listing_url": "https://www.airbnb.com/rooms/28582479",
    "name": "Lovely family style and charming 2-bedrooms flat!",
    "description": "Welcome to my lovely 2-bedrooms apartment in Willesden Junction!<br />Family friendly in Willesden Junction zone 2 close to Notting Hill, leafy residential area, brilliant value, very near to tubes and trains which are 10 minutes walk to the bakeloo line and Overground which is 20 minutes to Oxford Circus, 15 minutes to Wembley Stadium and just 10 min to the gorgeous Hindu Temple! One minute to the bus stop and plenty of convenience shops 1 min away!<br /><br /><b>The space</b><br />The all apartment",
    "host_name": "Adriana",
    "host_id": 131266900,
    "host_url": "https://www.airbnb.com/users/show/131266900",
    "host_picture_url": "https://a0.muscache.com/im/pictures/user/804dc0ef-529b-4d7b-b9fa-5b674bd1de71.jpg?aki_policy=profile_x_medium",
    "neighbourhood_cleansed": "Brent",
    "latitude": 51.54042,
    "longitude": -0.25111,
    "property_type": "Entire rental unit",
    "room_type": "Entire home/apt",
    "accommodates": 5.0,
    "bathrooms": 1.0,
    "beds": 4,
    "price": 122.0,
    "numbers_of_review": 12.0,
    "review_scores_rating": 4.25,
    "reviews": [
        {
            "name": "Roberto",
            "date": "2018-12-08",
            "review": "Buen apartamento.a 10 minutos del.metro"
        },
        {
            "name": "Richard",
            "date": "2018-12-24",
            "review": "The apt was everything it was advertised to be and would have been great had it not been for a plumbing issue that left us with no shower for 3 of 5 days. While plumbing issues are out of anybody\u2019s control, the response to such issues is not. Their response was totally unacceptable.  After an initial attempt to fix the shower failed, all further communication attempts were ignored. The shower as not fixed prior to our departure."
        },
        {
            "name": "Nicolas",
            "date": "2018-12-30",
            "review": "Super"
        },
        {
            "name": "Daniel",
            "date": "2019-07-26",
            "review": "\ud83d\ude00"
        },
        {
            "name": "Ionel",
            "date": "2019-08-02",
            "review": "Lovely place. Amazing hosts and hospitality"
        },
        {
            "name": "Amin",
            "date": "2019-08-03",
            "review": "Nice and clean place."
        },
        {
            "name": "Bhavik",
            "date": "2019-08-04",
            "review": "The place was great and very spacious. Loved the spectacularly large bed in one of the rooms. It was a comfortable space for 4 guests. It could have been cleaner and the hot water wasn't great in the morning. The hosts did an amazing job respecting our privacy and I would stay here again in the future"
        },
        {
            "name": "Gerli",
            "date": "2019-08-11",
            "review": "Everything was good. Really enjoyed staying in this flat :)"
        },
        {
            "name": "Pepa",
            "date": "2019-08-16",
            "review": "Buena comunicaci\u00f3n con transporte p\u00fablico, el resto aceptable"
        },
        {
            "name": "Zenobia",
            "date": "2019-08-27",
            "review": "Nice place easy access to the bus. There is alot of stores and restaurants close by also. Had a great stay.."
        }
    ]
}