{"id": 2866677, "listing_url": "https://www.airbnb.com/rooms/2866677", "name": "Perfect Room in Centre London", "description": "Lovely room for 1\uff0f2 people , in a comfortable community with lovely garden surrounding. Great Location ,  safe \uff0c convent. <br />+5MINS WALKING FROM EUROSTAR & <br />1 MINS TO KINGS CROSS STATION ! <br />+Safe, quiet and very central.<br /><br /><b>The space</b><br />The lovely room for one to two people, in a comfortable, stylish apartment. <br />1, Itself <br />The south-facing, stylish and re-fernitured private room , with a large comfortable bed. Large mirror, hairdryer, towel, clothes storage (wardrobe and chest of drawers), books about London and London Arts (my major), etc. <br />Breakfast (plus tea/coffee anytime), towel, and fast Wifi included. <br />Also ,you will have two lovely roommates living in other two rooms and share the toilet and bathroom with them , they will be very happy to guide you to travel in London.<br /><br />2, Surrounding <br />Obviously , you will living in a \" centre garden\" but safe and convenient in London. <br />THE LOCATION IS PERFECT -- You can find", "host_name": "Chang", "host_id": 13539131, "host_url": "https://www.airbnb.com/users/show/13539131", "host_picture_url": "https://a0.muscache.com/im/pictures/user/352034c5-301f-4501-afe0-7d3197b0fb15.jpg?aki_policy=profile_x_medium", "neighbourhood_cleansed": "Camden", "latitude": 51.53056, "longitude": -0.11816, "property_type": "Private room in rental unit", "room_type": "Private room", "accommodates": 3.0, "bathrooms": 1.0, "bedrooms": 1, "beds": 1, "amenities": ["Wifi", "Washer", "Free parking on premises", "Shampoo", "Smoke alarm", "Dryer", "Kitchen", "Heating", "Hot tub", "Pool"], "price": 300.0, "numbers_of_review": 1, "review_scores_rating": 3.0, "reviews": [{"name": "Bright", "date": "2015-01-07", "review": "Chang and her boy friend are helpful, very welcoming and great host we exchange a lot and<br/>They give us tons of advise for traveling in London. <br/>Her room is in the strategic place of london just 5 min walk to the king's cross railway and tube. We recommend anybody who stay in London live in this area.<br/>Although the flat is a little bit different from what in pictures, we just spend 2 night there and everything goes all right. Thank you Chang "}]}