{"id": 28838432, "listing_url": "https://www.airbnb.com/rooms/28838432", "name": "Spacious double room in the heart of Camden Town", "description": "Spacious double room in a sought out and attractive area of Camden Town London. The room consists of a double bed, a sitting area with table and two chairs. The room also has a cupboard for clothes. The room is 5 minute walk to Camden Town tube station and close to all amenities and central London. Room does not include shared kitchen facilities.", "host_name": "Jahangeer", "host_id": 42102470, "host_url": "https://www.airbnb.com/users/show/42102470", "host_picture_url": "https://a0.muscache.com/im/pictures/user/d4699538-1cf2-49fc-89b4-5973d7766539.jpg?aki_policy=profile_x_medium", "neighbourhood_cleansed": "Camden", "latitude": 51.53316, "longitude": -0.13958, "property_type": "Private room in rental unit", "room_type": "Private room", "accommodates": 2.0, "bathrooms": 1.0, "bedrooms": 1, "beds": 1, "amenities": ["Essentials", "Long term stays allowed", "Shampoo", "Smoke alarm", "Hair dryer", "Iron", "Hangers", "Heating"], "price": 40.0, "numbers_of_review": 21.0, "review_scores_rating": 4.58, "reviews": [{"name": "Carla", "date": "2018-10-22", "review": "We loved it. It was nice and clean. Close to Camden Market. Jay is a really friendly host."}, {"name": "Ines", "date": "2018-10-25", "review": "H\u00f4te tr\u00e8s agr\u00e9able, une chambre tout \u00e0 fait confortable et avec le stricte n\u00e9cessaire ! Avec la localisation de l'appartement tout \u00e0 fait parfaite, petit coin sympa pour ce balader \u00e0 proximit\u00e9 ! Seul b\u00e9mol, la pression d'eau de la douche."}, {"name": "Camille", "date": "2018-11-04", "review": "Great location! <br/>Jahangeer is a great host, if you have any question he'll reply very quickly"}, {"name": "Francesco", "date": "2018-11-17", "review": "Si sta bene..."}, {"name": "Svetlana", "date": "2018-11-24", "review": "Great location - 1 min to the tube station , very clean. The host was very punctual and friendly."}, {"name": "Irina, Nicola E Costantino", "date": "2018-11-27", "review": "La camera si trova molto vicina alla metropolitana (100 metri), quindi la posizione \u00e8 molto comoda. Si trova a 4 piano, ma c\u2019\u00e8 l\u2019ascensore. Cercatelo! Io sono salita a piedi con una valigia pesante e poi l\u2019ho scoperto. <br/>Non c\u2019\u00e8 Wi-Fi, non si pu\u00f2 usare la cucina. Silenzioso."}, {"name": "Laura", "date": "2018-12-03", "review": "Jay's place is in a super location in London. He's a friendly and flexible host who responds swiftly to any messages. The room is a humble one as he says himself, but it is more spacious than I had expected from the photos and absolutely spotless. In any case the room if more than sufficient for two and is excellent value for money. Jay lives near a tube station, but we headed there walking from St. pancreas. In the neighborhood there's plenty of spots for breakfast, lunch and dinner, and plenty of opportunity for exploration as well. I would recommend this place to anyone who is happy to trade the luxury of a kitchen for a great value room on waking distance of Camden town and the centre of London via tube."}, {"name": "Marie-Emilie", "date": "2018-12-10", "review": "Everything was perfect ! The location, and the room were excellent. I recommend this host !"}, {"name": "Ferran", "date": "2018-12-17", "review": "It is a very well located place, near Camden and the centre of London!"}, {"name": "Jasmine", "date": "2018-12-20", "review": "\u623f\u4e1c\u4eba\u5f88\u597d\uff01\u4f4d\u7f6e\u4e5f\u597d\uff01\u9ad8\u6027\u4ef7\u6bd4\uff01"}]}