{"id": 29211205, "listing_url": "https://www.airbnb.com/rooms/29211205", "name": "A Cute Tooting House", "description": "A perfect balance. A cute Tooting house in a quiet, tree-lined street, only metres away from the vibrant Tooting Broadway; home to numerous new cafes, trendy restaurant and pubs. Tooting Broadway station is only 5 minutes walk and from there it is only 20 minutes tube distance to central London. In short, we want people to enjoy our  home. <br /><br />As a bit of fun, we have also made our own little pub in our garden (landscaped by George) out of a garden shed.", "host_name": "George", "host_id": 220093686, "host_url": "https://www.airbnb.com/users/show/220093686", "host_picture_url": "https://a0.muscache.com/im/pictures/user/9d78fdd8-78e9-4435-b18b-36680a818ec8.jpg?aki_policy=profile_x_medium", "neighbourhood_cleansed": "Wandsworth", "latitude": 51.42445, "longitude": -0.16884, "property_type": "Entire home", "room_type": "Entire home/apt", "accommodates": 2.0, "bathrooms": 1.5, "bedrooms": 1, "beds": 1, "amenities": ["Essentials", "Wifi", "Washer", "Long term stays allowed", "TV", "Fire extinguisher", "Smoke alarm", "Private entrance", "Iron", "Dryer", "Kitchen", "Heating"], "price": 60.0, "numbers_of_review": 1, "review_scores_rating": 5.0, "reviews": [{"name": "Patricia", "date": "2019-02-19", "review": "What a wonderful little home this is, we were made to feel really special with the little thoughtful items that were left for us when we arrived.  The home is tastefully decorated and clean and the host had left a note for us with wifi instructions and useful information about the area, which came in most handy.  Would definitely recommend this home to anyone who is travelling to London."}]}