{"id": 29426213, "listing_url": "https://www.airbnb.com/rooms/29426213", "name": "Stylish double bedroom with ensuite - street view", "description": "Private light filled room with modern recently refurbished ensuite bathroom.<br /><br /><b>The space</b><br />Located in the stylish St Peter\u2019s Square residential area, close to Chiswick high street, a short walk away with all its shops, and restaurants will keep you entertained! The Thames river, bus and rail lines, lots of pubs,  and a nice coffee shop at the end of the square where the property is situated !<br /><br /><b>Guest access</b><br />The guest have access to an open living room and kitchen (shared with other guests), and access to a shared courtyard garden.<br /><br /><b>Other things to note</b><br />In response to previous feedback, the room has now been triple glazed to give guest the best night sleep.", "host_name": "Inge", "host_id": 1807787, "host_url": "https://www.airbnb.com/users/show/1807787", "host_picture_url": "https://a0.muscache.com/im/pictures/user/1cd84baa-2c39-476f-8b4c-2c34073991ed.jpg?aki_policy=profile_x_medium", "neighbourhood_cleansed": "Hammersmith and Fulham", "latitude": 51.49195, "longitude": -0.24291, "property_type": "Private room in home", "room_type": "Private room", "accommodates": 2.0, "bathrooms": 0.0, "bedrooms": 1, "beds": 1, "amenities": ["First aid kit", "Oven", "Hair dryer", "Hangers", "Waterfront", "Dishes and silverware", "Luggage dropoff allowed", "Essentials", "Shampoo", "Cooking basics", "Single level home", "Carbon monoxide alarm", "Wifi", "Heating", "Coffee maker", "Dishwasher", "Long term stays allowed", "TV", "Host greets you", "Microwave", "Refrigerator", "Shared fenced garden or backyard", "Iron", "Kitchen", "BBQ grill", "Stove", "Lock on bedroom door", "Dedicated workspace", "Hot water", "Washer", "Paid parking off premises", "Smoke alarm", "Dryer"], "price": 70.0, "numbers_of_review": 51.0, "review_scores_rating": 4.8, "reviews": [{"name": "Tamima", "date": "2018-12-08", "review": "Great room, really comfy and clean. Only comment would be its not for light sleepers, as the road noise was very apparent, but didn't effect me too much."}, {"name": "Morgan", "date": "2018-12-19", "review": "This is a lovely home. It is very clean with a pleasing modern design and the ensuite bathroom is new. It is about 8 minutes walk to a tube station (District line) and is within walking distance to plenty of restaurants, supermarkets etc. I would only add that if you are particularly sensitive to noise, this bedroom is adjacent to a main road. The rest of the house is very quiet though."}, {"name": "Claire", "date": "2019-01-03", "review": "Nous avons pass\u00e9 un agr\u00e9able s\u00e9jour chez Inge. Elle habite dans une maison qui poss\u00e8de une petite d\u00e9pendance dans laquelle nous avons dormi. La chambre et la salle de bain (priv\u00e9e) \u00e9taient tr\u00e8s propre et correspondaient en tous points \u00e0 l'annonce. Petit b\u00e9mol : la maison se situe \u00e0 proximit\u00e9 d'une route type rocade et il y a donc du passage automobile en permanence ce qui cr\u00e9\u00e9 un bruit assez important, \u00e0 prendre en compte donc si vous avez le sommeil l\u00e9ger. <br/>La maison se situe \u00e0 6 minutes d'une station de m\u00e9tro, Stamford Brook, et \u00e0 20 minutes de Victoria Station."}, {"name": "Nikki", "date": "2019-03-22", "review": "This is a great room with lovely shared spaces. Modern stylish you cannot fault it. The room itself is very comfortable with a large bed, the bed linen is good quality too and the room has ample hanging space and shelves for clothes - the bathroom is a good size too. Warm and comfortable it is a true home from home. Yes the road is busy outside but with triple glazing it never becomes a problem.  The kitchen is fully equipped and the furnishings in the communal spaces are tasteful and comfortable. I would highly recommend this place."}, {"name": "Nikki", "date": "2019-04-05", "review": "This is such a great place to stay and a real home from home for me when I am working. Inge is a great host very warm and welcoming. The room is warm and comfortable with lovely furnishings and stylishly decorated. A clean and modern en-suite is a great addition. The room is on a busy road but with triple glazing it isn\u2019t an issue. The public spaces are equally stylish and comfortable and with a lovely courtyard garden to sit out in it is the perfect place to stay in the area."}, {"name": "Nikki", "date": "2019-05-10", "review": "Another lovely stay with Inge - this place is great and perfect for a business or leisure trip. All amenities are here and it is a very comfortable and stylish place."}, {"name": "Nikki", "date": "2019-05-24", "review": "Another great stay with Inge - thank you for making my stay with you so comfortable."}, {"name": "Nikki", "date": "2019-06-07", "review": "I love staying with Inge - it's like a home from home"}, {"name": "Nikki", "date": "2019-06-14", "review": "Another lovely comfortable stay with Inge - a very friendly and stylish place to have a room.  Close to loads of amenities and travel links.  Can't fault it."}, {"name": "Paul", "date": "2019-06-21", "review": "Inge maintains a spotless house with each room being cosy and well thought out."}]}