{"id": 29503268, "listing_url": "https://www.airbnb.com/rooms/29503268", "name": "Spacious flat 1min from Queensroad Peckham station", "description": "The flat is extremely close to local bus stops which take you directly into zone 1 and run throughout the night. 2 mins walk to Queens Road Peckham Station for the Overground and Rail services to Clapham, Shoreditch and London Bridge. <br />Great amenities in Peckham High street, including library, leisure centre, lots of new restaurants, bars and cafes.<br /><br />Local supermarkets (Tesco, Sainsbury\u2019s and ASDA) within walking distance.", "host_name": "Ola", "host_id": 222181303, "host_url": "https://www.airbnb.com/users/show/222181303", "host_picture_url": "https://a0.muscache.com/im/pictures/user/1a26dc50-ca0a-4a30-89b1-e959de637f84.jpg?aki_policy=profile_x_medium", "neighbourhood_cleansed": "Southwark", "latitude": 51.47392, "longitude": -0.05652, "property_type": "Entire rental unit", "room_type": "Entire home/apt", "accommodates": 4.0, "bathrooms": 1.0, "bedrooms": 1, "beds": 1, "amenities": ["Essentials", "Wifi", "Hot water", "Washer", "Free parking on premises", "Long term stays allowed", "TV", "Smoke alarm", "Iron", "Hangers", "Dryer", "Kitchen", "Heating"], "price": 60.0, "numbers_of_review": 6.0, "review_scores_rating": 3.33, "reviews": [{"name": "Mariie", "date": "2018-11-04", "review": "The appartment is very clean. The apartment is close to transport and the city center. <br/>Ola is very disponible and nice."}, {"name": "Mark", "date": "2018-11-08", "review": "Great location to access trains direct to London bridge. Some nice restaurants and bars a short walk away. Great comms with Ola and easy check in. Would stay again."}, {"name": "Fabian", "date": "2018-12-30", "review": "Logement sale et mal \u00e9quip\u00e9 (pas de table et chaises pour manger!!!) a \u00e9viter \u00e0 tout prix!"}]}