{"id": 29513287, "listing_url": "https://www.airbnb.com/rooms/29513287", "name": "Spacious and bright two bedroom flat", "description": "A Bright and spacious two bedroom flat only 15 minutes away from King Cross Station and 20 minutes from Piccadilly Circus and Leicester Square, two of the main London attractions.<br />This bright and spacious flat comes with a king size bedroom with a ensuite bathroom and a double bedroom with an extra bathroom. <br />Alexandra Palace is only 5 minutes away with stunning views over London. <br />Bounds Green tube station is 5 minutes walk away.<br />Food store is outside the building in case you run out of coffee<br /><br /><b>Guest access</b><br />Guests can use the kitchen for breakfast, lunch and dinner.<br />coffee maker, toastie maker and kettle are available for your use together with the kitchen of course if you would like to practise your culinary skills :)", "host_name": "Paolo", "host_id": 148981481, "host_url": "https://www.airbnb.com/users/show/148981481", "host_picture_url": "https://a0.muscache.com/im/pictures/user/4e669e64-c4e0-46af-b85d-3a88372167fc.jpg?aki_policy=profile_x_medium", "neighbourhood_cleansed": "Haringey", "latitude": 51.61018, "longitude": -0.13383, "property_type": "Entire rental unit", "room_type": "Entire home/apt", "accommodates": 6.0, "bathrooms": 2.0, "bedrooms": 2, "beds": 3, "amenities": ["Extra pillows and blankets", "Oven", "Hair dryer", "Hangers", "Essentials", "Free street parking", "Cooking basics", "Bed linens", "Wifi", "Heating", "Air conditioning", "Coffee maker", "Long term stays allowed", "TV", "Refrigerator", "Iron", "Kitchen", "Stove", "Hot water", "Washer", "Elevator", "Smoke alarm", "Dryer"], "price": 42.0, "numbers_of_review": 9.0, "review_scores_rating": 4.75, "reviews": [{"name": "Gianfranco", "date": "2018-11-09", "review": "Paolo is very welcoming and the room is clean and beautiful. Total value for money, a friendly atmosphere and privacy. A delightful place, I would absolutely stay here again."}, {"name": "Matteo", "date": "2019-08-21", "review": "L'appartamento di Paolo \u00e8 situato in una posizione (zona 3/4) che permette di accedere comodamente ai mezzi pubblici, si trova a 5 minuti di autobus da una delle linee principali della metropolitana. L'appartamento si presenta ordinato e pulito, con tutto il necessario per soggiornare tranquillamente e con comodit\u00e0. Paolo si \u00e8 mostrato sempre rapido e disponibile per risolvere qualsiasi dubbio riguardo l'appartamento, dimostrandosi gentile e flessibile anche nell'organizzazione degli orari di check-in e check-out."}, {"name": "Kate", "date": "2019-08-28", "review": "Paolo's flat is fantastic! Clean,  modern and spacious and with all the amenities!  Great  for a family or two couples. Having two bathrooms was such a treat. The flat is a short walk to the tube.  Loved also having a store so close by .  There was a pub that Paolo recommended that was very nice since we got in rather late the first  night.  Paolo was great at communication responding quickly to my endless questions. The kitchen had all the amenities.  A wonderful flat in a nice neighborhood."}, {"name": "Gary", "date": "2019-09-01", "review": "A very good value venue to stay in if you need to be near London for the night. Paolo was very helpful and everything was as described."}, {"name": "Esmeralda", "date": "2019-09-10", "review": "Lugar ideal para visitar todo Londres y luego descansar peefectamente para seguir con las visitas a la zona ya que el piso es estremadamente c\u00f3modo"}, {"name": "Luca", "date": "2019-09-25", "review": "Appartamento molto comodo sia per spazio sia per posizione a pi\u00f9 o meno 600 m dalla metro piccadilly line si riesce a raggiungere il centro in 20 minuti e tutti gli altri luoghi da visitare cambiando facilmente metro.<br/>Esperienza molto positiva."}, {"name": "Benny", "date": "2019-10-11", "review": "Paolo was great very quick to response as well as the maid very nice and informative, the flat was nice everything you should need for a comfortable stay my only issue was the location it was pretty far from the tourist stuff me and the family wanted to do, I did have a rental car but in London having a rental car is pretty obsolete. I went to London for the NFL games held there and the flat is actually pretty close to the stadium but if your going for a vacation and plan on sightseeing read up on the tube and bus schedule because that is the best way to travel"}, {"name": "Anita", "date": "2019-10-14", "review": "Fast and great communication with the host, good location, good value for the price."}]}