{
    "id": 29941549,
    "listing_url": "https://www.airbnb.com/rooms/29941549",
    "name": "Cozy and Warm Flat 3 mins Walk to Pimlico Subway",
    "description": "Warm and spacious flat with tasteful decor and cozy lighting in the heart of London. With a good-sized kitchen and a clean bath with great water pressure. Flat has most amenities you will need. It also has easy transport links to most sights in the city via Pimlico Station just a couple minute's walk away. There's also free gym and swimming pool access!<br /><br /><b>The space</b><br />The flat is inside a modern and nice compound with spacious gardens and a grill bar<br />The Thames is at the back of the building. Guests can take a nice walk along the river",
    "host_name": "Marwin",
    "host_id": 5669608,
    "host_url": "https://www.airbnb.com/users/show/5669608",
    "host_picture_url": "https://a0.muscache.com/im/users/5669608/profile_pic/1364510761/original.jpg?aki_policy=profile_x_medium",
    "neighbourhood_cleansed": "Westminster",
    "latitude": 51.48748,
    "longitude": -0.13457,
    "property_type": "Entire rental unit",
    "room_type": "Entire home/apt",
    "accommodates": 3.0,
    "bathrooms": 1.0,
    "beds": 1,
    "price": 98.0,
    "numbers_of_review": 7.0,
    "review_scores_rating": 5.0,
    "reviews": [
        {
            "name": "Eda",
            "date": "2018-11-18",
            "review": "The apartment was very clean and close to the main attractions of London! Marwin was such a great host, thank you!"
        },
        {
            "name": "Richard",
            "date": "2018-11-21",
            "review": "Great flat. Clean and spacious, so close to Pimlico station and yet surprisingly quiet. Will book again."
        },
        {
            "name": "Siobhan",
            "date": "2018-11-29",
            "review": "Excellent location , very clean apartment in safe neighbourhood."
        },
        {
            "name": "Adaora",
            "date": "2018-12-08",
            "review": "The apartment is just perfect. I have stayed in many apartments in London but this has to be the best ever. Close to amenities. 10mins bus to Westminster. Very clean. Very accessible. Loved it."
        },
        {
            "name": "Johannes",
            "date": "2018-12-13",
            "review": "Marwin was an awesome host. Check-In and description of where the flat was were great. Flat is awesome. Absolute recommendation!"
        },
        {
            "name": "Owen",
            "date": "2018-12-16",
            "review": "Fantastic apartment in a very central part of London. Marwin was the perfect host and very easy to communicate with. Highly recommended to anyone traveling to London."
        }
    ]
}