{"id": 29953718, "listing_url": "https://www.airbnb.com/rooms/29953718", "name": "FINCHLEY CENTRAL-LUXURY! 2/3 BED TRIPLEX APARTMENT", "description": "A luxury townhouse style apartment,  newly refurbished and newly furnished and situated in Finchley central. The accommodation includes 2 double bedrooms, 2 bathrooms (one en-suite) a spacious kitchen / lounge / diner and a further loft room / 3rd bedroom with wc. There is also an office area to the living room.<br />The apartment has allocated parking, unlimited wifi and a large flat screen TV, and is perfectly located , 5 minutes walking from Finchley central tube and from the local high street.<br /><br /><b>The space</b><br />This is a great loft style 3 storey triplex with plenty of living space.<br />The entrance is ion the raised ground floor of an Edwardian building leading in to a reception area, 2 bedrooms and 2 bathrooms (one en-suite).<br />Then on the first floor is an open plan kitchen/lounge/diner with additional work station for a computer.<br />Finally, on the top loft floor is a large open plan room with a 3rd king size bed and separate wc.<br />Lots of flexible livin", "host_name": "Danny", "host_id": 1673234, "host_url": "https://www.airbnb.com/users/show/1673234", "host_picture_url": "https://a0.muscache.com/im/pictures/user/28d75d75-422c-4106-bf21-0a4bdfef2174.jpg?aki_policy=profile_x_medium", "neighbourhood_cleansed": "Barnet", "latitude": 51.59965, "longitude": -0.19612, "property_type": "Entire rental unit", "room_type": "Entire home/apt", "accommodates": 6.0, "bathrooms": 2.5, "bedrooms": 3, "beds": 3, "amenities": ["Extra pillows and blankets", "Oven", "Hair dryer", "Wine glasses", "Dining table", "Private entrance", "42\\ HDTV", "Hangers", "Cleaning products", "Dishes and silverware", "Free carport on premises \u2013 1 space", "Luggage dropoff allowed", "Essentials", "Baking sheet", "Cooking basics", "Bed linens", "Carbon monoxide alarm", "Bathtub", "Wifi", "Heating", "Dishwasher", "Long term stays allowed", "Hot water kettle", "Microwave", "Portable fans", "Refrigerator", "Room-darkening shades", "Iron", "Kitchen", "Drying rack for clothing", "Stove", "Toaster", "Dedicated workspace", "Hot water", "Washer", "Clothing storage: closet and dresser", "Smoke alarm", "Ethernet connection", "Laundromat nearby", "Freezer"], "price": 156.0, "numbers_of_review": 13.0, "review_scores_rating": 4.77, "reviews": [{"name": "Darius", "date": "2019-04-26", "review": "Great place to stay with parking a massive bonus. Highly recommended."}, {"name": "Chan", "date": "2019-05-12", "review": "Danny is very friendly to solve the problem.<br/>The house is very clean and has a great location to stay very near underground."}, {"name": "Nilam", "date": "2019-07-05", "review": "had a pleasant stay"}, {"name": "Heike", "date": "2019-07-26", "review": "Die Wohnung ist sehr sch\u00f6n und sehr gut f\u00fcr 4 Personen geeignet, sehr ger\u00e4umig und geschmackvoll eingerichteter Wohn- K\u00fcchenbereich und sehr angenehmer Gastgeber."}, {"name": "\u05d0\u05d5\u05e8\u05d9", "date": "2019-09-11", "review": "Graet apartment"}, {"name": "Abhishek", "date": "2019-09-17", "review": "Excellent and well spaced layout. Location wise this apartment is very convenient as the underground tube station is less than 10min walk and within 5min multiple grocery stores. Danny has been very kind and very prompt with his responses. Would definitely recommend this apartment"}, {"name": "Ed", "date": "2019-12-29", "review": "Flat is very conveniently located near the Finchley Central station, and there is plenty of restaurants, grocery stores, and other conveniences nearby.  Lots of space for a family of 5."}, {"name": "Dan", "date": "2020-01-03", "review": "Lovely space, roomy and comfortable and very close to London tube.<br/>We enjoyed our stay here."}, {"name": "Peter", "date": "2020-01-09", "review": "Well situated apartment, near to London Underground. Very well equipped. Good internet access. Everything you might need supplied."}, {"name": "Ulla", "date": "2020-02-04", "review": "Amazing apartment, very clean, spacious. Parking also is a great benefit and of course perfect communication and great host."}]}