{"id": 30226966, "listing_url": "https://www.airbnb.com/rooms/30226966", "name": "Explore Covent Garden from a Prime Leicester Square Location", "description": "Sleep by a velvety blue headboard, set against a Victorian-style feature wall. Sit on Eames chairs and watch the street life below through an arched window. Contemporary flair and vintage flourishes enhance the white walls and shining wooden floors. All sizes of beds are in UK Standard!", "host_name": "Malan", "host_id": 116183774, "host_url": "https://www.airbnb.com/users/show/116183774", "host_picture_url": "https://a0.muscache.com/im/pictures/user/15fa8af7-8fdb-43b9-ab4c-6ae18bd3d2ff.jpg?aki_policy=profile_x_medium", "neighbourhood_cleansed": "Westminster", "latitude": 51.50965, "longitude": -0.12831, "property_type": "Entire rental unit", "room_type": "Entire home/apt", "accommodates": 6.0, "bathrooms": 2.0, "bedrooms": 3, "beds": 5, "amenities": ["Wifi", "Coffee maker", "Dishwasher", "Washer", "Elevator", "TV", "Full kitchen", "Fire extinguisher", "Smoke alarm", "Room-darkening shades", "Hair dryer", "High chair", "Bathroom essentials", "Bathtub", "Crib", "Iron", "Carbon monoxide alarm", "Heating", "Bedroom comforts"], "price": 559.0, "numbers_of_review": 28.0, "review_scores_rating": 4.61, "reviews": [{"name": "Swantje", "date": "2019-01-13", "review": "Sehr empfehlenswert"}, {"name": "Mathieu", "date": "2019-02-13", "review": "Un emplacement id\u00e9al en plein c\u0153ur de Londres \u00e0 deux pas de Covent Garden"}, {"name": "Kimberly", "date": "2019-04-17", "review": "Lovely flat. Our family of five enjoyed staying there. Comfortable space. Charing Cross is very convenient to everything but it is a noisy bustling street. The back bedroom is very quiet though. We had a nice time."}, {"name": "Ana Maria", "date": "2019-08-12", "review": "Being our first time in London we looked for a place that was central. The apartment was very clean, modern and the communication with the host was great. Unfortunately, the location wasn\u2019t ideal for us. Although, the apartment was close to many attractions, the area is very busy and noisy day and night. Since the place didn\u2019t have air conditioning we had to leave some windows open to allow air flow. Therefore our first night was noisy and hot. We wanted a different experience so we decided to check out two days early and book a hotel in the Mayfair area."}, {"name": "Michel", "date": "2019-09-12", "review": "L\u2019apartement est tr\u00e8s bien situ\u00e9 et plein c\u0153ur de Londres, \u00e0 10 minutes de tout, tr\u00e8s bien situ\u00e9 . Les photos sont repr\u00e9sentatives de l\u2019apartement. De petites choses nous attendent tel que le caf\u00e9 ,lait et sucre. <br/>Malan , l\u2019hote, est attentive \u00e0 nos besoins et r\u00e9pond rapidement aux demandes et nous avons \u00e9t\u00e9 tr\u00e8s bien re\u00e7u par G\u00e8ne.<br/>Fortement recommand\u00e9.<br/>Michel St-Arneault<br/>Canada"}, {"name": "Matthew", "date": "2019-09-15", "review": "Great location ! Right next to all the theaters and very close to the tube. Overall great place to stay !"}, {"name": "Natalie", "date": "2019-10-10", "review": "Hosts are extremely un flexible. I tried to make a change within a few minutes of booking and the hosts told me I would not be able to without significant costs. There are undisclosed fees per additional person and the cancellation fees are very misleading. Don\u2019t expect any rational  conversation. They run a business and it\u2019s not about service, it\u2019s about their money at all costs.  The place is cute but I will not rebook."}, {"name": "Gabriel", "date": "2019-10-25", "review": "Great location, in the heart of London."}, {"name": "Martin", "date": "2019-11-16", "review": "A smart 3 bedroom flat in one of the best locations for good food, cultural entertainment and fun in London at Covent Garden."}, {"name": "Sean", "date": "2019-12-06", "review": "Great location if you're looking to explore the hustle and bustle of Covent Garden."}]}