{
    "id": 30591990,
    "listing_url": "https://www.airbnb.com/rooms/30591990",
    "name": "Stallmena room",
    "description": "Private double room in a three-floor house with three beautiful human beings.",
    "host_name": "Fabio",
    "host_id": 71442988,
    "host_url": "https://www.airbnb.com/users/show/71442988",
    "host_picture_url": "https://a0.muscache.com/im/pictures/user/ac964e53-99ea-4fa2-89af-b500d8dc00fb.jpg?aki_policy=profile_x_medium",
    "neighbourhood_cleansed": "Hackney",
    "latitude": 51.5562,
    "longitude": -0.06631,
    "property_type": "Private room in home",
    "room_type": "Private room",
    "accommodates": 1.0,
    "bathrooms": 1.0,
    "beds": 1,
    "price": 30.0,
    "numbers_of_review": 2,
    "review_scores_rating": 5.0,
    "reviews": [
        {
            "name": "\u7167\u8363",
            "date": "2018-12-28",
            "review": "It's an excellent experience for me to live in there."
        },
        {
            "name": "Chelsea & Jamie",
            "date": "2019-01-01",
            "review": "Nice stay for great value - close to the overground and a very quick bus ride into the heart of Hackney. Helpful and kind flatmates as well. Would stay again!"
        }
    ]
}