{
    "id": 30637919,
    "listing_url": "https://www.airbnb.com/rooms/30637919",
    "name": "Family room (2Double beds) - London House Hotel***",
    "description": "Tucked away in an intimate corner of the lowest floor, we offer two Family Room types, each sleeping up to four people. They are styled as the other rooms, with bedside tables, reading lamps and a dressing table. <br /><br />Complimentary coffee/tea facilities and free smartphone help providing the best London experience to all of our guest.<br /><br />Located on the lower ground floor, they feature two double beds. Windows let in light from the street above<br /><br /><b>The space</b><br />Rooms consist of 2 double beds<br />Rooms size:  20 sq m<br />Maximum occupants: up to 4 people<br /><br /><b>Guest access</b><br />Fully reinvented with cool, contemporary style, London House Hotel offers a unique upscale experience boasting a distinctive personality and individual sense of style, being ideal for both leisure and business travellers.<br /><br /><b>Other things to note</b><br />Please note that the Hotel reserves the right to ascertain that the credit card number provided is valid a",
    "host_name": "London House",
    "host_id": 217727211,
    "host_url": "https://www.airbnb.com/users/show/217727211",
    "host_picture_url": "https://a0.muscache.com/im/pictures/user/3a034024-9eb3-425e-8de2-6df3322d06f1.jpg?aki_policy=profile_x_medium",
    "neighbourhood_cleansed": "Westminster",
    "latitude": 51.51397,
    "longitude": -0.18949,
    "property_type": "Room in boutique hotel",
    "room_type": "Private room",
    "accommodates": 4.0,
    "bathrooms": 1.0,
    "beds": 2,
    "price": 488.0,
    "numbers_of_review": 3,
    "review_scores_rating": 4.67,
    "reviews": [
        {
            "name": "Arianna",
            "date": "2020-02-04",
            "review": "Hotel con arredamento moderno, pulizia della camera ottima e staff cordiale e disponibile.<br/>Ho alloggiato con altre tre amiche presso questo hotel in una camera quadrupla.<br/>La camera rimane al nel seminterrato ma nonostante ci\u00f2 dispone di finestre. <br/>Camera ottima, letti molto comodi.<br/>L\u2019unico difetto \u00e8 il lavandino, che \u00e8 molto piccolo e nella nostra camera la temperatura era molto alta. <br/>Per il resto tutto perfetto."
        },
        {
            "name": "Alejandro",
            "date": "2020-02-21",
            "review": "Un llugar calido, bien ubicado e instalaciones adecuadas a un buen precio"
        },
        {
            "name": "Remi",
            "date": "2020-02-27",
            "review": "Bonne adresse \u00e0 deux pas du m\u00e9tro qui permet de rejoindre le centre en 2/3 stations.<br/>Nous avons eu une chambre en -1 qui donnait sur la rue. Elle n est pas tr\u00e8s passante mais il y a pas mal de monde qui discute devant l entree de l hotel et l isolation n est pas top.<br/>Sinon tout le reste est impeccable."
        }
    ]
}