{
    "id": 30821085,
    "listing_url": "https://www.airbnb.com/rooms/30821085",
    "name": "Beautiful one bedroom flat in Dalston",
    "description": "Cosy one bedroom flat in perfect location. 5 minute walk to Dalston Junction station,  5 minute bus journey to Hackney and London Fields, and 15 to Shoreditch.<br /><br /><b>The space</b><br />Wonderful bed  in quiet bedroom, and high-speed internet.",
    "host_name": "Pia",
    "host_id": 26337596,
    "host_url": "https://www.airbnb.com/users/show/26337596",
    "host_picture_url": "https://a0.muscache.com/im/users/26337596/profile_pic/1421659048/original.jpg?aki_policy=profile_x_medium",
    "neighbourhood_cleansed": "Hackney",
    "latitude": 51.54393,
    "longitude": -0.0686,
    "property_type": "Entire rental unit",
    "room_type": "Entire home/apt",
    "accommodates": 2.0,
    "bathrooms": 1.0,
    "beds": 1,
    "price": 65.0,
    "numbers_of_review": 12.0,
    "review_scores_rating": 4.92,
    "reviews": [
        {
            "name": "Augustine",
            "date": "2018-12-23",
            "review": "Great location and very clean!! <br/>Pia's home is very artistic and I love it! The communication is good from the beginning and the kind notes and tips from her are the best! I'd like to stay there again! :)) Thank you for hosting us! <br/>Augustine and Jack"
        },
        {
            "name": "Scott",
            "date": "2018-12-26",
            "review": "A wonderful place with a great location, had a lovely Christmas and felt right at home!"
        },
        {
            "name": "Emily",
            "date": "2018-12-31",
            "review": "Loved staying here! A very stylish and artistic place with lots of privacy. There\u2019s a bus stop right in front of the property and the underground station is about only a 5 minute walk and it was very easy to get to central London! The bed was also comfortable and towels were available for use. The heating was also an added bonus for colder days. Thanks Pia!"
        },
        {
            "name": "Ayan",
            "date": "2019-01-02",
            "review": "This flat is in a great location. It is very easy to get around using buses and trains. Pia was very easy to reach and communicate with. The flat itself was  cosy and clean, we enjoyed our stay!"
        },
        {
            "name": "Madeleine",
            "date": "2019-01-25",
            "review": "I felt so at home the moment I arrived at Pia\u2019s apartment. The apartment is warm and cozy and beautiful. So many lovely personal touches here and there. Very comfortable bed, nice high ceiling, the kitchen has everything you might need and the location is great. A short walk to Dalston junction station and all the bustling life of Kingsland Road. And only 15 min walk away you also have beautiful Broadway Market, and many other nice areas. <br/>Pia was very helpful and quick to get back to me about any questions. A great week in a great place. Would definitely want to stay again!"
        },
        {
            "name": "Yvonne",
            "date": "2019-01-27",
            "review": "Great location. 10 minute walk from Dalston junction tube where you can catch any bus into the city which is really handy. Felt very safe and the flat had everything we needed, highly recommended."
        },
        {
            "name": "Louise",
            "date": "2019-02-24",
            "review": "Very cute flat in a nice neighbourhood, you can walk or bike to great places for food and strolling around and it is very easy to get a train or bus to the most central areas. Pia was really quick to answer and arranged for our arrival perfectly."
        },
        {
            "name": "Warren",
            "date": "2019-03-04",
            "review": "excellent place to stay"
        },
        {
            "name": "Abby",
            "date": "2019-06-18",
            "review": "Pia\u2019s place was a perfect home base to explore east London. It\u2019s a 3ish minute walk to Dalston Junction overground station and has the cutest pubs/restaurants within a minute walk as well. Rosie checked us in and was so accommodating when my train was cancelled making me late to meet her for the keys. She was always a text away if I needed anything and was quick to respond. I\u2019ve stayed in 5 or 6 Airbnb\u2019s around London, and this one was easily my favorite. The decor is super funky, bed was very comfortable, and the area was perfectly quiet for sleeping. Will definitely stay here the next time I\u2019m in London! 10/10"
        },
        {
            "name": "Inga",
            "date": "2019-06-30",
            "review": "We had a great time at Pia's and Rosie's place in Dalston. The flat is very well connected by public transport. It is also super clean and very cosy. We even could check-in early in the morning! Definitely recommend staying here! Young & Inga"
        }
    ]
}