{
    "id": 31319379,
    "listing_url": "https://www.airbnb.com/rooms/31319379",
    "name": "3 bedroom apartment close to big ben westminster",
    "description": "Comfortable, centrally located and with great transport links, this beautiful apartment is a great base from which to explore all that London has to offer, within 15 mins to big ben,10 mins to london eye.<br />The apartment is suitable for families, groups of friends and business travellers.<br /><br />More information<br />The space<br /><br /><b>The space</b><br />very comfortable clean space with all mod cons, centrally located and with great transport links, this beautiful apartment is a great base from which to explore all that London has to offer, within 15 mins to big ben,10 mins walk to london eye waterloo southbank .<br /><br />The apartment is suitable for families groups of friends and business travellers.<br /><br />This fantastic modern apartment, located in the thriving and exciting residential area of kennington, is situated witthin a stones throw away from the imperial war museum and world famous theatre the old vic. With a beautiful kitchen<br />only moments from the b",
    "host_name": "Murat",
    "host_id": 27551828,
    "host_url": "https://www.airbnb.com/users/show/27551828",
    "host_picture_url": "https://a0.muscache.com/im/pictures/user/1bb89e48-7523-4c41-93be-99354791eb11.jpg?aki_policy=profile_x_medium",
    "neighbourhood_cleansed": "Lambeth",
    "latitude": 51.49436,
    "longitude": -0.11012,
    "property_type": "Entire home",
    "room_type": "Entire home/apt",
    "accommodates": 6.0,
    "bathrooms": 1.0,
    "beds": 3,
    "price": 170.0,
    "numbers_of_review": 41.0,
    "review_scores_rating": 4.44,
    "reviews": [
        {
            "name": "Brittany",
            "date": "2019-05-02",
            "review": "The flat was great! Walking distance to the London Eye and many attractions! So easy to get around with taxis and hop on/off bus close by. Grocery store next door was perfect for essentials. Lots of stairs but expected in a city apartment."
        },
        {
            "name": "Jana",
            "date": "2019-05-11",
            "review": "Great location, clean all bedrooms and bathroom. The kitchen was fully equipped. Great and quick communication with the host."
        },
        {
            "name": "Aaron",
            "date": "2019-06-13",
            "review": "Great location.  Great bathroom."
        },
        {
            "name": "Filomena",
            "date": "2019-07-01",
            "review": "The location of this place was ideal! It was very close to the Tube station and even walking distances to the attractions and close to really good restaurants they listed or recommended. It also had comfortable beds and clean sheets and towels waiting for us. Some additional amenities and some updates to the common areas would have made the experience a 5 star for us."
        },
        {
            "name": "Alejandra",
            "date": "2019-07-08",
            "review": "The place is super clean, tidy. <br/>It is spacious and has a practical kitchen. <br/>The location is amazing if you are going as a tourist. Near to the tube and a bus stop just across the street. <br/>Murat was punctual and explained everything to me. <br/>I would recommend you to stay in this place."
        },
        {
            "name": "Daina",
            "date": "2019-07-25",
            "review": "Good location, felt safe, quick responses from owner. As stated and pictured in his add."
        },
        {
            "name": "Danilo",
            "date": "2019-08-08",
            "review": "highly recommended"
        },
        {
            "name": "Jean",
            "date": "2019-09-12",
            "review": "The location was very good.  The accommodation was comfy and well equipped but issues such as the shower and TV aerial needed to be addressed also three flights of stairs could be a problem to some people."
        },
        {
            "name": "Elin",
            "date": "2019-09-29",
            "review": "We very much enjoyed our stay at Murat\u00b4s place. The location is great. Near a tube station and quick to get into central london. The area was quiet and felt safe. Murat responded quickly to our messages and was very accomodating regarding our check in time. The only thing we missed was a better shower."
        },
        {
            "name": "Charlotte",
            "date": "2019-10-25",
            "review": "Die Wohnung war ordentlich. Die Lage ist perfekt. Busse direkt vor der T\u00fcr, um in die Stadt und zu Sehensw\u00fcrdigkeiten zu komme. Die Ausstattung ist wie beschrieben. Es ist alles da, was im Alltag ben\u00f6tigt wird. Die Kommunikation mit Murat ist unkompliziert und geht schnell.<br/>Vielen Dank f\u00fcr die sch\u00f6nen Tage!"
        }
    ]
}