{
    "id": 31371332,
    "listing_url": "https://www.airbnb.com/rooms/31371332",
    "name": "Beautiful Studio, Private Entrance, Free Breakfast",
    "description": "A beautiful lower ground floor studio apartment on a quiet, Victorian era street. 8 minutes walking to Westfield, Europe's largest shopping centre, 5 minutes walk to Shepherd's Bush and easy access to the best that London has to offer. The flat has it's own private entrance and a small patio, which helps ensure complete privacy and tranquility. <br /><br />The apartment has all the facilities required for a comfortable, quiet stay, having previously been used as a self contained long term let.<br /><br /><b>The space</b><br />The bed is a good sized double and kitchen is small but perfectly formed with a hob, microwave, kettle and toaster. There is also a television, which is connected with Netflix.<br /><br />Breakfast includes brioche with butter, jam and honey as well as granola, milk, fruit juice and coffee<br /><br /><b>Other things to note</b><br />The private entrance to the property is down a spiral staircase at the front of the property. We will be on hand to help guests with ",
    "host_name": "Felix",
    "host_id": 172612519,
    "host_url": "https://www.airbnb.com/users/show/172612519",
    "host_picture_url": "https://a0.muscache.com/im/pictures/user/250aca4b-1acf-4f4e-8307-28c0b6e1de75.jpg?aki_policy=profile_x_medium",
    "neighbourhood_cleansed": "Hammersmith and Fulham",
    "latitude": 51.50097,
    "longitude": -0.21925,
    "property_type": "Entire rental unit",
    "room_type": "Entire home/apt",
    "accommodates": 2.0,
    "bathrooms": 1.0,
    "beds": 1,
    "price": 75.0,
    "numbers_of_review": 27.0,
    "review_scores_rating": 4.85,
    "reviews": [
        {
            "name": "Mel",
            "date": "2019-02-17",
            "review": "The place is exactly as described and Fiona(Felix\u2019s mum) was very accommodating to our needs."
        },
        {
            "name": "Anne-Marie Et Bruno",
            "date": "2019-03-03",
            "review": "S\u00e9jour tr\u00e8s agr\u00e9able facilit\u00e9 par notre h\u00f4te Fiona. <br/>Nous recommandons sans restriction son h\u00e9bergement."
        },
        {
            "name": "Ma",
            "date": "2019-04-07",
            "review": "Very nice host ! Lovely little flat, very central. I highly recommand !!!!"
        },
        {
            "name": "St\u00e9phanie",
            "date": "2019-04-11",
            "review": "Nous avons pass\u00e9 un tr\u00e8s agr\u00e9able s\u00e9jour de 3 nuits chez F\u00e9lix.<br/>Le studio est conforme \u00e0 l'annonce et il est situ\u00e9 dans un quartier familial et calme tout en \u00e9tant proche de toutes les commodit\u00e9s ( m\u00e9tro, restaurants, supermarch\u00e9). <br/>Nous avons \u00e9t\u00e9 chaleureusement accueillies par Fiona. <br/>Nous recommandons ce logement et y reviendrons avec plaisir. Encore un \u00e9norme merci \u00e0 Fiona"
        },
        {
            "name": "Antoine",
            "date": "2019-04-19",
            "review": "We really enjoy this place for our 4 days trip in London ! It's well located close to an underground station and the breakfast  is really <br/>appreciable.<br/>Fiona ans Felix are very nice and gave us precious advises."
        },
        {
            "name": "Maleaume",
            "date": "2019-05-08",
            "review": "Nous avons passer un tr\u00e8s bon moment dans cette magnifique ville et ce, gr\u00e2ce aux logement de Felix et Fiona! Ce dernier est tr\u00e8s propre, calme, bien situ\u00e9 (proche station Sheperd Bush) et tr\u00e8s pratique. Nous recommandons cette appartement typique des maisons victoriennes  en sous sol de Londres, ne pas h\u00e9siter!"
        },
        {
            "name": "Christophe",
            "date": "2019-05-12",
            "review": "Nous avons pass\u00e9 un tr\u00e8s agr\u00e9able s\u00e9jour chez Fiona et F\u00e9lix. La chambre \u00e9tait conforme au description. Ce que nous avons particuli\u00e8rement appr\u00e9ci\u00e9 a \u00e9t\u00e9 la gentillesse et l'hospitalit\u00e9 de Fiona (F\u00e9lix \u00e9tait absent lors de notre s\u00e9jour). L'appartement est situ\u00e9 \u00e0 5 minute \u00e0 pied de la station de m\u00e9tro Sheperd Bush (Ligne central du m\u00e9tro) le quartier r\u00e9sidentiel et familial \u00e9tait tr\u00e8s agr\u00e9able avec toutes les commodit\u00e9 \u00e0 proximit\u00e9."
        },
        {
            "name": "Gaby",
            "date": "2019-05-24",
            "review": "Felix/Fiona were extremely helpful and gave us some great tips. Easy to get to train station but felt safe at the same time. Would definitely stay again!"
        },
        {
            "name": "Andrew",
            "date": "2019-06-06",
            "review": "Fiona was an amazing host. Nothing that I requested was an issue and she went out of her way to ensure that I was comfortable and knew all the best places to visit in the area for food, shopping and entertainment. The place was sparkling clean and I could have spent months there reading all the books on offer. I highly recommend this place to everyone."
        },
        {
            "name": "Emeline",
            "date": "2019-06-11",
            "review": "Fiona nous as re\u00e7ue de mani\u00e8re tr\u00e8s agr\u00e9able dans ce charmant studio.<br/>Nous avons appr\u00e9ci\u00e9 qu'une liste de restaurants \u00e0 proximit\u00e9 du logement soit r\u00e9dig\u00e9e \u00e0 notre attention.<br/>Le lit est tr\u00e8s confortable. L'appartement d'une propret\u00e9 impeccable"
        }
    ]
}