{
    "id": 31535036,
    "listing_url": "https://www.airbnb.com/rooms/31535036",
    "name": "Large double bedroom in luxury Shoreditch duplex",
    "description": "Private bedroom and bathroom in luxury 2-bed duplex apartment in the heart of Shoreditch. The perfect location to explore the trendiest neighbourhood in London and within easy reach of the capital's top sites.<br /><br />This huge, bright, airy room with double bed sleeps two comfortably--with lots of room to spare! Situated in Zone 1 and located just minutes away from some of London's top attractions, with the city's best restaurants and bars on your doorstep.<br /><br /><b>The space</b><br />Recently renovated, stylish duplex apartment, with private entrance for guests. The room is very spacious, with a large wardrobe, floor length mirror and comfy double bed. The large private bathroom includes a walk-in waterfall shower.<br /><br /><b>Guest access</b><br />Downstairs there is a large open-plan kitchen & living area featuring a juliet balcony and a modern, custom-designed kitchen with Nespresso coffee machine.<br /><br /><b>Other things to note</b><br />We live here with our small, ",
    "host_name": "Sophie",
    "host_id": 236104372,
    "host_url": "https://www.airbnb.com/users/show/236104372",
    "host_picture_url": "https://a0.muscache.com/im/pictures/user/e128c5e4-fe69-4736-9c17-77d6dc678748.jpg?aki_policy=profile_x_medium",
    "neighbourhood_cleansed": "Hackney",
    "latitude": 51.52517,
    "longitude": -0.07965,
    "property_type": "Private room in rental unit",
    "room_type": "Private room",
    "accommodates": 2.0,
    "bathrooms": 1.0,
    "beds": 1,
    "price": 126.0,
    "numbers_of_review": 22.0,
    "review_scores_rating": 4.86,
    "reviews": [
        {
            "name": "Joao Pedro",
            "date": "2019-02-07",
            "review": "Staying at sophies and ronans place was the best choice i could have made. From the first moment i booked they messaged me and helped me a lot with the instructions on how to get to the apt and what to do in the city. The apt is exactly what the pictures show, even better than i was expecting. Really stylish and spacious place, very nice people and very well located, in a very cool neighborhood. Thank you for opening your house and making my stay in london the best possible. <br/>Would definitely come back and recommend to anybody."
        },
        {
            "name": "Kelsey",
            "date": "2019-02-24",
            "review": "Can\u2019t stress enough how perfect this place was. Location was right in the middle of the best spots of Shoreditch. Shopping, food, bars were no more than a few minutes walk. I really couldn\u2019t believe the location for the price i paid. The apartment itself was adorable. Really cozy spot that made me comfortable being away from home. I walked in to a cute basket on the bed with snacks, towels, a book about London, maps, and a very thoughtful printed list of Sophie and Ronan\u2019s 26 favorite local spots to check out. Getting in touch with either of them was never an issue. Any questions i had they answered promptly. This was my first time using Air BnB and it was such a success. I recommend their place to I will absolutely be staying here again when i visit London! <br/>Thanks again for hosting me!"
        },
        {
            "name": "Solange",
            "date": "2019-03-05",
            "review": "Sophie and her partner are very nice, accurate  and warm people. They share a wonderful apartment in a very nice location. The apartment is well decorated, spacious, cosy and very clean. I recommend this apartment to everybody who wants to have a relaxed and wonderful time in one of the nicest areas of London."
        },
        {
            "name": "Ash",
            "date": "2019-03-13",
            "review": "I am already recommending Ronan & Sophie to all my friends who are planning a trip to London. <br/>The location is great <br/>The appartement is so pretty <br/>Ronan & Sophie are so nice <br/>& plus , they have the cutest dog ! <br/>Book your nights without hesitation <br/>Ps : Ronan & Sophie you have set the bar high for others. Thanks again."
        },
        {
            "name": "Kristin",
            "date": "2019-03-23",
            "review": "Our stay with Sophie & Ronan was amazing :) They both went above & beyond to make us feel comfortable in their space, to feel like a home away from home. We had little amenities laid out for us, there were snacks, local tips/places printed up for us, subway maps, etc. There was no detail they didnt think of as hosts. The space was beautifully decorated, spacious, clean, exactly as advertised. Geographically it was close to a lot of things, coffee shops, restaurants, etc.  The Underground was nearby as well so we could really get anywhere pretty easily. We would highly recommend their place, and would stay with them again in a heartbeat :)"
        },
        {
            "name": "Jason",
            "date": "2019-03-28",
            "review": "Really spacious room and bathroom! Great hosts too. Highly recommended."
        },
        {
            "name": "Gillian",
            "date": "2019-04-05",
            "review": "Sophie & Ronan's place is a gem in the heart of trendy Shoreditch. Very clean, cool room with lovely snack basket left for us. Will definitely go back."
        },
        {
            "name": "Ali",
            "date": "2019-04-10",
            "review": "Really beautifully decorated apartment. Very modern, clean and in an amazing central location to everything in Shoreditch. We walked or took the tube almost everywhere. The bedroom and bathroom are private and are adorable. The added bonus of the adorable pup that is there is just the cherry on top. She doesn't bark and you won't even know she is there. Sophie and Ronan were the most amazing hosts and gave us plenty of recommendations for places to go. Would definitely stay here again!"
        },
        {
            "name": "Julius",
            "date": "2019-04-14",
            "review": "Being for a weekend in London, we had an amazing stay at Sophie\u2019s place. Communication with her was quick and we were provided with detailed information which were helpful for our trip.  <br/>Sophie and Ronan were amazing hosts that really took care of our stay. Especially, they provided us with great recommendations on restaurants, cafes, etc.<br/>We felt comfortable at their place and the effort both have put in renovating the apartment makes it a lovely place to stay. <br/>So I can definitely recommend Sophie\u2019s place for a trip to London!"
        },
        {
            "name": "Andy",
            "date": "2019-04-17",
            "review": "Great hosts, stylish place and most importantly, comfy bed!"
        }
    ]
}