{
    "id": 31608064,
    "listing_url": "https://www.airbnb.com/rooms/31608064",
    "name": "Amazing view over the city of London sml dbl room",
    "description": "<b>The space</b><br />The property is benefiting from massive space and larger than average living room, conservatory and garden. Every floor has a bathroom.<br /><br />The Rooms<br />*Every Room is individually  decorated, cozy and  fully furnished with a Double Bed with Orthopaedic Mattress, build in Wardrobes,paintings and mirrors.<br /><br />*Marvelous views over the London city, located on the top of the hill<br /><br />* Norwood Grove park , Stretham Common park and the Rookery are few minutes away<br /><br />* The Bathrooms (3) have one bathtub and two shower rooms , kept very clean.<br /><br />* Separate kitchen featuring integrated appliances with full height Larder Fridge and freezer and one more fridge in the living room, which would be used by the guests.Doors open to the rear conservatory and double sliding doors to the large garden.",
    "host_name": "Geri",
    "host_id": 18846179,
    "host_url": "https://www.airbnb.com/users/show/18846179",
    "host_picture_url": "https://a0.muscache.com/im/pictures/user/51c396b6-17cb-4302-807d-3e2b494c1fa2.jpg?aki_policy=profile_x_medium",
    "neighbourhood_cleansed": "Croydon",
    "latitude": 51.42223,
    "longitude": -0.11017,
    "property_type": "Private room in townhouse",
    "room_type": "Private room",
    "accommodates": 1.0,
    "bathrooms": 1.0,
    "beds": 1,
    "price": 28.0,
    "numbers_of_review": 6,
    "review_scores_rating": 4.67,
    "reviews": [
        {
            "name": "Ionut",
            "date": "2021-10-06",
            "review": "Wonderful experience! The house has a character, Geri is very social and at the same time very respectful.<br/>The room is so cosy and warm ,that I felt back the comfort at my own home .<br/>Kitchen is fully equipped and organized, I don't cook much but it was perfect for my needs.<br/>The bathroom was clean and was so convenient beeing next to my room.<br/>The garden is beautiful and you can enjoy the birds singing. <br/>In the evening I was enjoying the smart TV in my room  and the movies that prime and Netflix can offer.<br/>The transport is so easy. The bus stop was 45 seconds from the house and will take you to your desired destination towards Clapham,Balham, Tooting Dulwich, Brixton , Clapham junction etc. <br/>I'm so happy I found this place.<br/>The price is very competitive and the host is simply amazing.<br/>Thank you so much.<br/>I'd be coming again!"
        },
        {
            "name": "Dave",
            "date": "2022-02-12",
            "review": "A really great Airbnb place to stay! The bed is extremely comfy after a busy day of work"
        },
        {
            "name": "Darshan Kumar",
            "date": "2022-07-19",
            "review": "this was my first airbnb stay and it was the best. Geri is so good to help solve any concerns you have. the house was exactly the same as in pictures. the best host ever. I would definitely suggest to all.<br/>Thanks Geri for the good stay."
        },
        {
            "name": "Ajinder",
            "date": "2022-07-27",
            "review": "Geri is very friendly and accommodating. She always made a point to ask if there was anything I needed.  I liked the location being close to bus links both both towards Clapham and Crystal Palace."
        },
        {
            "name": "Bouchra",
            "date": "2022-08-03",
            "review": "Alles was toppie"
        },
        {
            "name": "Camilla",
            "date": "2022-08-21",
            "review": "Loved staying here- Geri was very polite and went out of her way to make me and the rest of the guests feel at home."
        }
    ]
}