{
    "id": 31648046,
    "listing_url": "https://www.airbnb.com/rooms/31648046",
    "name": "Double attic space Walthamstow.",
    "description": "So we are so proud of our little flat and we've poured our hearts into it so we really hope you enjoy coming to stay! Your room is upstairs on its own floor, it's got these fab skylights so you can watch the clouds from bed or make use of the black out blinds. Also the mattress is an Eve memory foam... If you know, you know! The flat is pretty jungle like so we hope you like plants!!<br /><br /><b>The space</b><br />A bright and airy attic space on its own level, with proper stair case and door for extra privacy.<br />The room is such a gorgeous place all times of the year with the big skylights for summer, but is cosy in the winter as all the heat of the house rises up and central heating throughout the property.",
    "host_name": "Kate",
    "host_id": 143017574,
    "host_url": "https://www.airbnb.com/users/show/143017574",
    "host_picture_url": "https://a0.muscache.com/im/pictures/user/0e677d93-ab71-42bf-8408-c15360deec1c.jpg?aki_policy=profile_x_medium",
    "neighbourhood_cleansed": "Waltham Forest",
    "latitude": 51.58625,
    "longitude": -0.02719,
    "property_type": "Private room in rental unit",
    "room_type": "Private room",
    "accommodates": 2.0,
    "bathrooms": 1.0,
    "beds": 1,
    "price": 40.0,
    "numbers_of_review": 4,
    "review_scores_rating": 5.0,
    "reviews": [
        {
            "name": "Ahmed",
            "date": "2019-09-14",
            "review": "Good place to stay, very close to the tube. Kate is extremely helpful. I would strongly recommend it to anyone."
        },
        {
            "name": "Luca",
            "date": "2019-09-16",
            "review": "Really lovely and well maintained flat, super clean, from kitchen to room! Our room was perfect!"
        },
        {
            "name": "Carolina",
            "date": "2019-09-18",
            "review": "Our stay was great !! Kate's house is beautiful and has many beautiful plants. Comfortable and clean room. We were able to cook and enjoy our stay to rest. Kate and her mate were kind and friendly. Have many markets near of the house even have a street market near to walthamstow central station where i found souvenirs from London for 1 euro (the same product costs 3 to 5 euros in the center).  We'll definitely be back at Kate's house.  I recommend!!"
        },
        {
            "name": "Roxana",
            "date": "2020-11-02",
            "review": "Kate is a very nice person and she have a very nice,cosy and warm place. Everything was perfect."
        }
    ]
}