{
    "id": 31818528,
    "listing_url": "https://www.airbnb.com/rooms/31818528",
    "name": "Studio Apartment - Bethnal Green",
    "description": "Rose Apartments is only 5 minutes\u2019 walk from Bethnal Green Metro Station offering good connection to Central London and the City via the Central Line. <br /><br />Brick Lane is 1.7 km from the apartment. The O2 Arena in 18 minutes by metro. London Euston is 21 minutes away.<br /><br />Rose Apartments offer private bathroom and kitchen, free WiFi, washing machine, bed linens and towels.<br /><br />There are several restaurants and cafes in the area, as well as supermarkets and grocery shops.<br /><br /><b>The space</b><br />Convenient for families and friends up to 3.  In central location with easy links for quick transportation.<br /><br /><b>Guest access</b><br />Building entrance and the entire flat.",
    "host_name": "Rose",
    "host_id": 238308322,
    "host_url": "https://www.airbnb.com/users/show/238308322",
    "host_picture_url": "https://a0.muscache.com/im/pictures/user/3e6ac636-3c01-48f1-8761-d33bbf45a7b0.jpg?aki_policy=profile_x_medium",
    "neighbourhood_cleansed": "Tower Hamlets",
    "latitude": 51.52806,
    "longitude": -0.04839,
    "property_type": "Entire rental unit",
    "room_type": "Entire home/apt",
    "accommodates": 3.0,
    "bathrooms": 1.0,
    "beds": 4,
    "price": 95.0,
    "numbers_of_review": 1,
    "review_scores_rating": 5.0,
    "reviews": [
        {
            "name": "Ariana",
            "date": "2019-02-25",
            "review": "Rose, we have to say we are really Happy with our stay. The flat was perfect, the comunication with you was inmediately . We Will repeate of course if we come again to London and we highly recomend the place. THX for Your hospitality!"
        }
    ]
}