{
    "id": 32283888,
    "listing_url": "https://www.airbnb.com/rooms/32283888",
    "name": "Stunning brand new flat beautifully styled",
    "description": "A beautiful, modern and newly renovated flat with lots of attention to detail we've designed our Brixton property to ensure you have a great stay. Each room is beautifully decorated, beds have brand new 600 thread count bedding to ensure your comfort. The kitchen has brand new appliances throughout - a built in oven, microwave and washer/dryer/ kettle, toaster and a coffee machine. The flat has two bathrooms - with the master bedroom having its own en suite. We are here to assist you in anyway.<br /><br /><b>The space</b><br />Whether you're a couple looking for a romantic stay or a family visiting friends everyone is welcome and everything can be catered for. We've lived in London for over 20 years and know it from the viewpoint of someone in their 20's or someone with a family so we can advice you endlessly. Children are very welcome and nearly all equipment can be provided including toys, travel cots and highchairs.The property is a 15 minute walk from Brixton tube or a very quick b",
    "host_name": "Zoe And Andrew",
    "host_id": 242221151,
    "host_url": "https://www.airbnb.com/users/show/242221151",
    "host_picture_url": "https://a0.muscache.com/im/pictures/user/dd26cecd-4308-44b3-b195-c4a60749b7fd.jpg?aki_policy=profile_x_medium",
    "neighbourhood_cleansed": "Lambeth",
    "latitude": 51.44989,
    "longitude": -0.12541,
    "property_type": "Entire rental unit",
    "room_type": "Entire home/apt",
    "accommodates": 6.0,
    "bathrooms": 2.0,
    "beds": 3,
    "price": 150.0,
    "numbers_of_review": 147.0,
    "review_scores_rating": 4.9,
    "reviews": [
        {
            "name": "Geir J\u00f8ran",
            "date": "2019-03-01",
            "review": "Fantastic hosts,  3  large good bedrooms,  superBEDs...., like in NorwY..   Easy acces to central city! Super!"
        },
        {
            "name": "Ryszard",
            "date": "2019-03-04",
            "review": "Would definitely stay here again. So close to everything. Great value for money and great facilities."
        },
        {
            "name": "Alexander",
            "date": "2019-03-06",
            "review": "Wir haben diese Wohnung bei Airbnb entdeckt und waren zun\u00e4chst sehr skeptisch, weil die Bilder so toll aussehen und es zu dem Zeitpunkt noch keine Bewertungen gab. Aber die Bilder entsprechen genau die Wirklichkeit. Die Wohnung ist sehr sch\u00f6n eingerichtet und alles ist wirklich sehr sauber. Sie ist zentral gelegen jedoch in einer ruhigen Gegend. Wir haben uns sehr wohl gef\u00fchlt dort. Die Wohnung ist gerade frisch renoviert und alles war nigelnagelneu. Die K\u00fcche ist sehr gut ausgestattet (Waschmaschine und Sp\u00fclmaschine inklusive).  Ein Tag vor der Anreise hat uns Zoe den Code und eine genaue Anleitung f\u00fcr die Schl\u00fcsselbox geschickt. Wir sind sehr sp\u00e4t angekommen und es hat alles super funktioniert. Die Wohnung hatten wir f\u00fcr uns ganz allein. Wir waren dort 2 Erwachsene und 2 Teenager. Zoe hat uns f\u00fcr das Fr\u00fchst\u00fcck Cornflakes, Butter, Brot, Milch und Erdnussbutter gekauft. Salz, Pfeffer, \u00d6l, Kaffee und Tee waren auch vorhanden. Wir wurden mit einer s\u00fc\u00dfen \u00dcberraschung und einer netten Willkommenskarte begr\u00fc\u00dft, wor\u00fcber wir uns sehr gefreut haben.  Die Matratzen waren neu und sehr bequem, die Bettdecken waren sehr kuschelig, jedes Bett hat 4 Kissen. Es gibt 2 Badezimmer, ein kleineres en suite und ein etwas gr\u00f6\u00dferes mit gro\u00dfer Dusche, sehr bequem. Die Zimmerfenster konnte  man mit einer Rollo abdunkeln. Es waren gen\u00fcgend Handt\u00fccher vorhanden. Es gibt WLAN und einen Fernseher, haben wir aber nicht benutzt. Eine Stra\u00dfe entfernt - wenn man aus der Wohnung  kommt linker Richtung  und dann an der Kreuzung rechts  in der New Park Road abbiegen - sind ein kleiner Supermarkt und weitere Gesch\u00e4fte. An dem Eck ist auch ein kleiner Laden  \u201eNew  Mini Market\u201c wo man die Oystercard f\u00fcr Bus und Underground kaufen und aufladen kann.  Die Oysterkarte haben wir mit 5 Pfund Deposit und 7 Pfund pro Tag aufgeladen. Damit kann man dann den ganzen Tag in Zone 1+2 (Londoner Innenstadt) mit Bus und Underground fahren. Wenn man von dort aus zur Hauptstra\u00dfe Brixton Hill l\u00e4uft (wenige r als 5 Gehminuten!) ist auch schon gleich die Bushaltestelle \u201eNew Park Road\u201c wo alle paar Minute der Bus zur Brixton Station f\u00e4hrt (ca. 10 Minuten) und von dort aus kommt man mit der Victoria Line in der Stadt (ca. 10 min.). Man ist also in 30 Minuten in der Londoner Innerstadt.  Wir sind am ersten Tag bis Green Park gefahren wo wir mit dem Buckingham Palace unsere Sightseeingtour zu Fu\u00df gestartet haben. Wir haben unseren Aufenthalt in London sehr genossen und k\u00f6nnen dieses Apartment sehr empfehlen. Zoe hat \u00fcbrigens viele Tipps im G\u00e4ste-Handbuch zusammengefasst. <br/>Vielen Dank Zoe And Andrew!!!"
        },
        {
            "name": "Michael",
            "date": "2019-03-14",
            "review": "Zoe and Andrew were great hosts, the flat spotless upon arrival everything was as described actually even better. If all Airbnb's are like this never using a hotel again. Great place Thank you"
        },
        {
            "name": "Isabel",
            "date": "2019-03-18",
            "review": "The Zoe and Andrew apartment is really wonderful. Zoe is extremely kind, we arrive vey late and she had fresh bread, milk, chocolat, cereals and a bottle of cava on the kitchen waiting for us. The apartment is completely renovated and with a very well decorated. The area Brixton is also nice with good connections by bus and underground to some where in London. I recommend Zoe's apartments 100%."
        },
        {
            "name": "Cath",
            "date": "2019-03-21",
            "review": "Great apartment, clean, minimal has everything you need. Nice wee touch of prosecco and welcome note. Apartment in a very good area with plenty of transport links, shops and restaurants. It was 5 star all round. Would definitely use again and would definitely recommend. Zoe or Andrew replies within 20 mins to any questions asked"
        },
        {
            "name": "Agnougnou",
            "date": "2019-03-24",
            "review": "We loved your apartment and we will gladly come back"
        },
        {
            "name": "Kayla",
            "date": "2019-03-29",
            "review": "Beautiful apartment!!! Very clean and stylish!! Zoe was a wonderful host. Very quick to respond and offer guidance for anything we may need."
        },
        {
            "name": "Richa",
            "date": "2019-04-01",
            "review": "Zoe and Andrew were very nice and organized. We had a pleasant stay. The flat is very tidy and clean. We had all the stuff like soap, towels, fresh bedsheets, toiletpaper etc. The entry to the flat was really easy and the description for it was great. We would love to come once again for the stay. <br/>Regards from Germany"
        },
        {
            "name": "Gladys",
            "date": "2019-04-06",
            "review": "This place is amazing with excellent and clean facilities!! The location is good with many buses to the city centre and the nearest underground station is only 4 bus stops away. The hosts are very responsive to our questions and needs during our stay and even welcomed us with chocolates and champagne! Will definitely stay at this place again when back in London in future!"
        }
    ]
}