{
    "id": 32537244,
    "listing_url": "https://www.airbnb.com/rooms/32537244",
    "name": "7 MINS WALK TO LONDON BRIDGE (BJIN)",
    "description": "\u2605 ZONE 1 <br />\u2605 WALK TO BOROUGH OR LONDON BRIDGE TUBE <br />\u2605 LATE CHECK IN <br />\u2605 CLOSE TO BOROUGH MARKET AND ALL THE BARS AND RESTAURANTS <br />\u2605 NEWLY RENOVATED",
    "host_name": "Eddy",
    "host_id": 144786680,
    "host_url": "https://www.airbnb.com/users/show/144786680",
    "host_picture_url": "https://a0.muscache.com/im/pictures/user/0df34f13-9b77-4305-a935-304fdb2ea4da.jpg?aki_policy=profile_x_medium",
    "neighbourhood_cleansed": "Southwark",
    "latitude": 51.49984,
    "longitude": -0.09002,
    "property_type": "Private room in rental unit",
    "room_type": "Private room",
    "accommodates": 3.0,
    "bathrooms": 1.0,
    "beds": 2,
    "price": 91.0,
    "numbers_of_review": 57.0,
    "review_scores_rating": 4.42,
    "reviews": [
        {
            "name": "Sandra",
            "date": "2019-04-19",
            "review": "Great place.very recommendable"
        },
        {
            "name": "Vaclav",
            "date": "2019-04-29",
            "review": "Nice and very clean place. Probably after a reconstruction. :))"
        },
        {
            "name": "Rodrigo",
            "date": "2019-05-05",
            "review": "Excelente"
        },
        {
            "name": "Laurel",
            "date": "2019-05-07",
            "review": "This is exceedingly basic accommodation more akin to a student hostel than your typical private room in someone's home. It really is just somewhere to lay your head at night than a home. Though I will say it was very clean and does have a descent kitchen where you and the other guests can make their meals (the host does not live at the property). A few amenities like free towels and soap would have also gone a long way."
        },
        {
            "name": "Adish",
            "date": "2019-05-09",
            "review": "It\u2019s a good stay for central London"
        },
        {
            "name": "Hayley",
            "date": "2019-05-23",
            "review": "Very good price for a night's stay and you get what you pay for.   It was great in that it was clean.  If I were to use it again, I would take ear plugs and a eye mask,."
        },
        {
            "name": "Marcel",
            "date": "2019-05-26",
            "review": "Basic place, clean and tidy, super location!!"
        },
        {
            "name": "Christian",
            "date": "2019-05-30",
            "review": "Clean, comfy beds, good facilities,  very good value.  Recommended"
        },
        {
            "name": "Daniela",
            "date": "2019-06-02",
            "review": "The location of the appartement is really good, close to the tube station.<br/>The communication with Eddy was easy. He answered every questions that we had very quickly. <br/>The only downside is that our room was not clean when we arrived.<br/>Overall, I would recommend this airbnb."
        },
        {
            "name": "Cesar",
            "date": "2019-06-08",
            "review": "Great apartment to be. You can walk to every iconic place from there. And Eddy is a nice host."
        }
    ]
}