{"id": 3301963, "listing_url": "https://www.airbnb.com/rooms/3301963", "name": "Room with a small double bed", "description": "The flat is on the 2nd floor with view of the marina and canary wharf. It is two minutes away from Greenland pier where you can catch the Clipper into central London.  Or the tube or buses. There is also a shopping centre and sailing club nearby.<br /><br /><b>The space</b><br />Double bed with built in wardrobe. A study desk with chair.<br />Close to amenities and great view of Canary Wharf.<br /><br /><b>Guest access</b><br />Balcony through the lounge<br /><br /><b>Other things to note</b><br />5 mins to Canary Wharf by boat<br />Greenwich, London Bridge, Tower Bridge and Central London within easy reach<br /><br />Single person's rate is available at \u00a345", "host_name": "Lee", "host_id": 16675814, "host_url": "https://www.airbnb.com/users/show/16675814", "host_picture_url": "https://a0.muscache.com/im/pictures/user/43e653cd-b955-43c5-9eee-fbed971e0599.jpg?aki_policy=profile_x_medium", "neighbourhood_cleansed": "Southwark", "latitude": 51.49383, "longitude": -0.03711, "property_type": "Private room in rental unit", "room_type": "Private room", "accommodates": 1.0, "bathrooms": 1.0, "bedrooms": 1, "beds": 1, "amenities": ["Essentials", "Free parking on premises", "Shampoo", "Elevator", "Smoke alarm", "Hair dryer", "Portable heater", "Wifi"], "price": 45.0, "numbers_of_review": 10, "review_scores_rating": NaN, "reviews": [{"name": "Matt", "date": "2022-09-14", "review": "The place was just what I needed and Lee was a great host who was very flexible with my check in needs after a delayed flight.  The area is very accessible by public transport and there are some great places to eat nearby.  The flat itself was clean and comfortable."}, {"name": "Richard", "date": "2022-09-23", "review": "Lee\u2019s place was just what I was looking for."}, {"name": "Jash", "date": "2022-09-25", "review": "it was convenient. the room didn't have a door lock but other than that all good"}, {"name": "Alex", "date": "2022-09-28", "review": "Perfect staying:)"}, {"name": "Yaning", "date": "2022-10-05", "review": "The location is great. the view from the living room is fabulous. The whole flat is neat and tidy, the floor is very clean. Lee is very warm and welcome to guests."}, {"name": "Suiyang", "date": "2022-10-10", "review": "Nice and clean"}, {"name": "Kate", "date": "2022-10-12", "review": "Made to feel very welcome. Very convenient location for a work-stay. Room and flat very clean. <br/>Thank you"}, {"name": "Seemab", "date": "2022-11-12", "review": "Niceclean place. cooperative friendly host"}, {"name": "Angela", "date": "2022-12-04", "review": "I had a warm welcome from Lee and enjoyed my stay in a spotless bedroom, with equally spotless bathroom.  Lovely view of the marina from my window.  Perfect for an overnight stay or two."}, {"name": "Allison", "date": "2022-12-09", "review": "After booking was confirmed, got in touch with Lee and she provided very useful information on how to get to her place and find my way around London.<br/>Stayed for 5 nights, felt very welcome, flat and room was pristine , super super clean.<br/>Great location, easy access to Central London, lots of great restaurants nearby.<br/>Great value for money, I will like to stay with Lee again when next I am in London.<br/>Book this room with confidence ! Lee is a great hostess, very easy to get along with ."}]}