{
    "id": 33255616,
    "listing_url": "https://www.airbnb.com/rooms/33255616",
    "name": "Putney - fully furnished flat - short or long let.",
    "description": "Great location and excellent transport links within five minutes walk from the flat. Two lifts for easy wheelchair access. AMAZING  view of LONDON from the lift to the flat.  Access to sunny garden at the rear of the building. Car space available on request. Unlimited fast broadband in all areas of the flat. The flat will be cleaned following the Air BnB guidebook and protocol<br /><br /><b>The space</b><br />Fabulous light bright spacious  modern flat with open plan kitchen/ living area. Shower room with two shower heads, toilet and vanity. The main bedroom has a double bed, wardrobe with lots of hanging space and an extra   Smart TV.  Guest room (cabin no outside window only a porthole) has a single bed with hanging space and shelves.<br /><br /><b>Guest access</b><br />Access to entire flat is by two lifts. <br />Off street parking is available on request.<br />Key pick-up will be arranged when booking confirmed<br /><br /><b>Other things to note</b><br />The flat is above the medic",
    "host_name": "Kate",
    "host_id": 3727368,
    "host_url": "https://www.airbnb.com/users/show/3727368",
    "host_picture_url": "https://a0.muscache.com/im/users/3727368/profile_pic/1349118454/original.jpg?aki_policy=profile_x_medium",
    "neighbourhood_cleansed": "Wandsworth",
    "latitude": 51.45923,
    "longitude": -0.21564,
    "property_type": "Entire rental unit",
    "room_type": "Entire home/apt",
    "accommodates": 2.0,
    "bathrooms": 1.0,
    "beds": 2,
    "price": 89.0,
    "numbers_of_review": 6.0,
    "review_scores_rating": 4.6,
    "reviews": [
        {
            "name": "Nikos",
            "date": "2019-07-20",
            "review": "Great place, quiet, clean, practical. Central location, conveniently close to the train station and tube."
        },
        {
            "name": "Ghazal",
            "date": "2019-08-30",
            "review": "It\u2019s in a great location. Transportation is close by. Grocery store is a few minutes walk. Lots of restaurants in the area. The apartment has all the necessities you need."
        },
        {
            "name": "Mike",
            "date": "2019-09-17",
            "review": "Bit disappointing really... decent flat in a great location - but really obvious it had not been properly cleaned since the last guest. Tidy at first glance but loads of crumbs, tea spots, a hair on the counter. Bathroom had dirt/grime. We ended up having to use the cleaning supplies when first moving in to wipe the kitchen. Second bedroom is essentially an enclosed closet."
        },
        {
            "name": "Sherril",
            "date": "2019-11-26",
            "review": "This is a super cute little apartment in a great location. It's extremely quiet and well positioned for easy access to London sights."
        },
        {
            "name": "David",
            "date": "2020-08-29",
            "review": "Very nice stay. Would recommend and would book again."
        }
    ]
}