{"id": 3328248, "listing_url": "https://www.airbnb.com/rooms/3328248", "name": "Beautiful Georgian property Bloomsbury/Kings Cross", "description": "GRAB YOURSELF A LITTLE BIT OF HISTORY<br />This flat is in 1 of only 2 remaining houses designed by the Georgian architect James Barton.<br />Retaining many original features it has been modernised to a very high standard.<br />An ideal space for one or two to enjoy.<br /><br /><b>The space</b><br />This is a lovely flat overlooking a green and leafy area. <br />Full of character and charming artifacts, it has recently been refurbished to provide both comfort and convenience. <br />Feel free to relax in the sitting room where you will find wifi, TV, DAB radio, a sound dock and books to read.<br />The bedroom has a small double bed.<br />with a fitted wardrobe solely for your use.<br />Your bed linen is Egyptian cotton.<br />The bathroom has both an overhead shower and bath. <br />Soft towels are provided for your use, as are shampoo, soap and scented bath oils as well as a hairdryer.<br />There is a separate utility area.<br />The appliances are Miele, Siemens and Liebherr.<br />Enjoy!", "host_name": "Helen", "host_id": 16582435, "host_url": "https://www.airbnb.com/users/show/16582435", "host_picture_url": "https://a0.muscache.com/im/users/16582435/profile_pic/1402851889/original.jpg?aki_policy=profile_x_medium", "neighbourhood_cleansed": "Camden", "latitude": 51.5258, "longitude": -0.12724, "property_type": "Entire rental unit", "room_type": "Entire home/apt", "accommodates": 2.0, "bathrooms": 1.0, "bedrooms": 1, "beds": 1, "amenities": ["Extra pillows and blankets", "First aid kit", "Oven", "Fire extinguisher", "Hair dryer", "Wine glasses", "Dining table", "Hangers", "Cleaning products", "Dishes and silverware", "Essentials", "Shampoo", "TV with standard cable", "Baking sheet", "Cooking basics", "Bed linens", "Clothing storage", "Carbon monoxide alarm", "Bathtub", "Shower gel", "Indoor fireplace", "Heating", "Wifi", "Coffee maker", "Dishwasher", "Long term stays allowed", "Hot water kettle", "Refrigerator", "Host greets you", "Iron", "Body soap", "Drying rack for clothing", "Kitchen", "Stove", "Toaster", "Breakfast", "Conditioner", "Hot water", "Washer", "Paid parking off premises", "Smoke alarm", "Laundromat nearby", "Dryer", "Cable TV", "Freezer"], "price": 128.0, "numbers_of_review": 33.0, "review_scores_rating": 4.82, "reviews": [{"name": "Shaundra", "date": "2014-06-25", "review": "Fabulous location, comfy bed, responsive hostess! The apartment is every bit as lovely as it appears in the photos. Helen was thoughtful to our needs and easy to communicate with. We loved Bloomsbury and its proximity to the major London sights. There are wonderful shops and cafes just outside the door, and there are two major tube stations within a few minutes walk. After staying elsewhere in the city for the work part of our trip, my husband and I have said over and over how glad we are we stayed in Bloomsbury first. We'd love to return!  "}, {"name": "Cressida", "date": "2014-07-04", "review": "We had a great 3 nights in Helen's flat. Helen is a great host and wanted to make sure we were were comfortable. The flat is in a great location with many cafes and pubs all around. The flat is compact but has everything you need. "}, {"name": "Sabino", "date": "2014-08-03", "review": "I rented Helen's place with great expectations but I was still very much surprised when I walked in. Helen's apartment is a small jewel; carefully designed and elegantly furbished, it occupies the first floor of a small house that still retains the spirit of a London from olden days (not to mention its wonderful location; in a walking distance from and to anything that matters in 'central' London). Moreover Helen is the perfect landlady: helpful, patient, attentive, always ready to answer a question or give a suggestion, still, never intrusive. \r<br/>\r<br/>In other words: highly recommended!"}, {"name": "Sam", "date": "2014-08-09", "review": "Helen was wonderful:  prompt in responding to emails in advance, and friendly and very helpful.  Her place is quite small - the space between the bed and the clothes closet is particularly tight, and in general it's not easy to find space for one's things - but it's charming, clean, nicely appointed, and very well located.  You get a real feel for an interesting neighborhood - Bloomsbury - are within walking distance (running distance, if that matters) of Regent's Park, and can get just about anywhere else in London by way of the King's Cross tube station.  Helen warned us about some noise from the street - and if you're there in the summer you'll want the windows open at night - but we didn't hear much:  the place was actually quite quiet."}, {"name": "Osama", "date": "2014-08-24", "review": "Helen was very sweet, helpful and accommodating. She explained everything when I first arrived. She also offered to give me a tour around the area a few times. And she left fresh flowers and roses :-)\r<br/>I loved the place. It wasn't a busy area, right across from a small park and seemed to be very safe. It's about a 5-10 minute walk to Kings Cross tube/train station. \r<br/>Although I loved the living room, the picture blows it out of proportion a bit. It smaller but still a very good size. The kitchenette is fully equipped, and I did not need to get anything at all other than the food supplies. \r<br/>The only negative comment I could give is that the bedroom is a bit small as the other commenter mentioned. So much so that the already small closet is practically useless. \r<br/>It wasn't a big issue for me. I left my clothes in the living room. Whether in my suitcase, in the chest of drawers or hanging off the chairs."}, {"name": "Katherine + Sam", "date": "2014-09-03", "review": "Waking up to the smell of freshly baked pain au chocolat was only one of the unexpected delights of our recent trip to London.  Helen's apartment was everything we had hoped for -- charming, elegant, centrally located, and well equipped.  Helen herself exemplified English hospitality, and took very good care of us upon arrival and throughout the visit.  \r<br/>\r<br/>We look forward to visiting again soon!"}, {"name": "Lana", "date": "2014-09-10", "review": "Helen was an excellent host. Very warm and helpful. Her place was beautiful and clean. She even left bread, flower  and chocolates. Best airbnb experience I've had so far."}, {"name": "Peter", "date": "2014-09-14", "review": "Helen replied almost immediately to my request to stay in her flat, and made me feel very welcome when I arrived. She also explained all the necessary things, and even waited to ensure that the wifi connection worked. She later e-mailed me with very helpful details of the location of the main area of restaurants and the nearest supermarket. The flat itself was perfect for my stay, and enables you to self-cater should you wish to do so. It is ideally located for visiting Bloomsbury, and the surrounding area. It is also within a short tube journey of Tate Britain and the Tate Modern.\r<br/>\r<br/>The flat is very well equipped for self-catering with all the necessary pots, pans, plates, bowls etc. The bed is very comfortable, and, even though it had begun to get slightly colder in the evenings when I stayed in September, the duvet was absolutely fine. \r<br/>\r<br/>I would have no hesitation in recommending this flat to anyone else, and if I was to have the opportunity to be in London again, in or around the same area, it would be very nice to stay in the flat."}, {"name": "Marsha", "date": "2014-09-21", "review": "Helen is a wonderful host. She is warm and welcoming, and was available to advise and assist if we needed. She walked us around the neighborhood (after showing us the particulars of the apartment) so that we were well oriented. The apartment is lovely. We were much comfortable than we would have been in a hotel. We plan to return and will contact Helen again. No need to look further. I cannot say enough about the location! Just 2 blocks from St. Pancras/Kings Cross station, and 2 blocks the other direction to a small shopping mall. We were able to get anywhere in central London by foot/bus or tube as we chose. "}, {"name": "Andy", "date": "2014-09-26", "review": "Helen was a very welcoming and sociable host.  She met me at the agreed time at her apartment, and was very tolerant of my constantly changing times of arrival!  She showed me around the flat, and made sure that everything was OK.  Helen also made it clear that she was nearby in case I needed anything else (I didn't but it was good to know).\r<br/>\r<br/>The flat was ideal for me.  It's a lovely Georgian apartment with lots of original features.  I was working nearby, and it was a great base for me.  It had everything I needed, and there were some nice touches such as roses and chocolates.\r<br/>\r<br/>The flat is ideally situated in Bloomsbury, and all of central London is in easy reach.  Having said that, it's quiet at night for such a central area.  There are all the amenities nearby that you might need.\r<br/>\r<br/>All in all - an ideal stay."}]}