{"id": 33439828, "listing_url": "https://www.airbnb.com/rooms/33439828", "name": "Basin Oasis", "description": "Our flat is overlooking Limehouse Basin and 5 mins from the lime house DLR station.  It is just off the Commercial Road and we have parking so driving is an option. The flat is light and airy and the neighbourhood is well serviced with bars and restaurants and a 10min walk into Canary Wharf or two DLR stops to Bank or Tower Gateway or Canary Wharf.  It is a hidden away area that people are amazed to discover exists so close to the centre of London.<br /><br /><b>The space</b><br />There is a king size bed and a large sofa bed.  The L shaped sofa in the lounge is large and is very comfy for extra guests as necessary by prior arrangement.  The kitchen is fully equipped and there is a supermarket close to the flat.", "host_name": "Jennifer", "host_id": 82094290, "host_url": "https://www.airbnb.com/users/show/82094290", "host_picture_url": "https://a0.muscache.com/im/pictures/user/94753caa-7350-4997-b9da-323dbc2a54fd.jpg?aki_policy=profile_x_medium", "neighbourhood_cleansed": "Tower Hamlets", "latitude": 51.51095, "longitude": -0.03488, "property_type": "Entire rental unit", "room_type": "Entire home/apt", "accommodates": 4.0, "bathrooms": 2.0, "bedrooms": 2, "beds": 2, "amenities": ["First aid kit", "Hair dryer", "32\\ HDTV with Netflix", "Wine glasses", "Dining table", "Hangers", "Cleaning products", "Dishes and silverware", "Essentials", "Stainless steel oven", "Free parking on premises", "Shampoo", "Baking sheet", "Cooking basics", "Single level home", "Bed linens", "Clothing storage: dresser and closet", "Shower gel", "Bathtub", "Heating", "Wifi", "Building staff", "Coffee maker", "Free dryer \u2013 In unit", "Dishwasher", "Long term stays allowed", "Hot water kettle", "Microwave", "Portable fans", "Refrigerator", "Room-darkening shades", "Outdoor dining area", "Private patio or balcony", "Iron", "Body soap", "Drying rack for clothing", "Free washer \u2013 In building", "Kitchen", "Toaster", "Conditioner", "Dedicated workspace", "Hot water", "Elevator", "Smoke alarm", "Outdoor furniture", "Freezer"], "price": 116.0, "numbers_of_review": 18.0, "review_scores_rating": 5.0, "reviews": [{"name": "Ian", "date": "2019-04-21", "review": "Impecable, well located for. Beautiful area and very kind host. Thanks"}, {"name": "Isabelle", "date": "2019-06-03", "review": "Fantastique ! il n'y a pas d'autre mot. L'appartement est tr\u00e8s bien situ\u00e9, au bord d'une marina pleine de p\u00e9niches et sur laquelle donne la terrasse. Le logement est vaste, tr\u00e8s propre, tr\u00e8s confortable, tr\u00e8s joliment d\u00e9cor\u00e9 d'objets d'art et tr\u00e8s bien \u00e9quip\u00e9. Il ne manque rien. La situation id\u00e9ale car environnement calme (apr\u00e8s l'agitation de la ville c'est appr\u00e9ciable) tout proche d'une station de DLR qui nous permet de rejoindre les grandes lignes de m\u00e9tro en deux arr\u00eats. Il y a aussi un bateau bus \u00e0 dix minutes \u00e0 pied. Je n'ai jamais lou\u00e9 un appartement aussi chouette dans une grande ville et pourtant nous avons beaucoup voyag\u00e9, en Europe et aux USA. Super accueil aussi de Jennifer qui a tout fait pour nous faciliter l'arriv\u00e9e, nous a indiqu\u00e9 des bonnes adresses et des choses pratiques dans le coin. Elle \u00e9tait joignable \u00e0 tous moment \"au cas o\u00f9\". Elle est vraiment tr\u00e8s gentille et accueillante. Franchement, un exceptionnel Airbnb !"}, {"name": "Serene", "date": "2019-06-22", "review": "Jennifer was an amazing host as was her place. The apartment is very well located, only about a 3 min walk to the nearest DLR line which gets you to Bank in less than 10 mins. The apartment was beautifully done and had a lovely view of the basin which we enjoyed daily while having breakfast at the balcony. Jennifer was also very considerate and went the extra mile to provide us with some \u201cstarting material\u201d eg bread/jam/milk/ice/coffee/butter/pasta sauce/pasta etc which certainly helped us to settle in most quickly. The kitchen was amazingly equipped which allowed us to make a lot of our own meals. We thoroughly enjoyed our time in her apartment very much and would certainly recommend this place to our friends and family! :)"}, {"name": "Andrea", "date": "2019-08-08", "review": "Lovely, well-stocked apartment in a peaceful and central location. The pictures do not do it justice - really nicely laid out and well decorated."}, {"name": "Alison", "date": "2019-09-26", "review": "Jennifer's apartment is in a great central location - a few minutes walk to the DLR and then only 5 mins to zone 1, central London.  The apartment was secure, and spacious. Jennifer was a great hostess, and check in was easy.  Jennifer had left good information about the apartment and things to do which we referred to frequently."}, {"name": "Andrea", "date": "2019-10-12", "review": "This was our second time booking Jennifer\u2019s place in Limehouse. As always, gorgeous space, convenient location and amazing amenities. It won\u2019t be the last time we book it. A real gem!"}, {"name": "Robin", "date": "2020-08-14", "review": "Jennifer and  Basin Oasis are nice in so many ways. Check-in is smooth and communication prompt. She really makes an effort to assure your comfort and the apartment is warm and stylish. Everything you need is there. The view of Limehouse Basin is so peaceful. Since I stayed here last year I was so excited to come back.  Wonderful place and the perfect host."}, {"name": "Andrea", "date": "2020-08-29", "review": "Our second time staying here - lovely place! It is a beautiful apartment (pictures don\u2019t do it justice) in a great location. The place is fully stocked with every amenity that you need. Jennifer is a gracious and generous host. We hope to stay here again and again!"}, {"name": "Katy", "date": "2021-04-24", "review": "A wonderful apartment and host.  The view is great from both the bedroom and living room.  The apartment is well situated and Jennifer goes the extra mile to ensure that you have some starting off food and drinks and bathroom products.  All of which were of a very high standard.  The kitchen is very well equipped if you like cooking. We had a great stay.  Thanks again!"}, {"name": "Jaafar", "date": "2021-06-03", "review": "Jennifer's flat is spacious, furnished with taste, and has all the amenities for a longer stay. In terms if location the south facing marina views are priceless with sun throughout the day, the surrounding area has lots to explore including Regents Canal, and transportation links to Central London in minutes."}]}