{
    "id": 33603423,
    "listing_url": "https://www.airbnb.com/rooms/33603423",
    "name": "5 star reviews Stunning 2 Bed In wonderful Pimlico",
    "description": "Coronavirus information. This property has its own separate front door access, directly from the street (no communal access) and professionally steamed cleaned after every visit!!<br />A wonderful, newly decorated 2 bedroom apartment in the heart of Pimlico.  Two beautiful double bedrooms, a tv room with reclining sofa. Stunning lounge to relaxed in after a busy day. Separate kitchen dinner, leading into patio garden. A perfect place for a stay in our fabulous city.<br /><br /><b>The space</b><br />Amenities: <br />-24/7 guest support<br />- Professionally cleaned<br />- Hotel-quality bed linen and towels<br />- 24/7 check-in as there is a lockbox with the keys<br /><br />Kitchen:<br />- Fully equipped<br />- Oven<br />- Stove<br />- Refrigerator<br />- Toaster<br />- Breakfast area with stalls <br /><br />Bedroom 1:<br />- King size bed with fresh linen<br />- TV<br />- Wardrobe <br /><br />Bedroom 2:<br />- Double bed with fresh linen<br />- TV <br />- Chest of drawers <br /><br />Ba",
    "host_name": "Nikki",
    "host_id": 253069268,
    "host_url": "https://www.airbnb.com/users/show/253069268",
    "host_picture_url": "https://a0.muscache.com/im/pictures/user/d8f93b56-4dbe-483f-a011-d84ea2005bec.jpg?aki_policy=profile_x_medium",
    "neighbourhood_cleansed": "Westminster",
    "latitude": 51.48925,
    "longitude": -0.1372,
    "property_type": "Entire rental unit",
    "room_type": "Entire home/apt",
    "accommodates": 4.0,
    "bathrooms": 1.0,
    "beds": 2,
    "price": 204.0,
    "numbers_of_review": 73.0,
    "review_scores_rating": 4.86,
    "reviews": [
        {
            "name": "Jay",
            "date": "2019-04-22",
            "review": "Nice quite place in the city centre. Great hospitality and accurate from the photos."
        },
        {
            "name": "Ciara",
            "date": "2019-06-02",
            "review": "Nikki is a great host, easily contactable and made us feel welcome. Lovely decorated apartment in a great location. Less than 10 minute walk to Victoria station and lots of shops, bars and restaurants in walking distance. Would highly recommend a stay in Nikki's apartment."
        },
        {
            "name": "Ariel",
            "date": "2019-06-10",
            "review": "Great apartment and great host."
        },
        {
            "name": "\u66d9\u5e06",
            "date": "2019-06-15",
            "review": "Great location, near tube station and nice environment. Room is clean and tidy. But the range hood doesn't work during my stay. The bedroom close to road is a bit noisy. In general, this is a great choice for visitors."
        },
        {
            "name": "Daniel",
            "date": "2019-06-23",
            "review": "Had a great stay with nikki. The neighborhood is great and it was so convenient to get to the tube to access all of London"
        },
        {
            "name": "Gretta",
            "date": "2019-06-30",
            "review": "Stylish & comfortable apartment, located very conveniently to public transport & local amenities.. Attentive hosts..  Had a great time!"
        },
        {
            "name": "Daniel",
            "date": "2019-07-07",
            "review": "Stunning apartment in the heart of Pimlico! Very stylish decor, nice touches and a bottle of fizz on arrival with a personal note! Cracking stay... Thank you!"
        },
        {
            "name": "Neil",
            "date": "2019-07-28",
            "review": "Good location close to some good coffee shops. Nicely presented lower ground apartment - shame it rained as courtyard looked nice"
        },
        {
            "name": "\u51b0",
            "date": "2019-08-04",
            "review": "\u975e\u5e38\u597d\u7684\u623f\u5b50\uff0c\u8d70\u8def\u5230\u5927\u672c\u949f\u548c\u4f26\u6566\u773c20\u5206\u949f\u5de6\u53f3\u3002\u623f\u4e1c\u4e5f\u5f88\u8d1f\u8d23\u3002\u603b\u4e4b\uff0c\u8fd9\u6b21\u4f26\u6566\u4e4b\u884c\uff0c\u5f88\u6109\u5feb\uff0c\u8c22\u8c22\u623f\u4e1c\u3002"
        },
        {
            "name": "Brandon",
            "date": "2019-08-09",
            "review": "We really enjoyed this place on our recent trip to London. Great location near the Pimlico station with lots of good food options within walking distance. Very prompt communication and clear check-in/check-out instructions made for an easy, pleasant stay."
        }
    ]
}