{
    "id": 33710497,
    "listing_url": "https://www.airbnb.com/rooms/33710497",
    "name": "Perfect flat to explore the highlights of London!",
    "description": "Our flat is the perfect place to base yourself for your holiday in London! Located centrally, close to the river Thames with easy access to all the highlights of London! <br /><br />Within 5 minutes walk from three tube stations (Southwark, Waterloo and Elephant and Castle), we are well connected to all major tube lines,  overground trains (to the coast) and many bus routes.<br /><br />Everything in our flat is available for you to use, all we ask is you respect our home.",
    "host_name": "Emily",
    "host_id": 30128389,
    "host_url": "https://www.airbnb.com/users/show/30128389",
    "host_picture_url": "https://a0.muscache.com/im/pictures/user/2a09cbaf-9844-4c89-91f2-c2d4fe6e80d4.jpg?aki_policy=profile_x_medium",
    "neighbourhood_cleansed": "Southwark",
    "latitude": 51.50081,
    "longitude": -0.10331,
    "property_type": "Entire rental unit",
    "room_type": "Entire home/apt",
    "accommodates": 2.0,
    "bathrooms": 1.0,
    "beds": 1,
    "price": 140.0,
    "numbers_of_review": 10,
    "review_scores_rating": 4.7,
    "reviews": [
        {
            "name": "Jack",
            "date": "2019-04-23",
            "review": "This flat really was the perfect place for our weekend in London! It\u2019s exactly as it looks in the pictures and close to all the sites we wanted to visit! <br/>Emily was also very helpful in recommending local places for us to eat and kindly accommodated a late check-out so we could make as much of our time in London as possible! <br/>Would highly recommend for any couples looking for somewhere to stay in London!"
        },
        {
            "name": "Kameca",
            "date": "2019-05-05",
            "review": "Lovely apartment! Great comfy space and Emily was a very helpful host. Would definitely recommend staying also not too far from local attractions."
        },
        {
            "name": "Jordan",
            "date": "2019-07-02",
            "review": "This flat was an outstanding place to stay. There was no air conditioning and the hostess went above and beyond, providing a fan on a hot weekend. They also included a bottle of wine complimentary. The place was very modern and secure with a great location. We would highly recommend a stay here."
        },
        {
            "name": "Natalie",
            "date": "2019-07-06",
            "review": "Great flat with plenty of space for two people.  Emily's instructions for getting to the flat and for picking up the keys was very clear as easy to navigate."
        },
        {
            "name": "Melinda",
            "date": "2019-09-30",
            "review": "Great space and location. Easy to navigate and Emily's instructions are very clear and helpful. Nice amenities (although I had to search online for instructions on the washer/dryer bc it is very different!) and it was a very comfortable place to stay while exploring London for a week."
        },
        {
            "name": "Ryan",
            "date": "2019-10-03",
            "review": "Emily has a great place with a great location.  There was a list of wonderful recommendations with a a map.  Check in and out was super easy. Only hiccup was an issue with the cleaner not doing a good job prior to arrival, which was due to the regular one not being available. Emily was very apologetic and refunded us our cleaning fee which was the appropriate gesture."
        },
        {
            "name": "Lisa",
            "date": "2019-10-06",
            "review": "A stylish and comfortable flat in a great location, you are within walking distance of south bank and near to many different modes of transport. We really enjoyed our stay there."
        },
        {
            "name": "Jamie",
            "date": "2020-01-15",
            "review": "Superb flat in a great location. Host was very flexible and gave clear concise instruction"
        },
        {
            "name": "Manon",
            "date": "2022-04-13",
            "review": "appartement tr\u00e8s bien situ\u00e9, central mais calme, avec tous les \u00e9quipements n\u00e9cessaires et - ce qui ne g\u00e2che rien - avec un tr\u00e8s bon lit ! merci a Emily pour son accueil !"
        },
        {
            "name": "Charles",
            "date": "2022-04-17",
            "review": "Good place to stay."
        }
    ]
}