{
    "id": 34173146,
    "listing_url": "https://www.airbnb.com/rooms/34173146",
    "name": "The Armadale Road Residence III",
    "description": "Bright Fulham Studio Apartment just a short walk to local shops and cafes.<br /><br /><b>The space</b><br />A modern and cosy flat, perfect to accommodate 2 persons. The property is located next to lots of shops, bars and restaurants of Fulham Broadway and North End Road. There are plenty of bus routes from Fulham Broadway to Central London<br /><br />In the studio, there is a small dining table that can sit up to 2 people. The kitchen area is equipped with a handy double electric stovetop, microwave and electric kettle, ideal for quick meals and snacks.<br /><br />The studio is equipped with a double size bed and it comes with a modern bathroom equipped with a shower cubicle.<br /><br />The apartment also comes with the following complimentary package provided by City Relay:<br />- Quality Linen and Towels<br />- Hotel-Style Toiletries<br />- Tea, coffee and cream milk<br /><br /><b>Guest access</b><br />You will have access to the whole property. <br />Linen, bed sheets, body lotion ",
    "host_name": "City Relay",
    "host_id": 1432477,
    "host_url": "https://www.airbnb.com/users/show/1432477",
    "host_picture_url": "https://a0.muscache.com/im/pictures/user/a4617638-5d7d-4efb-807c-8fa545f1a4ab.jpg?aki_policy=profile_x_medium",
    "neighbourhood_cleansed": "Hammersmith and Fulham",
    "latitude": 51.48171,
    "longitude": -0.20115,
    "property_type": "Entire condo",
    "room_type": "Entire home/apt",
    "accommodates": 2.0,
    "bathrooms": 1.0,
    "beds": 1,
    "price": 97.0,
    "numbers_of_review": 14.0,
    "review_scores_rating": 4.21,
    "reviews": [
        {
            "name": "Victor",
            "date": "2019-06-01",
            "review": "The apartment is a just a regular hotel sized room which is smaller than it looks from the picture. The cooking amenities are very basic, and there's no cooker hood so not suitable for any serious cooking. But that is all just fine.<br/>The real problem is that the room is right beside the busiest road of the area which makes it extremely noisy. There are stores and markets so there are constantly large vehicles loading and unloading, especially when it is in late night or in the morning. What is worse is that the quality of the windows are not so good so there is no soundproof whatsoever. All the noise comes straight into the room. If you decide to stay here, bring earplugs so that you can sleep."
        },
        {
            "name": "Grace",
            "date": "2019-06-16",
            "review": "The GOOD:<br/>- The room is very clean; clean beddings. <br/>- The room is close to transit<br/>The UGLY<br/>- The room is EXTREMELY noisy from all the garbage & delivery trucks, buses, motor bikes, cars, market, homeless people etc. even at night (24hrs). <br/>- The room is quite small<br/>- There is a noisy farmers' & fish market on the street."
        },
        {
            "name": "Jessica",
            "date": "2019-09-14",
            "review": "Really cute small flat. The next Underground station is right around the corner and it\u2019s a great place for a short trip. Everything was clean. During the night it can get quite noisy because the apartment is next to a busy street. If you don\u2019t mind some car noises while you\u2019re sleeping this is a great place to stay at."
        },
        {
            "name": "Sigvards",
            "date": "2019-10-08",
            "review": "Great place. Cozy studio type flat. Ideal for short stays."
        },
        {
            "name": "Gabriela",
            "date": "2020-07-12",
            "review": "Very cozy and clean apartment, I really liked it."
        },
        {
            "name": "Katherine",
            "date": "2020-08-15",
            "review": "Great little apartment and perfect location. Totally out of their control but I wouldn\u2019t recommend staying during a UK heatwave, it was unbearably hot! They do provide a fan though."
        },
        {
            "name": "Ayfer",
            "date": "2021-05-14",
            "review": "Good service by City relay at contactless check in check out, good communication, comfortable, airy, bright flat, good location. Would recommend"
        },
        {
            "name": "Lucy",
            "date": "2021-07-03",
            "review": "City Relay go above and beyond to accommodate."
        },
        {
            "name": "Allison",
            "date": "2021-11-13",
            "review": "The location is great and it is close to the underground. The bed is extremely comfortable and the kitchen is big enough for cooking meals. There were a few unclean dishes, presumably from previous guests, that got mixed in with clean items. We had no problem with checkin or checkout."
        },
        {
            "name": "Jane",
            "date": "2021-11-22",
            "review": "Good space,  pretty residential location with plenty of restaurants and shops just beyond the front door. Short walk from the tube to get into the city."
        }
    ]
}