{
    "id": 34392008,
    "listing_url": "https://www.airbnb.com/rooms/34392008",
    "name": "The Hatton - Ground Floor Apartment 1",
    "description": "*Please note we only take reservations of guest that are over the age of 25  <br /><br />Ground floor one-bedroom apartment close to London's Heathrow Airport, perfect for an early morning flight, a long layover or when visiting London and its surroundings.<br />*Self-check-in from 3pm <br />*Self-check-out by 11am<br />*Ground floor.<br />*Twin beds can be put together to form 1 king-size bed (please request this in advance)<br />*FREE Wi-Fi<br />*Fully equipped Kitchen.<br />*FREE parking available - subject to availability<br /><br /><b>The space</b><br />**Ground floor apartment** - no stairs to climb with heavy luggage.<br /><br />CHECK-IN / CHECK-OUT<br />Self check-in & self-service concept: virtual host available 24/7 via messenger, phone or live-chat. Early check-in and late check-out possible upon request and availability. <br /><br />ADDITIONAL GUESTS<br />Every additional adult OR child is considered as an extra guest and does cost just a little extra (please select the cor",
    "host_name": "Robin Door",
    "host_id": 35424755,
    "host_url": "https://www.airbnb.com/users/show/35424755",
    "host_picture_url": "https://a0.muscache.com/im/pictures/user/2c831323-95d1-4a0a-a002-8fd727885cf6.jpg?aki_policy=profile_x_medium",
    "neighbourhood_cleansed": "Hounslow",
    "latitude": 51.46216,
    "longitude": -0.42786,
    "property_type": "Entire serviced apartment",
    "room_type": "Entire home/apt",
    "accommodates": 4.0,
    "bathrooms": 1.0,
    "beds": 3,
    "price": 203.0,
    "numbers_of_review": 15.0,
    "review_scores_rating": 4.2,
    "reviews": [
        {
            "name": "Erwan",
            "date": "2019-06-16",
            "review": "Logement moderne et tr\u00e8s propre, bonne exp\u00e9rience"
        },
        {
            "name": "Marcel",
            "date": "2019-10-31",
            "review": "Perfect place to stay"
        },
        {
            "name": "Tom",
            "date": "2020-12-08",
            "review": "Convenient little flat, has everything you\u2019d need - location is good and the bed was comfy."
        },
        {
            "name": "Scott",
            "date": "2021-01-22",
            "review": "Great location<br/>Comfortable <br/>Host is quick with communication <br/>Would use again"
        },
        {
            "name": "Justin",
            "date": "2021-01-25",
            "review": "Good communication from the hosts.<br/>Easily accessible and easy to find.<br/>Enclosed garden is a nice bonus."
        },
        {
            "name": "Lynne",
            "date": "2021-02-02",
            "review": "Good communication. Allowed us to get into the property early. There was a fee for this but reasonable.  Very close to Heathrow & grocery."
        },
        {
            "name": "Tina",
            "date": "2021-04-12",
            "review": "Super convenient for Heathrow. Quiet spot (FYI this was during lockdown)."
        },
        {
            "name": "Charles",
            "date": "2021-04-14",
            "review": "Fantastic stay and will be back very helpful host quick at replying"
        },
        {
            "name": "David",
            "date": "2021-04-19",
            "review": "The apartment is beautiful and has a private garden which you can sit outside if you wanted to.   It is close to Heathrow but you do not hear the noise (unless the windows open obviously).   The host responds quickly and very helpful. We had a problem with the heating and within ten mins it was sorted.  It was very clean and had parking on-site which is very helpful. Overall a great place"
        },
        {
            "name": "Cynthia",
            "date": "2021-04-27",
            "review": "Convenient location and responsive host. This apartment has everything you would need for an overnight stay. It is very well-equipped. It\u2019s so close to the airport and near a pub restaurant that was great for the family."
        }
    ]
}