{"id": 34529429, "listing_url": "https://www.airbnb.com/rooms/34529429", "name": "Stylish one bed oasis in SW London with garden", "description": "A stylish and cosy oasis in South West London with excellent transport links.  <br />Its a rare find with idyllic outdoor facilities to catch those last few rays of sunshine on the balcony or in the garden after a long day exploring all that the city has to offer or watching the tennis.<br /><br /><b>The space</b><br />The flat has all the amenities you will need, or just ask if there is anything specific and I will try to accomodate you. <br />It has its own entrance and off street parking if required.", "host_name": "Emma", "host_id": 152973179, "host_url": "https://www.airbnb.com/users/show/152973179", "host_picture_url": "https://a0.muscache.com/im/pictures/user/d14d493f-881e-4161-b7fe-b2a3b073180d.jpg?aki_policy=profile_x_medium", "neighbourhood_cleansed": "Wandsworth", "latitude": 51.43262, "longitude": -0.18212, "property_type": "Entire rental unit", "room_type": "Entire home/apt", "accommodates": 2.0, "bathrooms": 1.0, "bedrooms": 1, "beds": 1, "amenities": ["Essentials", "Wifi", "Coffee maker", "Hot water", "Washer", "Backyard", "Free parking on premises", "TV", "Smoke alarm", "Hair dryer", "Private entrance", "Carbon monoxide alarm", "Hangers", "Kitchen", "Heating", "Dishes and silverware"], "price": 95.0, "numbers_of_review": 2, "review_scores_rating": 5.0, "reviews": [{"name": "Peter", "date": "2019-07-31", "review": "The flat is exactly as your host describes it. It is indeed a stylish flat, with a number of thoughtful touches we really appreciated (eg the balcony, the little garden, the wifi and - for our first time - Netflix). Emma is a very thoughtful host, who communicated swiftly and fully with us and went the extra mile to make our stay comfortable and enjoyable. The flat is small and even with a balcony was warm during a heatwave (admittedly London's highest temperature ever) but it is perfect for two people. It is reasonably well served by public transport - we learned to use the several bus routes that pass within a couple of hundred yards - and there are shops and restaurants nearby. It was pretty much a perfect base for us - thanks, Emma!"}, {"name": "Peter", "date": "2019-08-15", "review": "This is a very compact but well-appointed flat with a nice balcony facing west. It's on half a dozen bus routes and within 10-15 minutes of three railway stations (and there's a hire car depot 5 minutes away). Emma did a great deal to make our stay as easy as she could and we would certainly urge you to consider her place. Summerstown is not the most glamorous suburb, but this is indeed a stylish flat. We were glad to use it as our London base for a month."}]}