{
    "id": 34648138,
    "listing_url": "https://www.airbnb.com/rooms/34648138",
    "name": "Stratford wonderful apartment",
    "description": "This Wonderfullly apartment is  neutrally decorated, with a fully integrated kitchen, wooden floors and fitted wardrobes. There is under floor heating throughout and this home comes with a private skygarden.<br /><br />Walk distance to Westfield( No1 largest shopping mall) /Car rental/ Supermarket/<br />7 minutes train to Eurostar ( St Pancras Station)<br />24 hour security",
    "host_name": "He",
    "host_id": 257985447,
    "host_url": "https://www.airbnb.com/users/show/257985447",
    "host_picture_url": "https://a0.muscache.com/im/pictures/user/1cc6079c-4965-43a9-a4a5-633e9984d6cf.jpg?aki_policy=profile_x_medium",
    "neighbourhood_cleansed": "Newham",
    "latitude": 51.54499,
    "longitude": -0.00461,
    "property_type": "Private room in rental unit",
    "room_type": "Private room",
    "accommodates": 2.0,
    "bathrooms": 1.0,
    "beds": 1,
    "price": 70.0,
    "numbers_of_review": 5,
    "review_scores_rating": 4.0,
    "reviews": [
        {
            "name": "John",
            "date": "2019-06-02",
            "review": "Perfect stay! Brilliant location (near Stratford station and Olympic Park) , beautiful apartment and He was a lovely, very friendly host. Communication was good throughout the whole process. Would definitely stay again."
        },
        {
            "name": "Brigitte",
            "date": "2019-06-24",
            "review": "A nice place"
        },
        {
            "name": "Mary Ann",
            "date": "2019-07-10",
            "review": "This was our first Airbnb experience and it exceeded all our expectations.   Our host family did everything to make us feel at home. The apartment is immaculate and the \u201csun garden\u201d is a lovely space for morning coffee and late night chilling. The location is great for trains and buses. The massive mall is great for quick meals and you can easily walk afterwards around the Olympic Park.  Enjoy!"
        },
        {
            "name": "Calum",
            "date": "2019-08-04",
            "review": "Very good location but very expensive for what it is. Very much getting just a room with access to a kitchen. Quite noisy as so close to Stratford station"
        },
        {
            "name": "\u897f\u98ce",
            "date": "2019-08-07",
            "review": "\u4f4d\u7f6e\u597d\uff0c\u4ea4\u901a\u4fbf\u5229\uff0c\u5f88\u68d2\u7684\u516c\u5bd3\uff0c\u623f\u95f4\u5f88\u65b0\u5f88\u5e72\u51c0\uff0c\u6709\u5ba2\u5385\u53a8\u623f\uff0c\u5c45\u7136\u8fd8\u6709\u4f11\u95f2\u7684\u9732\u53f0\uff01\u623f\u4e1c\u662f\u4e2a\u7f8e\u5973\u535a\u58eb\uff0c\u4eba\u5f88nice\uff0c\u6709\u673a\u4f1a\u8fd8\u4f1a\u63a8\u8350\u670b\u53cb\u6765\u4f4f\u3002"
        }
    ]
}