{
    "id": 34702730,
    "listing_url": "https://www.airbnb.com/rooms/34702730",
    "name": "Large & Bright 1 Bedroom / Open-Plan Flat - London",
    "description": "Entire flat with free on street parking located in Thornton Heath, South London. The flat is a maisonette on two floors with a large open plan kitchen/diner and living room space, and downstairs shower room. Upstairs is a big and bright double room plus 2nd bathroom with shower/bath, plus large rear garden. The flat is less than 5 min walk to Thornton Heath station with good transport links into central London station, East Croydon, and Gatwick Airport.<br /><br /><b>The space</b><br />The space has all the homely features that you are welcome to use, including all kitchen items for cooking. TV, DVD player, Apple TV/Netflix available in the living room.<br />Please use as a home from home whilst you are staying in the property!<br /><br /><b>Guest access</b><br />The property is a 2-bed maisonette over two floors. You will have use of one of the bedrooms as well as Living room, Kitchen, Bedroom, 2 x bathrooms, Garden/Patio. The 2nd bedroom is mine and therefore not for use (I will not ",
    "host_name": "Joanne",
    "host_id": 20362744,
    "host_url": "https://www.airbnb.com/users/show/20362744",
    "host_picture_url": "https://a0.muscache.com/im/pictures/user/eecc2618-27ae-4da5-9a6f-348050755c3c.jpg?aki_policy=profile_x_medium",
    "neighbourhood_cleansed": "Croydon",
    "latitude": 51.40373,
    "longitude": -0.10158,
    "property_type": "Entire rental unit",
    "room_type": "Entire home/apt",
    "accommodates": 2.0,
    "bathrooms": 2.0,
    "beds": 1,
    "price": 50.0,
    "numbers_of_review": 29.0,
    "review_scores_rating": 4.76,
    "reviews": [
        {
            "name": "Marc",
            "date": "2019-05-30",
            "review": "Really brilliant property. Ideally close to the train station for easy journeys to Central London, apartment is spacious, well equipped, clean and beautifully light; big back windows overlook a large green garden and light streams in all day. Really a great place to stay."
        },
        {
            "name": "Juani",
            "date": "2019-06-02",
            "review": "Muy recomendable."
        },
        {
            "name": "John",
            "date": "2019-06-06",
            "review": "Really nice and stylish apartment. Very close to the station with direct trains to Victoria. Host is great and so helpful. I\u2019d highly recommend a stay here."
        },
        {
            "name": "J\u00e9ssica",
            "date": "2019-06-08",
            "review": "Amazing!"
        },
        {
            "name": "Dwi",
            "date": "2019-06-10",
            "review": "I had such a great experience staying in Joanne's place. It was lovely, clean, comfy, and almost anything you need will be there. Just one thing, the floor and wall was quite thin, so you could easily hear every steps from neighbor on the upper floor."
        },
        {
            "name": "Cevik",
            "date": "2019-06-24",
            "review": "Joanne was a great host from the start. Her place is beautiful, very light, bright and comfy. Open plan and beautifully styled with every amenity, we had a proper home from home and more. Would highly recommend."
        },
        {
            "name": "\uc774\ubbfc\uc774",
            "date": "2019-07-01",
            "review": "\ud638\uc2a4\ud2b8\ubd84 \uc5f0\ub77d \uc798 \ub418\ub294 \ud3b8\uc785\ub2c8\ub2e4 \uc9d1\uc740 1\uce35\uc778\uc904 \uc54c\uc558\ub294\ub370 \uc57d\uac04 \ubc18\uc9c0\ud558\uc5d0 \uc704\uce58\ud574\uc788\uc5b4\uc694 \uadf8\ub807\uc9c0\ub9cc \ud574\ub294 \uc798 \ub4e4\uace0 \uc55e\uc5d0 \ud14c\ub77c\uc2a4\uc5d0 \uc791\uc740 \ub9c8\ub2f9\ub3c4 \uc788\uc5b4\uc694 \uadfc\ub370 \uc774 \ub9c8\ub2f9\uc5d0 \uc544\uce68\ub9c8\ub2e4 \uae38\uc5ec\uc6b0\uac00 \ub2e4\uc12f\ub9c8\ub9ac\uc815\ub3c4 \ub180\ub7ec\uc640\uc694 \uc0ac\ub78c\uc744 \ubcf4\uba74 \ub3c4\ub9dd\uac00\uae34 \ud558\ub294\ub370 \uc870\uae08 \ubb34\uc11c\uc6cc\uc694 2\uce35\uc5d0 \ubc292\uac1c \ud654\uc7a5\uc2e41\uac1c \uc788\ub294\ub370 \ubc291\uac1c\ub294 \ud504\ub77c\uc774\ube57\ub8f8\uc774\ub77c \uac8c\uc2a4\ud2b8\uac00 \uc4f8\uc218 \uc5c6\uc5b4\uc694 \ud654\uc7a5\uc2e4\ub3c4 \uac8c\uc2a4\ud2b8 \uc804\uc6a9\uc740 1\uce35\uc774\uc5d0\uc694 \uadf8\ub9ac\uace0 \ub3d9\ub124\uc5d0 \ub3d9\uc591\uc778\uc740 \uc6b0\ub9ac\ubfd0\uc774\ub77c \uc9c0\ub098\ub2e4\ub2d0\ub54c \uc0ac\ub78c\ub4e4\uc774 \ub9ce\uc774 \uccd0\ub2e4\ubd10\uc694 \uc9d1 \uc55e\uc5d0 \ub9c8\ud2b8\ub294 \uac00\uae4c\uc6b4\ud3b8\uc774\uc9c0\ub9cc \uac00\ub294\uae38\uc774 \uc870\uae08 \ubb34\uc11c\uc6cc\uc694 \uc5f4\ucc28\ub3c4 \uac00\uae4c\uc774\uc5d0 \uc788\uc9c0\ub9cc \ub7f0\ub358 \uc2dc\ub0b4\uae4c\uc9c0 1\uc2dc\uac04\ubc18 \uc7a1\uace0 \uac00\uc2dc\ub294\uac8c \uc88b\uc544\uc694 \uadf8\ub9ac\uace0 \uc9d1\uc73c\ub85c \ub3cc\uc544\uc62c\ub54c \ub7f0\ub358 \uc2dc\ub0b4\uc5d0\uc11c \uc624\ud6c4 7\uc2dc\uc5d0 \ucd9c\ubc1c\ud574\ub3c4 \uc5f4\ucc28\uc9c0\uc5f0\uc774 \ub108\ubb34 \uc790\uc8fc \uc788\uc5b4\uc11c \uac70\uc758 10\uc2dc\ucbe4 \ub3c4\ucc29\ud588\uac74\uac83 \uac19\uc544\uc694 \uc138\ud0c1\uae30\ub294 \uc788\uc9c0\ub9cc \uc138\uc81c\uce78\uc5d0 \ucc0c\ub4e0\ub54c\uac00 \uc2ec\ud574 \ud55c\ubc88\ub3c4 \uc0ac\uc6a9 \ubabb\ud558\uace0 \uc190\ube68\ub798 \uc5f4\uc2ec\ud788 \ud588\uc5b4\uc694 \ub9c8\uc9c0\ub9c9\uc73c\ub85c \uc9d1\uc548 \uacf3\uacf3\uc5d0 \ub2e4\uc591\ud55c \ud06c\uae30\uc758 \uac70\ubbf8\uac00 \uc0b4\uace0\uc788\uc5b4\uc694 \uc9d1\uc5d0 \uba38\ubb34\ub294\ub3d9\uc548 \ube44\uc5fc\uc73c\ub85c \uace0\uc0dd \ub9ce\uc774\ud588\uc5b4\uc694."
        },
        {
            "name": "Marc",
            "date": "2019-07-06",
            "review": "This really is the most beautiful, airy, well lit place to stay a while. I hesitate to be too glowing about it only because it's likely to make it more difficult to  reserve for future dates! This is my second time staying here and it's extremely comfortable, brilliantly situated for access to all London and simultaneously very private. Joanne is a great host, friendly, helpful and attentive and communicates quickly.<br/>Would hugely recommend a stay here. Just not when I want to!"
        },
        {
            "name": "Rakibul",
            "date": "2019-07-13",
            "review": "We had a family trip with my wife and 1.5-year-old kid for one week. We liked Joanne's place. My younger brother was already visiting in London and stayed with us for three days. It is modern and nicely decorated. It is located at a walking distance from the train station from where train goes to central London. Joanne was very quick at responding to my messages. <br/>Unfortunately, we could not use the wifi in her place because of an unfamiliar technical problem. She tried her best to troubleshoot by advising me and letting me reset the router but it was out of her control. However, she has compensated by not charging any extra rent for my brother who stayed with us for 3 days during our 1-week stay.   <br/>Though she did not accuse us and was very polite in checking with us few things after our departure, we still felt embarrassed and sorry after hearing that she missed two of her towels, a lid of the trash bin and a wine glass! Unfortunately, we have no clue what has happened with those items. We did not use any wine glass during our entire stay. We used only water glasses and coffee mug. We cleaned them after using and kept those in the place from where we took them. We used the towels that were kept for guest uses and should be found hanging in the bathroom after we left. We do not remember seeing any lid for the bin! <br/>She has rightly mentioned that we forgetfully left one of our umbrella, a newly bought hat, and two toy cars! We are extremely sorry for leaving those items unintentionally! She also found two towels that she said not her! We don\u2019t think those are ours as we do not miss any towels. We have double checked our luggage and closets to make sure that we have not carried her towels instead of ours but we did not found any thing that were not ours!"
        },
        {
            "name": "Sibtain",
            "date": "2019-07-15",
            "review": "Joanne's place is very clean and feels like a home away from home. She has an excellent taste in interior decor and the house feels very warm, cozy and homely. Communication with Joanne was very quick, checking in and out was very easy and we didnt have any problems finding parking on the street. Train station is less than 5 mins walk and you can be in Central London in half an hour. Great place to stay when visiting London. We'll happily stay in Joanne's  place again"
        }
    ]
}