{
    "id": 35001763,
    "listing_url": "https://www.airbnb.com/rooms/35001763",
    "name": "Affordable Archway Double Room",
    "description": "Renting a DOUBLE room in Archway from Aug. <br /><br />Internet + bills included<br />With Living room<br />10 minutes from Archway Station<br /><br /><b>The space</b><br />Cozy and very spacious",
    "host_name": "Muhammad Hasan Bin",
    "host_id": 263696358,
    "host_url": "https://www.airbnb.com/users/show/263696358",
    "host_picture_url": "https://a0.muscache.com/im/pictures/user/013d7c96-ca33-4277-b089-88150af64bc5.jpg?aki_policy=profile_x_medium",
    "neighbourhood_cleansed": "Islington",
    "latitude": 51.57171,
    "longitude": -0.13048,
    "property_type": "Private room in home",
    "room_type": "Private room",
    "accommodates": 1.0,
    "bathrooms": 1.5,
    "beds": 1,
    "price": 20.0,
    "numbers_of_review": 1,
    "review_scores_rating": 5.0,
    "reviews": [
        {
            "name": "\u541b\u6155",
            "date": "2019-06-09",
            "review": "The room is cozy and clean, and near the station."
        }
    ]
}