{
    "id": 3501702,
    "listing_url": "https://www.airbnb.com/rooms/3501702",
    "name": "Broadway Market Designer Apartment",
    "description": "A large, spacious warehouse style apartment with high ceilings, situated in the heart of trendy Hackney,  beside the Regents Canal, just round the corner from vibrant Broadway Market. An ideal place to relax and explore the East End of London.<br /><br /><b>The space</b><br />A very cool space which is unusual for the east end- we are lucky to be near all the lovely green spaces of Victoria Park and London Fields (literally up the road) and have fantastic Broadway Market right on your doorstep. Saturday is lots of fun as we have a vibrant market selling everything from artisan coffee, bread to flowers and clothes. A bike ride away (hire-bikes available at the top of the street) is central London (covent green is 25 -35 minute ride away) or you can hop on the tube( 15 minute walk)  and explore the whole of London.<br /><br />Please note the bedroom is located on a mezzanine level which is reached by a step ladder.<br /><br /><b>Guest access</b><br />Access is to the whole flat.",
    "host_name": "Paul",
    "host_id": 11542660,
    "host_url": "https://www.airbnb.com/users/show/11542660",
    "host_picture_url": "https://a0.muscache.com/im/users/11542660/profile_pic/1391195074/original.jpg?aki_policy=profile_x_medium",
    "neighbourhood_cleansed": "Tower Hamlets",
    "latitude": 51.53366,
    "longitude": -0.0604,
    "property_type": "Entire loft",
    "room_type": "Entire home/apt",
    "accommodates": 3.0,
    "bathrooms": 1.0,
    "beds": 1,
    "price": 110.0,
    "numbers_of_review": 49.0,
    "review_scores_rating": 4.52,
    "reviews": [
        {
            "name": "Dana",
            "date": "2014-07-15",
            "review": "Lovely spot. Great location. "
        },
        {
            "name": "Vea",
            "date": "2014-08-24",
            "review": "Very warm host and really helpful during our stay! The studio is absolutely stunning and I love it! Convenient location and the neighborhood has everything u need including some artistic shops and graffitis! Recommend!  "
        },
        {
            "name": "Sarah",
            "date": "2014-09-22",
            "review": "Fab apt in a fantastic location.  Hosts on hand to hand over keys & help with parking at our inconvenient (late night) arrival time. Boris bikes metres away so you can cycle the canal tow paths or local  parks. 3 modes of public transport on hand for ventures around London. Apt is in latest hipster hotspot & trendy east end is walkable. "
        },
        {
            "name": "Phlori",
            "date": "2014-10-06",
            "review": "paul gave us a warm welcome and explained everything as needed. he prepared a nice book with all additional informations.\r<br/>the flat is as described and was clean as you would expect. \r<br/>\r<br/>we had a great stay and will come back."
        },
        {
            "name": "Tom",
            "date": "2014-11-03",
            "review": "This was such a great space - Tamsin and Paul have really good taste and have really created something special here. Their design flair is apparent everywhere you look. The apartment is right on lovely Regents canal, a stones throw from buzzy Broadway Market, and walking distance from Shoreditch, so you couldn't wish for a better East London location. "
        },
        {
            "name": "Bernice",
            "date": "2014-11-18",
            "review": "Although we missed each other for the key pick up, my host organized for the keys of the flat to be available down the road at a bar.  They did pop round the following morning, it was nice to put a face to their home.  I loved the area for Broadway Market on Saturdays, truly a great place to wonder around from stall to stall and try out local fare.  The flat is as seen in the pictures - it's a converted studio space, with a mezzanine-loft addition, for the bedroom.  Not for the elderly/young or those with poor balance, as you have to climb up a ladder in quite a small space.  It's a unique and original place to stay, the hosts offer their design magazines to read, and they have a wonderful collection of mid-century furniture, which greatly adds to the character of this studio.  They also have a great folder with writes up on where, how and their favorite places to go, as well as a welcome bar of chocolate and coffee.  The only negative I would say is that it wasn't quite as clean as I would have liked it to be (I'm very fussy on that front though!) , the bathroom sink needs to be replaced, as the cracks in it are rather unsavory.  My hosts were also super flexible about having my niece stay with me for a couple of days, which I was grateful for and accommodated her on their sofa.  Thanks for a great stay :)"
        },
        {
            "name": "Jill",
            "date": "2015-01-06",
            "review": "This is a very cool flat in a great, non-touristy neighbourhood. It is just a block away from Broadway, which hosts a great market on Sundays, and some very neat shops all other days. There is also a Sainsbury's nearby, as well as many local restaurants and pubs. <br/>The flat itself has some great mid-century mod furniture, and an amazing collection of books and magazines. The nearest tube station is a 15 minute walk from the flat, once on the tube you can be at St. Paul's Cathedral in 10 minutes. <br/>The water pressure isn't strong, so washing long hair can be a bit tricky. <br/>A neat place to stay if you're looking for something out of the touristy areas, but close enough to still be a tourist. "
        },
        {
            "name": "Jan",
            "date": "2015-02-09",
            "review": "I had a really nice stay in the Apartment: It's well furnished, spacious and comes with everything you'd need. The neighborhood with all it's opportunities to enjoy your time is also great.\r<br/>I would come back anytime!"
        },
        {
            "name": "Ciara",
            "date": "2015-02-17",
            "review": "This was my first time using airbnb and as much as I had heard it was all fine and safe until I had tried and tested it myself I was a little nervous. I am happy to report that Tamsin and Paul are trusted hosts on the website and I had absolutely no problems when dealing with them. I would recommend them to anyone.<br/>Once I arrived a very friendly pal of theirs met me to give me the keys as they could not make it. He was very nice and helpful and made us feel welcome. The place itself is exactly as it looks in the pictures if not nicer as there is more furniture. I loved the style of the apartment and you can tell Tamsin and Paul have great taste. <br/>It's in a really buzzing area as I already knew myself as I lived around the corner before and knew the area well. If you don't know London well I would urge you to steer clear of Central London and try experience the outer boroughs to see what they have to offer. Hackney is so quirky and has so many great places to explore. It's a lot more interesting than Central London in my opinion. And it's a great place to people watch! <br/>The shower was a little tricky however manageable and I know they are having a new one put in soon which should erase all issues. The apartment was a little cold but it warms up very fast and there are many rugs provided to wrap up in until then. <br/>I loved how the bedroom was hidden. It was so cosy, secluded and visually beautiful we both found it hard to get out of it in the mornings!<br/>The kitchen had little amenities in which we could use like jam and oil etc. and there was towels and loo roll etc provided. All making the stay a little easier and more welcoming. <br/>There is a shutter which you can close at night which made me feel very safe. <br/>My only warning would be about the ladder. It's not screwed into the top so it can move out as you are climbing up and down. This is a little dangerous esp with a few drinks in however if you are just aware at all times it is fine. We had no accidents anyway and I'm an extremely clumsy person at the best of times! <br/>All in all the place made our stay so special. We had a fantastic time and we are planning a trip to come back again in the summer as we can't wait to get back! Thank you so much Tamsin and Paul for everything. :)"
        },
        {
            "name": "Matthias",
            "date": "2015-03-01",
            "review": "Unfortunately we hadn't the chance to meet Tasmin cause she had a busy week. \r<br/>The flat was very cool, even more that on the pictures, we didn't excepted that and we was very surprise. It feel very comfortable to be in this lovely accommodation. \"The studio\" is in a great location of London, bohemian neighbourhood. It feel very comfortable to be in this lovely accommodation. \r<br/>Thank you so much for welcome us Tasmin and see you for a next time "
        }
    ]
}