{"id": 35083063, "listing_url": "https://www.airbnb.com/rooms/35083063", "name": "Spacious and cosy 1 bedroom flat by the station", "description": "Spacious and cosy one bedroom flat with the balcony by Walthamstow Central underground station (Victoria line),  Walthamstow Central overground station in commercial and lively neighbourhood.<br />30 min from Stansted airport (Victoria line)<br />15 min from King\u2019s Cross & St Pancras stations (Victoria line)<br />20 min from Oxford Circus (Victoria line)", "host_name": "Selemauit", "host_id": 264272845, "host_url": "https://www.airbnb.com/users/show/264272845", "host_picture_url": "https://a0.muscache.com/im/pictures/user/7366d7b4-40ea-451a-a928-86ef3521cf7a.jpg?aki_policy=profile_x_medium", "neighbourhood_cleansed": "Waltham Forest", "latitude": 51.58301, "longitude": -0.0188, "property_type": "Entire rental unit", "room_type": "Entire home/apt", "accommodates": 4.0, "bathrooms": 1.5, "bedrooms": 1, "beds": 1, "amenities": ["Essentials", "Wifi", "Hot water", "Washer", "Shampoo", "TV", "Microwave", "Refrigerator", "Smoke alarm", "Hair dryer", "Private entrance", "Iron", "Hangers", "Kitchen", "Heating"], "price": 76.0, "numbers_of_review": 3, "review_scores_rating": 5.0, "reviews": [{"name": "Ali", "date": "2019-06-18", "review": "The place is clean and tidy, and most the description was accurate without any exaggerations. The location is unique, the subway station beside the the place."}, {"name": "Vicky", "date": "2019-06-22", "review": "Excellent apartment.  We will definitely stay in this apartment again when we go to London. Selem and Cedric were very kind , thoughtful, helpful  and give quick responses. Place is spatklingly clean and very close to the metro.  It is beyond our ecpectation."}, {"name": "\u00c1gi", "date": "2019-09-18", "review": "It was a perfect place to stay in London. Short term or long term! It was close to the center (20-30 min with underground) Tesco express at the corner, awesome bars pubs and shops even a cinema! A little market very very close with lots of veggies and fruits, souveniers. Rooms were comfy and clean. Couch is big enough for 2 or even 3 persons! And in the kitchen we found everything we needed for cook a meal. Highly recommended for travelleres who doesnt want to bring too much stuff from home, but its important for them to be in a place which feels like home! Thank you Selem! \u2665\ufe0f"}]}