{"id": 35153367, "listing_url": "https://www.airbnb.com/rooms/35153367", "name": "Historic gem in the heart of London", "description": "Amazing central London location, this cosy double room is available for both short and long term bookings in a house so rich in history there's a book written about it! Located at the top of the house, this quirky flat is full of rustic charm complete with kitchen, lounge, bathroom and balcony shared with one other person. Excellent transport connections. The flat is at the top of three flights of stairs.<br /><br /><b>The space</b><br />The house is over four-hundred years old and much of its original charm and soul remains. This does however lend itself to some rather quirky features and rustic charm - be prepared for sloping, creaky floorboards. There is a private music room on the ground floor, so don't be surprised if you hear opera singers as you enter the house!<br /><br /><b>Guest access</b><br />You will share the top floor flat with myself and have access to the lounge, kitchen, bathroom and balcony. Two other people live on the floor below, so you may see them passing throug", "host_name": "Helen", "host_id": 99185579, "host_url": "https://www.airbnb.com/users/show/99185579", "host_picture_url": "https://a0.muscache.com/im/pictures/user/c0df4a10-67b7-45f1-87b5-2e69905458fd.jpg?aki_policy=profile_x_medium", "neighbourhood_cleansed": "Camden", "latitude": 51.52247, "longitude": -0.11969, "property_type": "Private room in home", "room_type": "Private room", "accommodates": 2.0, "bathrooms": 1.0, "bedrooms": 1, "beds": 1, "amenities": ["Extra pillows and blankets", "Oven", "Fire extinguisher", "Hair dryer", "Hangers", "Dishes and silverware", "Luggage dropoff allowed", "Essentials", "Patio or balcony", "Shampoo", "Baking sheet", "Cooking basics", "Bed linens", "Carbon monoxide alarm", "Shower gel", "Wifi", "Heating", "Long term stays allowed", "Microwave", "Refrigerator", "Kitchen", "Stove", "Lock on bedroom door", "Hot water", "Washer", "Smoke alarm"], "price": 96.0, "numbers_of_review": 94.0, "review_scores_rating": 4.9, "reviews": [{"name": "Park", "date": "2019-06-07", "review": "It was nice!"}, {"name": "Nils", "date": "2019-06-10", "review": "A very nice stay at Helen\u2019s. The apartment is truly a gem, and the location is super. Also thanks Helen for a nice welcome and your friendliness!"}, {"name": "Aridhman", "date": "2019-06-13", "review": "Helens place was terrific. Great location. Lovely house. Communication was very good. Kitchen is well equipped. Highly recommended. Thanks Helen"}, {"name": "Jessica", "date": "2019-06-20", "review": "Helen\u2019s place is the top floor of a creaky house, full of quirks and charm. I had the floor to myself as she was away, so my early mornings with coffee in decorative mugs on the balcony at sunrise were very peaceful, and hopefully didn\u2019t wake the others in the lower floors. I was there for work so had no time to explore, but the neighborhood is quaint and dotted with good eats etc. If you don\u2019t need a modern hotel, highly recommended."}, {"name": "Laura", "date": "2019-06-24", "review": "A sunny room with a sunny host! Helen is thoughtful and kind, and so is the room. Do be prepared to go up several flights of steps upon arrival. The room itself is lovingly decorated, very spacious, with a desk space, a wardrobe, and a chest of drawers. The bed and pillows are so comfortable and cozy you might not want to leave! <br/>Visit Sir John Soane's Museum and the London Review Bookshop & Cake shop for some unusual treats nearby. <br/>Really truly cannot recommend Helen's room highly enough."}, {"name": "Evan", "date": "2019-06-30", "review": "This place is fantastic value in an unbeatable location, especially for museum lovers! A wonderfully quirky building with a lot of history. It's a good sized room, too. Note that since this is a very old building, be prepared for several flights of very creaky stairs (from the 1680s!). There are some other quirks too, such as the shower, which has an issue with temperature fluctuation (though perhaps this will be fixed soon...). However, we had a great experience overall, and Helen is a fantastic host: she's charming, friendly, helpful, and super easy to communicate with."}, {"name": "Claire", "date": "2019-07-07", "review": "Appartement impeccable, id\u00e9alement situ\u00e9 pour visiter Londres, propre, cocooning et confortable ! <br/>Helen est vraiment tr\u00e8s gentille et \u00e0 fait preuve d\u2019une tr\u00e8s bonne hospitalit\u00e9. (elle parle m\u00eame bien fran\u00e7ais !!) <br/>Notre s\u00e9jour \u00e9tait parfait, et l\u2019appartement et sa localisation ont vraiment contribu\u00e9 \u00e0 sa r\u00e9ussite <br/>Nous recommandons ++++++"}, {"name": "Fiona", "date": "2019-07-09", "review": "Helen is such a wonderful host and her apartment is really cute! I loved that it was in a big historic house in the centre of London. The bedroom was really big and spacious and the facilities were great. She helped me out with lots of recommendations for what to do, nothing was too much trouble. I felt very welcome, thanks Helen, hopefully I'll be able to come back soon! x"}, {"name": "Madi", "date": "2019-07-11", "review": "Helens place is truly one of a kind. It is in a perfect location within walking distance to cafes, restaurants and Soho. Helen went out of her way to make us feel at home, giving local tips and recommendations. The room was large, clean and comfortable and we would definitely stay again!"}, {"name": "Knut", "date": "2019-07-15", "review": "Charming place with a soul.  Excellent and friendly host. Near enough to central activity, but also to tranqulity. Surrounding area has many interesting pubs, cafes etc.  Very recomended airbnb for a stay in London."}]}