{"id": 35195514, "listing_url": "https://www.airbnb.com/rooms/35195514", "name": "Lovely Flat at Central London", "description": "This is a mezzanine flat in central London. The flat is 8 min away from the metro station - Finchley Road and 10 min from Hampstead, very well connected with  Camden Town!  <br /><br />There are many bars and restaurants in the area, and what's most important is that it's close to Big Ben, the London Eye, and the charming Nothing Hill!  Next to us is the beautiful Reagents Park.  You will fall in love in this area!<br /><br /><b>The space</b><br />Mezzanine flat, with the bedroom located upstairs. The apartment has an oven, hob, fridge, an electric kettle and a bathroom with a shower.<br /><br /><b>Guest access</b><br />Big garden on the back of building - great for a picnic!", "host_name": "Marietta", "host_id": 196402307, "host_url": "https://www.airbnb.com/users/show/196402307", "host_picture_url": "https://a0.muscache.com/im/pictures/user/790a1b56-c4a1-4269-ae22-15533583cf89.jpg?aki_policy=profile_x_medium", "neighbourhood_cleansed": "Camden", "latitude": 51.54928, "longitude": -0.1753, "property_type": "Entire rental unit", "room_type": "Entire home/apt", "accommodates": 3.0, "bathrooms": 1.0, "bedrooms": 1, "beds": 1, "amenities": ["Essentials", "Wifi", "Smoke alarm", "Hangers", "Kitchen", "Heating", "Dishes and silverware"], "price": 35.0, "numbers_of_review": 2, "review_scores_rating": 4.0, "reviews": [{"name": "Richard", "date": "2019-06-09", "review": "Generally the flat was as described, small and light and fine for a short stay for one person. It gets lots of sunlight and is a convenient location for Hampstead and West Hampstead, the latter which has good transport links to other parts of London and beyond. As stated it is a mezzanine so not a separate bedroom rather a separate bed area. In my opinion the bed was low quality given the price of the rental, as it was a mattress on the floor that was not very firm, fine for a couple of nights but compares poorly to beds in similarly priced hotels in London in my experience. Also note it is not possible to stand fully upright in the bed area due to the mezzanine arrangement."}, {"name": "Riley", "date": "2019-07-21", "review": "Great location and lovely apartment! Would highly recommend"}]}