{"id": 35301366, "listing_url": "https://www.airbnb.com/rooms/35301366", "name": "LONDON BRIDGE & TOWER BRIDGE WELL LOCATED ROOM", "description": "Comfortable & cosy place, in ZONE 1 of London. The flat is located in Tower Bridge area, one of the most visited areas for tourists. Also you will be close to London Bridge, where is the underground station, buses, shops, pubs, restaurants of all levels, clubs and amazing night vibes.  (8-10minutes walking from home!)  Friendly zone, safe & secure for us. <br />MALTBY STREET MARKET, one of the oldest & good food markets in London, Saturday & Sunday-9am-5pm.<br />Buses, supermarkets & shops around as-well.<br /><br /><b>The space</b><br />well connected  and I would say the best option to travel from any airport to London bridge train station!!! <br />only 30 minutes Gatwick airport<br />only 40 minutes Stanted airport<br /><br />Well located for tourists, Tower bridge and London Bridge 8-10 minutes walking!!!<br />Well connected zone to other places of London , all type of transports in general (underground, train station and buses)<br />Big Ben and London eye (Westminster council)  ju", "host_name": "James", "host_id": 265779264, "host_url": "https://www.airbnb.com/users/show/265779264", "host_picture_url": "https://a0.muscache.com/im/pictures/user/ac3b25bb-c06c-44f5-8416-0b0b19fc28cc.jpg?aki_policy=profile_x_medium", "neighbourhood_cleansed": "Southwark", "latitude": 51.49893, "longitude": -0.07516, "property_type": "Private room in rental unit", "room_type": "Private room", "accommodates": 2.0, "bathrooms": 1.0, "bedrooms": 1, "beds": 1, "amenities": ["Extra pillows and blankets", "First aid kit", "Oven", "Fire extinguisher", "Hair dryer", "Private entrance", "Hangers", "Dishes and silverware", "Luggage dropoff allowed", "Essentials", "Patio or balcony", "Shampoo", "Cooking basics", "Bed linens", "Paid parking on premises", "Carbon monoxide alarm", "Shower gel", "Wifi", "Heating", "Coffee maker", "Host greets you", "Microwave", "Refrigerator", "Iron", "Kitchen", "Stove", "Lock on bedroom door", "Breakfast", "Hot water", "Washer", "Elevator", "Smoke alarm"], "price": 45.0, "numbers_of_review": 34.0, "review_scores_rating": 4.48, "reviews": [{"name": "\u4eae", "date": "2019-06-14", "review": "very good young man excellent room will be back"}, {"name": "Alina", "date": "2019-06-17", "review": "Great location and a very nice host! <br/>We really enjoyed our stay!"}, {"name": "Juan", "date": "2019-06-25", "review": "El alojamiento es como se ve. El barrio muy tranquilo con autobuses cerca para llegar a todas partes y supermercado cerca tambi\u00e9n.  A 5' andando del puente de la torre. James responde con rapidez y de buen trato."}, {"name": "Jean", "date": "2019-07-04", "review": "Excellent location. Clean, comfortable and James was promptly responsive."}, {"name": "Kristina", "date": "2019-07-08", "review": "The room is really small, but otherwise all was great. Very good location :)"}, {"name": "Ricardo", "date": "2019-07-14", "review": "Small room<br/>Good location"}, {"name": "Kaiser", "date": "2019-07-19", "review": "pros-excellent location, walking distance to london bridge station, very quiet area, worth the money, responsive host who has all amenities such as hair dryer<br/>cons- room lock is broken, however owner is very respectful, does not enter the room at all, window is directly facing corridor hence curtain has to be down all time for maximum privacy, not sparkling clean but quite clean<br/>additional note for future guest: bring extension if you need more than two plugs for whatever reasons.<br/>will come back again."}, {"name": "Coralie", "date": "2019-07-21", "review": "Merci \u00e0 James pour l\u2019accueil.<br/>L\u2019endroit est tr\u00e8s bien situ\u00e9 \u00e0 peine 10 min pour aller au Tower bridge !  Des pubs un peu partout et le dimanche matin, un march\u00e9 de la worldfood \ud83d\ude09"}, {"name": "Harriet", "date": "2019-08-01", "review": "Friendly guy who welcomed me into the property well.<br/>Room was good value for money.<br/>Would book again"}, {"name": "Honza", "date": "2019-08-07", "review": "Good place"}]}