{
    "id": 35581801,
    "listing_url": "https://www.airbnb.com/rooms/35581801",
    "name": "Lovely 2 Bed flat in N16",
    "description": "Two bedroom flat with a living room with a double bed. Located on the second floor with lift access. Spacious kitchen with a small dining table and chairs. Modern bathroom with bath and hand shower with a separate toilet. Located in the heart of Stoke Newington/Clapton.<br /><br /><b>The space</b><br />An Airy spacious two bedroom flat with a separate lounge that can be used as a third bedroom.",
    "host_name": "Karolina",
    "host_id": 77446666,
    "host_url": "https://www.airbnb.com/users/show/77446666",
    "host_picture_url": "https://a0.muscache.com/im/pictures/user/175bc0c5-3250-43c4-a8c9-621e3a7ec9d6.jpg?aki_policy=profile_x_medium",
    "neighbourhood_cleansed": "Hackney",
    "latitude": 51.56491,
    "longitude": -0.0648,
    "property_type": "Entire rental unit",
    "room_type": "Entire home/apt",
    "accommodates": 5.0,
    "bathrooms": 1.0,
    "beds": 3,
    "price": 100.0,
    "numbers_of_review": 7,
    "review_scores_rating": 5.0,
    "reviews": [
        {
            "name": "Lucy",
            "date": "2019-09-14",
            "review": "Brilliant location, handy for everything. Quiet and safe area. Flat is fab, airy and spacious. Nice and cool in the sunshine but still warm enough as the temp dropped at night. <br/>Great shower and handy toiletries included.<br/>Nice to have milk in the fridge and some tea and biscuits in the cupboard"
        },
        {
            "name": "Braulia",
            "date": "2019-09-24",
            "review": "Very good place, beautiful good location and very clean.. karolina is very friendly. I like it. I enjoyed my time in this hause"
        },
        {
            "name": "Joan",
            "date": "2019-10-04",
            "review": "I enjoyed every minute of my stay at Karolina's place.  The pictures relayed exactly what it is like, very clean and without clutter.  The kitchen was fully equipped with all the necessities one would need.  A perfect environment, safe and secure, as I was staying there alone as a female traveling to London from the USA.  The neighborhood was very family oriented.  Transportation was excellent and available from either end of her road, as well as a bus that ran past the apartment building.  I could not find any fault with the place and well worth the money and another future visit.  Thank you Karolina, for being a wonderful host."
        },
        {
            "name": "Andrew",
            "date": "2019-10-13",
            "review": "For us this was the perfect stay. The flat is lovely; clean and spacious as shown in the photos. There's a lift if you want it (we didn't bother) and you can temporarily park outside to unload. But the key selling point for us was the location as our son got married at Core Claptop which was only a 5 minute walk away which proved invaluable when we had to pop back and forth while setting up.<br/>Karolina could not have been more accommodating with prompt replies that allowed flexibility in arrival and departure, giving good instructions that made it an easy stay. Many thanks Karolina."
        },
        {
            "name": "Rufat",
            "date": "2019-11-03",
            "review": "We can definitely recommend staying at this flat. Friendly host, quite & clean flat. Many thanks!"
        },
        {
            "name": "Carola",
            "date": "2019-12-08",
            "review": "Karolina's place was wonderful. It is very well situated with shopping places very close to buy fresh groceries. Public transportation is quite close too. The neighborhood is very nice and saved with playground  if you go with children. Her  hospitality made us feel very well. I deeply recommended and we hope to go back soon. THANKS!!"
        },
        {
            "name": "Eric",
            "date": "2020-03-12",
            "review": "Tr\u00e8s bonne prestation"
        }
    ]
}