{"id": 3560991, "listing_url": "https://www.airbnb.com/rooms/3560991", "name": "Lovely Cosy Double Bedroom", "description": "Good size double room, south facing with great light in a friendly house on a quiet residential street. While very close to the happening night life of Dalston, Stoke Newington and Green Lanes, it is also surrounded by scenic and tranquil parks.<br /><br /><b>The space</b><br />A very spacious double bedroom in between Stoke Newington and Manor House.<br /><br />The house has a large and well equipped kitchen (gas hob, electric oven), nice garden with, living room and lots of storage space (shed and cupboards). 1 Bathroom/shower/toilet upstairs and one toilet downstairs.<br /><br />WIFI available<br /><br />You'd be living with a sound engineer (32), a Charcutier (35), DOP/Photographer (34).<br /><br />10 mins walk to the home of great Turkish culture - Green Lanes. <br />Also directly opposite The Castle climbing centre and boating lakes.<br /><br />Good location: It's a short walk to Manor House. 5 mins walk to Finsbury Park and Clissold Park. 10 mins walk to Stoke Newington. 15 mins", "host_name": "Joe", "host_id": 3611573, "host_url": "https://www.airbnb.com/users/show/3611573", "host_picture_url": "https://a0.muscache.com/im/users/3611573/profile_pic/1348040835/original.jpg?aki_policy=profile_x_medium", "neighbourhood_cleansed": "Hackney", "latitude": 51.5638, "longitude": -0.09531, "property_type": "Private room in home", "room_type": "Private room", "accommodates": 2.0, "bathrooms": 1.0, "bedrooms": 1, "beds": 1, "amenities": ["Essentials", "Wifi", "First aid kit", "Washer", "Free parking on premises", "Shampoo", "TV", "Long term stays allowed", "Smoke alarm", "Hair dryer", "Iron", "Hangers", "Kitchen", "Heating"], "price": 45.0, "numbers_of_review": 3, "review_scores_rating": 4.67, "reviews": [{"name": "Regine Yun", "date": "2016-07-10", "review": "Had a great stay, Joe was a wonderful host. The room was spacious and nice. The other residents were nice company and gave massive help to a first time visitor. "}, {"name": "Elizabeth", "date": "2016-08-15", "review": "Bright room in lovely house. Great location. Excellent people. "}, {"name": "Stephen", "date": "2016-09-18", "review": "This stay was a genuine treat. All I needed was a bed & roof over my head for a night on the town in London. I received much more. Greeted by the household & warmly embraced as if I was a lost relative, I was openly and warmly made welcome and then given space to prepare for my night out. I had some time to kill and after a satisfying shower in tidy facilities, took a lay down for a read & relax. The room was spacious, very comfortable and as tidy as I like to keep my own. By the time I left for my night out I was in good spirits, boosted no doubt by the earlier socialising and relaxed.\r<br/>\r<br/>Equally importantly, after a late night I came back and fell asleep quickly, un-bothered by street noise or hustle & bustle (the townhouse is in a quiet cul-de-sac away from the main road) and woke shortly before the departure time, once again to a quiet household. A quick shower and I was gone but with a personal promise to touch base with Joe once again should I have a need for a place in the Finsbury Park/Mansion House area. An excellent experience, highly recommended."}]}