{"id": 35708457, "listing_url": "https://www.airbnb.com/rooms/35708457", "name": "Big and cozy converted two floors warehouse", "description": "Beautiful and bright converted warehouse split over two floors in the heart of Hackney Wick. <br /><br />Very well located, only two minutes walk to Hackney Wick overground station, the Olympic Stadium and the canal, 5 minutes to Victoria Park and 15 minutes to Westfield Stratford with access to all kind of shops, supermarkets, transport to central London and great link to Stansted airport.<br /><br />Our apartment is really cosy and well presented, and we have internet and heating.<br /><br /><b>The space</b><br />Our apartment is a beautiful and bright new converted two floors warehouse, located on the third floor of one of the conserved building in the area.  <br /><br />On the first floor we have the living room, with a very confortable corner double sofa bed. In this floor you will find also the bathroom, with big new shower and the kitchen. The kitchen is fully equipped, big and bright. There is a table with chairs in it where have breakfast or lunch that it can be open and fit m", "host_name": "Jean", "host_id": 231552458, "host_url": "https://www.airbnb.com/users/show/231552458", "host_picture_url": "https://a0.muscache.com/im/pictures/user/9373e48e-1aa5-4010-9d5d-cfb010e1b347.jpg?aki_policy=profile_x_medium", "neighbourhood_cleansed": "Tower Hamlets", "latitude": 51.54332, "longitude": -0.02317, "property_type": "Entire rental unit", "room_type": "Entire home/apt", "accommodates": 4.0, "bathrooms": 1.0, "bedrooms": 1, "beds": 2, "amenities": ["Extra pillows and blankets", "First aid kit", "Oven", "Fire extinguisher", "Private entrance", "Hangers", "Dishes and silverware", "Essentials", "Shampoo", "Free street parking", "Cooking basics", "Bed linens", "Shower gel", "Wifi", "Heating", "Coffee maker", "Long term stays allowed", "Keypad", "Refrigerator", "Portable fans", "Iron", "Body soap", "Kitchen", "Conditioner", "Security cameras on property", "Paid street parking off premises", "Hot water", "Washer", "Smoke alarm", "Freezer"], "price": 105.0, "numbers_of_review": 6, "review_scores_rating": 5.0, "reviews": [{"name": "Edward", "date": "2019-07-13", "review": "Thank you both, Jean and Mamen for accommodating to our needs. The place is very clean and the area is nicer than we imagined. We enjoyed our stay and couldn\u2019t bare to leave because it felt so much like home. The host has been great throughout our whole stay. Couldn\u2019t have asked for more because everything was perfect.  Great, perfect place to stay and visit if you happen to come to london! :) It is only 2 stops away from Hackney Central where you can do most of last minute shopping and also 24hr Tesco. And also not forgetting there is also a Nike outlet store where you can get really good deals to buy shoes in hackney central. We hope to stay here again the next time we will be visiting London."}, {"name": "Scarlett", "date": "2019-07-15", "review": "A lovely two day stay at Jeans quirky place... very clean and equipped with everything I needed to cook for myself. The sink is fitted with a water filter to drink which was a welcome touch. Great location in the heart of hackney wick... very cool bars, cafes and restaurants on the door step or 5min walk down the road. I would definitely stay again and can recommend to others."}, {"name": "Samantha", "date": "2019-07-25", "review": "A lovely space in a great location. We even extended our stay by a few days which was super easy to organise \u2013 would not hesitate to recommend to anyone needing a short term base in London. Thanks guys!"}, {"name": "Catrin", "date": "2019-07-28", "review": "We loved this flat! More spacious than expected, a quirky space with fab artwoork and biews of the olmpic stadium and irbit from upstairs. Location coulnt be better, surrounded by great canalside bars and eateries, it was a really vibrant yet chilled area, right by the station. Our faves were grow bar for drinks and the amazing Victoria Yum opposite for incredible cake. <br/>Hosts were kind, informative and super helpful. Couldnt have been a better experience!"}, {"name": "Roman", "date": "2019-10-10", "review": "Very comfy place to stay"}, {"name": "Anastacia", "date": "2019-10-20", "review": "A great flat, welcoming and helpful host and interesting and vibrant area"}]}