{
    "id": 36093386,
    "listing_url": "https://www.airbnb.com/rooms/36093386",
    "name": "Cozy and colourful home next to Clissold park",
    "description": "A cozy space right on Stoke Newington Church street \u2013 wake up and grab some pastries from one of the nearby bakeries, feel the summer breeze standing on the balcony with the sweetest view, have a picnic at Clissold park right next door, feel right at home in a colourful space.<br /><br /><b>The space</b><br />Our flat is perfect for a couple \u2013 It has a bedroom with a large comfy bed, a living room with a sofa and a dining table, a kitchen with all the amenities you will need and a spacious bathroom with adorable black-and-white tiles and an amazing freestanding bathtub.",
    "host_name": "Alican",
    "host_id": 16651728,
    "host_url": "https://www.airbnb.com/users/show/16651728",
    "host_picture_url": "https://a0.muscache.com/im/pictures/user/633f65b9-6069-4147-8dfb-0c0d39f94916.jpg?aki_policy=profile_x_medium",
    "neighbourhood_cleansed": "Hackney",
    "latitude": 51.56113,
    "longitude": -0.08327,
    "property_type": "Entire home",
    "room_type": "Entire home/apt",
    "accommodates": 2.0,
    "bathrooms": 1.0,
    "beds": 1,
    "price": 80.0,
    "numbers_of_review": 2,
    "review_scores_rating": 5.0,
    "reviews": [
        {
            "name": "Jeremy",
            "date": "2019-08-08",
            "review": "The apartment is lovely, and in a beautiful area of London. Would highly recommend it."
        },
        {
            "name": "Adam",
            "date": "2019-10-12",
            "review": "I highly highly recommend staying here. Great coffee, great bakeries, next to church street and bus stop into the city takes 15 mins!!!"
        }
    ]
}