{
    "id": 36767745,
    "listing_url": "https://www.airbnb.com/rooms/36767745",
    "name": "Gorgeous period home in Central London",
    "description": "The perfect base for a relaxing visit to Central London. A stylish period family home in the Kennington Conservation Area. Two bedrooms with comfortable double beds (medium firm mattresses + memory foam tops). One marble en suite shower, one travertine family bathroom with bath/shower. Large, bright open plan period dining room and sitting room, and a light stylish kitchen. A tranquil little garden lined with jasmine and roses off the kitchen.\u00a0<br /><br /><b>The space</b><br />Our home is upside down, with bedrooms on the lower ground floor, and living space on the upper ground floor, so the bedrooms stay cool in the summer, cosy in the winter, and quiet (as London goes) all year around.\u00a0",
    "host_name": "Al",
    "host_id": 38317522,
    "host_url": "https://www.airbnb.com/users/show/38317522",
    "host_picture_url": "https://a0.muscache.com/im/users/38317522/profile_pic/1436780094/original.jpg?aki_policy=profile_x_medium",
    "neighbourhood_cleansed": "Lambeth",
    "latitude": 51.48808,
    "longitude": -0.1104,
    "property_type": "Entire condo",
    "room_type": "Entire home/apt",
    "accommodates": 4.0,
    "bathrooms": 2.0,
    "beds": 2,
    "price": 285.0,
    "numbers_of_review": 24.0,
    "review_scores_rating": 4.83,
    "reviews": [
        {
            "name": "Khaled",
            "date": "2019-08-27",
            "review": "Beautiful home in the centre of London. Only 4 stops from Leicester Square!<br/>Al was an excellent host and his home accommodated myself, my partner and another couple very well for the week we stayed. Would definitely rebook in the future if its available!"
        },
        {
            "name": "Theo",
            "date": "2019-10-27",
            "review": "A nice, convenient place in Kennington with good connections to the rest of London."
        },
        {
            "name": "Tess",
            "date": "2019-12-28",
            "review": "I was initially hesitant to book this property because at the time of the booking there were not yet any reviews, but I am SO glad that I did!  Al and Tas truly went above and beyond to make their property comfortable for my family of 4 during Christmas week.  They decorated beautifully and left Christmas carols on for us so we were greeted with a warm atmosphere upon arrival. <br/>The flat itself is a beautiful Victorian flat with updated features for modern comfort.  The hosts have left a detailed guest book on the kitchen table for those who care for a read, including tips on caring for this residence, local eateries, and public points of interest.  <br/>There are 2 bus stops within a 5 minute walk, allowing access to several different lines, and I believe there is also an underground station very close by (my family and I were on the bus the whole time).  Very convenient access to the city.  There is at least 1 grocery store within a 10 minute walk, so quite easy to grab your own groceries if needed."
        },
        {
            "name": "Jennifer",
            "date": "2021-06-06",
            "review": "Al and Tas were splendid hosts...their place is in an absolute perfect location. Only minutes to several bus lines and the tube.  The house itself is wonderful. Kitchen is gorgeous and perfect for cooking...several ovens and 6 burners. She has it stocked with all the basic necessities. The garden was our favorite place to be mornings and evenings. Beds are super comfy and bathrooms are lush!<br/>We had a great stay and would certainly book again. Their communication made it all very easy!"
        },
        {
            "name": "Ieuan",
            "date": "2021-08-08",
            "review": "Great house, perfect location for our stay, very clean, really helpful hosts"
        },
        {
            "name": "Tanguy",
            "date": "2021-09-06",
            "review": "Our stay in Kennington couldn't be better. The location was perfect for what we were after and the house was a nicely decorated peacehaven. The hosts were communicative and responsive to requests gave us tips for the local area. We also loved that little garden, it offered us plenty of sunlight for lunchtime. <br/>We will definitely stay again."
        },
        {
            "name": "Nicole",
            "date": "2021-09-16",
            "review": "The home is lovely, spacious, and full of charm and natural light. Al and Tas were excellent hosts and extremely accommodating when we needed to extend our stay. I would definitely recommend this home and would come back again!"
        },
        {
            "name": "Mariafrancesca",
            "date": "2021-10-24",
            "review": "Super nice place and perfectly located to reach the city. The area is quite but well served"
        },
        {
            "name": "Ivana",
            "date": "2021-11-02",
            "review": "A very clean, cozy apartment in a good location, that feels like home. Tas was very nice and welcoming, we really enjoyed our stay."
        },
        {
            "name": "James",
            "date": "2021-12-12",
            "review": "Tas & Al\u2019s airbnb is the BEST Airbnb I have ever laid eyes upon and had the pleasure of staying in. They are both incredible hosts (very kind, responsive and accommodating!) and the property is beyond STUNNING! The photos honestly almost don\u2019t do it justice. They have a very helpful living manual for their Airbnb upon check-in which tells you everything you need to know about the house, with many helpful tips about what to do and where to go etc. besides contact details. They had everything fully stocked with a request to ask guests to replace what they take. They have beautiful art throughout the house and everything is so spacious and oozes character. The rooms are all bright and airy with beautiful lighting!) making the days and nights feel fresh and relaxing. The garden view in the garden bedroom is magnificent and I\u2019d often wake up to squirrels looking through the flower pots - it was a joy to wake up to! The property is very close to a pharmacists, post offices, plenty of restaurants and bars and Tesco Express up the road and orher Superstores within 10-20 mins away. If only I wasn\u2019t travelling around I would made a return to this property next year! 5 stars and would give 6 stars if I could! \u2b50\ufe0f\u2b50\ufe0f\u2b50\ufe0f\u2b50\ufe0f\u2b50\ufe0f\u2b50\ufe0f"
        }
    ]
}