{"id": 3681969, "listing_url": "https://www.airbnb.com/rooms/3681969", "name": "Interior Designed 1 Bed Near Thames", "description": "This compact duplex apartment is arranged over the first and second floors of an early Victorian house. It was recently refurbished by an interior designer friend and benefits for an open plan kitchen to reception area. It overlooks peaceful gardens and is perfectly located to explore London on foot.<br /><br /><b>The space</b><br />This is a hidden gem. It is ideal for one or two people (but there is a sofa bed in the lounge too; if you fall out).<br /><br /><b>Guest access</b><br />You have the whole flat to yourselves and for an additional small fee we can arrange parking (weekdays) outside the property. It is free at weekends.<br /><br /><b>Other things to note</b><br />We lived in the flat for a year so know the area well. There is a great gastro pub near the flat called the TommyField (my they have great burgers and fish and chips, not to mention a great range of beers). There is small supermarket even closer for essentials. There are world class theatres and museums close at han", "host_name": "Michael", "host_id": 10524694, "host_url": "https://www.airbnb.com/users/show/10524694", "host_picture_url": "https://a0.muscache.com/im/users/10524694/profile_pic/1389444128/original.jpg?aki_policy=profile_x_medium", "neighbourhood_cleansed": "Lambeth", "latitude": 51.49276, "longitude": -0.11382, "property_type": "Entire rental unit", "room_type": "Entire home/apt", "accommodates": 2.0, "bathrooms": 1.0, "bedrooms": 1, "beds": 1, "amenities": ["Essentials", "Wifi", "First aid kit", "Washer", "Long term stays allowed", "Shampoo", "TV", "Smoke alarm", "Hair dryer", "Iron", "Carbon monoxide alarm", "Hangers", "Kitchen", "Heating"], "price": 105.0, "numbers_of_review": 19.0, "review_scores_rating": 4.79, "reviews": [{"name": "John-Paul", "date": "2016-05-28", "review": "Absolutely brilliant privacy of a whole flat, decorated to a great standard, comfy bed and sofa, fantastic shower, every room was very clean, and kitchen has all the things needed to cook. Quiet residential street with the light sound of Big Ben in the distance, but still just 15 min walk (not through any rough areas) to Westminster bridge. <br/>Michael was a lovely host met me on time at flat to give me the keys and show me around, also let a great little note and map to the local conveniences and was on call nearby if I needed anything. <br/>Will definitely stay again if the availability is there "}, {"name": "Jamilya", "date": "2016-06-07", "review": "We were staying in this flat for a week and really enjoyed it. The welcoming was very nice, Michael's mum who was welcoming us is a lovely and friendly woman made us feel comfy and cozy straight from the first minute. Also, as we arrived we already had milk, tea, juice, and cookies what was very nice I think. The flat itself is absolutely the same as shown on the photos, everything was very clean and spotless. The location is very good, It's in the centre of London, but in the same time on the quite street with a little park in front of it. The bus stop is less than one minute away, buses can get you to the centre within few minutes. Overall is a cozy, clean, calm and worth place to stay.\r<br/>P.S. The interior is modern and made with a very good taste, for me that was a valuable benefit. I guess some professional designers worked on it."}, {"name": "Adrienne", "date": "2016-06-17", "review": "Michael was a wonderful host! He kept me up to date with emails and had great suggestions on where to go. The apartment looked just like the pictures! I'd definitely stay there again if I was ever in Lodon again. The location was perfect right, right by the Londond eye. I had a blast!"}, {"name": "Claudia", "date": "2016-07-10", "review": "We stayed at Michael flat's for a week and we had an amazing time visiting London. The location was perfect; there are several bus lines just up the street, but you can walk pretty much everywhere from the flat. We appreciated being in a calm neighbourhood just in front of a park. The apartment was very clean, modern and well designed. The pictures in the description of the flat are exactly what you get in reality. It is perfect for a couple, but i think you can easily accommodate up to 4 people since there is a sofa bed downstairs and a double bed upstairs, with a very good size bathroom. \r<br/>Michael itself made our stay fantastic ! He is a very welcoming person, who made us feel confortable in the flat. He was there to welcome us and explained everything about the flat.  He prepared a personal letter with all the informations we needed and there was milk, juice, tea, coffee and cookies for us. He also took the time to suggest a number of recommendations of what to do in London based on our preferences (restaurants, museum, architecture, etc.), and that, before our arrival and during our stay ! (P.S. The Tommyfield pub, just around the corner was amazing, and you absolutely have to go the Newport street gallery and pay a visit to the original restaurant Pharmacy 2, which is less than 2 minutes walk from the flat !). \r<br/>Finally, the communication with Micheal was very easy via Airbnb. We would absolutely stay there again if we come back to London ! "}, {"name": "Stephanie", "date": "2016-07-14", "review": "We had a fantastic time staying here and Michael was a perfect Air BnB host. The apartment was exactly as it looked in the photos with great transport links. Michael made sure we had everything we needed when we arrived and recommended some fun things for us to do during our visit to London. I would absolutely stay here again!"}, {"name": "Linda", "date": "2016-07-28", "review": "Michael was so welcoming! Met us a few hours early, walked us through the flat and even came back with a fan after we came into some very warm weather for the week (no complaining there!). \r<br/>\r<br/>The flat itself is cozy, cute, and comfortable. Looked exactly like the photos! Bed was comfy, bathroom was new and clean. We walked out every morning and took us only 15 mins before we reached the London Eye or Big Ben. When it got a little late at night we just ubered it right after the bridge and it was so easy and fast! \r<br/>\r<br/>We had such a fun time and hope we can come back soon. Thanks Michael!"}, {"name": "Nadine", "date": "2016-08-01", "review": "Michael was great, very helpful and friendly for my parents. Excellent communication and the apartment was exactly what was needed. Definitely recommend."}, {"name": "Stella", "date": "2016-08-05", "review": "Michael was very helpful! I arrived early to London by train and he was kind enough to meet me at 10am! The place was also very clean and relaxing. Michael also was able to provide me with tickets to park nearby. Thanks! "}, {"name": "Goran", "date": "2016-08-06", "review": "Great location, host and apartment!"}, {"name": "Jennifer", "date": "2016-09-03", "review": "Michael's flat is beautifully presented, ideal for work or holiday stays..it is terrifically located and Michael is a charming and knowledgable host... I only hope I can stay here on all future London trips... "}]}