{"id": 36914727, "listing_url": "https://www.airbnb.com/rooms/36914727", "name": "Double room inc balcony easy reach of Aldgate East", "description": "Double room including balcony plus wifi and shared facilities. Ideal if you just need a home away from home for work or use as a base to travel from to explore London.<br /><br /><b>The space</b><br />Double bed, wardrobe, chest of drawers and desk. A south facing room with ample light views of the city.<br /><br /><b>Guest access</b><br />Access to shared areas: Kitchen, toilet and bathroom.<br /><br /><b>Other things to note</b><br />Guests are expected to check-out by 11AM and can check-in from 2PM upto 10PM and up to midnight by prior arrangement.<br /><br />A late check-in fee of \u00a330.00 applies if guests are more than 30 minutes later than expected. This fee also applies if guests arrive after mid-night<br /><br />Late checkout fee of \u00a315.00 per hour applies if guests have not checked out by 11:00 or without prior authorization<br /><br />Only named guests who are on the booking are allowed to stay. To avoid overcrowding and invalidating our insurance unauthorised guests are not p", "host_name": "Kamal", "host_id": 20422553, "host_url": "https://www.airbnb.com/users/show/20422553", "host_picture_url": "https://a0.muscache.com/im/users/20422553/profile_pic/1408781568/original.jpg?aki_policy=profile_x_medium", "neighbourhood_cleansed": "Tower Hamlets", "latitude": 51.51502, "longitude": -0.06251, "property_type": "Private room in rental unit", "room_type": "Private room", "accommodates": 1.0, "bathrooms": 1.0, "bedrooms": 1, "beds": 1, "amenities": ["First aid kit", "Oven", "Fire extinguisher", "Hair dryer", "Hangers", "Dishes and silverware", "Essentials", "Patio or balcony", "Free street parking", "Cooking basics", "Single level home", "Bed linens", "Carbon monoxide alarm", "Wifi", "Heating", "Long term stays allowed", "Host greets you", "Microwave", "Refrigerator", "Iron", "Kitchen", "Stove", "Lock on bedroom door", "Security cameras on property", "Hot water", "Paid parking off premises", "Elevator", "Smoke alarm", "Free washer \u2013 In unit"], "price": 35.0, "numbers_of_review": 23.0, "review_scores_rating": 4.7, "reviews": [{"name": "Alberto", "date": "2019-09-08", "review": "Comfortable place, 3 blocks to underground"}, {"name": "Nur", "date": "2019-09-14", "review": "Response was prompt and Kamal was a great help."}, {"name": "Jules", "date": "2019-10-06", "review": "Clean, spacious, conveniently-located and great value for money. Hussain who checked me in is a great guy as well."}, {"name": "Sola", "date": "2019-10-20", "review": "Clean, convenient! Thank you"}, {"name": "Jimmy", "date": "2019-11-10", "review": "Great place, great location close to train station."}, {"name": "Vito", "date": "2019-12-02", "review": "Well connected also by walk to a lot of nice and useful areas like Brick Lane, Shoreditch, Liverpool Street. Spacious room even with a balcony and a nice view. Recommended"}, {"name": "Juliana", "date": "2019-12-09", "review": "Good place to stay!"}, {"name": "Andrew", "date": "2020-01-17", "review": "Great room for a fantastic price. Check-in was great and had a great stay"}, {"name": "James", "date": "2020-01-24", "review": "Amazing host, great locations and a very fair price! <br/>Thanks<br/>Kamal"}, {"name": "Caris", "date": "2020-03-30", "review": "Clean & tidy room, friendly landlord & assistant"}]}