{"id": 36931469, "listing_url": "https://www.airbnb.com/rooms/36931469", "name": "Modern apartment in the heart of London", "description": "A one bedroom spacious, modernly decorated and newly refurbished apartment. <br />- separate bedroom, living room with a double sofa-bed, dining table and TV<br /><br />Enjoy staying in comfort in the heart of London. <br />- conveniently located in zone 1 near London Bridge, the Shard and Parliament <br />- served by numerous buses, Elephant and Castle station just 12-14 minutes walk away<br />- A number of restaurants, cafes and pubs just a few minutes walk away on Sayer Street<br />- the famous East street market is 1 minute<br /><br /><b>The space</b><br />PLEASE NOTE: there is currently no wardrobe space for guests.<br /><br /><b>Guest access</b><br />You will have access to the whole apartment. You will not be sharing any of the space.<br /><br /><b>Other things to note</b><br />Check in is between 2-8pm. Although it may be possible to check in outside of these hours with prior notice, please ask. <br /><br />Guests are also advised NOT to use the dishwasher and washing machine t", "host_name": "Lizan", "host_id": 78610070, "host_url": "https://www.airbnb.com/users/show/78610070", "host_picture_url": "https://a0.muscache.com/im/pictures/user/e40d3170-78f0-4028-b6a9-9155117a5657.jpg?aki_policy=profile_x_medium", "neighbourhood_cleansed": "Southwark", "latitude": 51.48848, "longitude": -0.09282, "property_type": "Entire rental unit", "room_type": "Entire home/apt", "accommodates": 3.0, "bathrooms": 1.5, "bedrooms": 1, "beds": 2, "amenities": ["Essentials", "Wifi", "Hot water", "Shampoo", "TV", "Elevator", "Drying rack for clothing", "Cooking basics", "Smoke alarm", "Bed linens", "Heating", "Shower gel", "Bathtub", "General body soap", "Kitchen", "Cleaning products", "Breakfast", "Dishes and silverware"], "price": 121.0, "numbers_of_review": 33.0, "review_scores_rating": 4.67, "reviews": [{"name": "Lois", "date": "2019-08-09", "review": "Lizan was super kind and thoughtful, would recommend her to anyone and hope to use her flat again in the future."}, {"name": "Priscilla", "date": "2019-08-18", "review": "good communication and lovely place"}, {"name": "Aaron", "date": "2019-08-26", "review": "Lovely apartment in a good location with a 15 walk to Elephant and Castle tube station. Lizan had the place sparkling clean and was lovely enough to welcome us in and show us around the place. Everything was amazing and would definitely stay again! Thank you so much."}, {"name": "Renata", "date": "2019-10-01", "review": "We had a lovely 4 night stay in Lizan\u2019s flat. Lizan is great to communicate with and responds very quickly! She was very inviting and kind and even agreed to let me check in early, which was great. All and all very hospitable! The flat itself is very clean and beautifully decorated. There\u2019s tons of natural light and the place feels very homey and inviting. It served as a great cozy hideout on a rainy day and as a great place to come back to after full on busy days. There\u2019s a beautiful view of the Shard from the front door, which is a real treat. There is a TV and a big couch perfect for lounging around on a lazy day. My only real complaint is that it was very cold in the flat as the radiators had not been switched on. Depending on the time of year, I recommend making sure that she has switched them on before your stay. Also, breakfast is not actually provided, just tea and instant coffee. There\u2019s a big beautiful kitchen which was great for cooking; however, there was no access to the microwave or toaster which was a mild inconvenience at times. Other than that, absolutely loved our time there and would without a doubt stay there again!"}, {"name": "Katalin", "date": "2019-10-13", "review": "Lovely cosy place right in the centre of the city. Lizan is an extremely helpful and pleasant person. We enjoyed staying there."}, {"name": "Chlo\u00e9", "date": "2019-10-27", "review": "Lizan's place is beautiful and clean. Plus, it is very well located with plenty of plublic transportation options close by. As a host, Lizan has been wonderfully patient with the delay I have encountered to arrive to London ! Very nice and welcoming, she has even left some bread for my breakfast as she knew I was arriving too late to shop anything ! I would definitely come back, thank you+"}, {"name": "Renato", "date": "2019-11-11", "review": "The location is very central and the apartment very cozy, clean and organized. In addition, the service was very good, Lizan responded to my queries within a couple of minutes and gave very clear instructions on how to get to the place. I recommend this place.<br/>Many thanks"}, {"name": "Teillie", "date": "2019-11-24", "review": "Clean modern apartment, walking distance to centre. Lizan was lovely!"}, {"name": "Kevin", "date": "2019-12-01", "review": "tres bon emplacement pour visiter londres, l appartement est super bien equip\u00e9, rien a dire."}, {"name": "Jacob", "date": "2019-12-15", "review": "Clean and cozy flat with all the amenities you need. Lizan is a nice hostess, friendly and quick to reply. I had a nice weekend here and would stay again."}]}