{"id": 37049592, "listing_url": "https://www.airbnb.com/rooms/37049592", "name": "Judd Hotel, Triple, Lovely stay near King's Cross", "description": "Explore central London\u2019s fashionable Bloomsbury neighborhood from the convenient Judd Hotel. The newly refurbished hotel overlooks the Cartwright Gardens with stylish rooms designed for your comfort. Several room categories are arranged across three London townhouses for an authentic period setting.<br /><br /><b>The space</b><br />Modern and comfortable rooms are located in our main building or Judd annex, overlooking the Cartwright Gardens. Each room features contemporary style with high tech features and amenities. Enjoy your accommodation in the heart of London with great views and lots of natural light to fill the room.<br /><br />Judd Hotel is located in London\u2019s trendy Bloomsbury neighborhood. Guests have access to the surrounding gardens and tennis courts. Take the nearby public transportation for sightseeing, museums, restaurants, and shopping.<br /><br />Each room includes:<br />Flat screen TV<br />Free WiFi<br />Air conditioning<br />En suite bathroom with complimentary toil", "host_name": "Judd Hotel", "host_id": 278478402, "host_url": "https://www.airbnb.com/users/show/278478402", "host_picture_url": "https://a0.muscache.com/im/pictures/user/be4d91ef-83c7-4ed7-93e5-12a7538801e6.jpg?aki_policy=profile_x_medium", "neighbourhood_cleansed": "Camden", "latitude": 51.52661, "longitude": -0.12805, "property_type": "Room in hotel", "room_type": "Private room", "accommodates": 3.0, "bathrooms": 1.0, "bedrooms": 1, "beds": 1, "amenities": ["First aid kit", "Fire extinguisher", "Hair dryer", "Hangers", "Luggage dropoff allowed", "Essentials", "Shampoo", "Bed linens", "Clothing storage", "Carbon monoxide alarm", "Shower gel", "Wifi", "Heating", "Air conditioning", "Safe", "Long term stays allowed", "TV", "Iron", "Breakfast", "Lock on bedroom door", "Hot water", "Smoke alarm"], "price": 335.0, "numbers_of_review": 5, "review_scores_rating": 4.75, "reviews": [{"name": "Ellen", "date": "2021-11-25", "review": "Was very nice for its price, super central and nice helpful staff"}, {"name": "Benjamin", "date": "2021-12-28", "review": "Very good location in the vicinity of Euston/king\u2019s cross, with very friendly service staff!"}, {"name": "Kevin", "date": "2022-05-28", "review": "Superb location within walking distance of train stations.<br/>Lovely clean room that was as described.  The breakfast was a most welcome start with sufficient choice. <br/>The staff were polite and extremely helpful<br/>We would recommend and would stay again."}, {"name": "Maria Victoria", "date": "2022-06-07", "review": "El hotel est\u00e1 correcto para ser un 3 estrellas. Tuvimos una demora de media hora al momento del check in pero no fue un problema. Adem\u00e1s nos permitieron dejar las valijas antes y despu\u00e9s del check in y check out. <br/>El desayuno, correcto. Recomiendo."}, {"name": "Hans-Lothar", "date": "2022-10-08", "review": "All good and therefore a 5 star rating, just the loony with lounge and table looked bigger in the pics. Would have been nice to have that as a space for leisure but other than that all good."}]}