{
    "id": 37061847,
    "listing_url": "https://www.airbnb.com/rooms/37061847",
    "name": "NEW Stunning 2BD Apartment Amazing London Views",
    "description": "Incredible 6th floor apartment with amazing views of London river & skyline. Stylish & contemporary living throughout.  Two bedrooms, two bathrooms, open plan lounge, fully fitted kitchen & dining.  Floor to ceiling windows bring in stacks of natural light.  Perfect access to the West End London's best retail, dining & entertainment. A short walk along the river is Tate Britain, Palace of Westminster, London Eye, and St James's Park, Chelsea and Knightsbridge. Great base to explore London Town!<br /><br /><b>The space</b><br />Key Features:<br />Master bedroom with king size bed <br />Second bedroom with single bunk bed<br />2 slate tiled bathrooms (shower/wc)<br />Spacious lounge , high ceilings, sophisticated teal accents<br />Wooden flooring throughout<br />Open plan fully fitted white high gloss kitchen and dining area<br />Fresh linen and towelling <br />High Speed Internet <br />High quality appliances <br />Fully fitted wardrobes<br /><br /><b>Guest access</b><br />Guest have fu",
    "host_name": "Veronica",
    "host_id": 28820321,
    "host_url": "https://www.airbnb.com/users/show/28820321",
    "host_picture_url": "https://a0.muscache.com/im/users/28820321/profile_pic/1444330784/original.jpg?aki_policy=profile_x_medium",
    "neighbourhood_cleansed": "Westminster",
    "latitude": 51.48852,
    "longitude": -0.13024,
    "property_type": "Entire rental unit",
    "room_type": "Entire home/apt",
    "accommodates": 4.0,
    "bathrooms": 2.0,
    "beds": 3,
    "price": 210.0,
    "numbers_of_review": 57.0,
    "review_scores_rating": 4.54,
    "reviews": [
        {
            "name": "Rosemary",
            "date": "2019-08-11",
            "review": "Great central location, clean flat and good communication"
        },
        {
            "name": "Philip",
            "date": "2019-08-25",
            "review": "A very nice property in a very nice location to explore London"
        },
        {
            "name": "Jose",
            "date": "2019-09-21",
            "review": "Check-in and check-out was easy and convenient. The apartment was beautiful, clean, and had an awesome view. My family had a great time in London, we would definitely stay here again. I loved running on the riverwalk in the mornings, I felt like a local at times lol. Very nice area and nice apartment."
        },
        {
            "name": "Catherine",
            "date": "2019-09-26",
            "review": "Great place, amazing views, well equipped and spacious. This is a beautiful apartment! It\u2019s a 5 min walk to the subway that goes directly to King\u2019s Cross and Euston stations where you can catch the major rail trains. So no switching underground\u2019s with your luggage in tow. Restaurants and pubs within 5 min as well. We would come back for sure!"
        },
        {
            "name": "Casey",
            "date": "2019-10-13",
            "review": "This place is absolutely perfect for a stay in the city. This was all of our first times in the city, so we were bit overwhelmed on where to stay. Veronica's place is in a great location!<br/>The place is spacious and the view is incredible. Check-in was easy and Veronica was great at communicating with us! The bunk beds were larger and more comfortable than I expected. Veronica provided all the amenities we needed, and its great space for a longer trip. <br/>I would 100% recommend staying at Veronica's place if you are visiting London!"
        },
        {
            "name": "Amanda",
            "date": "2019-11-11",
            "review": "A beautiful apartment in a wonderful location"
        },
        {
            "name": "Michel",
            "date": "2019-11-17",
            "review": "Amazing apartment with a beautiful view"
        },
        {
            "name": "Stephen",
            "date": "2019-11-27",
            "review": "Lovely space to come back to after a busy day, very convenient location to train, eating and groceries."
        },
        {
            "name": "Jeronimo",
            "date": "2019-12-02",
            "review": "Apartamento con vistas fant\u00e1sticas, bien localizado, bien equipado, conodidad perfecta! muy recomendable"
        },
        {
            "name": "Nadine",
            "date": "2019-12-08",
            "review": "The flat is in an amazing location and very spacious. I have lived in London for many years in the past, and it is rare to get equally stunning views from your living room. Flat is also close to transport links and Victoria train station, which makes exploring London easy. Would definetly stay again!"
        }
    ]
}