{"id": 37243247, "listing_url": "https://www.airbnb.com/rooms/37243247", "name": "Beautiful room close to Canary Wharf and Excel", "description": "Beautiful double room for one guest on the 14th floor of a modern apartment block.<br /><br />Address:<br />Langdon Park DLR<br />Flat 57, 14th floor, Parkview Apartments<br />122 Chrisp Street, London, E14 6ET<br /><br />Location:<br />Canary Wharf - 8 minutes<br />Bank - 20 minutes<br />Excel & City Airport - 15 minutes<br /><br /><b>The space</b><br />Beautiful double room for one guest on the 14th floor of a modern apartment block located less than 1 min walk from Langdon Park DLR station. <br /><br />I offer a clean double room with a comfy bed and a built in wardrobe with plenty of storage.<br /><br />Bed linen, hair dryer, towels, shampoos are provided.<br /><br /><b>Guest access</b><br />Guests have access to bedroom, shared bathroom, lounge/kitchen area, balcony and shared terrace on the 18th floor.<br /><br />There is a restricted use of kitchen as cooking is not permitted. You are more than welcome to warm up your take away meals in microwave, keep grocery items in the fridg", "host_name": "Yulia", "host_id": 61839978, "host_url": "https://www.airbnb.com/users/show/61839978", "host_picture_url": "https://a0.muscache.com/im/pictures/user/41e9a111-2994-4333-b397-13b518ac6f8b.jpg?aki_policy=profile_x_medium", "neighbourhood_cleansed": "Tower Hamlets", "latitude": 51.51577, "longitude": -0.01502, "property_type": "Private room in rental unit", "room_type": "Private room", "accommodates": 1.0, "bathrooms": 1.0, "bedrooms": 1, "beds": 1, "amenities": ["Essentials", "Extra pillows and blankets", "Wifi", "Hot water", "Shampoo", "Elevator", "Smoke alarm", "Bed linens", "Hair dryer", "Hangers", "Heating"], "price": 30.0, "numbers_of_review": 9, "review_scores_rating": 5.0, "reviews": [{"name": "Robert", "date": "2019-09-24", "review": "A great place to stay at, comfortable, nice facilities, close to the DLR and good value for money"}, {"name": "Andrea", "date": "2019-10-06", "review": "The place was amazing in a good and safe location. It was extremely clean and stylish. The view from the kitchen and the room is amazing too! Definitely good value for money!"}, {"name": "Robert", "date": "2019-10-23", "review": "A great place to stay, great hospitality, good location, close to DLR and good  value for money."}, {"name": "Robert", "date": "2019-10-31", "review": "A regular visitor now, a great place to stay, quite, relaxing and guaranteed a good nights sleep. Good location, very close to the DLR line Langdon Park."}, {"name": "Robert", "date": "2019-11-06", "review": "A regular visitor to this apartment. Great location, very clean and comfortable and great value for money."}, {"name": "Robert", "date": "2019-11-13", "review": "A regular visitor now. Yulia is s great communicator, flexible with check in and very welcoming. Great location and very close to DLR Langdon Park."}, {"name": "Angela", "date": "2019-11-17", "review": "Fantastic place, superb location for DLR, excellent communication with host throughout."}, {"name": "\u0414\u043c\u0438\u0442\u0440\u0438\u0439", "date": "2019-11-24", "review": "\u0412\u0441\u0435 \u0431\u044b\u043b\u043e \u043d\u0430\u043c\u043d\u043e\u0433\u043e \u043b\u0443\u0447\u0448\u0435, \u0447\u0435\u043c \u044f \u043e\u0436\u0438\u0434\u0430\u043b. \u0420\u0435\u043a\u043e\u043c\u0435\u043d\u0434\u0443\u044e \u0445\u043e\u0437\u044f\u0439\u043a\u0443!"}, {"name": "Robert", "date": "2019-11-28", "review": "A regular visitor to here. Very happy to recommend this nice place. 2 minutes from Langdon Park, DLR, nice accommodation, quite and good value for money."}]}