{"id": 37522929, "listing_url": "https://www.airbnb.com/rooms/37522929", "name": "Modern Flat in Central London", "description": "Sparkling clean modern apartment in central London close to the river, Sloane Square, next to the park. Beautiful new Battersea Power Station Development is nearby with cafes, shops and restaurants. Bus stop is next to the apartment and connects to all main London attractions within 20 min", "host_name": "Olga", "host_id": 52644798, "host_url": "https://www.airbnb.com/users/show/52644798", "host_picture_url": "https://a0.muscache.com/im/pictures/user/37fdfbe6-f4e3-47a4-859e-2ea7f1e92a65.jpg?aki_policy=profile_x_medium", "neighbourhood_cleansed": "Wandsworth", "latitude": 51.48205, "longitude": -0.14835, "property_type": "Entire rental unit", "room_type": "Entire home/apt", "accommodates": 2.0, "bathrooms": 1.0, "bedrooms": 1, "beds": 1, "amenities": ["Oven", "Fire extinguisher", "Hair dryer", "Hangers", "Dishes and silverware", "Essentials", "Patio or balcony", "Shampoo", "Cooking basics", "Bed linens", "Carbon monoxide alarm", "Wifi", "Heating", "Coffee maker", "Dishwasher", "Long term stays allowed", "TV", "Microwave", "Refrigerator", "Iron", "Kitchen", "Stove", "Hot water", "Washer", "Elevator", "Smoke alarm", "Dryer"], "price": 133.0, "numbers_of_review": 13.0, "review_scores_rating": 4.69, "reviews": [{"name": "Jill", "date": "2019-09-14", "review": "Great Host and location. Lovely Flat!"}, {"name": "Pete", "date": "2019-09-20", "review": "Great apartment and location.  Communication and check-in/check-out were really good also.  We would stay there again."}, {"name": "\u0410\u0434\u0430\u043c", "date": "2019-09-30", "review": "\u0421\u0440\u0430\u0437\u0443 \u043a\u0430\u043a \u0437\u0430\u0435\u0445\u0430\u043b\u0438 \u0432 \u043a\u0432\u0430\u0440\u0442\u0438\u0440\u0443, \u043e\u043d\u0430 \u0443\u0434\u0438\u0432\u0438\u043b\u0430 \u0441\u0432\u043e\u0435\u0439 \u043e\u043f\u0440\u044f\u0442\u043d\u043e\u0441\u0442\u044c\u044e \u0438 \u0447\u0438\u0441\u0442\u043e\u0442\u043e\u0439 \u0438 \u0443\u044e\u0442\u043e\u043c. \u0424\u043e\u0442\u043e\u0433\u0440\u0430\u0444\u0438\u0438 \u0434\u0430\u0436\u0435 \u043d\u0435 \u043f\u043e\u043b\u043d\u043e\u0441\u0442\u044c\u044e \u043f\u0435\u0440\u0435\u0434\u0430\u044e\u0442 \u0430\u0442\u043c\u043e\u0441\u0444\u0435\u0440\u0443 \u0432 \u043a\u0432\u0430\u0440\u0442\u0438\u0440\u0435.<br/>\u041c\u0435\u0441\u0442\u043e\u043f\u043e\u043b\u043e\u0436\u0435\u043d\u0438\u0435 \u0431\u043e\u043b\u0435\u0435 \u0447\u0435\u043c \u0443\u0434\u043e\u0431\u043d\u043e\u0435, \u0432 \u0448\u0430\u0433\u043e\u0432\u043e\u0439 \u0434\u043e\u0441\u0442\u0443\u043f\u043d\u043e\u0441\u0442\u0438 \u0435\u0441\u0442\u044c \u0430\u0431\u0441\u043e\u043b\u044e\u0442\u043d\u043e \u0432\u0441\u0435. <br/>\u0425\u043e\u0437\u044f\u0438\u043d \u043e\u0447\u0435\u043d\u044c \u0433\u043e\u0441\u0442\u0435\u043f\u0440\u0438\u0438\u043c\u043d\u044b\u0439 \u0438 \u043e\u0442\u0437\u044b\u0432\u0447\u0438\u0432\u044b\u0439! <br/>\u0412\u0441\u0435\u043c \u0441\u043e\u0432\u0435\u0442\u0443\u044e."}, {"name": "Claudia", "date": "2019-10-08", "review": "The location was very convinient. There were restaurants, stores, and transportation nearby. Our flight was delayed but there were no issues checking in. Olga responded quickly to my messages."}, {"name": "Ali", "date": "2019-10-13", "review": "Great space! Communication and check-in was super smooth. Apartment is modern and completely clean \u2014 if you know your way around London by bus or overground, it is perfect! You can avoid most of the busy routes and save time by taking overground from Battersea Park or Clapham nearby. Few mins on the bus to Sloane Square and then a few mins more to Knightsbridge. Would not hesitate to stay here again."}, {"name": "Ricardo", "date": "2019-10-22", "review": "The flat is very nice and well located. Olga, the owner always give us quick answers and Boris, the manager, was super nice and helpful. Rightly recommended flat to stay here in Battersea!"}, {"name": "Gaby", "date": "2019-12-13", "review": "A wonderful flat in a beautiful area of London. Amazing location."}, {"name": "Tarun", "date": "2021-01-04", "review": "There is scaffolding work going on. We were not informed earlier about this. I don't think it is fair as we could not use the balcony at all."}, {"name": "Frank", "date": "2021-01-18", "review": "Perfect really!!"}, {"name": "Amaru", "date": "2021-03-04", "review": "Amazing stay, close by to everything. Great location, clean, felt like I was back home in Manhattan."}]}