{"id": 37595608, "listing_url": "https://www.airbnb.com/rooms/37595608", "name": "Lovely home in quiet Nunhead,  close to Peckham.", "description": "Decorated to a high spec, the two bedrooms both have king size beds with Tempur mattress in one and memory foam topper on the other. The bathroom has a large bath and separate shower and the kitchen has a sofa area with 46inch television and a dining table for four.  Cooking is done on the Aga (instructions provided) and there is a washing machine, American fridge freezer, wine fridge and dryer. There is wifi throughout. The garden is available for use, with small barbecue and plenty of seating.<br /><br /><b>The space</b><br />The house has been extensively refurbished and modernised over the last few years. It is a pet friendly place (within reason!) but no children live here, and as such it isn't really geared up for them. It's our home, so all kitchen equipment is here for your use. The kitchen and front bedroom with have Phillips Hue lighting, which means there are various settings and it's voice activated via Alexa. (It actually drives my husband crazy!) There are lots of plants ", "host_name": "Myles", "host_id": 15837897, "host_url": "https://www.airbnb.com/users/show/15837897", "host_picture_url": "https://a0.muscache.com/im/pictures/user/ed336e3b-8b61-4a27-b9fc-f772fc812816.jpg?aki_policy=profile_x_medium", "neighbourhood_cleansed": "Southwark", "latitude": 51.46142, "longitude": -0.04756, "property_type": "Entire home", "room_type": "Entire home/apt", "accommodates": 4.0, "bathrooms": 1.5, "bedrooms": 2, "beds": 2, "amenities": ["Essentials", "Wifi", "First aid kit", "Hot water", "Washer", "Free parking on premises", "Shampoo", "TV", "Long term stays allowed", "Smoke alarm", "Hair dryer", "Private entrance", "Iron", "Indoor fireplace", "Hangers", "Carbon monoxide alarm", "Kitchen", "Heating"], "price": 125.0, "numbers_of_review": 1, "review_scores_rating": 5.0, "reviews": [{"name": "Louise", "date": "2019-10-13", "review": "We had a fantastic stay in this gorgeous house, loved the location. It has everything you need and perfect place to hang out in on lazy weekends. Myles was really helpful. Highly recommend if you want somewhere that feels like a home but with hotel touches."}]}