{"id": 37956814, "listing_url": "https://www.airbnb.com/rooms/37956814", "name": "Chic room & private bathroom in Shoreditch", "description": "Airbnb in the heart of East London. Recently renovated for the comfort of Airbnb guests. Within close proximity to, Shoreditch, Colombia Rd, Bricklane Market and the rest of London. Boasting a lot of light and modern dec\u00f3r.<br /><br /><b>The space</b><br />This apartment has recently been renovated for the comfort of airbnb guests. This room boasts of having a private bathroom. A self contained apartment, it's a warm and welcoming atmosphere and a lovely place to make friends with fellow travellers. The room is located on the third floor.........................................................................................................................................................................................................................................................................................................................................................................................................................................................................", "host_name": "Tay & Marina", "host_id": 69479387, "host_url": "https://www.airbnb.com/users/show/69479387", "host_picture_url": "https://a0.muscache.com/im/pictures/user/e452257a-a836-425b-b185-5d9e17fdc620.jpg?aki_policy=profile_x_medium", "neighbourhood_cleansed": "Tower Hamlets", "latitude": 51.52534, "longitude": -0.06785, "property_type": "Private room in rental unit", "room_type": "Private room", "accommodates": 2.0, "bathrooms": 1.0, "bedrooms": 1, "beds": 2, "amenities": ["First aid kit", "Oven", "Fire extinguisher", "Hair dryer", "Hangers", "Dishes and silverware", "Luggage dropoff allowed", "Essentials", "Shampoo", "Cooking basics", "Bed linens", "Carbon monoxide alarm", "Wifi", "Heating", "Coffee maker", "Dishwasher", "Long term stays allowed", "Microwave", "Refrigerator", "Iron", "Kitchen", "Stove", "Lock on bedroom door", "Security cameras on property", "Hot water", "Washer", "Smoke alarm", "Lockbox"], "price": 103.0, "numbers_of_review": 19.0, "review_scores_rating": 4.53, "reviews": [{"name": "Obie", "date": "2019-08-26", "review": "Nice place to stay, stayed over for Carni and it was a nice clean place and everything was very simple. <br/>Perfect customer service."}, {"name": "Jingwen", "date": "2019-09-11", "review": "The house was very new, clean and tidy. Taylan was really friendly and helpful."}, {"name": "Signe", "date": "2019-09-14", "review": "Me and my mom had a really lovely stay. We were super happy with our room and all of the facilities.  Clean, comfortable and stylish."}, {"name": "Hanae", "date": "2019-09-25", "review": "The bedroom, bathroom and kitchen were all very clean and had good facilities. The nearest bus stop is in front of the accommodation and the bus comes quite frequently. The room was on the second floor, and the stairs to the floor were narrow. As we had very big and heavy luggage, it was a bit hard to carry them to the room, but otherwise we didn\u2019t have any difficulties. I\u2019d love to stay at this accommodation again."}, {"name": "Olga", "date": "2020-01-30", "review": "Todo perfecto, la habitaci\u00f3n increible, estaba muy limpia. El ba\u00f1o y la cocina super limpios y muy acogedores. El transporte p\u00fablico perfecto, hay una parada de bus delante del apartamento h una parada de metro a 10 minutos. Generalmente fue una estancia que super\u00f3 nuestras expectativas"}, {"name": "\uc131\uc740", "date": "2020-02-11", "review": "\uc77c\ub2e8 \uc704\uce58\uac00 \uc5c4\uccad \uc88b\uc558\uc5b4\uc694 \ubc84\uc2a4\uc5d0\uc11c \ub0b4\ub9ac\uc790\ub9c8\uc790 \ubc14\ub85c \uc9d1\uc55e\uc774\uace0 \uc1fc\ub514\uce58\ub9c8\ucf13\uc774\ub791 \ube0c\ub9ad\ub808\uc778 \ub9c8\ucf13\uc774 \uac00\uae4c\uc6cc\uc11c \uc88b\uc558\uc5b4\uc694 \ub9e4\uc77c \uc544\uce68\uc5d0 \uccad\uc18c \ud558\uc2dc\ub294 \ubd84\uc774 \uc640\uc11c \uc5c4\uccad \uae54\ub054\ud588\uc5b4\uc694 \uadfc\ub370 \ub2e8\uc810\uc740 \ubd80\uc5cc\uc774 \ud558\ub098\uc778\ub370 \uc804 \uce35 \uc0ac\ub78c\ub4e4\uc774 \uc0ac\uc6a9\ud558\uae30\uc5d4 \uc870\uae08 \uc881\uc740\uac10\uc774 \uc788\uace0 \ubc29\uc74c\uc774 \uc548\ub418\uc11c \ubc1c\uc18c\ub9ac\uac00 \ub2e4 \ub4e4\ub838\uc5b4\uc694 \uadf8\ub798\ub3c4 \uac00\uaca9\ub300\ube44 \ucd94\ucc9c\ud569\ub2c8\ub2e4!"}, {"name": "Christina", "date": "2020-02-17", "review": "Perfect location!"}, {"name": "Midas", "date": "2020-02-19", "review": "It was very clean"}, {"name": "Luis Santiago", "date": "2020-02-22", "review": "Muy buena localizacion en un barrio bohemio cerca del centro de Londres. Muy limpio y acojedor"}, {"name": "\uc0c1\ud76c", "date": "2020-03-10", "review": "\ubc84\uc2a4\uc815\ub958\uc7a5\uc774 \uc9d1 \ubc14\ub85c \uc55e\uc5d0\uc788\uc5b4\uc11c \ud3b8\ub9ac\ud588\uc2b5\ub2c8\ub2e4. \ud654\uc7a5\uc2e4\uacfc\ubc29\uc774 \ub9e4\uc6b0 \uae68\ub057\ud588\uc2b5\ub2c8\ub2e4. \ub2e8\uc810\uc740 \ubc29\uc74c\uc774 \ub418\uc9c0\uc54a\uc544\uc11c \uc704\uce35\uc774 \uc2dc\ub044\ub7ec\uc6e0\uc2b5\ub2c8\ub2e4.. \uc9d0\uc774 \ubb34\uac81\ub2e4\uba74 \uacc4\ub2e8\uc744 \uc624\ub974\uae30 \ud798\ub4ed\ub2c8\ub2e4.(\uc800\ud76c\ub294 \ud070 \uce90\ub9ac\uc5b4\uac00 \uc138\uac1c) \ubc29\uc740 \ub109\ub109\ud558\uac8c \uc4f8\uc218\uc788\uac8c \ub113\uc5c8\uace0 \uc0b4\uc9dd\ucd94\uc6e0\uc2b5\ub2c8\ub2e4. \uc804\uccb4\uc801\uc73c\ub85c \ud3b8\ub9ac\ud558\uace0 \ucf8c\uc801\ud588\uc2b5\ub2c8\ub2e4. \ub2e8\ub3c5\uc695\uc2e4\uc774\ub77c\ub294 \uc810\uc774 \ud2b9\ud788 \uc88b\uc558\uc2b5\ub2c8\ub2e4. \ucd94\ucc9c\ud569\ub2c8\ub2e4!"}]}