{"id": 38262249, "listing_url": "https://www.airbnb.com/rooms/38262249", "name": "Luxury flat Notting Hill, Hyde Park, city centre", "description": "Brand new modern flat in the centre of London.<br />TOP LOCATION<br />- 5 mins walking from Bayswater station<br />- 5 mins walking from Hyde Park<br />- 15 mins walking from Portobello Road<br />THE SPACE<br />The flat is a 2 bedroom flat apartment. You will access to 2 double bedrooms and a living room.<br />Each of the double rooms has a double bed and there is also a double sofa bed in the living room.<br />Ideal for group of friends or families.<br /><br /><b>The space</b><br />The flat is a 2 bedroom flat apartment. You will access to 2 double bedrooms and a living room.<br />Each of the double rooms has a double bed and there is also a double sofa bed in the living room.<br /><br /><b>Guest access</b><br />During the stay you will have 24 hours access to the apartment.<br />On your arrival the keys will be placed in a security box.<br /><br /><b>Other things to note</b><br />The keys are to be collected from a lockbox by the front door of the building.<br />At the time of checko", "host_name": "Flavio", "host_id": 185898036, "host_url": "https://www.airbnb.com/users/show/185898036", "host_picture_url": "https://a0.muscache.com/im/pictures/user/ab60fe64-4f9d-4a49-96b3-4b9194b2cfe7.jpg?aki_policy=profile_x_medium", "neighbourhood_cleansed": "Westminster", "latitude": 51.51132, "longitude": -0.19134, "property_type": "Entire rental unit", "room_type": "Entire home/apt", "accommodates": 5.0, "bathrooms": 1.0, "bedrooms": 2, "beds": 2, "amenities": ["Essentials", "Extra pillows and blankets", "Wifi", "Hot water", "Washer", "Oven", "Long term stays allowed", "Refrigerator", "Cooking basics", "Bed linens", "Private entrance", "Kitchen", "Lockbox", "Heating", "Stove", "Dishes and silverware"], "price": 213.0, "numbers_of_review": 22.0, "review_scores_rating": 4.32, "reviews": [{"name": "Caline", "date": "2019-09-04", "review": "We had a lovely time at Flavio's place.<br/>the flat was recently refurbished and sparkling clean.<br/>We really enjoyed Hyde Park that was at only 5 mins walking from the flat and same for the station that was next to the property.<br/>Flavio is a very good host  and took care of all our enquiries"}, {"name": "Tong", "date": "2019-09-13", "review": "Very close to Bayswater stop. Extremely convenient location. You can find loads of stuff (supermarkets, souvenir shops, restaurants, etc) in front of the stop. The flat is quite clean too."}, {"name": "Lucia", "date": "2019-09-22", "review": "Tutto fantastico!!"}, {"name": "Marion", "date": "2019-11-11", "review": "Appartement tr\u00e8s bien plac\u00e9, joli. Le canap\u00e9 n'est pas tr\u00e8s confortable mais les 2 lits sont tops ! Id\u00e9al pour un groupe de 4/2 couples. Quartier calme mais pubs et m\u00e9tro \u00e0 5 minutes de marche. Flavio est un h\u00f4te disponible et r\u00e9actif. Nous avons pass\u00e9 un tr\u00e8s bon s\u00e9jour \u00e0 Londres dans cet appartement !"}, {"name": "Anna Blanca", "date": "2019-11-25", "review": "Nice place!"}, {"name": "\u05de\u05d9\u05d4 \u05e9\u05d5\u05dc\u05de\u05d9\u05ea", "date": "2019-11-29", "review": "Great location, very clean and good communication with the host."}, {"name": "Renata H", "date": "2019-12-01", "review": "We haven\u2019t been in this flat, because the guests before us broke the shower. Flavio was really nice and sorted out an other place for us. So my review belong to that flat"}, {"name": "Maria", "date": "2019-12-12", "review": "Clean and nice. Perfect location."}, {"name": "Marie", "date": "2019-12-15", "review": "Appartement tr\u00e8s bien plac\u00e9, \u00e0 deux pats de Nothing Hills. Grand salon , cuisine moderne, 2 grandes chambres tr\u00e8s agr\u00e9ables. Seul petit point faible, la salle de bain. Je recommande vivement cette appartement."}, {"name": "\u9759", "date": "2019-12-23", "review": "\u623f\u6e90\u4f4d\u7f6e\u5f88\u597d\uff0c\u51fa\u95e8\u4e0d\u8fdc\u5904\u5c31\u6709\u5f88\u591a\u7684\u8d85\u5e02\u548c\u996d\u5e97\uff0c\u79bb\u5730\u94c1\u7ad9\u4e5f\u5f88\u8fd1\u3002"}]}