{"id": 38322670, "listing_url": "https://www.airbnb.com/rooms/38322670", "name": "Single room for females only in central London", "description": "Single room for female or male a newly decorated<br /><br /><b>The space</b><br />Single room in Central London, very close to shops and restaurants. Four underground stations and lots of buses take you everywhere you want. walking distance to heyd park<br /><br /><b>Guest access</b><br />Guests can access the balcony if they need to smoke, and the small common area plus the bathroom and kitchen<br /><br /><b>Other things to note</b><br />My place is in the heart of London, and you can go everywhere very easy also I give advice.<br />Also, the charming view from a single room window to see trees, birds, buses and lovely people", "host_name": "Muna", "host_id": 278269397, "host_url": "https://www.airbnb.com/users/show/278269397", "host_picture_url": "https://a0.muscache.com/im/pictures/user/0e738123-fb11-4fa2-8f1d-6670c571cbcc.jpg?aki_policy=profile_x_medium", "neighbourhood_cleansed": "Westminster", "latitude": 51.5157, "longitude": -0.19763, "property_type": "Private room in condo", "room_type": "Private room", "accommodates": 1.0, "bathrooms": 1.5, "bedrooms": 1, "beds": 2, "amenities": ["Extra pillows and blankets", "Cleaning before checkout", "Fire extinguisher", "Mini fridge", "Hair dryer", "Dining table", "Private entrance", "Hangers", "Piano", "From boots body soap", "Cleaning products", "Rice maker", "Dishes and silverware", "Luggage dropoff allowed", "Essentials", "Outlet covers", "Shampoo", "Bread maker", "Baking sheet", "Clothing storage: closet", "Ceiling fan", "Cooking basics", "Carbon monoxide alarm", "Bathtub", "Shower gel", "Ski-in/Ski-out", "Heating", "Wifi", "Safe", "From boots conditioner", "Free dryer \u2013 In unit", "Long term stays allowed", "Conduction oven", "Hot water kettle", "Bidet", "Refrigerator", "Private patio or balcony", "Iron", "Kitchen", "Drying rack for clothing", "Lock on bedroom door", "Dedicated workspace", "Hot water", "Elevator", "Smoke alarm", "Free washer \u2013 In unit", "Laundromat nearby", "Lockbox", "Freezer"], "price": 50.0, "numbers_of_review": 23.0, "review_scores_rating": 4.78, "reviews": [{"name": "Adil", "date": "2019-12-18", "review": "Really nice and helping host. Muna will make you feel at home. The room is nice in the centre of notting hill... only 5-10 minutes walk to the station with 24h bus stop 2 minutes walk from the house. Really happy about my stay - will be back for sure. Thanks for everything Muna."}, {"name": "Raquel", "date": "2020-01-07", "review": "Muna\u2019s apartment is located walking distance from the tube, making it a convenient location for going into Central London! The room is cozy but not cramped, and includes a wardrobe. She provided an electric kettle with plenty of tea, and several blankets and towels for the duration of my stay. The bed was especially comfortable. I really appreciated the heater and extension cord that came with the room. She has a good response time; one day the electric shower wasn\u2019t working and she got it fixed within 24 hours. I would definitely recommend staying with Muna."}, {"name": "Lenka", "date": "2020-01-20", "review": "A good place, easy going host. Pleasant surprise, how quiet it is during the nights! Very good neighborhood- both connections and dining places. I would happily come back"}, {"name": "ByeongCheon", "date": "2022-04-25", "review": "the owners are very nice! good location for public transport and such a lovely view. i won't never forget the cook as well \ud83d\ude0b"}, {"name": "Brittney", "date": "2022-05-02", "review": "Muna is very kind and helpful, she is a really sweet host I highly recommend. <br/>The location of the flat is perfect, you are in the middle of Notting Hill and close to buses, coffee shops, the underground, and in a trendy neighborhood. I will definitely come back even just to say hi to Muna who will help you with anything you need. The flat is perfect for girls."}, {"name": "Aysa", "date": "2022-05-06", "review": "Muna is lovely. Great communication. Perfect location"}, {"name": "Sophie", "date": "2022-05-08", "review": "Muna is very nice and helpful. The place is clean and the bed very confortable. The location is great also ! Thank you very much"}, {"name": "Gabriel", "date": "2022-05-11", "review": "La casa est\u00e1 muy bien conectada con el transporte p\u00fablico, la cama es realmente c\u00f3moda"}, {"name": "Jonathan", "date": "2022-05-14", "review": "Very good location, tidy and clean little room, nice to talk to Muna whenever coming \"home\"."}, {"name": "Sarah", "date": "2022-05-17", "review": "A great room, very close to trains/buses that take you anywhere you need to go in the city. The neighborhood itself is cute, with many restaurants and pubs. It's a small flat but it has everything you need, and I didn't spend much time there anyways. Muna is a great host, friendly and communicative, and she was flexible about my check-in time. She also cooked a delicious dinner the night I arrived and offered me some. If I come back to London I would stay here again!"}]}