{"id": 38341020, "listing_url": "https://www.airbnb.com/rooms/38341020", "name": "Trendy 1 bed flat in Stamford Hill/Stoke Newington", "description": "Large 1 bedroom flat with a separate kitchen and separate living room which can be used as a 2nd bedroom.  Living room also has access to the lovely and cosy small patio, which opens up to the other large communal garden.  Large airy, bright, trendy spacious bedroom with a modern touch to it and it's located on the ground floor!<br /><br />Fully fitted kitchen with everything you will need from your coffee machine to your oven.<br /><br />No smoking is allowed in the property, only in the patio.", "host_name": "Berkan", "host_id": 291755219, "host_url": "https://www.airbnb.com/users/show/291755219", "host_picture_url": "https://a0.muscache.com/im/pictures/user/bd0f5f08-b850-4bbd-b443-7780b57bf79b.jpg?aki_policy=profile_x_medium", "neighbourhood_cleansed": "Hackney", "latitude": 51.57053, "longitude": -0.06802, "property_type": "Entire rental unit", "room_type": "Entire home/apt", "accommodates": 4.0, "bathrooms": 1.0, "bedrooms": 1, "beds": 1, "amenities": ["Extra pillows and blankets", "Oven", "Hair dryer", "Private entrance", "Hangers", "Dishes and silverware", "Essentials", "Patio or balcony", "Shampoo", "Free street parking", "Cooking basics", "Single level home", "Carbon monoxide alarm", "Wifi", "Heating", "Coffee maker", "Dishwasher", "Long term stays allowed", "TV", "Host greets you", "Microwave", "Refrigerator", "Kitchen", "Stove", "Hot water", "Washer", "Smoke alarm", "Ethernet connection", "Dryer"], "price": 100.0, "numbers_of_review": 10, "review_scores_rating": 4.88, "reviews": [{"name": "Toni", "date": "2019-09-10", "review": "woww, was the best Airbnb I ever had \ud83d\udc4c<br/>there was nothing bad. Apartment, the area outside, parking places, bed everything cool \ud83d\udc4d\ud83d\udc4c Thanks again for the great time"}, {"name": "Hakan", "date": "2019-09-15", "review": "I stayed here with my family and obviously it was the best of all my Airbnb stays. Berkan was so kind and helpful. Surrounding was perfect with people and great park areas. Flat was georgeous with all kitchen appliances. Hope to stay here again."}, {"name": "Noah", "date": "2019-09-22", "review": "Good communications from the host and a nice little place for the 3 of us to stay for the weekend."}, {"name": "Amber", "date": "2019-10-14", "review": "Great location and spaces to park just across the road from the apartment."}, {"name": "Beatriz", "date": "2019-10-20", "review": "Berkan is a great host, always available and super nice. The appartment is as described, really clean and with everything you need."}, {"name": "Juliana", "date": "2019-10-26", "review": "Appartamento in zona strategica a prezzo accettabile parlando de Londra, molto servito con mezzi e supermercati, servizi impeccabili e oltre l\u2019aspetativa! <br/>Host disponibile"}, {"name": "JeanRobert", "date": "2019-11-10", "review": "Perfect location <br/>Easy access to public transport <br/>Clean space,"}, {"name": "Anne Valeria", "date": "2019-12-08", "review": "berkan is really friendly, beutiful place and quiet."}, {"name": "Bethany", "date": "2023-07-02", "review": "Berkan was a fantastic host, very friendly and helpful. The apartment was well stocked, comfortable, and easy to get to and from via bus/overground train, would definitely stay here again :)"}, {"name": "Catalina Marie", "date": "2023-07-09", "review": "Berkan was a wonderful host - very welcoming and accommodating! Super friendly and always responsive. The house itself was well stocked, well kept and had good transport links to get around. Overall, I would recommend and would stay here again!"}]}