{
    "id": 38533353,
    "listing_url": "https://www.airbnb.com/rooms/38533353",
    "name": "Beautiful One Bed Flat near tube and restaurants",
    "description": "A newly refurbished one bedroom flat which is part of a converted Victorian property. The flat is a 10mins walk to Finsbury Park Tube (Zone 2). There are a multitude of restaurants, cafes and pubs nearby in trendy Stroud Green and all the facilities of Holloway Road are less than a 10min walk. There is a small park at the end of the road and a Tesco Express just around the corner.",
    "host_name": "Angharad",
    "host_id": 43346780,
    "host_url": "https://www.airbnb.com/users/show/43346780",
    "host_picture_url": "https://a0.muscache.com/im/pictures/user/8c560b60-80f1-409d-bee4-767138a722aa.jpg?aki_policy=profile_x_medium",
    "neighbourhood_cleansed": "Islington",
    "latitude": 51.56569223670617,
    "longitude": -0.1171104580336278,
    "property_type": "Entire condo",
    "room_type": "Entire home/apt",
    "accommodates": 2.0,
    "bathrooms": 1.0,
    "beds": 1,
    "price": 115.0,
    "numbers_of_review": 4,
    "review_scores_rating": 5.0,
    "reviews": [
        {
            "name": "Eric",
            "date": "2022-08-24",
            "review": "Lovely host and lovely place. Super comfortable and great vibe / location :)"
        },
        {
            "name": "Viviana",
            "date": "2022-08-31",
            "review": "Angharad is a great Host and my stay was great. She is very nice and always there. Everything was perfect \ud83d\udc4d\ud83c\udffb"
        },
        {
            "name": "Richard",
            "date": "2022-10-22",
            "review": "best airbnb in all of london! amazing places close by, lots of great sights and sounds. a great homebase for any trip day or night. a wonder host!"
        },
        {
            "name": "Kushtrim",
            "date": "2023-04-23",
            "review": "Really good flat, we felt like home."
        }
    ]
}