{"id": 38675566, "listing_url": "https://www.airbnb.com/rooms/38675566", "name": "(F4) Modern Double Bedroom (Plumstead/Abbey Wood)", "description": "We present a modern double bed in a newly refurbished house located in Plumstead, South East London. This is an extremely comfortable\u200b bed that will give you\u200b a sleep of a lifetime.\u200bOur beautiful home is located within a quiet residential street, a short distance from Bostall Woods. The house is in close proximity to both Plumstead and Woolwich Town Centre(s) and stations. Both the Kitchen and Toilet/Bathroom are shared (however cleaned regularly). We hope you enjoy your stay here.<br /><br /><b>The space</b><br />1 Bedroom (1 Double bed), A Large modern shared kitchen and toilet area,  Common area and Back Garden space etc.<br /><br /><b>Guest access</b><br />As well as the double room, guests have access to the common area near the kitchen and back garden/patio area. They have full access to the kitchen and bathroom/toilets too.<br /><br /><b>Other things to note</b><br />Room is on the first floor. You will need to climb approximately 12-13 steps to get to the room.", "host_name": "Ancell", "host_id": 273598160, "host_url": "https://www.airbnb.com/users/show/273598160", "host_picture_url": "https://a0.muscache.com/im/pictures/user/3f9bee96-ee5e-41dc-a0e7-48020d98be85.jpg?aki_policy=profile_x_medium", "neighbourhood_cleansed": "Greenwich", "latitude": 51.47963, "longitude": 0.10424, "property_type": "Private room in home", "room_type": "Private room", "accommodates": 2.0, "bathrooms": 1.5, "bedrooms": 1, "beds": 1, "amenities": ["First aid kit", "Fire extinguisher", "Hair dryer", "Private entrance", "Hangers", "Dishes and silverware", "Essentials", "Free parking on premises", "Shampoo", "Free street parking", "Cooking basics", "Carbon monoxide alarm", "Wifi", "Heating", "Long term stays allowed", "TV", "Microwave", "Refrigerator", "Iron", "Kitchen", "Lock on bedroom door", "Security cameras on property", "Washer", "Smoke alarm", "Dryer"], "price": 40.0, "numbers_of_review": 11.0, "review_scores_rating": 4.27, "reviews": [{"name": "Ewelina", "date": "2019-10-06", "review": "Very nice and clean room. <br/>Quick responses.. <br/>Highly recommended"}, {"name": "Paul Ionut", "date": "2019-10-20", "review": "Very nice kitchen, clean rooms."}, {"name": "Joao", "date": "2019-10-27", "review": "Localiza\u00e7\u00e3o muito ma. anfitri\u00e3o pouco prest\u00e1vel. Senhora que cuida da casa muito mal educada. <br/>De resto cumpriu."}, {"name": "Oladimeji", "date": "2019-11-04", "review": "Very very clean and well equipped"}, {"name": "Kinmilola", "date": "2019-12-29", "review": ".....it's like home away from home..."}, {"name": "Grier", "date": "2020-01-05", "review": "Ancell's place was very comfortable and perfect for my short stay. Ancell and his family were very accommodating and made the space feel very welcoming upon my arrival. Would happily recommend!"}, {"name": "Beana", "date": "2020-01-27", "review": "The area is so puluted it's toxic and gave me allergic reaction."}, {"name": "Romeo", "date": "2021-01-23", "review": "I enjoyed the experience"}, {"name": "Aisien", "date": "2021-12-10", "review": "Is better you guy\u2019s try this apartment"}, {"name": "John", "date": "2022-05-16", "review": "Very clean and pleasant Accomodation quiet was not disappointed"}]}