{"id": 38775829, "listing_url": "https://www.airbnb.com/rooms/38775829", "name": "Retro 1 Bed Sleeps 4 -10 Minutes to Borough Market", "description": "Welcome to my stylish home! My retro apartment is situated in the trendy foodie area of Bermondsey, and sleeps up to 4 guests comfortably.<br />Bermondsey station is a 6 minute walk from the door, from which you can reach London Bridge/ Borough Market in one stop. Shoreditch and Covent Garden are accessible in under 20 minutes and so you will be well connected to the rest of the city. The area has lots of cool shops and restaurants and of course Borough Market is round the corner! Enjoy!<br /><br /><b>The space</b><br />Hi! I am Chris and I am delighted to welcome you to my home city - London! London never sleeps and there are so many amazing places to see, eat and drink at and absorb. And my flat located in Bermondsey is a great base for your London explorations.<br /><br />The flat is located a mere 6 minutes walk from Bermondsey tube station which is on the Jubilee line. I call it the tourists line because all the major stops such as Westminster (Big Ben), Green Park (Buckingham Pal", "host_name": "Chris", "host_id": 13614233, "host_url": "https://www.airbnb.com/users/show/13614233", "host_picture_url": "https://a0.muscache.com/im/pictures/user/cab60876-8adf-4327-ba43-3f53309992b6.jpg?aki_policy=profile_x_medium", "neighbourhood_cleansed": "Southwark", "latitude": 51.49612, "longitude": -0.06935, "property_type": "Entire rental unit", "room_type": "Entire home/apt", "accommodates": 4.0, "bathrooms": 1.0, "bedrooms": 1, "beds": 2, "amenities": ["Extra pillows and blankets", "Oven", "Hair dryer", "Hangers", "Crib", "Dishes and silverware", "Essentials", "Free parking on premises", "Shampoo", "Cooking basics", "Single level home", "Bed linens", "Clothing storage: dresser and closet", "Carbon monoxide alarm", "Wifi", "Heating", "Dishwasher", "Long term stays allowed", "TV", "Microwave", "Refrigerator", "Shared fenced garden or backyard", "Iron", "Kitchen", "Drying rack for clothing", "Stove", "Dedicated workspace", "Hot water", "Washer", "Smoke alarm", "Dryer"], "price": 170.0, "numbers_of_review": 13.0, "review_scores_rating": 4.85, "reviews": [{"name": "Gitte", "date": "2019-10-22", "review": "Very nice locaton and help. Great place"}, {"name": "Sarah", "date": "2019-10-28", "review": "Chris was a great host and very responsive. The place is cute, clean, and in a quiet neighborhood. The bed was the most comfortable bed I have ever stayed at in an airbnb!"}, {"name": "Elena", "date": "2019-10-31", "review": "A great apartment and an even better host- great communication. Chris was so helpful with everything we needed, especially when there were issues. The apartment was adorable and great for what we needed. Perfect!"}, {"name": "Ellie", "date": "2019-11-17", "review": "Staying at Chris's flat was perfect! He has a wonderful location in Bermondsey, making it super easy to access the underground and get around London. The place itself was great. Plenty of space and supplies. The refrigerator wasn't working before we arrived and he put in a mini-fridge that worked very well in the meantime. Chris was also very accessible and responsive to questions. Check-in and check-out were simple. If I am able to return to London again, I would definitely reach back out to stay here in the future!"}, {"name": "Alike", "date": "2019-12-14", "review": "Great location, restaurants and bars around, upcoming area! Chris was very responsive, descriptions were easy and clear. Anytime again!"}, {"name": "Stan", "date": "2019-12-19", "review": "This stylish and clean flat is in a really great, central part of London. Chris the owner was so graceful and accommodating in making our stay so pleasant. Would highly recommend to anyone!"}, {"name": "Courtney", "date": "2019-12-23", "review": "Chris is an amazing host!!  Very accommodating!!  Can\u2019t say enough wonderful things about his hospitality!!"}, {"name": "Ronaldo", "date": "2019-12-27", "review": "GREAT location, nice apartment, and quick responses from the host"}, {"name": "Matt", "date": "2020-04-05", "review": "Amazing location, excellent home away from home whilst on a work trip."}, {"name": "Ashutosh", "date": "2020-07-18", "review": "We booked Chris\u2019 place for 3 months during the pandemic when we had issues with our previous host - who kicked us out earlier than our actual booking date, he was indeed a lifesaver for my partner and our infant son during the Covid-19 pandemic. Amazing guy, very responsive and super helpful. <br/>His apartment is located very close to the city centre yet very quiet. He has great neighbours and even a shared garden which was very nice, good for a small picnic or just sunbathing during summer. The flat itself is big and spacious with everything you need for a long/short stay.<br/>Any issues we had, he was super responsive and helpful and gave us a lot of tips and hints. If we return to London again, we will be sure to see if his flat is available and rebook. <br/>Thanks Chris for being an amazing host and letting us call your apartment our home!"}]}