{
    "id": 39631778,
    "listing_url": "https://www.airbnb.com/rooms/39631778",
    "name": "West End Apartment",
    "description": "Bright and spacious apartment in the heart of the West End.  Excellent transport links and short walking distance to Trafalgar Sq, Oxford Street, Covent Garden, Piccadilly Circus.<br /><br /><b>The space</b><br />Spacious living room two double bedrooms and two family size bathrooms. Dining area seated for 4 people.",
    "host_name": "Jessica",
    "host_id": 21029247,
    "host_url": "https://www.airbnb.com/users/show/21029247",
    "host_picture_url": "https://a0.muscache.com/im/users/21029247/profile_pic/1435908015/original.jpg?aki_policy=profile_x_medium",
    "neighbourhood_cleansed": "Westminster",
    "latitude": 51.51354,
    "longitude": -0.13003,
    "property_type": "Entire rental unit",
    "room_type": "Entire home/apt",
    "accommodates": 6.0,
    "bathrooms": 2.0,
    "beds": 3,
    "price": 229.0,
    "numbers_of_review": 10,
    "review_scores_rating": 5.0,
    "reviews": [
        {
            "name": "Amy",
            "date": "2022-08-18",
            "review": "LOCATION, LOCATION, LOCATION!!! <br/>Our family of 5 (2 adults, 3 kids ages 10-19) stayed here for 5 days this August. <br/>The apartment is ideally located. It is a short walk to multiple tube stations & bus routes so getting around all of London was super easy. It is a 5-6 minute walk to Trafalgar Square, Leicester Square, Piccadilly Circus and Covent Garden. We walked to Westminster Abbey from the apartment, which is a great way to experience Whitehall and the Horse Guards along the route and only about a 15 minute walk. This location is truly perfect for seeing the sights of London. <br/>Our host was wonderful!! She was so helpful with tips and recommendations about places to eat & sights to see. She went above & beyond in helping me track down a package I had mailed to the apartment, even calling the post on my behalf so I did not have to deal with it. <br/>The apartment is surrounded by cafes, pubs, restaurants and convenience shops, so the choice of where to eat or grab some take out is endless. The area is so vibrant and exciting and staying there made our trip that much better. <br/>The living room was well appointed with lots of comfortable seating and it is a great space to hang out in together at the end of a long, action packed day. We felt very much  at home in the space. The kitchen is also very well stocked & has everything you need if you chose to stay in and cook.<br/>Another HUGE plus is the apartment has 2 full bathrooms which made getting ready in the morning so much easier and quicker for our family of 5. <br/>The noise level from the patrons at the restaurants & cafes below the apartment was significant, particularly in the front bedroom & living room with the windows open (we were there in the second heat wave this August and the windows had to stay open for the cooler night time air). This did not impact the kids who were sleeping in those areas but it could impact a light sleeper, so pack earplugs if that is you. The back bedroom did not have the same issues with noise. We absolutely loved the vibrancy and energy of the area so the noise was not an issue for us at all. <br/>We loved our stay at the apartment and will definitely stay there again. I cannot imagine anywhere else being as perfectly located as this apartment is."
        },
        {
            "name": "Tiffany",
            "date": "2022-10-10",
            "review": "The location is amazing! We had 4 people staying in the apartment and we had plenty of room."
        },
        {
            "name": "Ozal",
            "date": "2022-10-14",
            "review": "Best thing : location. <br/>It\u2019s literally in the middle of SOHO area. <br/>I stayed with 3 friends, best for nite out and broadway / play around the area. <br/>I understand that noises may hear thru the room, but I dont mind at all as I am not a light sleeper. <br/>A good place if u want to stay in the center and with friends."
        },
        {
            "name": "Debbi",
            "date": "2022-10-24",
            "review": "The location couldn't be better and Jessica was great.  It was so nice to have a living room to relax and two bedrooms and bathrooms was awesome for 3 of us."
        },
        {
            "name": "Carmen",
            "date": "2022-11-03",
            "review": "Fantastic location in a very vibrant part of London. Lovely flat with two bathrooms for the three of us,that was great. We were able to walk everywhere and loved being able to grab a slice of pizza at 10:00 PM on coming home. The smoothie machine was a hit with our godson Otto."
        },
        {
            "name": "Linda",
            "date": "2022-11-27",
            "review": "Excellent central location, ideal for the theatre or sightseeing"
        },
        {
            "name": "Gary",
            "date": "2022-12-09",
            "review": "Just an excellent location in the heart of the of it all, walk to everything with tube 5 minutes away. Party nites intruded a bit but the vib in the area is great."
        },
        {
            "name": "Daniel",
            "date": "2023-01-08",
            "review": "It's a great place in the heart of the most lively district in London. And the apartment was really nice, better than the photos, I thought. No problems. It was a nice flat in the middle of London for our stay."
        },
        {
            "name": "Jeppe",
            "date": "2023-01-22",
            "review": "Fine flat in a nice area. Generally easy to communicate with Jessica."
        },
        {
            "name": "John",
            "date": "2023-02-19",
            "review": "easy to access everything. very walkable. busy neighborhood"
        }
    ]
}