{"id": 39682908, "listing_url": "https://www.airbnb.com/rooms/39682908", "name": "2 Bedroom Flat in Victoria/Pimlico Central London", "description": "A newly refurbished two-bedroom flat in the centre of London. Near to Victoria and Pimlico stations, you will be close to the main landmarks like Buckingham Palace, BigBen and The London Eye, located 15-20 minutes walking distance.<br /><br /><b>The space</b><br />The flat has two double bedrooms and one sofa-bed, accommodating six guests comfortably. There is also a fully equipped kitchen for you to prepare a simple snack or a full family meal. <br /><br />You will find towels and bed linen for all guests.", "host_name": "Alessandro", "host_id": 580475, "host_url": "https://www.airbnb.com/users/show/580475", "host_picture_url": "https://a0.muscache.com/im/users/580475/profile_pic/1348416071/original.jpg?aki_policy=profile_x_medium", "neighbourhood_cleansed": "Westminster", "latitude": 51.48939, "longitude": -0.14168, "property_type": "Entire rental unit", "room_type": "Entire home/apt", "accommodates": 6.0, "bathrooms": 1.0, "bedrooms": 2, "beds": 3, "amenities": ["First aid kit", "Fire extinguisher", "Hair dryer", "Private entrance", "Hangers", "Crib", "Dishes and silverware", "Luggage dropoff allowed", "Essentials", "Shampoo", "Carbon monoxide alarm", "Wifi", "Heating", "Coffee maker", "Long term stays allowed", "TV", "Microwave", "Iron", "Kitchen", "Hot water", "Washer", "Smoke alarm", "High chair", "Dryer", "Lockbox"], "price": 170.0, "numbers_of_review": 13.0, "review_scores_rating": 4.54, "reviews": [{"name": "Alexandra", "date": "2019-12-01", "review": "Tr\u00e8s bel appartement !"}, {"name": "Daniel", "date": "2019-12-11", "review": "Fantastic property. One of the best I have ever stayed in"}, {"name": "Pretty", "date": "2019-12-15", "review": "\u623f\u6771\u4eba\u975e\u5e38\u597d \u5bb6\u88e1\u74b0\u5883\u5f88\u68d2 \u63a8\u85a6\u5927\u5bb6"}, {"name": "Melissa", "date": "2019-12-29", "review": "Good location and easy check in with excellent communications from host."}, {"name": "Pascale", "date": "2020-01-01", "review": "appartement tr\u00e8s propre et moderne. quartier calme, pr\u00e8s de Victoria Station. tr\u00e8s bien \u00e9quip\u00e9. \u00e9changes rapides et supers avec l'h\u00f4te. notre s\u00e9jour \u00e9tait formidable. je recommande"}, {"name": "Thierry", "date": "2020-01-19", "review": "We stayed at Alessandros place for an extended weekend.<br/>Located 8 min from Pimlico or 11 min from Victoria Station by foot, the area is quiet, clean and safe.<br/>The communication with Alessandro was easy, he replied very fast and there was nothing to blame on.<br/>The check-in was fast and worked as expected.<br/>The flat was clean, everything was already prepared and there was even for each of us a little soap and a small bottle of shampoo ready on the towels... Nice gesture from Alessandro.<br/>I can recommend Alessandro as a host and it is quite possible that I'll have a look for his flat the next time when I'll go to London."}, {"name": "Manuel", "date": "2020-01-27", "review": "Excelente Departamento, muy cercano a transporte p\u00fablico, lugar tranquilo, anfitri\u00f3n preocupado de todos los detalles,"}, {"name": "Nina", "date": "2020-02-02", "review": "Great host & place very clean."}, {"name": "Joerg", "date": "2020-02-10", "review": "The place is super centrally located, sparkling clean, has a grocery store just around the corner and has super warm and comfy beds. Check-in & communication with Alessandro was a pleasure - there was even a bottle of wine, tea and coffee for us. Only down side was that we never really got the wifi to work and that during the major storm weekend the boiler gave out on Sunday morning (no hot water or heat for the remaining 24h). Alessandro however did his best to fix the issues (contacted engineers for fixing and supplied space heaters in the meanwhile)."}, {"name": "Jennifer", "date": "2020-02-19", "review": "The flat was listed on the second floor it was more like the 4 th floor. Construction was taking place in the second floor flat making it very dusty and loud. My son had an allergic reaction as soon as we got into the flat and I had to send my husband to the pharmacy to get Benadryl and hydrocortisone cream. <br/>The flat was clean and cozy. Small for 5 of us but it worked. It would cram 6 people in it. We had 2 adults and 3 children. There were large dust bunnies that worked there way out from under the beds and couch but for the rest of the flat it was neat and clean.  Our first few days were good. We settled in and start f finding our way around London. We had a  very busy day Saturday sightseeing and it was freezing rain and cold all day. We got back to the flat late that night it must of been after 11 pm, we bathed the kids and when my husband went to get in the shower the hot water wasn\u2019t working. We tried to reset the unit and it wouldn\u2019t work... then we realized the heat was also out. We immediately messaged Alessandro with no responds. My husband then called with no answer. I messaged air bnb and they were working on getting a hold of the host. We went the rest of the day Sunday and Monday without heat and hot water. Sunday was another rainy cold day. We waiting most of the morn g and afternoon for someone to come and the didn\u2019t so we decided t take the rest of the day to go to Windsor castle. We had the car and that was warm. When we were returning we still hadn\u2019t<br/>Heard from the host a my husband called he said that no one would be<br/>Out t fix it and he offered us showers in his bottom flat. He offered for us to sleep there also but it was musty and mold was in the showers and it looked as if it had flooded n the one bedroom so we took our chances staying in the cold flat with space heaters and boiling water And heating with the small stove. Monday was a decent day but we didn\u2019t get any sleep that morning because construction on the flat down stairs and road construction out side started very early about 7 am. We started our day early with the hoes a plumber would be out to fix he broiler and then we would have heat and hot water. Mind you, we have an 11 month old and 8 yo and a 10 yo with us. It was a bit difficult to manage this for almost 3 days. We hadn\u2019t heard from the host all day, my husband called him around 5 pm because we were gonna head back after visiting St. Paul\u2019s church and the host sad he was working on it that it was complicated and the plumber went to fetch the part. We got back to the flat about 730 that evening and the host said the plumber would be there between 730 and 8. He didn\u2019t she until 9 pm at this point we had had it... we debated on leaving but with 3 children that late a night would have been even more stressful than it already had been for us. The plumber showed up along with Alessandro who went on to tell us that \u201cshit happens\u201d. The plumber pushed a reset button, no part required, and went on his way. We were refunded 50% for 2 nights. Not enough compensation for what I just endured with my family. <br/>London was lovely and we had a great time seeing things, but our trip was definitely not so great because of the added stress from what went on at the flat. Also had I know about the remodeling and the street construction I would havereconsidered staying there."}]}