{"id": 40157520, "listing_url": "https://www.airbnb.com/rooms/40157520", "name": "Modern Flat in good location", "description": "6 minutes walk to Erith Train Station (Zone 6; oyster card). 35 minutes to London Bridge, Cannon Street station & London Charing Cross<br /><br />3 minutes walk to a supermarket (Morrisons) , costa, Gym, bank, shopping centre, high street, etc<br /><br /><b>The space</b><br />It is a modern flat which comprises: master bedroom with en-suite shower room, second double bedroom, bathroom, dining room, kitchen, living room, cupboard store, long balcony, etc. Fully furnished with kitchen white goods, beds, wardrobes, tv stand, coffee table, sofa, dining table, chairs, etc.<br /><br />One allocated underground parking.", "host_name": "Kevin", "host_id": 32474283, "host_url": "https://www.airbnb.com/users/show/32474283", "host_picture_url": "https://a0.muscache.com/im/pictures/user/41265c66-d001-4d95-91c7-93bca1f07a5c.jpg?aki_policy=profile_x_medium", "neighbourhood_cleansed": "Bexley", "latitude": 51.48025, "longitude": 0.18006, "property_type": "Entire rental unit", "room_type": "Entire home/apt", "accommodates": 4.0, "bathrooms": 2.0, "bedrooms": 2, "beds": 2, "amenities": ["Essentials", "Hot water", "Washer", "Free parking on premises", "Shampoo", "Long term stays allowed", "Smoke alarm", "Bed linens", "Private entrance", "Carbon monoxide alarm", "Hangers", "Heating"], "price": 150.0, "numbers_of_review": 2, "review_scores_rating": 5.0, "reviews": [{"name": "Yee", "date": "2019-12-05", "review": "Great location, within walking short distance to Morrisons store and train/bus stations. The house is very clean and spacious. Definitely will come back to this property to stay in future."}, {"name": "Yee", "date": "2020-01-13", "review": "Excellent location and value for money!"}]}