{"id": 40489516, "listing_url": "https://www.airbnb.com/rooms/40489516", "name": "Paddington/Bayswater/StudioFlat/\u00a362/night on 4 Oct", "description": "Affordable cosy studio flat- Entire apartment- Clean & bright-Situated in the heart of London with easy access to all tourist sites and airports- Ideal for couples, solo adventures or business travellers (children are free)- Restaurants, cafes, Pubs, Bars, Groceries, Bakeries are on the doorstep- Surrounded by 4 tube stations within few minutes walking distance: Bayswater, Queensway, Royal Oak, Paddington- Special offer \u00a362 per night on  4 October.<br /><br /><b>The space</b><br />The apartment is in a block consisting of several residential apartments servised with lift, nearby the Hyde Park.<br />Offers also available for variety dates. Please send your request.<br /> Long and short stay available .<br /><br /><b>Guest access</b><br />The whole Apartment", "host_name": "Kim", "host_id": 101930870, "host_url": "https://www.airbnb.com/users/show/101930870", "host_picture_url": "https://a0.muscache.com/im/pictures/user/6d192cc5-1bf9-4f4e-b461-08ce59f85d45.jpg?aki_policy=profile_x_medium", "neighbourhood_cleansed": "Westminster", "latitude": 51.51733, "longitude": -0.18893, "property_type": "Entire condo", "room_type": "Entire home/apt", "accommodates": 3.0, "bathrooms": 1.0, "bedrooms": null, "beds": 2, "amenities": ["Extra pillows and blankets", "First aid kit", "Oven", "Hair dryer", "Wine glasses", "Private entrance", "Hangers", "Cleaning products", "Dishes and silverware", "Luggage dropoff allowed", "Essentials", "Shampoo", "Clothing storage: closet", "Cooking basics", "Single level home", "Bed linens", "Babysitter recommendations", "Carbon monoxide alarm", "Shower gel", "Bathtub", "Heating", "Wifi", "Long term stays allowed", "TV", "Hot water kettle", "Microwave", "Portable fans", "Refrigerator", "Iron", "Body soap", "Drying rack for clothing", "Kitchen", "Toaster", "Hot water", "Washer", "Paid parking off premises", "Elevator", "Smoke alarm", "Laundromat nearby"], "price": 95.0, "numbers_of_review": 20.0, "review_scores_rating": 4.9, "reviews": [{"name": "Stefanie", "date": "2020-10-01", "review": "Really enjoyed my stay in this very sweet little flat suitable for 1 or 2 people.  It's tucked away in a perfect neighborhood that is central to everywhere you want to be in London.  Exactly like the photos and is set up with everything you would need for a short or even extended stay.  Nadinera is such a welcoming host and accessible for anything you may need.  Thank you again Nadinera!"}, {"name": "Jessica", "date": "2020-12-21", "review": "Great host and feel welcomed. Apartment is spotless clean with 24hrs heating on. All rooms are bright and adequate space for two, though TV is on the small side but that was fine by us.<br/>Everything you need is provided, wifi is brilliant and great location for shopping/ restaurants/ attractions/ transportation. <br/>Would recommend to stay again."}, {"name": "Molly", "date": "2021-01-24", "review": "Silvana\u2019s place is lovely. We were very lucky to get a cheaper deal during covid times to stay there in between moving houses and it was perfect. The location is great and the apartment itself had everything we needed to make meals and work from home for a few days. We had a bit of trouble with checking in and out as there wasn\u2019t any information in the booking about it but Silvana was very quick to respond to messages and calls and help us."}, {"name": "Michael", "date": "2021-02-11", "review": "Very easy to find . Courteously managed. Very clean. There\u2019s a lift it you have baggage ."}, {"name": "Bobo", "date": "2021-03-04", "review": "Tiny but with everything you need for family short stay. <br/>A very nice bakery downstairs. <br/>Great host , great location"}, {"name": "Hayley", "date": "2021-03-27", "review": "This was a lovely stay, the host was extremely helpful and answered any questions I needed. The location was great and had all the equipment for an enjoyable couple of weeks."}, {"name": "Sumedh", "date": "2021-03-31", "review": "Great place for stay. It is close to amazing restaurants and parks. Even the area near the house is super nice to walk around. Silvana is a very friendly host and keeps the place in amazing shape. Pictures do not do justice to her place..."}, {"name": "\u6731", "date": "2021-04-15", "review": "Silvana is so kind and helped us a lot about house and life. She\u2019s always there when we need help. Super easy to communicate with and always think for guests.  The house is clean and locate in a good area. Very convenient to bus or train station. The check in and check out were super easy. It was a very pleasure experience to stay at Silvana\u2019s place!"}, {"name": "Justin", "date": "2021-04-21", "review": "Good value accommodation."}, {"name": "Vjaceslavs", "date": "2021-04-24", "review": "Very  good location ,and excellent service ."}]}