{"id": 40586539, "listing_url": "https://www.airbnb.com/rooms/40586539", "name": "Spacious En-Suite Double Room", "description": "Beautiful en-suite room in Olympic Village with green parks, cosy restaurants, sport venues and shopping paradise Westfield!<br /><br />Friendly and caring hosts<br /><br />-Large guest bedroom with chest of drawers, bedding and towels provided, king-size double bed<br />-Full en-suite bathroom<br />-All toiletries included<br />-Study Table & Chair<br />-Access to kitchen with fridge, microwave oven and dishwasher only. (We do not allow cooking)<br />- Washing machine+dryer<br />- No access to Living room<br />- WiFi<br /><br /><b>The space</b><br />Re-energize yourself for sightseeing in relaxing and refreshing home atmosphere\u2026 Experience living like Olympic heroes of London 2012 Olympics\u2026 enjoy the vast greenery of Olympic park\u2026 or even go for a swim in the architecturally acclaimed Aquatics Centre\u2026 Loose yourself in fashion brands in the largest London shopping centre Westfield\u2026 Live in exciting location and easily explore all famous London sights!<br />Your room will have a common", "host_name": "Fatima", "host_id": 174584268, "host_url": "https://www.airbnb.com/users/show/174584268", "host_picture_url": "https://a0.muscache.com/im/pictures/user/87c3c452-e2ff-48a8-be6c-93aef10b52ae.jpg?aki_policy=profile_x_medium", "neighbourhood_cleansed": "Newham", "latitude": 51.5475, "longitude": -0.00682, "property_type": "Private room in rental unit", "room_type": "Private room", "accommodates": 2.0, "bathrooms": 1.0, "bedrooms": 1, "beds": 1, "amenities": ["First aid kit", "Oven", "Hair dryer", "Hangers", "Essentials", "Patio or balcony", "Shampoo", "Carbon monoxide alarm", "Wifi", "Heating", "Dishwasher", "Microwave", "Refrigerator", "Iron", "Kitchen", "Stove", "Hot water", "Washer", "Elevator", "Smoke alarm", "Dryer"], "price": 37.0, "numbers_of_review": 17.0, "review_scores_rating": 4.94, "reviews": [{"name": "Ameen", "date": "2020-02-10", "review": "Great place to stay. Especially if visiting the copper box arena."}, {"name": "Ramunas", "date": "2020-02-16", "review": "The flat was very modern and beautiful. Very clean yet so welcoming. We would recommend to stay there."}, {"name": "Sam", "date": "2020-02-20", "review": "Fantastic home and a lovely host, strongly recommended!!"}, {"name": "Paul", "date": "2020-02-25", "review": "Excellent communication and very friendly hosts<br/>Good location near Stratford station <br/>Nice room with en suite bathroom"}, {"name": "Ahmer", "date": "2020-02-26", "review": "I had an amazing stay here at Fatima's place. Great location in the East Village Complex, it's so close to the station and many things to do nearby! Fatima is a fantastic host who was very welcoming, she went over and beyond her duties. Cannot recommend this place more!"}, {"name": "Steven", "date": "2020-02-28", "review": "Its was clean, very nice hosts and a great area"}, {"name": "Ho Hon", "date": "2020-03-01", "review": "It's much better than I have expected! Great value!"}, {"name": "Sam", "date": "2020-03-05", "review": "Such a lovely home and brilliant people, can\u2019t recommend highly enough!"}, {"name": "Ben", "date": "2020-03-07", "review": "Comfortable bed and convenient for stays near Olympic park"}, {"name": "James", "date": "2020-03-12", "review": "Fatima\u2019s place was just lovely. Great location and easy to find. The room was extremely comfortable and the en-suite was very well equipped. Great value stay and I will be booking again for my regular trips to London."}]}