{
    "id": 40696887,
    "listing_url": "https://www.airbnb.com/rooms/40696887",
    "name": "Double bedroom",
    "description": NaN,
    "host_name": "Liton",
    "host_id": 282738485,
    "host_url": "https://www.airbnb.com/users/show/282738485",
    "host_picture_url": "https://a0.muscache.com/im/pictures/user/1a8c14ed-eb57-4281-908a-69ac58593b76.jpg?aki_policy=profile_x_medium",
    "neighbourhood_cleansed": "Barking and Dagenham",
    "latitude": 51.54602,
    "longitude": 0.1239,
    "property_type": "Private room in home",
    "room_type": "Private room",
    "accommodates": 3.0,
    "bathrooms": 1.0,
    "beds": 1,
    "price": 34.0,
    "numbers_of_review": 3,
    "review_scores_rating": NaN,
    "reviews": [
        {
            "name": "Kiran",
            "date": "2023-01-02",
            "review": "He give refund when i ask just stay 1 day"
        },
        {
            "name": "Musa",
            "date": "2023-03-31",
            "review": "Spacious room, clean room and nice host"
        },
        {
            "name": "Olufemi",
            "date": "2023-04-08",
            "review": "While the host was very helpful when I requested to cancel the booking, the place was generally out of order: the apartment was dirty and completely different from what was initially advertised. The host was quite responsive, but I believe he needs to invest more time in the management of the apartment as well as clean up the whole house. <br/>This whole arrangement disrupted my traveling plans and left me nearly exposed. a bit more sincerity and honesty will help users of your facility."
        }
    ]
}