{
    "id": 41131474,
    "listing_url": "https://www.airbnb.com/rooms/41131474",
    "name": "Unique Clapton 1 bed Garden Flat",
    "description": "Under-floor heating. A comfy corner sofa. A generous dining table. A huge wet room and extra large victorian bath. Open fire in the bedroom. Fully stocked kitchen with juicer, boiling water tap, soda maker & ice machine. A pantry with dried goods free to use.  Designer owner. Recently restored Victorian garden flat. Delightful location. 2 mins walk to Clapton station (links to Victoria and Central line)8 mins walk to the Lea Valley and 10 mins to Stoke Newington Church Street & Chatsworth Road.<br /><br /><b>The space</b><br />- Key stored in a secure key box for extra flexibility on arrival<br />- Access to self contained flat via front basement door<br />- High Speed internet<br />- Handmade kitchen<br />- Top spec space<br />- Designer owner<br />- Generously proportioned rooms<br />- Luxury fixtures and fittings<br />- High quality sheeting and towels<br /><br /><b>Guest access</b><br />- 2 mins walk to Clapton station which takes you to either the Victoria (5 mins) or Central (12 ",
    "host_name": "Abbie",
    "host_id": 460342,
    "host_url": "https://www.airbnb.com/users/show/460342",
    "host_picture_url": "https://a0.muscache.com/im/users/460342/profile_pic/1333718683/original.jpg?aki_policy=profile_x_medium",
    "neighbourhood_cleansed": "Hackney",
    "latitude": 51.56125,
    "longitude": -0.05834,
    "property_type": "Entire condo",
    "room_type": "Entire home/apt",
    "accommodates": 2.0,
    "bathrooms": 1.0,
    "beds": 1,
    "price": 180.0,
    "numbers_of_review": 10,
    "review_scores_rating": 5.0,
    "reviews": [
        {
            "name": "Anna",
            "date": "2021-06-22",
            "review": "Abbie's place is the perfect spot for a London trip. The apartment is one of the nicest I've stayed in. The attention to detail is next level. Abbie is easy to communicate with and leaves you to your own devices."
        },
        {
            "name": "Kate",
            "date": "2021-07-20",
            "review": "Abbie\u2019s place is absolutely gorgeous. Located on a lovely quiet street with beautiful garden. The photos don\u2019t do it justice - the flat is even better in real life! Abbie is a brilliant host and had thought of everything to make our stay comfortable. Will definitely be back!"
        },
        {
            "name": "Laurie",
            "date": "2021-09-30",
            "review": "I absolutely loved my stay at Abbie\u2019s wonderful apartment. I was desperate for somewhere clean and homely to stay whilst building work was being carried out on my own property, and I instantly felt so at home at Abbie\u2019s place. The interior is stunningly decorated and has everything you need, and the garden is just beautiful. Abbie herself is a great host who is always there to help and is very friendly, but also just let\u2019s you get on with things which really appreciated. I will be recommending this apartment to any friends coming to stay in London in the future!"
        },
        {
            "name": "Shannon",
            "date": "2022-02-13",
            "review": "Beautiful place and the host made everything so nice for us. Very nice area of London and we\u2019re provided with nice food and beverage welcoming gifts!"
        },
        {
            "name": "Molly",
            "date": "2022-02-20",
            "review": "This is a very special place to stay - a really beautiful home that feels both luxurious and homey. Abbie's attention to detail is faultless - you have everything you need and more and her kitchen is a pleasure to cook in. Her flat is also much more spacious than I was expecting. As a host, Abbie is incredibly nice, helpful and easy to communicate with. I miss her place already and hope to be back. Highly recommended."
        },
        {
            "name": "Victoria",
            "date": "2022-03-17",
            "review": "Lovely flat on a quiet road convenient to Overground station. Very luxurious feel throughout and a comfortable bed. Highly recommended."
        },
        {
            "name": "Ben",
            "date": "2022-06-02",
            "review": "Can\u2019t recommend it highly enough. I stayed for 2 months and it was peaceful, calm, perfect."
        },
        {
            "name": "Stephanie",
            "date": "2022-06-26",
            "review": "Annie\u2019s place is terrific. It was a great location for us as we were attending a wedding at Springfield Park. The flat is gorgeous, has a beautiful garden, and was in a super quiet location."
        },
        {
            "name": "Julie-Anne",
            "date": "2022-07-16",
            "review": "Abbie\u2019s apartment is outstanding! It\u2019s a dream to stay there and Abbie is incredibly welcoming and generous. <br/>The details in this flat go above and beyond and it feels very luxurious. It\u2019s a place that deserves to be well taken care of by those who stay there. <br/>I would gladly stay there again !"
        },
        {
            "name": "Neil",
            "date": "2023-04-17",
            "review": "Abbie has a stunning place in Clapton. Designers dream with tasteful decoration, great location, and a back garden to die for. We had a lovely stay for 2 weeks with no issues and will be back!"
        }
    ]
}