{"id": 41265155, "listing_url": "https://www.airbnb.com/rooms/41265155", "name": "LOVELY FLAT IN MORDEN - next to Morden park", "description": "Beautiful flat in Morden - 3 minute walk from Morden South Rail station for links into London and Wimbledon and Sutton.<br />8 minute walk in to town and the Northern Line (Morden Underground) <br />Flat right on park beautiful location on green fields on door step<br />Private off road parking <br />Close to shops and cafes <br />Bus stops down the road <br />1 double bed flat also a sofa bed in Lounge <br />Comes with all essentials - shampoo, pans, cups, utensils, towels, hairdryer, tea coffee and loads more <br />Sky TV and WIFI<br /><br /><b>The space</b><br />Beautiful flat in Morden - 3 minute walk from Morden South Rail station for links into London and Wimbledon and Sutton.<br />8 minute walk in to town and the Northern Line (Morden Underground) <br />Flat right on park beautiful location on green fields on door step<br />Private off road parking <br />Close to shops and cafes <br />Bus stops down the road <br />1 double bed flat also a sofa bed in Lounge <br />Comes with all ", "host_name": "Thomas", "host_id": 66016030, "host_url": "https://www.airbnb.com/users/show/66016030", "host_picture_url": "https://a0.muscache.com/im/pictures/user/e501c872-e966-48b8-b044-87d289e84b7a.jpg?aki_policy=profile_x_medium", "neighbourhood_cleansed": "Merton", "latitude": 51.39972, "longitude": -0.20201, "property_type": "Entire rental unit", "room_type": "Entire home/apt", "accommodates": 3.0, "bathrooms": 1.5, "bedrooms": 1, "beds": 2, "amenities": ["First aid kit", "Oven", "Fire extinguisher", "Hair dryer", "Private entrance", "Hangers", "Dishes and silverware", "Luggage dropoff allowed", "Essentials", "Free parking on premises", "Shampoo", "TV with standard cable", "Cooking basics", "Bed linens", "Bathtub", "Shower gel", "Wifi", "Heating", "Long term stays allowed", "Host greets you", "Refrigerator", "Iron", "Kitchen", "Stove", "Hot water", "Washer", "Smoke alarm", "Dryer", "Cable TV"], "price": 61.0, "numbers_of_review": 9, "review_scores_rating": NaN, "reviews": [{"name": "Piotr", "date": "2022-08-31", "review": "Thomas 1 bed flat is more then I expected.   I really like the layout of the flat and location. Close to the park, tube & bus station. Secure parking was extra bonus. Thomas and his wife are great hosts, they made me feel like I was living at home not in renting place. Thank you."}, {"name": "Carmel", "date": "2022-10-07", "review": "Well equipped, nice spacious rooms. Very convenient for Morden centre. Warm and quiet."}, {"name": "Steve", "date": "2022-10-11", "review": "perfect place to get some rest in the busy city of london. easy access to morden Station (10 minutes). lovely place. Thomas is very kind and looks after the place very well."}, {"name": "Joe", "date": "2023-04-28", "review": "A nice place with gated parking. Would have been better to have the van through the second gate. The sofa bed needs a topper or something as that was uncomfortable."}, {"name": "Pak", "date": "2023-05-29", "review": "Host is fast responding. Flat size ok for 2 persons. Walkable distance to Morden station. Amenities are rather basic. The smelly toilet from its plumbing is a minus"}, {"name": "Martina", "date": "2023-06-07", "review": "Thomas is a brilliant host with very good and responsive communications. The apartment is bright and spotless. I know the area well and so know the transport links. The apartment is right next a nice park. The bus stop is a few minutes away to take you into Wimbledon in around 10/15 minutes from where there are south west railways for connections to Gatwick and also the District Line on the tube. Five minutes walk is Morden with shops and cafes and also the Northern tube line. The apartment although a little out of the centre is very good value and close to good transport links to London"}, {"name": "Majka", "date": "2023-07-02", "review": "All you need is there, nice and clean! Thank you, Thomas"}, {"name": "Paul", "date": "2023-07-05", "review": "Spacious and private flat in remarkably peaceful location. Very close to two big parks, but also shops, restaurants and take aways. Excellent to have your own safe parking in London. Comfortable and very clean. Thomas responded immediately to communications in a clear and very helpful way. Excellent transport links very close by. A great place to stay."}, {"name": "Ben", "date": "2023-07-15", "review": "Thomas\u2019s flat is in great location, close to parks great for public transport, Thomas was very helpful with any questions we had."}]}