{"id": 41521426, "listing_url": "https://www.airbnb.com/rooms/41521426", "name": "No.2 Beautiful Double Deck Flat", "description": "Beautiful Maisonette with wooden floor. Large Dinning Kitchen with Balcony, Little park in the back. Tesco\u2019s supermarket and buses to central London just opposite. 2 mins from Seven Sisters Underground, 5 minutes from Tottenham Hale and South Tottenham Train Stations, 2 minutes from Leisure centre, 10 minutes from Tottenham Hot Spurs Football Stadium. The flat is very warm, clean and quiet at night and it has a very pleasant atmosphere.", "host_name": "Garcia", "host_id": 325765137, "host_url": "https://www.airbnb.com/users/show/325765137", "host_picture_url": "https://a0.muscache.com/im/pictures/user/a5d4ba4f-410e-4b5a-b375-3dc3fa074c31.jpg?aki_policy=profile_x_medium", "neighbourhood_cleansed": "Haringey", "latitude": 51.58446, "longitude": -0.0735, "property_type": "Private room in rental unit", "room_type": "Private room", "accommodates": 2.0, "bathrooms": 1.0, "bedrooms": 1, "beds": 1, "amenities": ["Essentials", "Wifi", "Hot water", "Washer", "Patio or balcony", "Refrigerator", "Smoke alarm", "Hair dryer", "Iron", "Hangers", "Drying rack for clothing", "Kitchen", "Heating", "Lock on bedroom door", "Dishes and silverware"], "price": 31.0, "numbers_of_review": 34.0, "review_scores_rating": 4.88, "reviews": [{"name": "Giacomo", "date": "2020-02-26", "review": "Garcia is a nice person, can give moments of excellent company!"}, {"name": "Roberta", "date": "2020-03-14", "review": "Garcia is a very welcoming and helpful host, and his place is very clean and well located. Very good value for money, I recommend. Thank you!"}, {"name": "Carme", "date": "2020-03-29", "review": "Garcia was a very nice host. He is very sociable and attentive about my needs in every moment.<br/>House and room very quite and silent. I was there for working and I felt every comfortable.<br/>The kitchen and the bath are ok, with all the facilities and very warm."}, {"name": "Ray", "date": "2020-08-04", "review": "Garcia is an excellent host and the flat is located in the centre of the mansion with an exclusive balcony. Will definitely stay again and recommend."}, {"name": "Dionas", "date": "2020-09-30", "review": "Garcia's flat is conveniently located close to the Victoria line in an area where everything you need is nearby. We stayed there for 10 days and he really helped us make this place home for a bit. He's a really kind host and he gave us a lot of space. I would definitely stay here again."}, {"name": "Luke", "date": "2020-11-01", "review": "Garcia is a kind and genuine man that gives you plenty of space but is always up for a chat. His house is in a great location, close to shops and the room was comfortable and clean. The bed is nice and comfy too. Would recommend. Top bloke and will definitely keep in touch. He made our month long stay very enjoyable. Cheers"}, {"name": "Fanny", "date": "2020-12-15", "review": "La hospitalidad de Garc\u00eda fue de muy buen agrado. Adem\u00e1s de saber el idioma espa\u00f1ol. El lugar est\u00e1 bien comunicado pues tiene muy cerca el metro."}, {"name": "Alvaro", "date": "2021-01-17", "review": "Great hospitality and caring! This guy is very polite and friendly. <br/>And amazing cook."}, {"name": "Robert", "date": "2021-08-09", "review": "Great location and very reasonably priced. Perfect for a city break"}, {"name": "Lin", "date": "2021-09-17", "review": "Great location for my work but when I booked, the listing included free parking on premises which it was not. I was not given the WiFi password when requested. The listing states breakfast is provided but host made no mention of it, nor was there any tea or coffee. No towels were left but Garcia did offer them at midnight on his return home. All in all it could have been better."}]}