{
    "id": 41584002,
    "listing_url": "https://www.airbnb.com/rooms/41584002",
    "name": "Garden studio - Richmond centre",
    "description": "Attractive self-contained studio set in a beautiful courtyard garden behind a characterful Georgian property in the heart of Richmond.  It is 5 minutes walk from Richmond station, 16 minutes by train to London Waterloo mainline station, 10 minutes walk to Kew Gardens (UNESCO World Heritage site), and a 30 minute walk to Twickenham Stadium, the Home of England Rugby.<br /><br />It is in close proximity to numerous excellent pubs, restaurants and shops to to suit all tastes and budgets.<br /><br />Highly recommended.",
    "host_name": "Martine",
    "host_id": 92298563,
    "host_url": "https://www.airbnb.com/users/show/92298563",
    "host_picture_url": "https://a0.muscache.com/im/pictures/user/85500e8a-0762-44e5-b883-b7388d3606c3.jpg?aki_policy=profile_x_medium",
    "neighbourhood_cleansed": "Richmond upon Thames",
    "latitude": 51.46482,
    "longitude": -0.30102,
    "property_type": "Entire guest suite",
    "room_type": "Entire home/apt",
    "accommodates": 1.0,
    "bathrooms": 1.0,
    "beds": 1,
    "price": 80.0,
    "numbers_of_review": 20.0,
    "review_scores_rating": 5.0,
    "reviews": [
        {
            "name": "Nicola",
            "date": "2022-04-19",
            "review": "This was a great location! Just a few minutes from the mainline station in Richmond, and close to shops, restaurants, the river, and Kew Gardens. Martine was a wonderful host \u2013 attentive, helpful with lots of useful tips and suggestions. The garden room was very pretty and well serviced. I would definitely recommend."
        },
        {
            "name": "Ella",
            "date": "2022-04-26",
            "review": "This was such a fantastic find! Set in the most beautiful garden at the back of a Georgian terrace house. The facilities were wonderful, very clean and tidy, equipped with everything you need. The bed was comfortable and the heater meant that the room was the perfect temperature even on a cold night.<br/>The location is incredibly convenient; only five minutes away from the train station. There is a great choice of local restaurants and shops.<br/>Martine was an excellent host, available when needed, and friendly. I would definitely come back again."
        },
        {
            "name": "Carolyn",
            "date": "2022-05-06",
            "review": "Very good location near shops and restaurants, but nice and quiet at night. Clean, comfortable and stylish decoration. The room was light, warm, with a great bed, great shower and lovely fluffy towels. Martine and her husband were friendly and helpful, and made me feel safe and at home. If you are looking for somewhere spacious, then this is probably not your best option, since it is quite compact.  If that is not an issue, then everything else was perfect, I definitely recommend it."
        },
        {
            "name": "Jorge",
            "date": "2022-05-12",
            "review": "The ad of the Studio reproduces the space exactly. Everything was excellent. the details of amenities and decoration made all the difference. Thanks for your attention and availability. The space I know is very pleasant. Recommend and another opportunity I will return."
        },
        {
            "name": "Diane",
            "date": "2022-05-19",
            "review": "Martine is a fabulous host. She was very welcoming and went over and above to think of everything I might need. The accommodation, in a garden setting, is lovely, and spotlessly clean. One of the most comfortable beds I've ever slept in! Martine seems to have thought of everything, while managing to provide a relaxing and uncluttered space. It's a great location too, close to the heart of Richmond, but also within easy reach of Kew Gardens and The National Archives. I can recommend Martine's place without hesitation, and hope to stay here again myself in future."
        },
        {
            "name": "Debora",
            "date": "2022-05-27",
            "review": "Little room in a garden, very clean and well organized. Martine and her husband are the friendliest people. Very warm and great suggestions. Wish they would adopt me :)"
        },
        {
            "name": "Hannah",
            "date": "2022-05-31",
            "review": "Amazing place - so well  thought out and tastefully done. The garden is beautiful - quite idyllic. It was a great place for exploring all of London as it\u2019s so close to Richmond station. It\u2019s also very close to the River Thames so I walked along the tow path to Petersham nurseries, Marble Hill House and Strawberry Hill house. Martine was a great host - there when you needed her. Richmond has a range of restaurants and two coffee shops serving breakfast close by. It was everything you needed - thank you. I will definitely come again."
        },
        {
            "name": "Dinah",
            "date": "2022-06-10",
            "review": "The place was great for a short stay, well located with friendly hosts."
        },
        {
            "name": "Venetia",
            "date": "2022-06-17",
            "review": "The garden room is a lovely space and the garden itself is magical.  Martine is a great host and has thought through all the details to make a stay really comfortable"
        },
        {
            "name": "Amber",
            "date": "2022-06-24",
            "review": "This was such a lovely find - nestled in the most beautiful garden, it was such a calming and relaxing space, a great place to stay. The location was ideal, just a few minutes walk away from Kew Gardens as well as the centre of Richmond, with the station close by providing quick and direct routes into London. <br/>Martine is such a wonderful host, so friendly and always happy to help when needed. I had a great time - would definitely recommend."
        }
    ]
}