{
    "id": 41662695,
    "listing_url": "https://www.airbnb.com/rooms/41662695",
    "name": "Lovely Ground floor Garden Flat in Kensal Rise",
    "description": "A lovely ground floor property situated in a quiet residential street really close to all of the cafes, restaurants, supermarkets , bars and pubs that chamberley road has to offer.<br /><br />Strategically located within 5 minutes walking distance to 2 underground and overground stations as well as different bus routes, makes this flat a great and easy place to visit all the attractions that London has to offer<br /><br /><b>The space</b><br />A lovely and safe ground floor property with its own private back garden . An ideal place to enjoy an al fresco breakfast on a sunny morning or enjoy a well deserved drink after a busy day sightseeing.<br />An ideal place for couples or young families to stay while visiting London<br /><br /><b>Guest access</b><br />Entire place",
    "host_name": "Alexandre",
    "host_id": 285073964,
    "host_url": "https://www.airbnb.com/users/show/285073964",
    "host_picture_url": "https://a0.muscache.com/im/pictures/user/2b543eb9-c6c4-4dfa-93a8-49ce53308c6e.jpg?aki_policy=profile_x_medium",
    "neighbourhood_cleansed": "Brent",
    "latitude": 51.53335,
    "longitude": -0.22393,
    "property_type": "Entire rental unit",
    "room_type": "Entire home/apt",
    "accommodates": 5.0,
    "bathrooms": 1.0,
    "beds": 3,
    "price": 110.0,
    "numbers_of_review": 1,
    "review_scores_rating": 5.0,
    "reviews": [
        {
            "name": "Sarah",
            "date": "2020-02-22",
            "review": "Amazing host, great communication I would definitely be recommending Alexander\u2019s place to my friends and family."
        }
    ]
}