{"id": 41663084, "listing_url": "https://www.airbnb.com/rooms/41663084", "name": "Spacious & Modern London Apartment", "description": "Hello and welcome to our home! Our large (90 SQM) bright and spacious apartment offers an unbeatable location. It is located on a quiet side street off the popular Northcote Road and just minutes away from Clapham Junction station, so you can be in Central London (Victoria or Waterloo) within minutes. Walking distance from several parks (Clapham & Wandsworth Common, the Battersea Power Station, great restaurants, cafes, shops and supermarkets.<br /><br /><b>The space</b><br />Guests can use the entire apartment.<br /><br /><b>Guest access</b><br />All spaces. The whole flat is available to guests.", "host_name": "Alyssa", "host_id": 15820559, "host_url": "https://www.airbnb.com/users/show/15820559", "host_picture_url": "https://a0.muscache.com/im/pictures/user/b1a43ab9-4aaa-4ce6-8de0-a98fa041939e.jpg?aki_policy=profile_x_medium", "neighbourhood_cleansed": "Wandsworth", "latitude": 51.46305, "longitude": -0.16627, "property_type": "Entire rental unit", "room_type": "Entire home/apt", "accommodates": 2.0, "bathrooms": 1.0, "bedrooms": 2, "beds": 2, "amenities": ["Oven", "Hair dryer", "Wine glasses", "Baby bath", "Dining table", "Private entrance", "Hangers", "Crib", "Cleaning products", "Dishes and silverware", "Essentials", "Shampoo", "Cooking basics", "Sound system", "Bed linens", "Babysitter recommendations", "Baby safety gates", "Carbon monoxide alarm", "Shower gel", "Bathtub", "Heating", "Wifi", "Coffee maker", "Children\u2019s books and toys for ages 0-2 years old", "Dishwasher", "Long term stays allowed", "HDTV with Apple TV", "Microwave", "Refrigerator", "Changing table", "Private patio or balcony", "Iron", "Body soap", "Drying rack for clothing", "Kitchen", "BBQ grill", "Stove", "Toaster", "Hot water", "Washer", "Baby monitor", "Smoke alarm", "High chair", "Dryer", "Nespresso machine", "Freezer"], "price": 173.0, "numbers_of_review": 1, "review_scores_rating": 5.0, "reviews": [{"name": "Dustyn", "date": "2021-09-13", "review": "Beautiful home that is super clean and very comfortable. Incredibly convenient for easy access to clapham junction and the surrounding areas. The hosts have also been super helpful and very quick to respond. Just a lovely stay all round!"}]}