{"id": 41905186, "listing_url": "https://www.airbnb.com/rooms/41905186", "name": "Large 2-bedroom flat -Canary Wharf up to 6 guests", "description": "The apartment has a full sized, fully fitted contemporary kitchen with a coffee maker for those early mornings, making it the perfect base for your trip. Returning home to our stylish Marlin apartments means you\u2019ll have all of the essential amenities for a perfect night in within arm\u2019s reach. The top of the range facilities within the room are sure to entertain, with a Sky Digi box to catch up on your favorite shows and a spacious living area for enjoying some me time.<br /><br /><b>The space</b><br />The apartment has a full sized, fully fitted contemporary kitchen with a coffee maker for those early mornings, making it the perfect base for your trip. Returning home to our stylish Marlin apartments means you\u2019ll have all of the essential amenities for a perfect night in within arm\u2019s reach. The top of the range facilities within the room are sure to entertain, with a Sky Digi box to catch up on your favorite shows and a spacious living area for enjoying some me time.<br /><br /><b>Other", "host_name": "Marlin Apartments", "host_id": 185117127, "host_url": "https://www.airbnb.com/users/show/185117127", "host_picture_url": "https://a0.muscache.com/im/pictures/user/aa4c8146-d478-4a66-9d40-81693784cd37.jpg?aki_policy=profile_x_medium", "neighbourhood_cleansed": "Tower Hamlets", "latitude": 51.49959, "longitude": -0.02449, "property_type": "Entire serviced apartment", "room_type": "Entire home/apt", "accommodates": 6.0, "bathrooms": 2.0, "bedrooms": 2, "beds": 2, "amenities": ["Washer", "Long term stays allowed", "Shampoo", "TV", "Smoke alarm", "Iron", "Dryer", "Kitchen", "Wifi"], "price": 452.0, "numbers_of_review": 10, "review_scores_rating": 4.0, "reviews": [{"name": "Jardel", "date": "2020-03-01", "review": "Stylish apartment. Very spacious with nice facilities. Good value for money and being a short walk from the tube station."}, {"name": "Putri", "date": "2023-01-01", "review": "I was a bit worried at first because the people on the app wasn't really replying to any of my messages and I found out it was because I booked the place through an agency. For me when booking airbnb, having a proactive host is a must. <br/>Check-in experience was great, the woman in receptionist was so nice and accommodating however we were told late check out is fine but the next day was told you leave early.<br/>When we get in to the room, the smells was a bit weird. Everything looked fine until we closed the sofa bed and found the whole bits of salads, food, and everything under the sofa. I guess the cleaner trying to just hide everything there and hope no one noticed it. But it was so bad and we realized that is why the room smells. Thank God the toilet and the room was fine. <br/>Not the best experience regarding the smell and cleanliness but it was not too bad thank you."}, {"name": "Mickell", "date": "2023-02-20", "review": "My stay at marlin apartments was amazing, it was really easy to check in and the apartment was nice clean and really spacious. I would definitely recommend to anyone staying in the area."}, {"name": "\u96ef\u742a", "date": "2023-02-26", "review": "\u975e\u5e38\u53cb\u597d\u7684\u623f\u4e1c\uff0c\u800c\u4e14\u8fd8\u6709\u9732\u53f0\uff0c\u623f\u95f4\u6f02\u4eae\u8212\u670d\uff01\u975e\u5e38\u559c\u6b22"}, {"name": "Senakpon", "date": "2023-03-05", "review": "Lovely location and friendly staffs \ud83d\ude4f\ud83c\udffe"}, {"name": "Lewis", "date": "2023-03-12", "review": "Great place to stay last minute. Apartment was clean and exactly as pictured. Great open plan layout kitchen space with balcony."}, {"name": "Linda", "date": "2023-03-19", "review": "The apartment was in a great location, easy walking distance to Canary Wharf. It was a large airy apartment and looked just like the photos. However, we booked for 6 adults which obviously meant that we expected 3 beds (so we were going to use the sofa bed). Upon arrival we found no bedding for the sofa bed. Called to reception who said they would provide bedding and make up the bed while we were out BUT FOR AN ADDITIONAL FEE Of \u00a325. We did agree this and reminded them as we left for the evening. Upon our return the bedding had not been provided nor had the bed been made up. Called to the night reception who said there was nothing on the system but agreed to provide the bedding. He provided a quilt and sheets but could not find any pillows. When we pulled out the sofa bed and opened the bedding it was terrible. Inside the sofa bed was dusty and dirty with peanuts and old wrappers. The quilt was stained and it all smelled really bad. It all needed to be steam cleaned."}, {"name": "Nicky", "date": "2023-03-19", "review": "Friendly staff, decent location just a 10 minute walk from canary wharf."}, {"name": "Ray", "date": "2023-03-22", "review": "We were there on business the location was perfect and the apartment and staff downstairs very helpful .<br/>Happy travelers and we will be back .<br/>Ray"}, {"name": "Aysha", "date": "2023-04-02", "review": "It was a lovely apartment to stay in and we did enjoy ourselves but other than the \u00a3300+ you spend a night, there is additional fees on top, car parking spaces 20 per night, balcony\u2019s 10 per night. earlier check in 10 per hour. All in all our trip for 1 night cost us \u00a3445."}]}