{
    "id": 42173761,
    "listing_url": "https://www.airbnb.com/rooms/42173761",
    "name": "Modern & luxury sweet home",
    "description": NaN,
    "host_name": "Wenting",
    "host_id": 185909303,
    "host_url": "https://www.airbnb.com/users/show/185909303",
    "host_picture_url": "https://a0.muscache.com/im/pictures/user/42cfc573-f749-4630-af32-7221e8b4add7.jpg?aki_policy=profile_x_medium",
    "neighbourhood_cleansed": "Newham",
    "latitude": 51.54653,
    "longitude": -0.00358,
    "property_type": "Entire rental unit",
    "room_type": "Entire home/apt",
    "accommodates": 5.0,
    "bathrooms": 2.0,
    "beds": 3,
    "price": 170.0,
    "numbers_of_review": 7,
    "review_scores_rating": 5.0,
    "reviews": [
        {
            "name": "Blake",
            "date": "2020-02-18",
            "review": "Amazing, would definitely book again"
        },
        {
            "name": "Michael",
            "date": "2020-02-23",
            "review": "nice big place"
        },
        {
            "name": "Emmanuel",
            "date": "2020-03-01",
            "review": "Appartement neuf et tr\u00e8s bien \u00e9quip\u00e9 dans un beau quartier \u00e0 proximit\u00e9 des transports et centre Commercial. Si le logement \u00e9tait sale et ne disposait pas de tous le n\u00e9cessaire pour se faire \u00e0 manger et se restaurer, notre h\u00f4te a su compenser par une nuit gratuite .un tr\u00e8s joli geste d honnete et de satisfaction qui lui vaut une recommandation sp\u00e9ciale pour y s\u00e9journer.bravo a elle"
        },
        {
            "name": "Teigan",
            "date": "2020-03-08",
            "review": "Great place, great location, spacious and the view is beautiful. Lovely host with good communication & check in - check out. I will definitely book again xx"
        },
        {
            "name": "Sandeep",
            "date": "2020-03-15",
            "review": "Lovely host and apartment!"
        },
        {
            "name": "Geordicia",
            "date": "2020-07-05",
            "review": "Very friendly host, excellent communication, great place.<br/>Definitely recommended to book!"
        },
        {
            "name": "Keturah",
            "date": "2020-11-22",
            "review": "Wenting is such a lovely host, and communication with us was spot on. I will definitely be staying here again and 100% recommend."
        }
    ]
}