{
    "id": 42588669,
    "listing_url": "https://www.airbnb.com/rooms/42588669",
    "name": "cozy double room 30 sec walk fr kings x station",
    "description": "Claim your opportunity to live like a true Londoner in this big house where the front door see the big beautiful old clock of the St Pancras train station. fully function kitchen available for your use. Not only the touristy hot-spots is within walking reach, there\u2019s over 200 Santander Bikes that are extremely cheap and easy to use.<br /><br />we have small bichon frise puppy insta @bichon_betty<br /><br /><b>The space</b><br />there are double bed and office desk, chair, wardrobe in room on lower ground floor<br />and there are shared kithchen and 2 full bathroom , big~ garden.<br /><br />we have small bichon frise puppy insta @bichon_betty<br /><br /><b>Guest access</b><br />there is kitchen to use, utensils , plates ,microwave, oven<br />its perfect for heating or small dishes like salad ,pasta, sandwiches , oatmeal , cereals ,eggs<br />but we don't want everyday heavy cookers as its shared house and we want to keep kitchen area everyday clean and tidy for everyone<br /><br />no !!!",
    "host_name": "Jim",
    "host_id": 52779918,
    "host_url": "https://www.airbnb.com/users/show/52779918",
    "host_picture_url": "https://a0.muscache.com/im/pictures/user/1657dd7b-7cd3-4112-b600-7f33bfa2e63f.jpg?aki_policy=profile_x_medium",
    "neighbourhood_cleansed": "Camden",
    "latitude": 51.5281,
    "longitude": -0.12344,
    "property_type": "Private room in rental unit",
    "room_type": "Private room",
    "accommodates": 2.0,
    "bathrooms": 2.0,
    "beds": 1,
    "price": 66.0,
    "numbers_of_review": 12.0,
    "review_scores_rating": 4.92,
    "reviews": [
        {
            "name": "Rongyao",
            "date": "2021-09-11",
            "review": "Great location and accommodating"
        },
        {
            "name": "Hallvard",
            "date": "2021-10-06",
            "review": "A great, central place to stay for a longer period of time. Feels like a home, with a friendly and relaxed atmosphere. Jacob and Jim were always ready to help and answer any questions."
        },
        {
            "name": "Irakli",
            "date": "2021-10-17",
            "review": "Staying at Jim's and Jacob's place was a wonderful experience. This house has a fantastic central location that makes everything easily accessible. The house is tidy and pleasant to stay, and the hosts have always been ready to help. They also respect the guest's privacy. I would recommend this place to anyone who needs a short stay in Central London for a good value."
        },
        {
            "name": "Molly",
            "date": "2021-10-31",
            "review": "This room is really lovely and cozy! The house is super well located, making it really quick and convenient to get anywhere in the city. Everyone living in the house is wonderful, and I'd highly recommend staying here!"
        },
        {
            "name": "Joseph",
            "date": "2021-12-15",
            "review": "This room is large--very large for central London--with a bathroom shared by only one other person and pretty good kitchen access. It's a good option for longer stays, where you might need to have a little more freedom and room than you would for just a night or a week. <br/>The nice, large wardrobe with hangers, nice bed, and a table to do work also help. y. <br/>The wifi/internet (as in most places in London) is a bit hit-or-miss. Sometimes it's good; at other times, it's a little spotty. <br/>The location is actually perfect. Literally one minute away from Kings Cross/St. Pancras station; two minutes from the British Library; plenty of shops, stores, restaurants, and services around. Your uber will have no trouble finding the place. <br/>Best of all, Jin, Jacob and the other residents (at least the ones who were there when I was there) are extremely sweet and accommodating. Worth the stay just to make the new friends."
        },
        {
            "name": "Xinni",
            "date": "2021-12-22",
            "review": "Very cosy room with a clean and spacious bathroom right next to it. The location is AMAZING! Right opposite King\u2019s cross. You can get anywhere. I felt very at home, and Jim and Jacob are really hospitable guests. =)))"
        },
        {
            "name": "Ami Goto",
            "date": "2022-01-07",
            "review": "Jim and Jacob are friendly and incredibly helpful. The room and house is clean. Location also really nice. It\u2019s perfect to stay:) I would love to stay here again!"
        },
        {
            "name": "Agustina",
            "date": "2022-03-08",
            "review": "This was my first time staying in an AirBnB so I was naturally very uneasy about having to spend to months in a stranger's house and choosing the wrong place. Luckily for me these worries drifted right away as soon as I spent a couple of days in Jim and Jacob's house. Everything could not have been more perfect.<br/>I couldn't have had better hosts as Jim and Jacob were extremely nice. I never had any issues whatsoever throughout those two months. They were always \"alert\" to any needs I might have (without being overbearing). Their dog Betty was also lovely and made it feel more like a home. The other guests (all of which where long-term, which was pretty good) were also very nice.<br/>The room was spacious and luminous even being in the lower ground. Everything worked fine. The mattress was comfortable; the main pillows not so much but there were other (\u00a8\"decorative\") ones that were good so it wasn't much of an issue. The lower ground floor is a bit colder than the ground floor, but as there was a portable heater it wasn't much of a problem either. <br/>The kitchen was large and luminous and with enough pots and utensils to cook for yourself every day. The only downside was the storage space in the fridge felt a tad small for me, but I cooked everything from scratch so I probably needed a bit more space than the average person.<br/> <br/>The location of the house is excellent. If you're taking the tube, it's half a block away from King's Cross station which connects to pretty much the entirety of London. If you're walking, like me, it's still extrmely convenient -- half an hour's walk to Islington, Camden Town, Oxford Street and Covent Garden, or an hour's walk to Westminster. It's a 15 minute walk to the British Museum and just 5 minutes to the Brunswick Centre, where you can find stores like Sainsbury's, Waitrose or Tesco in case you need to buy anything. <br/>The street itself is quite pretty, if you like older films or Ealing comedies like me you will be extremely thrilled as it was the exact same street where Mrs Wilberforce's house from The Ladykillers (1955) is situated (although the front and inside of the house were built and filmed elsewhere, all the shots taken from the entrance door and the ones which take place in the street were filmed right here! -- being so closs to King's Cross you will also appreciate the filming locations for the scenes that take place in and near the station).<br/>All in all I would absolutely recommend this listing to anyone looking for medium or long-term accomodation in London, especially if you want to be in the city centre!"
        },
        {
            "name": "Marina",
            "date": "2022-05-22",
            "review": "Location, location, location! Jim and Jacob's place was literally around the corner from King's Cross station, which made exploring the city and getting to / from the airport super easy. The room was basic but very comfortable for a couple of days, and it was great having access to both the kitchen and a washer / dryer. Would definitely stay here again, thanks for the great stay!"
        },
        {
            "name": "Stefani",
            "date": "2022-06-30",
            "review": "I really enjoyed my stay here. Jim and Jacob are extremely available and thoughtful hosts. For example, I get headaches from fragrances, and they were really thoughtful about when to do the laundry (I didn't ask for this) to make sure I didn't have to smell any laundry detergent. They were present and kind but never intrusive - honestly just felt like really caretaking roommates. The location is unbeatable, really the closest you can get to kx. Betty, the Bichon frise, is just as sweet as her owners"
        }
    ]
}