{
    "id": 42871997,
    "listing_url": "https://www.airbnb.com/rooms/42871997",
    "name": "Trendy warehouse w/ garden opposite station",
    "description": "Great, fun 1 bed flat in old 80's warehouse conversion. Very clean and tidy! Private access through driveway (parking available in the drive). Opposite Hackney Downs Station which is just two stops to Liverpool street (central line). Walking distance to London Fields / Broadway Market and Dalston. Close to Shoreditch.<br /><br />This is my own flat which i normally live in, so my belongings are in the flat. Please be mindful of this. I love to welcome respectful people into my home.<br /><br /><b>Guest access</b><br />Everywhere!",
    "host_name": "Carly",
    "host_id": 14258728,
    "host_url": "https://www.airbnb.com/users/show/14258728",
    "host_picture_url": "https://a0.muscache.com/im/pictures/user/7d02ecde-9bdc-4279-b23a-e806c42da233.jpg?aki_policy=profile_x_medium",
    "neighbourhood_cleansed": "Hackney",
    "latitude": 51.55028,
    "longitude": -0.062,
    "property_type": "Entire rental unit",
    "room_type": "Entire home/apt",
    "accommodates": 2.0,
    "bathrooms": 1.5,
    "beds": 1,
    "price": 175.0,
    "numbers_of_review": 10,
    "review_scores_rating": 4.86,
    "reviews": [
        {
            "name": "Anna",
            "date": "2021-11-22",
            "review": "Carly's flat is a perfect place to stay in London, in a great location, really cosy and comfortable and Carly has left everything you need. Highly recommend."
        },
        {
            "name": "Cassie",
            "date": "2021-12-19",
            "review": "Carly\u2019s place is a lovely home base for a solo person or couple with easy access to transit and great neighborhoods! Carly was communicative and provided some thoughtful extra touches. Heads up, it is of course in the middle of a city so expect some outside noise and light."
        },
        {
            "name": "Piotr",
            "date": "2022-02-26",
            "review": "Carly\u2019s place was a lifesaver for us as we waited for our house renovation to be completed.<br/>It\u2019s super cute, cozy, bohemian and located in a very hip warehouse conversion right next to hackney downs station - really convenient for access to central london. It has everything you need and a MASSIVE and comfortable bed !!<br/>We really enjoyed staying there and Carly was a brilliant, friendly and helpful host."
        },
        {
            "name": "Trudi",
            "date": "2022-05-21",
            "review": "Carly was a great host - her apartment was perfect for our stay and in a very convenient location. Would stay again."
        },
        {
            "name": "Adrianna",
            "date": "2022-07-11",
            "review": "Wonderful host with great communication. Excellent location! Very cool place to stay at too!"
        },
        {
            "name": "Katherine",
            "date": "2022-08-15",
            "review": "Carly is a great host. She has an awesome home with the cutest outdoor space. It is an amazing place to stay that was close to transit to explore London. Such a hidden gem. Highly recommend!"
        },
        {
            "name": "Muireann",
            "date": "2022-08-28",
            "review": "We had a lovely stay in Carly\u2019s flat ! Very comfortable living space and a great location as you are right on the overground train line .Would recommend :)"
        },
        {
            "name": "Harmony",
            "date": "2022-10-09",
            "review": "We had such a great stay at Carly\u2019s flat. The location is great - so close to the overground station and not far from some really cool pubs and bars. The flat was decorated beautifully. Love all the artistic touches. Comfy bed and roomy bathroom. We\u2019d definitely stay again."
        },
        {
            "name": "Ori",
            "date": "2022-10-17",
            "review": "Great apartment, Clean and nice. <br/>It much bigger and nice than seems at the pictures!<br/>Carly is just so great, helpful, available and generous.<br/>You can hear the train - ear plugs helps. <br/>Anyway a upper recommend !"
        },
        {
            "name": "Jay",
            "date": "2023-01-26",
            "review": "I had the privilege of calling Carlys flat \u201chome\u201d for an entire month. The flat was absolutely lovely to stay in. If you like staying in places that inspire creativity, look no further! <br/>Location was great, the hackney downs station right around the corner got me everywhere i needed to be fairly quickly, so that was nice!<br/>One thing i\u2019ll add here is If you\u2019re staying in the winter months, do be prepared to give the apartment some time to heat up when you arrive.<br/>All in all, it was a great stay and would definitely book again!"
        }
    ]
}