{
    "id": 44290704,
    "listing_url": "https://www.airbnb.com/rooms/44290704",
    "name": "Ken's studio",
    "description": "Cosy studio with perfect private space and good wifi.<br /><br /><b>The space</b><br />This studio have it's own kitchen and bathroom\uff0cDisinfection supplies in the storage.",
    "host_name": "Mengyao",
    "host_id": 100743560,
    "host_url": "https://www.airbnb.com/users/show/100743560",
    "host_picture_url": "https://a0.muscache.com/im/pictures/user/53499ce7-5336-45d7-ac36-285cbd55aad9.jpg?aki_policy=profile_x_medium",
    "neighbourhood_cleansed": "Islington",
    "latitude": 51.56678,
    "longitude": -0.12191,
    "property_type": "Entire condo",
    "room_type": "Entire home/apt",
    "accommodates": 1.0,
    "bathrooms": 1.0,
    "beds": 1,
    "price": 28.0,
    "numbers_of_review": 2,
    "review_scores_rating": 4.5,
    "reviews": [
        {
            "name": "Jackie",
            "date": "2020-08-10",
            "review": "Very helpful. Booked for my son returning from abroad. Communication excellent"
        },
        {
            "name": "Naboulsi",
            "date": "2020-08-13",
            "review": "perfect studio and very friendly host"
        }
    ]
}