{
    "id": 44464334,
    "listing_url": "https://www.airbnb.com/rooms/44464334",
    "name": "Well located and spacious 1 bed flat",
    "description": "spacious lower ground floor one bed flat with large living room and separate large bedroom. small separate kitchen and small separate bathroom..",
    "host_name": "Bill",
    "host_id": 34857213,
    "host_url": "https://www.airbnb.com/users/show/34857213",
    "host_picture_url": "https://a0.muscache.com/im/users/34857213/profile_pic/1433280514/original.jpg?aki_policy=profile_x_medium",
    "neighbourhood_cleansed": "Wandsworth",
    "latitude": 51.45899,
    "longitude": -0.21947,
    "property_type": "Private room in rental unit",
    "room_type": "Private room",
    "accommodates": 2.0,
    "bathrooms": 1.0,
    "beds": 1,
    "price": 95.0,
    "numbers_of_review": 21.0,
    "review_scores_rating": 4.24,
    "reviews": [
        {
            "name": "Syeda Beenish",
            "date": "2020-08-29",
            "review": "Perfect location for me as it was close to Train station and bus stop. Complete privacy in the place and Bill was very quick in his communication and responses. It is a separate and spacious apartment but entrance to the apartment is via small stairs down to the basement floor of the house. There are many restaurants at a walking distance from the apartment."
        },
        {
            "name": "Syeda Beenish",
            "date": "2020-09-05",
            "review": "I extended my stay at this place because of the privacy I got and I felt very homely in this apartment."
        },
        {
            "name": "Sebastian",
            "date": "2020-10-17",
            "review": "The unit is in an excellent location close to Richmond Park, Wimbledon Common, and Putney Heath (some lovely parks of London). Putney is a lovely neighbourhood, but has somewhat limited access to the rest of London with only one tube connection. That being said, the unit is a good space in a lovely neighbourhood. It is underground with day lighting so it does get damp at time and quite cold. The windows make it feel less like a basement level. The kitchen is small, but the living spaces are excellent. Bill is quite responsive and messaged us quickly with anything we could need!"
        },
        {
            "name": "Jinwan",
            "date": "2021-04-04",
            "review": "A nice quiet place, in a good location."
        },
        {
            "name": "Bethany",
            "date": "2021-06-26",
            "review": "Lovely little flat in Putney, very close to the station and tube stations. We stayed for 2 months in between our tenancy ending and flying to NZ. Very very clean, we were really impressed and had everything we needed for a long stay. Bill was so helpful and communicative."
        },
        {
            "name": "Chris",
            "date": "2021-07-26",
            "review": "Amazing setting. Great flat. H8ghly recommended.  X"
        },
        {
            "name": "Maria",
            "date": "2021-08-31",
            "review": "Great communication & cozy flat in one of the best areas in London. Can only recommend!"
        },
        {
            "name": "Madi",
            "date": "2021-11-26",
            "review": "Close to the high street and station (train and tube). Exactly as described."
        },
        {
            "name": "Mohamed Fatah",
            "date": "2022-02-14",
            "review": "Very homely . couple minutes from town and train lines . good accommodation and location."
        },
        {
            "name": "Nick",
            "date": "2022-02-21",
            "review": "Flat is well located for tube and rail, shops and parks access within 5 minute walk. Being an underground apartment, the space was moist, damp and probably a better choice for the summer. Check in and communications with Bill was good. Thanks!"
        }
    ]
}