{
    "id": 45043114,
    "listing_url": "https://www.airbnb.com/rooms/45043114",
    "name": "Entire Loft Suit with kitchenette.",
    "description": "Enjoy the beauty of London from this newly built, light and modern loft conversion.  Self contained once you're up the stairs through the main house.<br />Two person bath, Juliet balcony, kitchenette and quirky features all give the space a unique and sumptuous feel. Perfect for working, relaxing, hiding away or as a base for exploring London. <br />Excellent transport links including bus, river boat, British Rail, the new Elizabeth line and Docklands Light Railway.<br /><br /><b>The space</b><br />The entire modern, light, newly built loft space within well maintained Victorian period property.  Close to all local amenities and bus, train, DLR and Elizabeth line<br /><br /><b>Guest access</b><br />My beautiful garden can be used by guests, just ask to arrange to ensure social distancing.<br /><br /><b>Other things to note</b><br />Lovely old cat in the house.",
    "host_name": "Kate",
    "host_id": 110922417,
    "host_url": "https://www.airbnb.com/users/show/110922417",
    "host_picture_url": "https://a0.muscache.com/im/pictures/user/7035c586-05a1-4b0b-bf93-db5259fa14ab.jpg?aki_policy=profile_x_medium",
    "neighbourhood_cleansed": "Greenwich",
    "latitude": 51.47937,
    "longitude": 0.07726,
    "property_type": "Private room in loft",
    "room_type": "Private room",
    "accommodates": 3.0,
    "bathrooms": 1.5,
    "beds": 2,
    "price": 48.0,
    "numbers_of_review": 33.0,
    "review_scores_rating": 4.94,
    "reviews": [
        {
            "name": "Corin",
            "date": "2020-10-26",
            "review": "Lovely loft with great views and amenities, friendly hosts and a nice park at the top of the road for walks, shops nearby for essentials and easy transport in to Central London! Definitely recommend"
        },
        {
            "name": "Wilma",
            "date": "2020-11-30",
            "review": "When we stumbled upon this loft unit on AirBnB it almost seemed too good to be true. There must be a catch...but everything was as perfect as it seemed online. Kate was a thoughtful and gracious host. Always there when we needed her.<br/>The space is just perfect. Clean and tidy and nice little touches.The compact cupboard kitchen contains everything one needs. The bed is super comfy and the big bathtub  & heated towel rail are nice bonuses. Very good lighting everywhere. <br/>Very good location in a lovely neighbourhood and easy to get around with public transport.<br/>Totally recommend it!"
        },
        {
            "name": "William",
            "date": "2021-03-18",
            "review": "A spacious loft in a lovely secluded part of Plumstead Common. Kate and her family were very friendly and went out of their way to ensure our stay was a pleasant one. Would happily recommend."
        },
        {
            "name": "Laura",
            "date": "2021-05-30",
            "review": "Great space. Was just what we needed for our short stay in London. Kate was lovely throughout and made our stay very easy. Would definitely recommend!"
        },
        {
            "name": "Silvia",
            "date": "2021-06-20",
            "review": "We needed a home away from home and Kate's loft was just perfect. It is bright, spacious and very tasteful. It has absolutely everything you need for a comfortable stay and it is close to local transport links as well as a nice pub, cafes and a grocery store. The kitchenette is very handy and the location is very quiet - I was able to work from home during my stay here. The best part is Kate's carefully curated garden - it was a godsend to unwind and relax at the end of a long day amongst her beautiful plants and flowers."
        },
        {
            "name": "Marian",
            "date": "2021-07-25",
            "review": "Kate is a very good host, friendly"
        },
        {
            "name": "Wq",
            "date": "2021-08-08",
            "review": "a beautiful and comfortable Victoria style house, a nice and kind host, and a happy stay."
        },
        {
            "name": "Paul",
            "date": "2021-08-13",
            "review": "Kate is a wonderful host who kept in contact before we arrived and was very welcoming upon arrival. The loft space is an ideal place to stay if visiting London with easy links into the city. I wish we could have spent more time enjoying the garden but with plenty of site seeing it was straight to bed (a very comfy bed I might add). Deffo a place to stay if visiting the London area!"
        },
        {
            "name": "Michelle",
            "date": "2021-08-24",
            "review": "stunning litle place in an undiscovered but be<br/>autiful part of London. everything was perfect, the place is lovely and has everything you need, including a little hob for simple meals. it's located near bus station and local pubs. absolutely perfect to explore South-East and Central London"
        },
        {
            "name": "Chloe",
            "date": "2021-09-04",
            "review": "Lovely loft, close enough to the tubes by bus and THE most beautiful bath tub ever. Kate and family are very friendly and are great hosts, everything was incredibly clean and cozy and I would definitely recommend staying here :)"
        }
    ]
}