{"id": 45067559, "listing_url": "https://www.airbnb.com/rooms/45067559", "name": "Stylish Central London Apartment- two double rooms", "description": "A very modern and stylish flat based 10 minutes walk from the London Eye and other popular attractions. This is a one bedroom flat with a living room. Both the bedroom and living room are set up with a double bed and a sofa adequately hosting up to 4 adults.<br />You will have use of the entire flat (excluding storage cupboards) including use of kitchen equipment and access on to a large private balcony which has seating and a bbq.<br />There is no parking available here but transport links are excellent<br /><br /><b>The space</b><br />I live very close to central London, a 10 minute walk to Vauxhall or Waterloo and have great access to shops and transport links.<br /><br /><b>Guest access</b><br />Access to the balcony, kitchen, bathroom", "host_name": "Cemile", "host_id": 190418378, "host_url": "https://www.airbnb.com/users/show/190418378", "host_picture_url": "https://a0.muscache.com/im/pictures/user/8e9aaf64-576e-4302-be1e-70d198e03c4a.jpg?aki_policy=profile_x_medium", "neighbourhood_cleansed": "Lambeth", "latitude": 51.49319, "longitude": -0.11586, "property_type": "Entire condo", "room_type": "Entire home/apt", "accommodates": 4.0, "bathrooms": 1.0, "bedrooms": 2, "beds": 4, "amenities": ["Essentials", "Wifi", "Dedicated workspace", "Oven", "Patio or balcony", "Paid parking off premises", "Long term stays allowed", "TV", "Microwave", "Portable fans", "Cooking basics", "Smoke alarm", "Bed linens", "Laundromat nearby", "Carbon monoxide alarm", "Hangers", "Kitchen", "Heating", "Dishes and silverware"], "price": 150.0, "numbers_of_review": 2, "review_scores_rating": 5.0, "reviews": [{"name": "Phil", "date": "2022-07-06", "review": "Great location - 10 mins from Westminster and handy for getting the tube or Uber boats up the river. Cemile's communication was great and met us to check in with a cup of tea :) Large balcony and 2 double bedrooms meant plenty of space for a family of four. Would recommend as a great base for exploring London"}, {"name": "Zainab", "date": "2023-06-15", "review": "The location is great. You can easily and safely walk to London Eye. The apartment is nice and is as shown in pictures. The only major issues were the heat (June), and the struggle with the balcony door."}]}