{
    "id": 45167841,
    "listing_url": "https://www.airbnb.com/rooms/45167841",
    "name": "Charming 1-Bed Flat in central location",
    "description": "My home is in a quaint and charming building, just a short walk from Southwark Station and on a vibrant, thriving road. The home has a quirky layout with a sociable kitchen overlooking the living room, and a cosy double bedroom. We're lucky to be in a fantastic location, just 5 minutes walk from the nearest tube station and the great transport links on Blackfriars Road make getting around the whole of London a breeze. This is a perfect base for couples, solo and business travellers.",
    "host_name": "Nikolas",
    "host_id": 30555040,
    "host_url": "https://www.airbnb.com/users/show/30555040",
    "host_picture_url": "https://a0.muscache.com/im/pictures/user/f3d04fec-e93b-41a6-b234-cd0821e58344.jpg?aki_policy=profile_x_medium",
    "neighbourhood_cleansed": "Southwark",
    "latitude": 51.50132,
    "longitude": -0.10519,
    "property_type": "Entire rental unit",
    "room_type": "Entire home/apt",
    "accommodates": 2.0,
    "bathrooms": 1.5,
    "beds": 2,
    "price": 70.0,
    "numbers_of_review": 3,
    "review_scores_rating": 5.0,
    "reviews": [
        {
            "name": "Nicholas",
            "date": "2020-08-31",
            "review": "Great value, cozy and clean. Will definitely stay here again!"
        },
        {
            "name": "Jelizaveta",
            "date": "2020-09-01",
            "review": "Absolutely fantastic place and location! Safest and most convenient you can imagine in central London! The flat is so cozy and clean! Also the house block itself is very tidy, renovated and safe, and even has its own hidden garden! You can see the London eye from a little balcony in the common area. There is also a lift! Would stay there again any minute! Thank you so much!"
        },
        {
            "name": "Tom",
            "date": "2020-09-02",
            "review": "If you are looking for a clean, comfortable place to stay, this is the perfect place for you!"
        }
    ]
}