{"id": 45347102, "listing_url": "https://www.airbnb.com/rooms/45347102", "name": "Easy access London", "description": "Very quiet room with private shower and spar bath<br />Kettle coffee machine, mini fridge cereal tea and coffee provided in room for your comfort<br /><br /><b>The space</b><br />Private room and private shower bathroom with spa bath next to room<br /><br /><b>Guest access</b><br />Parking free on own driveway<br /><br /><b>Other things to note</b><br />I make sure the house is sanitised after each stay masks provided and visors if required<br />Hand sanitizer provided at front door and disposable hand towels for your safetyThe bathroom is for your use only<br /><br />Polite notice<br /><br />Please be aware that Covid still exists and try to keep yourself and your host as safe as you can thank you", "host_name": "Susan", "host_id": 215890198, "host_url": "https://www.airbnb.com/users/show/215890198", "host_picture_url": "https://a0.muscache.com/im/pictures/user/d989ed7a-866d-431f-93f6-2023367c6276.jpg?aki_policy=profile_x_medium", "neighbourhood_cleansed": "Havering", "latitude": 51.5942, "longitude": 0.1648, "property_type": "Private room in home", "room_type": "Private room", "accommodates": 1.0, "bathrooms": 2.5, "bedrooms": 1, "beds": 1, "amenities": ["Extra pillows and blankets", "First aid kit", "Oven", "Barbecue utensils", "Mini fridge", "Hair dryer", "Wine glasses", "Hangers", "Cleaning products", "Dishes and silverware", "Luggage dropoff allowed", "Essentials", "Free parking on premises", "Shampoo", "Baking sheet", "Cooking basics", "Free street parking", "Bed linens", "Clothing storage: dresser and closet", "TV with Netflix", "DVD player", "Amazon Prime Video", "Pour-over coffee", "Bathtub", "Shower gel", "Heating", "Wifi", "Coffee maker", "Long term stays allowed", "Hot water kettle", "Microwave", "Portable fans", "Refrigerator", "Outdoor dining area", "Private patio or balcony", "Iron", "Body soap", "Drying rack for clothing", "Kitchen", "Beach essentials", "BBQ grill", "Stove", "Lock on bedroom door", "Toaster", "Breakfast", "Conditioner", "Hot water", "Washer", "Private fenced garden or backyard", "Private pool", "Smoke alarm", "Laundromat nearby", "Dryer", "Nespresso machine", "Outdoor furniture", "Freezer", "Pocket wifi"], "price": 21.0, "numbers_of_review": 83.0, "review_scores_rating": 4.9, "reviews": [{"name": "Chris", "date": "2020-09-14", "review": "Susan was  very hospitable, washed all my clothes and dried them which was very sweet, offered me food all the time, will definitely visit, I didn\u2019t get to use the pool."}, {"name": "Julia", "date": "2020-09-25", "review": "Sue is a lovely host and make me feel very welcome. Everything was as described, room was very clean with extra amenities which I didn\u2019t expect - nice touch."}, {"name": "Kevin", "date": "2020-11-05", "review": "I really enjoyed my stay at Susan's. The bed was very comfortable and everything was very clean. The lovely touches of breakfast cereals, tea, coffee and bread rolls was very nice."}, {"name": "Bibiana", "date": "2020-11-22", "review": "Well recommended place my friend was very pleased thank u very much susan"}, {"name": "Vivek", "date": "2020-12-06", "review": "Very thoughtful host! Amazing hospitality! Would love to stay again whenever I am in this area."}, {"name": "Minvydas", "date": "2020-12-20", "review": "Susan is indeed a pleasant host."}, {"name": "Vivek", "date": "2020-12-28", "review": "Nice location and very welcoming host."}, {"name": "Alin", "date": "2021-01-04", "review": "Thankful for the opportunity to stay in Susan's place, really nice and cozy,also a warm ambient in the house and Susan is a really super host, really happy to find her place 10/10"}, {"name": "Barry", "date": "2021-01-08", "review": "Stayed here whilst working in Romford. Well equipped comfy room. Susan was very fast to respond to all my queries and made me very welcome. Will definitely stay again."}, {"name": "Kenneth", "date": "2021-01-16", "review": "Lovely place"}]}