{
    "id": 46306196,
    "listing_url": "https://www.airbnb.com/rooms/46306196",
    "name": "Beautiful Bright Double Near The Southbank",
    "description": "Home from home in the heart of London",
    "host_name": "Sara & Kamal",
    "host_id": 15538524,
    "host_url": "https://www.airbnb.com/users/show/15538524",
    "host_picture_url": "https://a0.muscache.com/im/pictures/user/954198ac-3c93-4b44-89f8-bd351a08dc83.jpg?aki_policy=profile_x_medium",
    "neighbourhood_cleansed": "Lambeth",
    "latitude": 51.4903,
    "longitude": -0.10709,
    "property_type": "Private room in condo",
    "room_type": "Private room",
    "accommodates": 2.0,
    "bathrooms": 1.0,
    "beds": 1,
    "price": 55.0,
    "numbers_of_review": 5,
    "review_scores_rating": NaN,
    "reviews": [
        {
            "name": "Viivi",
            "date": "2023-05-22",
            "review": "Very nice and welcoming people, really enjoyed my stay! Cute pets are an amazing extra\ud83d\ude3b"
        },
        {
            "name": "Angela",
            "date": "2023-05-31",
            "review": "We had great time with Sara, Kamal and always accompanied by their lovely cats and doggos Lulah, Belly, Harley and Dino!  The room was big, good view, clean and comfortable!"
        },
        {
            "name": "Yousra",
            "date": "2023-06-18",
            "review": "Lets first talk about negative things<br/>1- they never mentioned another person was there its not just sara and kamel <br/>2- The dogs are very savage its the first time i meet medium large dogs this way <br/>3- the space in the fridge is practically non existent we struggled to put stuff there and she emptied it when we came in same thing for the refrigerator that is full <br/>4- SHE DOES NOT RESPECT THE ROOM PRIVACY!! Me and mother were shy and did not want to ruin our trip with problems but sara constantly open our room door when we were out she asked me once only and never again and i didnt answer her or tell her yes and she did that again SHE MOVED THE BED AND KEPT US WAITING FOR HER HUSBAND TO WAKE UP TO FIX IT while we were  very tired and yes the bed fell out but u do not have the right to go until we say yes.<br/>Positive points: she kept the dogs inside her room to make us comfy she was friendly helpful and the house is very very calm. Her cats are adorable and nice <br/>Overall it was average"
        },
        {
            "name": "Sana",
            "date": "2023-07-10",
            "review": "We had a great time at Sara and Kamal's place! It was a great location - right next to Kennington station. The place was also adorable, and we felt right at home. Sara and Kamal were both very kind, and the pets were adorable."
        },
        {
            "name": "Tabitha",
            "date": "2023-09-24",
            "review": "I loved my stay here!! Sara and Kamal made me feel really at home and looked after, and of course the pets were an added bonus and are absolutely gorgeous."
        }
    ]
}