{"id": 46505060, "listing_url": "https://www.airbnb.com/rooms/46505060", "name": "Family room for 3 at green hotel in Bloomsbury", "description": "This listing is for a private room with a double & single bed & SHARED bathroom, no breakfast. <br /><br />The St Athans Hotel is a proudly simple, family-run, budget, green hotel in Bloomsbury, central London - walking distance from many landmarks, museums & theatres. Situated in historic Georgian Townhouses, we offer great value for money and a friendly service - providing a comfortable home from home in a convenient location. If you don't see what you want, contact us & I'm sure we'll be able to help.<br /><br /><b>The space</b><br />Ours is a simple, family-run, affordable space in central London. What we lack in amenities we try make up for in service. It's a quirky place with grand staircases, wonky walls, exposed pipes, full of original artwork from one of the owners and dotted with family memorabilia and presents from guests around the world. We aim to be a home from home, rather than a flash hotel. <br /><br />Each room is individually decorated - has a wash basin, somewhere t", "host_name": "St Athans", "host_id": 10682631, "host_url": "https://www.airbnb.com/users/show/10682631", "host_picture_url": "https://a0.muscache.com/im/pictures/user/776b82df-4b3e-415c-a240-af9daa587d80.jpg?aki_policy=profile_x_medium", "neighbourhood_cleansed": "Camden", "latitude": 51.525238, "longitude": -0.126425, "property_type": "Private room in bed and breakfast", "room_type": "Private room", "accommodates": 3.0, "bathrooms": 1.0, "bedrooms": 1, "beds": 2, "amenities": ["Essentials", "Extra pillows and blankets", "First aid kit", "Hot water", "Wifi", "Long term stays allowed", "Pack \u2019n play/Travel crib", "Host greets you", "Fire extinguisher", "Smoke alarm", "Bed linens", "Hair dryer", "Laundromat nearby", "Iron", "Hangers", "Crib", "Heating", "Lock on bedroom door", "Luggage dropoff allowed"], "price": 139.0, "numbers_of_review": 57.0, "review_scores_rating": 4.35, "reviews": [{"name": "Hannah", "date": "2021-07-05", "review": "What a great location! The rooms were adorable and the staff were super friendly"}, {"name": "Callum", "date": "2021-08-01", "review": "Solid hotel, somewhat overpriced for a shared bathroom"}, {"name": "Daniel", "date": "2021-09-19", "review": "Cute little spot for an overnight! Perfect for our needs and very hospitable."}, {"name": "Natalie", "date": "2021-10-10", "review": "clean, professional, excellent value for money and fabulous location."}, {"name": "Solange", "date": "2021-10-16", "review": "Nice place to stay for a free day and close to a underground station"}, {"name": "Eva", "date": "2021-10-16", "review": "we had cold symptoms (fever, cough, sore throat) so decided to play it safe and canceled our stay. I thought this courteous of us, but the hotel thought otherwise and was not friendly at all in their communication."}, {"name": "Rosa", "date": "2021-10-17", "review": "Great stay"}, {"name": "Wen Li", "date": "2021-10-24", "review": "Great value for money considering the excellent location. the staff were also very accomodating and friendly! although the 'family room' with a double bed and a single bed could do with a bit more furniture"}, {"name": "Thomas", "date": "2021-10-24", "review": "clean, good location and good service. I would recommand it 100% for a week-end if you just need a place to sleep"}, {"name": "Mariana", "date": "2021-10-27", "review": "Great location, a bit noise but you are in London after all"}]}