{"id": 46964164, "listing_url": "https://www.airbnb.com/rooms/46964164", "name": "FATIS ROOMS   beautiful studio apartment", "description": "We offer a beautiful small studio apartments with everything you need, kitchen , toilet , internet etc . <br /><br />The studio  is located on the second floor WITHOUT ELEVATOR with an unbeatable location in this beautiful but big city <br /><br /><br /><br />- 15 MIN FROM CENTRAL LONDON BY BUS <br /><br />- EXCELLENT PUBLIC TRANSPORT TRAIN STATION 3 MINUTES<br /><br />- SAFE AREA <br /><br />- VERY NICE AREA WITH SHOPPING CENTRE <br /> (3 MIN WALKING )<br /><br /><b>The space</b><br />IDEAL TO HAVE A UNIQUE EXPERIENCE IN OUR BEAUTIFUL AND RELAXING APARTMENTS CLOSE TO PUBS DOWNTOWN AND SHOPPING CENTERS COME AND VISIT US<br /><br /><b>Guest access</b><br />OUR APARTMENTS ARE EQUIPPED WITH AMERICAN STYLE KITCHEN <br />BATHROOM <br />WIFI <br />FREE PARKING OUTSIDE THE APARTMENTS", "host_name": "David", "host_id": 263008509, "host_url": "https://www.airbnb.com/users/show/263008509", "host_picture_url": "https://a0.muscache.com/im/pictures/user/4606c0b2-9173-4e74-b4af-87ac3e1a813b.jpg?aki_policy=profile_x_medium", "neighbourhood_cleansed": "Lambeth", "latitude": 51.46782, "longitude": -0.10711, "property_type": "Entire condo", "room_type": "Entire home/apt", "accommodates": 2.0, "bathrooms": 1.0, "bedrooms": 1, "beds": 1, "amenities": ["Essentials", "Wifi", "Hot water", "Long term stays allowed", "Refrigerator", "Cooking basics", "Smoke alarm", "Bed linens", "Heating", "Private entrance", "Carbon monoxide alarm", "Hangers", "Kitchen", "Window AC unit", "Cleaning products", "Dishes and silverware"], "price": 67.0, "numbers_of_review": 10, "review_scores_rating": 3.6, "reviews": [{"name": "Eloisa", "date": "2021-11-14", "review": "Great value for money! Had everything we needed."}, {"name": "Marceli", "date": "2022-05-03", "review": "Nice localization, good place to stay for a couple days in London"}, {"name": "Emilie", "date": "2022-05-30", "review": "The studio is very well located,in a calm street but ten minutes walk from the center of  Brixton which provid very good places to eat,drink,shop.. Really cool neighborhood! <br/>The apartment has everything you can need during your stay. <br/>David is nice and always available if you have questions."}, {"name": "Felipe", "date": "2022-06-13", "review": "There are a lot of things that can be improved. First of all, the studio is in the 4th floor and there\u2019s no elevator, you have to go up with your luggage in a narrow stair case which is absolutely not ideal. The building and apartment need maintenance in general. The space is very small, and the fact that the shower was not working was a real hassle. David gave us instructions in how to start it, but the water flow was terrible."}, {"name": "Augusta E Giorgio", "date": "2022-07-20", "review": "All went well, good location, very well connected to city center, practical self check-in. The apartment is very small so recommendable for max 2 people and not for a long stay. Would probably come back again for a 4/5 nights stay."}, {"name": "Jessica", "date": "2022-07-28", "review": "very nice apartment and in a great location"}, {"name": "Daniela", "date": "2022-08-14", "review": "- there is no warm water in the shower<br/>- the bathroom was dirty<br/>- the bed is not really comfortable anymore"}, {"name": "Fredric", "date": "2022-08-18", "review": "Cutlery and dishes were dirty, outside the building was rubbish everywhere we had to navigate through everytime we came back to the studio and another person came barging in a 9 am while we were sleeping saying the owner told them they could and then was asked to look after their bags."}, {"name": "Alison", "date": "2022-08-24", "review": "I know that this stay is cheap, but despite this I would not stay again unless desperate or maybe for 1 to 2 nights. The neighborhood itself is a little sketchy and the front of the apartment was full of trash. It is close to the station which is nice. The apartment is on the 4th floor despite me asking David if it was on the 2nd and him saying yes. Very very difficult carrying luggage up the stairs. The apartment itself was fine but the mattress was horrible, you can feel every spring. The linens (sheets and towels) smelt like a sweaty boy. One towel had what looked like egg yolk on it? There is no AC just a fan. I could not get the oven to work either. I would look for a private room at a similar price rather than here."}, {"name": "Kaira", "date": "2022-08-30", "review": "The space is really well-located, 30 minutes by metro from the main sights. The check-in was quick and efficient. There is suppermarkets and other facilities close. In addition, anything you need was quickly answered by phone. It is not true, as some reviews say, that the space is on the fourth floor. He's on the second floor. Also, to complain about the size of the space, I think these people don't know what a studio is. Despite lacking some improvements (the bedding and mattress could be better; in addition, the shower, despite having hot water, does not have much water) it is a really great place to spend some weeks alone or a week or two as a couple."}]}