{
    "id": 47352808,
    "listing_url": "https://www.airbnb.com/rooms/47352808",
    "name": "Quiet break rooms with rear garden",
    "description": "One single room located in Thornton Heath- 10  minutes walk to Train Station and Tesco Supermarket, takeaway, schools.<br /><br />Free Parking in a quiet cul-de-sac<br /><br /><b>Other things to note</b><br />Mask and Social Distancing must be practised at all times in the communal areas.<br /><br />No outside Shoes and No Smoking indoors.",
    "host_name": "Maureen",
    "host_id": 342298940,
    "host_url": "https://www.airbnb.com/users/show/342298940",
    "host_picture_url": "https://a0.muscache.com/im/pictures/user/c3788d39-0fbf-4659-a21f-fb57c55aaf8d.jpg?aki_policy=profile_x_medium",
    "neighbourhood_cleansed": "Croydon",
    "latitude": 51.4075,
    "longitude": -0.09809,
    "property_type": "Private room in home",
    "room_type": "Private room",
    "accommodates": 1.0,
    "bathrooms": 1.5,
    "beds": 1,
    "price": 20.0,
    "numbers_of_review": 11.0,
    "review_scores_rating": 5.0,
    "reviews": [
        {
            "name": "Michael",
            "date": "2021-01-02",
            "review": "Amazing stay at Maureen\u2019s house. <br/>Maureen is an outstanding host who is making sure that her guest is feeling at ease. <br/>The location itself is very convenient with only a 15 minutes journey by bus from West Croydon train station and with the local bus stop only 5 minutes away on foot from the house. <br/>The street is very quiet and there was no noise whatsoever in the bedroom. Wifi speed was excellent and there is also a large screen TV in the bedroom. <br/>Just in front of the bedroom, there is a very practical small modern kitchen only for guests with provided cutlery. microwave and small fridge.  Maureen even made sure to buy fresh croissants, fresh fruits, cheese and fresh milk with coffee and tea for a readily available breakfast in the kitchen. <br/>Highly recommended stay at Maureen\u2019s place."
        },
        {
            "name": "Giulia",
            "date": "2021-01-17",
            "review": "Maureen\u2019s such a great host. She is discreet still always ready to help whenever you need. Rooms are upstairs while she lives downstairs, so you get your own place with bathroom and kitchen on same floor. It\u2019s a small place still well organised and spotless clean. Very quiet, bright, with rear garden. You can walk to park nearby or Thorton Heat centre in 10-15 minutes. Maureen is very cautios when it comes to Corona virus guidances which is a relief these days. I can\u2019t recommend her enough, I spent there two weeks and was sad to leave."
        },
        {
            "name": "Sebastiano",
            "date": "2021-02-05",
            "review": "Nice,new  and clean place. Lovely and helpful host.You will find a big and clean room . Breakfast was good and included in the price.Maureen is very kind and you can see that she really cares about her guests. Would stay there again. TOP!!"
        },
        {
            "name": "Maxine",
            "date": "2021-02-06",
            "review": "thankyou for waiting up for me b<br/>very kind. GOOD VALUE AND RECOMMEND"
        },
        {
            "name": "Marty",
            "date": "2021-02-21",
            "review": "Great host. Very helpfuland great communication"
        },
        {
            "name": "Cristian David",
            "date": "2021-03-26",
            "review": "Maureen is such a fantastic hostess, always looking after you, so you feel welcomed and comfortable. Her commitment to keep everything tidy and clean it's beyond everything I've seen in any other airbnb (and even maybe in hotels!).<br/>Amd not only that, she is kind and a really good person. Very recommended!"
        },
        {
            "name": "Cristian David",
            "date": "2021-03-31",
            "review": "Spotless and Warm home. Maureen makes you feel really welcomed, and the room is great! She makes sure every detail is taken care of, and always looking for ways to make you feel comfortable. Will come back every time I go to London!"
        },
        {
            "name": "Ka Sing",
            "date": "2021-10-23",
            "review": "lovely room , nice and clean"
        },
        {
            "name": "Francisco Jos\u00e9",
            "date": "2022-04-18",
            "review": "mauren es una persona amable simp\u00e1tica y te explica todo lo que hace falta"
        },
        {
            "name": "Duncan",
            "date": "2022-04-23",
            "review": "Maureen was was a wonderful  host and has a lovely house a very nice cosy room would definitely stay again"
        }
    ]
}