{"id": 47998642, "listing_url": "https://www.airbnb.com/rooms/47998642", "name": "LondonBridge", "description": NaN, "host_name": "Fadumo", "host_id": 46616159, "host_url": "https://www.airbnb.com/users/show/46616159", "host_picture_url": "https://a0.muscache.com/im/pictures/user/e717417d-914f-4d6f-9d1a-3b19bf1913c9.jpg?aki_policy=profile_x_medium", "neighbourhood_cleansed": "Southwark", "latitude": 51.50125, "longitude": -0.1001, "property_type": "Private room in home", "room_type": "Private room", "accommodates": 1.0, "bathrooms": 2.0, "bedrooms": 1, "beds": 1, "amenities": ["Essentials", "Wifi", "First aid kit", "Hot water", "Washer", "Backyard", "Long term stays allowed", "Fire extinguisher", "Smoke alarm", "High chair", "Iron", "Carbon monoxide alarm", "Hangers", "Kitchen", "Heating"], "price": 28.0, "numbers_of_review": 19.0, "review_scores_rating": 4.74, "reviews": [{"name": "Shohreh", "date": "2021-04-27", "review": "Friendly host, with clean house. Perfect location. I enjoyed my stay here."}, {"name": "David", "date": "2021-07-31", "review": "Excellent location and lovely people"}, {"name": "Joe", "date": "2021-08-15", "review": "Lovely spot with great hosts and location. Highly recommended for a central London stay. Book with confidence."}, {"name": "Liu", "date": "2021-09-15", "review": "Rent Fadumo's place for my son's pre-school stay.  I'm appreciated Fadumo's assistance for the past month.  According to my son, he is so happy to stay at the place and found it so convenient.  Big Bang & London Bridge are within walking distance.  Safe and clean.  Just like photos provided.  Fadumo, thanks so much.  If I need to visit my son, I will choose your place."}, {"name": "Claire", "date": "2021-10-28", "review": "Correct stay in the house. Well-located flat."}, {"name": "Daniel", "date": "2021-11-05", "review": "Excellent room in a great part of London"}, {"name": "Genoveva", "date": "2021-11-16", "review": "An accommodation with a very strategic location. There\u2019s a famous brunch place/cafe just around the corner, and it\u2019s close to Co Op/Tesco. Fadumo is a very nice and accommodating host. Would definitely recommend this place for anyone who are looking for a stay in central London"}, {"name": "Piotr", "date": "2021-12-10", "review": "Everything was spot-on! The location is great, Fadumo is very hospitable and answered all my questions. The room was lovely and clean. Could definitely recommend!"}, {"name": "Jonathan", "date": "2022-01-25", "review": "Very nice time to live here."}, {"name": "Simon", "date": "2022-03-13", "review": "Fid\u00e8le aux photos"}]}