{
    "id": 48077328,
    "listing_url": "https://www.airbnb.com/rooms/48077328",
    "name": "Double near Excel London for Females only",
    "description": "\u2022 Close to Excel London & London City Airport<br />\u2022 7 minutes\u2019 walk to Prince Regent DLR Station<br />\u2022 2 mins walk to a Supermarket<br />\u2022 2 mins walk to nearest bus stop<br />\u2022 Close to Caning Town & Stratford<br />\u2022 Canary Wharf offices are around 10 minutes commute from Prince Regent station<br />\u2022 Excel London is 5-7 minutes away<br />\u2022 Newham General Hospital is nearby<br />\u2022 workstations available to facilitate WFH/study<br />\u2022 Spacious, bright, and airy house<br />\u2022 Big garden <br />\u2022 located on a quiet residential street",
    "host_name": "Zainab",
    "host_id": 387641259,
    "host_url": "https://www.airbnb.com/users/show/387641259",
    "host_picture_url": "https://a0.muscache.com/im/pictures/user/7bc1138e-d267-40f2-aea0-0630125dfb63.jpg?aki_policy=profile_x_medium",
    "neighbourhood_cleansed": "Newham",
    "latitude": 51.51364,
    "longitude": 0.02908,
    "property_type": "Private room in home",
    "room_type": "Private room",
    "accommodates": 1.0,
    "bathrooms": 1.0,
    "beds": 1,
    "price": 200.0,
    "numbers_of_review": 3,
    "review_scores_rating": 5.0,
    "reviews": [
        {
            "name": "Wala",
            "date": "2021-08-23",
            "review": "Zainab place is very clean and quite,the location is really nice as it is close to the royal docks. Zainab was a kind and understanding host . I felt like I am home.I really recommend this place for any one for short and long term stay."
        },
        {
            "name": "Anna",
            "date": "2021-10-22",
            "review": "Close to bus stops and dlr, about 15 min walking to tube. Very cozy room on second floor, there is a comfortable bed and workplace by the window, the heating works, so the house is warm. It was nice to stay here! Thanks Zainab!"
        },
        {
            "name": "Lara",
            "date": "2021-11-28",
            "review": "The room was really nice and clean. Big and comfy bed. I was able to use the kitchen, fridge, washing machine... And it\u2019s closed to Stratford, which was very convenient for me.<br/>Thank you for everything!"
        }
    ]
}