{"id": 48708419, "listing_url": "https://www.airbnb.com/rooms/48708419", "name": "Comfortable 1 bedroom flat with common Terrace", "description": "The living room is fabulous, light and airy. It's equipped with sofa bed and dining table,  full kitchen with all the necessary utensils. 1 double bed, private en suite bathroom and own entrance. The extra sofa bed  allows to accomodate 2 additional guests for extra price to be paid on arrival. Please note there is no TV in any room, only wifi connection. <br />The terrace with splendid view is available for use and smoking, however please note that it is communal, not private.<br /><br /><b>Guest access</b><br />A fabulous apartment situated opposite Kentish Town Station and 10 minutes walk from vibrant Camden Town and stunning Hampstead Heath. It has excellent public transport connections and a great place to relax. The apartment is situated above a coffee shop Starbucks, you have access to the apartment from the rear entrance. There are several flights of stairs so please be sure to check before booking, it is not suitable for disabled access. There is also free parking on a street ", "host_name": "Valery", "host_id": 392940036, "host_url": "https://www.airbnb.com/users/show/392940036", "host_picture_url": "https://a0.muscache.com/im/pictures/user/c02c1eeb-e2cd-449b-b1db-90a7779fa758.jpg?aki_policy=profile_x_medium", "neighbourhood_cleansed": "Camden", "latitude": 51.55138, "longitude": -0.14073, "property_type": "Entire rental unit", "room_type": "Entire home/apt", "accommodates": 2.0, "bathrooms": 1.0, "bedrooms": 1, "beds": 1, "amenities": ["Extra pillows and blankets", "Oven", "Hair dryer", "Wine glasses", "Dining table", "Hangers", "Dishes and silverware", "Essentials", "Free street parking", "Clothing storage: closet", "Bed linens", "Carbon monoxide alarm", "Bathtub", "Wifi", "Heating", "Safe", "Dishwasher", "Long term stays allowed", "Hot water kettle", "Microwave", "Refrigerator", "Host greets you", "Room-darkening shades", "Shared garden or backyard", "Iron", "Kitchen", "Drying rack for clothing", "Stove", "Toaster", "Dedicated workspace", "Hot water", "Shared patio or balcony", "Smoke alarm", "Free washer \u2013 In unit", "Freezer"], "price": 139.0, "numbers_of_review": 2, "review_scores_rating": 3.5, "reviews": [{"name": "Romero Savino", "date": "2021-11-28", "review": "Mauvaise appr\u00e9ciation : <br/>- la personne qui s occupe de Check out nous a totalement stress\u00e9 le dernier jour en nous demandant de lib\u00e9rer la chambre dans \u00ab\u00a04mn\u00a0\u00bb! Nous dormions il n \u00e9tait pas l heure de partir. Il proposait de juste changer les draps en nous sortant du lit pour les prochains clients !!!!! Il nous laissait 4 mn pour nous lever ! Et il trouvait cela normal car nous pouvions rester dans le salon . Mais il n \u00e9tait pas du tout l heure l\u00e9gale du d\u00e9part. Je n en revenais pas.<br/>- notre arriv\u00e9e comme notre d\u00e9part a \u00e9t\u00e9 un stress. <br/>- l adresse indiqu\u00e9e sur l annonce n est pas r\u00e9ellement  la bonne car l acc\u00e8s de l \u2018appartement se fait par une impasse sordide, pleine de d\u00e9chets et sans lumi\u00e8re .<br/>- le lit est propre et confortable, les serviettes aussi mais tout le reste n est pas nettoy\u00e9 correctement (cheveux au sol, vaisselle mal lav\u00e9e, cheveux restants dans la baignoire\u2026.). Alors qu il est indiqu\u00e9 sur l annonce que toutes les dispositions \u00e9taient prises par rapport au Covid. <br/>- il faut 3 clefs pour rentrer et celle de la porte principale (c\u00f4t\u00e9 impasse) est difficile \u00e0 ouvrir surtout quand on stresse en pleine nuit. <br/>- une fois rentr\u00e9, vous \u00eates dans une courette pleine d\u2019objets et surtout dans le noir le plus total. Il faut prendre son t\u00e9l pour mettre la lumi\u00e8re. <br/>- la charmante terrasse  sur les photos de l annonce ne correspond pas du tout \u00e0 la r\u00e9alit\u00e9 (j esp\u00e8re pouvoir publier les photos)<br/>Je pr\u00e9cise que c est mon premier commentaire n\u00e9gatif et que j aimerai \u00eatre entendu afin que d autres personnes ne se retrouvent pas dans ma situation."}, {"name": "Nicolas", "date": "2021-12-17", "review": "Great flat, clean and super well located. Great hosts. Will be back again!"}]}