{"id": 49585327, "listing_url": "https://www.airbnb.com/rooms/49585327", "name": "Cosy flat in conservation area. Central location", "description": "The flat is a on a quiet and safe street in a converted listed building in Stockwell Park Conservation area.<br /><br /><b>The space</b><br />Cosy and unique flat.<br /><br />100\u201d cinema screen projector free to use. Just connect to your laptop via HDMI. <br /><br />WIFI Printer for those working from home<br /><br />All cooking and cleaning facilities including washer dryer included.<br /><br /><b>Guest access</b><br />Access to entire flat except for one locked room. No access to swimming pool for rentals less than one month.", "host_name": "Gwilym", "host_id": 119490023, "host_url": "https://www.airbnb.com/users/show/119490023", "host_picture_url": "https://a0.muscache.com/im/pictures/user/b74ee697-2cef-4207-940b-b5f4e426d700.jpg?aki_policy=profile_x_medium", "neighbourhood_cleansed": "Lambeth", "latitude": 51.47115, "longitude": -0.1193, "property_type": "Entire condo", "room_type": "Entire home/apt", "accommodates": 2.0, "bathrooms": 1.0, "bedrooms": 1, "beds": 1, "amenities": ["Essentials", "Wifi", "Dedicated workspace", "Washer", "Free parking on premises", "Shampoo", "TV", "Long term stays allowed", "Fire extinguisher", "Smoke alarm", "Cooking basics", "Carbon monoxide alarm", "Indoor fireplace", "Dryer", "Kitchen", "Heating", "Breakfast"], "price": 100.0, "numbers_of_review": 8, "review_scores_rating": 4.4, "reviews": [{"name": "Matthew", "date": "2021-07-16", "review": "Great, modern flat in a good location in Stockwell with good transport connections across London and amenities nearby. Good communication throughout from Gwilym. Would recommend."}, {"name": "Rakan", "date": "2021-09-20", "review": "Great place. Best thing was the Cenima. Was spending most of my time in there. Cosy place with lots of space.<br/>There was heating so getting cold at night wasn\u2019t a problem."}, {"name": "Nicole", "date": "2022-02-10", "review": "The place was nice and the projector was a great touch to relax in evenings. A nice modern vibe throughout.<br/>The building felt a little bit unsafe (but maybe that's because I'm a single woman traveling) and it did not help that I was only informed, that same morning, that the place I booked was three flights of stairs up. Kind of annoying as I was traveling with a suitcase and two extra bags. <br/>The lack of a dining table became a pain, the stairs in the building are dangerous as they were spiral, so mind your footing if you've got big feet.<br/>Also freezer space is limited. So don't buy a lot of frozen food.<br/>Oh and the reason I said it was a bit unsafe was because there was a literal hole in the passageway wall!!! I was so close to leaving once I saw that because I was honestly quite rattled.<br/>Anyways, the projector was nice but the sound from the speakers were off/lagged at times. Mind your head when you sit down on the sofa, as I probably banged my head a total of 9 times (lol) as the sofa is located undeath kitchen counter.<br/>The Tv was good. I watched Netflix most of the time, but it did lag and shut down on me a couple of times.<br/>Overall, decent stay."}, {"name": "Kareem", "date": "2022-02-28", "review": "Pretty nice place to stay with quick direct access to major transit lines and only 15mins or less from the city center. Quiet neighborhood as well. Gwilym is cool and responsive."}, {"name": "Eugenio", "date": "2022-08-30", "review": "I stayed in Gwilym\u2019s flat for 2 months. It\u2019s a comfortable, cozy, safe place in a quiet neighborhood. The building\u2019s other residents were friendly. <br/>Two lines of the Underground stop at a nearby station making it easy to get to other parts of the city. There are plenty of grocery stores within walking distance. Lively Brixton is nearby, about a 15 minute walk, or a short bus ride, or even shorter on a bike. <br/>Gwilym was responsive and also very accommodating when I needed to extend my stay. <br/>A good experience, I\u2019d stay here again."}, {"name": "William", "date": "2022-12-15", "review": "Excellent space with great facilities and exactly as advertised, thanks!!"}, {"name": "Simon & Bernard", "date": "2023-06-28", "review": "Staying here made us think we may want to live in London again. Felt like we'd found a new home with lovely leafy views from all the windows with iconic skyscrapers in the far distance.  Nearby local streets just beautiful.  Wider area a mixed bag but all the better for it. Crown & Anchor became our local for a week; Great food, beers and chatty staff. Great location to reach city centre and further south. Great decor and furniture with seemingly endless TV steaming choices and WiFi had excellent speeds. As has been mentioned, access up windy stairs through neighbours clutter may be a challenge for some but worth it to reach the apartment \ud83d\ude0d"}, {"name": "Catherine", "date": "2023-07-03", "review": "Appartement conforme \u00e0 la description et aux photos. Situation id\u00e9ale dans un quartier calme \u00e0 5 minutes du m\u00e9tro. Excellent contact avec Gwilyn qui est tr\u00e8s r\u00e9actif. Je recommande."}]}