{"id": 49580349, "listing_url": "https://www.airbnb.com/rooms/49580349", "name": "Modern Cozy Room, Double, High speed WiFi, Views", "description": "Cozy, modern new build 2bd flat, bright living room, very quiet. Private bedroom for yourself and rest of the flat shared with me.<br />Alperton tube station Piccadilly line 5-8mim walk, takes 20 minutes to central London and Heathrow airport.<br />30min walk to Wembley stadium.<br />The Bedroom is 15 sqm (160ft2).<br />Nespresso coffee machine and kitchen with all amenities.<br />WiFi high speed fibre.<br />TV with Netflix.<br />Many buses within minutes walk distance. Overground train to Euston/st.Pancras 15 min walk.<br /><br /><b>The space</b><br />The flat is on the 4th floor with 3 doors secure entrance, building has an elevator, 1 double bedroom, a big bathroom with bath , large mirror and very good water pressure.<br />Large living area with a modern kitchen.<br />Bathroom/kitchen/living room are shared and cleaned regularly.<br />NESPRESSO COFFEE machine.<br />Modern mechanical ventilation system throughout the apartment.<br />Balcony/patio with chairs.<br />Shared residents g", "host_name": "Anibal", "host_id": 8958120, "host_url": "https://www.airbnb.com/users/show/8958120", "host_picture_url": "https://a0.muscache.com/im/pictures/user/7aef82bf-c25c-4578-8527-ae70f7d6274e.jpg?aki_policy=profile_x_medium", "neighbourhood_cleansed": "Brent", "latitude": 51.53958, "longitude": -0.29182, "property_type": "Private room in condo", "room_type": "Private room", "accommodates": 1.0, "bathrooms": 1.0, "bedrooms": 1, "beds": 1, "amenities": ["Extra pillows and blankets", "First aid kit", "Hair dryer", "Wine glasses", "Dining table", "Private entrance", "Hangers", "Cleaning products", "Rice maker", "Dishes and silverware", "Paid parking garage on premises", "Essentials", "Luggage dropoff allowed", "Fast wifi \u2013 148 Mbps", "Various conditioner", "Baking sheet", "Cooking basics", "Outdoor furniture", "Bed linens", "Clothing storage", "EV charger", "Carbon monoxide alarm", "Bathtub", "Shower gel", "Heating", "Coffee maker", "43\\ HDTV with Amazon Prime Video", "Apple TV", "standard cable", "Netflix", "premium cable", "Chromecast", "Various A brands  body soap", "Hot water kettle", "Microwave", "Refrigerator", "Shared fenced garden or backyard", "Room-darkening shades", "Outdoor dining area", "Private patio or balcony", "Iron", "Varies shampoo", "Kitchen", "Drying rack for clothing", "Stove", "Toaster", "Dedicated workspace", "Hot water", "Elevator", "Smoke alarm", "Zanussi stainless steel oven", "Free washer \u2013 In unit", "Ethernet connection", "Paid dryer \u2013 In unit", "Nespresso machine", "Cable TV", "Freezer"], "price": 46.0, "numbers_of_review": 16.0, "review_scores_rating": 5.0, "reviews": [{"name": "Ruann", "date": "2021-06-17", "review": "Anibal was a great host. He was not only kind but also very helpful. Loved the stay in the modern apartment. Location fabulous and would definitely return when the opportunity arises :-)"}, {"name": "Grace", "date": "2021-07-18", "review": "Fab host, stunning apartment with great views. Very clean and comfortable flat."}, {"name": "Leung", "date": "2021-08-18", "review": "It is an excellent house I ever stayed before. The house is really clean and nice with electronics ready to support the daily use. The location is near Wembley outlet (30mins walk) and tube station (10-15mins walk), it is fine for travel with tube and bus. <br/>During the online booking, Anibal provided a great support on communication about house and handover arrangement to fit my flight schedule. He  welcomed us at home in person with clear and details introduction of the facilities about the house. He is really helpful to give advice when I got some questions during the stay period. <br/>It is really a wonderful experience to stay there for London visit!"}, {"name": "Charity", "date": "2021-08-29", "review": "The place was great, communication with the host was great. Absolutely no complaints."}, {"name": "Shoko", "date": "2021-09-17", "review": "Anibal is such a amazing host.<br/>This is first time to come and move in London, so I worried about many things. But he replied quickly and did what I asked. I really appreciate it.<br/>I stayed this house for about 2weeks and first 10days was self isolation.<br/>There are huge kitchen, nice balcony and clean bathroom. So I relaxed and enjoyed every day including self isolation.<br/>In addition, this apartment has quite high security and beautiful garden.<br/>If I have a chance, I really want to stay here again!"}, {"name": "Matthew", "date": "2021-10-02", "review": "Anibal was a great host: the apartment is spacious, it\u2019s got great lighting / wonderful to work from, and it\u2019s also on the Piccadilly line in. Anibal also helped me out when my flight was pushed to the next day by giving me an air mattress and a place to stay. Can\u2019t recommend Anibal\u2019s place enough"}, {"name": "Nalinee", "date": "2021-10-14", "review": "Anibal was an amazing host. He was so kind, helpful and supportive. I had a really nice stay at his beautiful flat and would highly recommend it to anyone looking for a clean and comfortable place to stay. Super grateful that I chose this place!!"}, {"name": "Moriba", "date": "2021-10-31", "review": "Honestly the best host I\u2019ve stayed at. No complaints at all."}, {"name": "Sofia", "date": "2021-11-15", "review": "Anibal is one of the most tidy, calm, caring, conscious people I've ever met. I loved to spend two weeks in his beautiful and tastefully furnished, modern, bright and comfy apartment, that is made perfectly for working from home, and made me feel at home from the moment I arrived."}, {"name": "Laura", "date": "2021-12-13", "review": "No complaints. Stylish, clean apartment in greater london. <br/>Use of kitchen & living space & laundry facilities. Felt like a safer part of london, very secure building. & not too far of a walk from the tube!"}]}