{"id": 50126329, "listing_url": "https://www.airbnb.com/rooms/50126329", "name": "a historical vicarage apartment in east london", "description": NaN, "host_name": "Amethy", "host_id": 384372185, "host_url": "https://www.airbnb.com/users/show/384372185", "host_picture_url": "https://a0.muscache.com/im/pictures/user/34f4ffd0-ab2d-420f-9f55-7f7018b58b5b.jpg?aki_policy=profile_x_medium", "neighbourhood_cleansed": "Islington", "latitude": 51.54998, "longitude": -0.08062, "property_type": "Entire rental unit", "room_type": "Entire home/apt", "accommodates": 2.0, "bathrooms": 1.0, "bedrooms": 1, "beds": 1, "amenities": ["Essentials", "Wifi", "First aid kit", "Hot water", "Washer", "Dedicated workspace", "Shampoo", "Backyard", "Smoke alarm", "Hair dryer", "Iron", "Carbon monoxide alarm", "Hangers", "Kitchen", "Heating"], "price": 139.0, "numbers_of_review": 2, "review_scores_rating": 5.0, "reviews": [{"name": "Tarik", "date": "2021-06-16", "review": "Minutes away from Gilett Square( the Nexus of London culture), nestled in the leafy streets of Mildmay, you have vibrant Dalston for your nightlife and international dining needs on one side and Newington Green for your pricey sourdough breads and craft beers to the other.<br/>Tastefully furnished and the fact that it's in a vicarage gives the whole place a fairytale vibe.<br/>Highly recommended for out of towners who want a taste of the best London has to offer."}, {"name": "Matthieu", "date": "2021-09-20", "review": "Loved the place ! It\u2019s quirky, old, and I could feel the good energy :)"}]}