{"id": 50251241, "listing_url": "https://www.airbnb.com/rooms/50251241", "name": "LOVELY CHELSEA APARTMENT IN QUIET NEIGHBOURHOOD", "description": "\"Hi Welcome - Our beautiful Centrally located London home is set in one of the smartest neighbourhoods in the city, with exquisite interiors .<br /><br />The ground floor apartment is tastefully furnished and offers discerning guests a beautiful home where they can relax and enjoy their stay, surrounded by comfort and modern conveniences.<br />The home is in a quiet neighbourhood yet close to the bustle and fun of quality shopping, entertainment and the main tourist attractions of London<br /><br /><b>The space</b><br />\"Hi Welcome - Our beautiful centrally located London home is set in one of the smartest neighbourhoods in the city, with exquisite interiors. <br /><br />The ground floor apartment is tastefully furnished and offers discerning guests a beautiful home where they can relax and enjoy their stay, surrounded by comfort and modern conveniences.<br /><br /> The home is set in the centre of town in a quiet neighbourhood yet close to the bustle and fun of quality shopping, enter", "host_name": "Robert - Great Place To Stay", "host_id": 23176511, "host_url": "https://www.airbnb.com/users/show/23176511", "host_picture_url": "https://a0.muscache.com/im/users/23176511/profile_pic/1428274964/original.jpg?aki_policy=profile_x_medium", "neighbourhood_cleansed": "Kensington and Chelsea", "latitude": 51.48702, "longitude": -0.18635, "property_type": "Entire condo", "room_type": "Entire home/apt", "accommodates": 2.0, "bathrooms": 1.0, "bedrooms": 1, "beds": 1, "amenities": ["Extra pillows and blankets", "First aid kit", "Oven", "Fire extinguisher", "Hair dryer", "Wine glasses", "Dining table", "Hangers", "Cleaning products", "Essentials", "Shampoo", "Cooking basics", "Bed linens", "Clothing storage: dresser and closet", "Carbon monoxide alarm", "Shower gel", "Bathtub", "Heating", "Wifi", "Free dryer \u2013 In unit", "Long term stays allowed", "TV", "Hot water kettle", "Refrigerator", "Iron", "Kitchen", "Nivea body soap", "Hot water", "Smoke alarm", "Free washer \u2013 In unit", "Tresome conditioner"], "price": 350.0, "numbers_of_review": 5, "review_scores_rating": 5.0, "reviews": [{"name": "Sam", "date": "2021-11-01", "review": "Robert was very helpful and welcoming. thank you for a lovely stay"}, {"name": "Alannah", "date": "2021-12-14", "review": "A wonderful apartment in a great location! Robert was very helpful and easy to reach. Thank you!"}, {"name": "Matt", "date": "2022-05-29", "review": "Accurate , cozy and.<br/> comfortable flat in Chelsea. We had everything we needed to enjoy our stay . Robert was very responsive, informative and friendly."}, {"name": "Yvonne", "date": "2022-06-20", "review": "Very English apartment, from the decor to full carpet over living room and bedroom. Spotless clean. Robert is a handsome and kind British gentleman, he send Grace to check me in. Grace is very kind as well and she bought essentials (milk/ eggs/ bread/ biscuits/ even butter!). <br/>The flat is 15walk from Earl's Court station. There is a few bus stops around but I never need to take the bus. This is a great place to stay."}, {"name": "Avery", "date": "2023-10-21", "review": "Everything about the apartment was just what we were looking for. It is in a perfect location--great neighborhood, easy access to the Tube, good restaurants, lots of amenities like grocery stores. We will definitely rent it again."}]}