{"id": 50344726, "listing_url": "https://www.airbnb.com/rooms/50344726", "name": "Large  and Luxury Ensuite Bedroom ,2min from tube", "description": "- This ensuite bedroom has a private shower and toilet. It also has a very large bed with storage drawers under the bed, large wardrobe with mirrors, makeup table and mirror, bedside table with drawers and chest of drawers. <br />- Everything newly built couple of years ago<br />- In the entrance there is a utility room with washing machine and dryer.<br />- Kitchen is shared<br />- Perfect for single travellers or professionals. <br />- Central heating, Wi-Fi , bills are included. Long stays welcome.<br /><br /><b>The space</b><br />Flat is situated on the top floor of the building with a lift right from the bottom floor entrance door (no stairs needed to access lift). Entrance to the flat is separated with large corridor, utility rooms on the front with the washing machine and dryer.<br /><br /><b>Guest access</b><br />- West Ruislip tube station is 2min walk (timed exactly) and bus stop is opposite the station. This is the last stop on the central line that connects you to everywher", "host_name": "Mariam", "host_id": 257752592, "host_url": "https://www.airbnb.com/users/show/257752592", "host_picture_url": "https://a0.muscache.com/im/pictures/user/00e4ad84-5ab3-43ee-8f04-fd7d29364766.jpg?aki_policy=profile_x_medium", "neighbourhood_cleansed": "Hillingdon", "latitude": 51.568565, "longitude": -0.438861, "property_type": "Private room in rental unit", "room_type": "Private room", "accommodates": 1.0, "bathrooms": 1.5, "bedrooms": 1, "beds": 1, "amenities": ["Extra pillows and blankets", "Hair dryer", "Wine glasses", "Dining table", "Cleaning products", "Dishes and silverware", "Essentials", "Stainless steel oven", "Free street parking", "Cooking basics", "Bed linens", "Clothing storage: dresser and closet", "Central heating", "Wifi", "Coffee maker", "Free dryer \u2013 In unit", "Dishwasher", "Hot water kettle", "Microwave", "Room-darkening shades", "Iron", "Body soap", "Kitchen", "Toaster", "Dedicated workspace", "Hot water", "Washer", "Elevator", "Smoke alarm", "Zanusi refrigerator", "Laundromat nearby", "High chair", "Freezer"], "price": 68.0, "numbers_of_review": 6, "review_scores_rating": 5.0, "reviews": [{"name": "Brian", "date": "2021-11-22", "review": "Clean warm and in a great transport location. Mariam is a very welcoming and friendly host who is always happy to help if you need anything"}, {"name": "Alissa", "date": "2022-05-21", "review": "Mariam is the most wonderful host you can wish for"}, {"name": "Antoniu", "date": "2022-06-27", "review": "The room was exactly what is was displayed  online - bright, clean, tidy, private bathroom was provided which was also very clean. Communication was clear and directions for the house made it easy to find.  Mariam was  very friendly and made me feel like at home  I definitely recommend."}, {"name": "Mike", "date": "2023-03-21", "review": "The ensuite room was clean & comfortable, clear instructions for amenities. It just takes within a minute to tube station (central line) & shops. <br/>Mariam is a friendly & very welcoming, we would definitely stay there again if we visit there. It was a great experience to stay for a week!"}, {"name": "Paul", "date": "2023-05-20", "review": "Mariam was the perfect host and never intruded on us during our stay .<br/>She was always available if we needed to ask her anything .<br/>The bed and bedding was very comfortable and the bathroom really nice with a particularly great shower cubicle . ( strong shower water flow ) .<br/>All in all , a most enjoyable 3 days staying at Miriam's .<br/>Will definitely return at some stage .<br/>Thank you - Paul & Lynne Docherty ."}, {"name": "Silvia", "date": "2023-06-24", "review": "Very nice, well tended, clean, cosy house. Mariam is very kind and friendly, a great host. I was in town for a course, the location was 15 minutes walking, but whenever I wanted to reach central london I could easely go by underground, central line 5 minutes and piccadilly 12 minutes walking. I felt like home."}]}