{
    "id": 50472078,
    "listing_url": "https://www.airbnb.com/rooms/50472078",
    "name": "Large 2 bed apartment on quiet street in Dalston",
    "description": "The apartment is split over 2 floors in a high ceilinged Victorian terraced house on a quiet residential street. There are 2 bedrooms, both are spacious and have en-suite bathrooms. The space downstairs is open-plan, has been recently refurbished and is stylishly decorated with modern, Scandinavian-style finishes. There is a large, leafy garden with a sunny patio.",
    "host_name": "Olivia",
    "host_id": 6729282,
    "host_url": "https://www.airbnb.com/users/show/6729282",
    "host_picture_url": "https://a0.muscache.com/im/pictures/user/14dea453-3553-49c4-8b26-ec4b1c1233ae.jpg?aki_policy=profile_x_medium",
    "neighbourhood_cleansed": "Hackney",
    "latitude": 51.54967,
    "longitude": -0.0733,
    "property_type": "Entire rental unit",
    "room_type": "Entire home/apt",
    "accommodates": 4.0,
    "bathrooms": 2.5,
    "beds": 2,
    "price": 250.0,
    "numbers_of_review": 1,
    "review_scores_rating": 5.0,
    "reviews": [
        {
            "name": "Priya",
            "date": "2021-08-01",
            "review": "Such a beautiful, stylish place in a great location - perfect for our girls weekend!"
        }
    ]
}