{"id": 50670775, "listing_url": "https://www.airbnb.com/rooms/50670775", "name": "Modern 1 Bed Flat Free parking on premises", "description": "Lovely new built spacious 1 bed flat 12 min walk to Sidcup station with fast links to London", "host_name": "Kerime", "host_id": 286068611, "host_url": "https://www.airbnb.com/users/show/286068611", "host_picture_url": "https://a0.muscache.com/im/pictures/user/160682cf-b8fe-43ae-ac25-16ee7f7bb0aa.jpg?aki_policy=profile_x_medium", "neighbourhood_cleansed": "Bexley", "latitude": 51.42696, "longitude": 0.10885, "property_type": "Entire condo", "room_type": "Entire home/apt", "accommodates": 2.0, "bathrooms": 1.0, "bedrooms": 1, "beds": 1, "amenities": ["Hot water", "Washer", "Free parking on premises", "Long term stays allowed", "TV", "Smoke alarm", "Hair dryer", "Iron", "Bathtub", "Hangers", "Carbon monoxide alarm", "Central heating", "Kitchen", "Wifi", "Dishes and silverware", "Free dryer"], "price": 60.0, "numbers_of_review": 4, "review_scores_rating": 5.0, "reviews": [{"name": "Daniel", "date": "2021-09-02", "review": "Very modern. Very clean. Excellent host. Great communication. Everything you would need for your stay is there. Great value and location. Would definitely stay again and recommend to anyone."}, {"name": "Michelle", "date": "2021-09-11", "review": "Spacious apartment which was bigger than it looked in the photos.  Tastefully decorated and came with everything we needed.  We had a car as we were visiting family and often ours was the only car in the accommodation carpark.  Great location with a 5 min walk to the many shops on the high street and a 15 min walk to Sidcup train station."}, {"name": "Ying Hong", "date": "2021-10-23", "review": "We enjoyed our 3 weeks long stays in this spacious flat. We can easily walk to the Sidcup high street and there is a large Morrisons supermarket. She is a perfect host with fast response. I would recommend this places for everyone."}, {"name": "Livia", "date": "2022-03-19", "review": "Kerime\u2019s flat is superb, cozy and she is extremely responsive and kind. We\u2019ve been there for over 1 month and we highly recommend it."}]}