{
    "id": 50801842,
    "listing_url": "https://www.airbnb.com/rooms/50801842",
    "name": "Lovely Ground floor flat in Stratford-London",
    "description": "Lovely ground flat in Stratford<br /><br /><b>The space</b><br />Looking for stay in London  ?<br />Flat for short let in Stratford, good located, westfield shopping centre 23min..<br />close to Tesco , Morrison shopping, restaurants and banks only 15 min walking   distance, bus links into the city..<br />The flat is modern style,<br />which includes 1 bedroom, large living room 1 bathroom ...<br />Fibre Optic Broadband is provided as standard, many TV chanells ..<br />Any questions please pm ..<br /><br /><b>Guest access</b><br />Key is in security box<br /><br /><b>Other things to note</b><br />Only Mobil kitchen- electric pod pan, no washing machine in the flat",
    "host_name": "Romas",
    "host_id": 111096049,
    "host_url": "https://www.airbnb.com/users/show/111096049",
    "host_picture_url": "https://a0.muscache.com/im/pictures/user/7605aa0d-0e9f-42ee-a683-970c9f797761.jpg?aki_policy=profile_x_medium",
    "neighbourhood_cleansed": "Newham",
    "latitude": 51.5426,
    "longitude": 0.0128,
    "property_type": "Entire rental unit",
    "room_type": "Entire home/apt",
    "accommodates": 2.0,
    "bathrooms": 1.5,
    "beds": 1,
    "price": 89.0,
    "numbers_of_review": 24.0,
    "review_scores_rating": 4.5,
    "reviews": [
        {
            "name": "Alexandra",
            "date": "2021-07-31",
            "review": "I love it here this apartment is exactly my style and the design is so nice, fresh and modern. I love the lights, the colors and the painiting in the living room. It s so so cozy, amd big,I had a great time here and when I ll come back to London I ll definitely stay here and tell my friends about this gorgeous place!\u263a\ufe0f\ud83e\udd17"
        },
        {
            "name": "Don",
            "date": "2021-08-29",
            "review": "Great host, great communication would highly recommend Roman and staying here."
        },
        {
            "name": "Zhizhou",
            "date": "2021-09-18",
            "review": "\u623f\u95f4\u8212\u670d"
        },
        {
            "name": "Falak",
            "date": "2021-10-21",
            "review": "Good place \ud83d\udc4d"
        },
        {
            "name": "Ross",
            "date": "2021-10-24",
            "review": "Great host! Nice clean living space!"
        },
        {
            "name": "Adelina",
            "date": "2021-11-01",
            "review": "The Apartment was really clean and accurate to the pictures on the profile. Really big and good furnishing. Only thing that wasn\u2019t as expected was that there are no windows and that the apartment was in the basement + the fire alarm just went on at night. However I had a really nice and comfortable stay. :)"
        },
        {
            "name": "Er",
            "date": "2021-11-07",
            "review": "Very nice landlord, easy to communicate and friendly."
        },
        {
            "name": "Imran",
            "date": "2021-11-13",
            "review": "Very happy with all aspects of this stay. Great place, great host. Highly recommend"
        },
        {
            "name": "Axintoaei",
            "date": "2021-11-20",
            "review": "it was clean, and a great place to stay. i enjoy my time there!"
        },
        {
            "name": "Emma",
            "date": "2021-11-28",
            "review": "Romas was very accommodating and patient, even when I messaged him the evening of our check-in struggling to find the correct front door! Really good value for London. Noise insulation wasn't ideal with the upstairs flat - very thin walls/sound travelled far - but that's not uncommon with London flat. Overall, I would recommend."
        }
    ]
}