{"id": 51134583, "listing_url": "https://www.airbnb.com/rooms/51134583", "name": "Clean double bedroom   in South Hampstead", "description": "10 minutes walk from the famous Abbey Road and 10 minute walk to Primrose Hill,20 min walk to Regent Park. Buses 113,13 takes you in 15 min to Oxford street. The flat is located on the third floor by stairs, no lift.<br /><br />Clean bright double guest bedroom.", "host_name": "Silvana", "host_id": 209335894, "host_url": "https://www.airbnb.com/users/show/209335894", "host_picture_url": "https://a0.muscache.com/im/pictures/user/4d08467d-7fc7-4837-b7ff-c4c9763bf2ea.jpg?aki_policy=profile_x_medium", "neighbourhood_cleansed": "Camden", "latitude": 51.5411, "longitude": -0.18204, "property_type": "Private room in rental unit", "room_type": "Private room", "accommodates": 1.0, "bathrooms": 1.0, "bedrooms": 1, "beds": null, "amenities": ["Essentials", "Wifi", "Long term stays allowed", "TV", "Host greets you", "Refrigerator", "Free washer", "Bed linens", "Hair dryer", "Heating", "Iron", "Hangers", "Cleaning products"], "price": 55.0, "numbers_of_review": 9, "review_scores_rating": 5.0, "reviews": [{"name": "Maria Do Carmo", "date": "2021-08-09", "review": "Simple and humble house but clean! Excellent host."}, {"name": "Kevin", "date": "2021-09-08", "review": "Silvana was incredibly friendly and accommodating, she helped make my trip to London a pleasant one."}, {"name": "\uc740\uc544", "date": "2022-03-05", "review": "She is attentive and kind. He asked me what I needed and guided me well. The location of the house is excellent and the room is clean. I stayed without any inconvenience, so I decided to stay for another week."}, {"name": "\uc740\uc544", "date": "2022-03-12", "review": "Everything is perfect."}, {"name": "Matthew", "date": "2022-04-14", "review": "Was absolutely wonderful as a host!"}, {"name": "Giulia", "date": "2022-04-19", "review": "I had a great stay at Silvanas Apartement. She was very kind and everything was super clean."}, {"name": "Rita", "date": "2022-06-12", "review": "The sweetest host, always made me feel like I was at home with a family member! Great location and great place and stay overall! Would totally recommend :)"}, {"name": "Lana", "date": "2023-03-12", "review": "Definitely five-star experience. <br/>Silvana is a super-hostess.<br/>Entire flat and the room itself is comfortable and tidy.<br/>I would definitely recommend the place to those who want to stay at a nice apartment in a peaceful part of Central London."}, {"name": "Anna", "date": "2023-03-27", "review": "Silvana was a great host: nice communication, friendly and helpful environment, I could feel like at home thanks to her<br/>Highly recommended to visit <br/>And definitely would love to come<br/>Back"}]}