{
    "id": 51496381,
    "listing_url": "https://www.airbnb.com/rooms/51496381",
    "name": "Large 200 SqM Townhouse- Near Imperial War Museum",
    "description": "Modern, fully equipped 4 level, 4 bedroomed adaptable living space - ideal for family groups & friends with space to breath. Accommodate up to 12 depending on mix. Outside Patio, Pet friendly, Car Parking, Wifi, 6 TVs, ADT alarm, 2 Entrances.<br />Central London location close to Parliament, The London Eye, Waterloo Station, West End & Theatre Land. Lambeth North tube, bus routes, restaurants & pubs within 5 mins walk. Imperial War Museum, Archbishops Park provide local outdoor sports & relaxation.<br /><br /><b>The space</b><br />Contemporary open plan living over 4 floors. <br />Access to both front doors & every floor via at least 5 steps per level.<br /><br />2nd Floor <br />1 x Master double or twin, triple glazed, air conditioning, seating area with 43\u201d TV, large wardrobe, and single sofa bed \u2013 private en-suite with separate shower & roll top bath - 25 sqm<br />1st Floor<br />1 x Large double or twin bedroom, triple glazed, air conditioning, seating area with 43\u201d TV, large wardro",
    "host_name": "David",
    "host_id": 261112794,
    "host_url": "https://www.airbnb.com/users/show/261112794",
    "host_picture_url": "https://a0.muscache.com/im/pictures/user/525fa36c-7379-461f-980c-a3fd974a2b00.jpg?aki_policy=profile_x_medium",
    "neighbourhood_cleansed": "Lambeth",
    "latitude": 51.501492,
    "longitude": -0.111408,
    "property_type": "Entire townhouse",
    "room_type": "Entire home/apt",
    "accommodates": 12.0,
    "bathrooms": 3.0,
    "beds": 8,
    "price": null,
    "numbers_of_review": 13.0,
    "review_scores_rating": 4.92,
    "reviews": [
        {
            "name": "Hendra",
            "date": "2022-04-15",
            "review": "David was a great host! Responded very quickly, and was very accommodating to our needs/requests.<br/>Check-in instructions were super detailed and helpful. <br/>The house newly renovate and we feel so lucky to stay as the first guest!<br/>The house very clean and well stocked.<br/>Perfect location, only 2 minute to bus stop and 6 minute to Lambeth North Station.<br/>Overall a wonderful place, we would stay here again easily!"
        },
        {
            "name": "Selena",
            "date": "2022-04-18",
            "review": "Beautiful new unit that\u2019s conveniently located; clean and quiet. Host went out of his way to check in on us often, gift us Easter eggs on Easter, and even informally offered breakfast!"
        },
        {
            "name": "Olivia",
            "date": "2022-04-24",
            "review": "We had the best time staying here and David was a phenomenal host with amazing communication and ensured we had such a lovely time. The house may even be better than the photos shown and that\u2019s really saying something. As a group of females we felt extremely safe and well looked after and can\u2019t wait to come back again soon! Highly highly recommend and thank you David for a great stay!"
        },
        {
            "name": "Liam",
            "date": "2022-05-04",
            "review": "David was a fantastic host.  Communication from the moment I booked was outstanding really liked the personal touch of a private web link with everything you needed for the stay and links to book anything and everything in London.  After a 6 hour drive down as we drove into the car park David was there to give us all the warmest of welcomes and take us to the house to familiarize us. He kept up communication all through the stay just checking on us and letting us know he was just round the corner if needed."
        },
        {
            "name": "Meshal",
            "date": "2022-05-20",
            "review": "A beautiful and spacious home that's ideal for any group of friends or family; the place was well-furnished and looked-after; and David was an exceptional host who made sure we had everything we needed and more. Highly recommended."
        },
        {
            "name": "Nithin",
            "date": "2022-05-25",
            "review": "Highly Highly recommend this place for anyone looking to stay in a modern, comfy home with large family! The place was spotlessly clean, the host was super friendly and super helpful with both our check in and check out process and went the extra mile to accommodate for some unexpected delays on our end. Superb experience and one of the best Airbnb\u2019s I\u2019ve stayed at"
        },
        {
            "name": "Erin",
            "date": "2022-05-30",
            "review": "Our stay at this property was fantastic! David is a lovely host! He communicated wonderfully and was very responsive and helpful. He gave us tips of things to do and since he lives next door he promptly brought us some extra pillows and blankets when we requested them. The location was great. For the most part we didn\u2019t bother with public transportation since our group was big and we enjoy walking through London. It was a nice 20-30 minute walk to many attractions and we felt very safe in the neighborhood. There is a great grocery store about a 3-5 minute walk from the house. The rooms and property were exactly as described. We would absolutely stay there again!"
        },
        {
            "name": "Youfu",
            "date": "2022-07-08",
            "review": "David was so nice and welcome. We had a lovely trip staying in his house. If I come to London in the future, I will choose to live in his house again."
        },
        {
            "name": "Kelly",
            "date": "2022-07-12",
            "review": "This townhouse was perfection for two families traveling to London on summer vacation, location couldn\u2019t have been better.  David was a such a great host and was waiting for us upon arrival.  He provided us great directions to navigate our way to the townhome from the train station.as well as helping us line  up cabs for departure.  The beds were very comfortable, bathrooms so well equipped with amenities, and the fold out futons were perfect for the kiddos.  <br/>One over the top touch was the welcome snacks and beverages.  This townhome is an absolute must for a home away from away, 5 stars all the way!"
        },
        {
            "name": "Jonah",
            "date": "2022-07-25",
            "review": "I cannot recommend David enough.  He has hands down been our favorite AirBnB host to date.  Great property."
        }
    ]
}