{
    "id": 51612265,
    "listing_url": "https://www.airbnb.com/rooms/51612265",
    "name": "Newly renovated duplex apartment with balcony",
    "description": "Kew Bridge Apartments By Charles Hope are a newly renovated collection of serviced apartments situated conveniently close to Kew Bridge Railway Station and the world famous Kew Gardens.  Weekly cleaning and Wi-Fi is included. So whether you are here on business and need easy access to Central London or to enjoy the nightlife of Chiswick and the stunning Kew Gardens then this collection of apartments are the perfect base from which to explore.<br /><br /><b>The space</b><br />Our two bedroom apartment features a double and a single room, one bathroom, a fully fitted kitchen and a balcony has been newly renovated with modern and luxurious materials.",
    "host_name": "Charles Hope",
    "host_id": 302722742,
    "host_url": "https://www.airbnb.com/users/show/302722742",
    "host_picture_url": "https://a0.muscache.com/im/pictures/user/2532cd3b-aff9-48c7-91c6-d8a112e281f4.jpg?aki_policy=profile_x_medium",
    "neighbourhood_cleansed": "Hounslow",
    "latitude": 51.49079,
    "longitude": -0.28538,
    "property_type": "Entire serviced apartment",
    "room_type": "Entire home/apt",
    "accommodates": 3.0,
    "bathrooms": 1.0,
    "beds": 1,
    "price": 306.0,
    "numbers_of_review": 1,
    "review_scores_rating": 5.0,
    "reviews": [
        {
            "name": "Elaine",
            "date": "2022-05-25",
            "review": "Spacious apartment. Clean and Well maintained. Pet friendly.  Stones throw from Kew Bridge Overground station, and lovely pubs along the Thames plus Kew Gardens. The only downside to this apartment for me was it is very close to the train tracks and you can hear the trains rumbling past every 15 minutes. It is also about 100m from Brentford football stadium, which is perfect for fans visiting for games, but wasn't pleasant for me to hear the usual drama and ruckus that ensues after football matches. I popped my earplugs in which drowned out the noise. For the four days we stayed there, it did a good job."
        }
    ]
}