{"id": 51629709, "listing_url": "https://www.airbnb.com/rooms/51629709", "name": "***LOVELY STUDIO FLAT-10 MINS TO OXFORD STREET S10", "description": "Located in London, London Queen's Park Apartment provides accommodation with a flat-screen TV. Free WiFi is provided.The units have a fully equipped kitchenette with an oven and a microwave. There is also a toaster, fridge and a kettle.Private bathroom.Iron and  Facilities   Fan  Heating  Private entrance  Hardwood/Parquet floors  Wardrobe/Closet  Cleaning products  Drying rack for clothing  Sofa bed  Hairdryer  Free toiletries  Kitchenette  Refrigerator Microwave  \u2022 Electric kettle  Towels<br /><br /><b>The space</b><br />All Triple en-suites have a comfortable double bed, one single sofa bed,kitchenette, flat screen TV and tea and coffee making facilities.  Private bathroom   Flat-screen TV<br />\u2022 Hairdryer  \u2022 Iron  \u2022 Kitchenette  \u2022 Refrigerator  \u2022 Ironing Facilities  \u2022 Free toiletries  \u2022 Fan  \u2022 Toilet  \u2022 Microwave  \u2022 Heating  \u2022 Satellite Channels  \u2022 Bath or Shower  \u2022 Private entrance  \u2022 Hardwood/Parquet floors  \u2022 Electric kettle  \u2022 Kitchenware  \u2022 Wardrobe/Closet  \u2022 Oven  \u2022 Toaster  ", "host_name": "Adam John", "host_id": 173635808, "host_url": "https://www.airbnb.com/users/show/173635808", "host_picture_url": "https://a0.muscache.com/im/pictures/user/574fc149-bcae-411d-8455-90004f5f9529.jpg?aki_policy=profile_x_medium", "neighbourhood_cleansed": "Brent", "latitude": 51.535149, "longitude": -0.20119, "property_type": "Entire condo", "room_type": "Entire home/apt", "accommodates": 3.0, "bathrooms": 1.0, "bedrooms": 1, "beds": 2, "amenities": ["Hair dryer", "Private entrance", "Hangers", "Crib", "Dishes and silverware", "Essentials", "Shampoo", "Cooking basics", "Bed linens", "Wifi", "Heating", "Long term stays allowed", "Pack \u2019n play/Travel crib", "TV", "Host greets you", "Microwave", "Refrigerator", "Room-darkening shades", "Iron", "Kitchen", "Security cameras on property", "Dedicated workspace", "Smoke alarm", "Ethernet connection", "Pocket wifi"], "price": 115.0, "numbers_of_review": 8, "review_scores_rating": 3.67, "reviews": [{"name": "Rahul", "date": "2021-12-20", "review": "Adam is a great caretaker - he made sure we were comfortable and had everything we needed for a great stay"}, {"name": "Atanas", "date": "2022-01-17", "review": "Great place and amazing service. The stuff is fabulous and very helpful.<br/> Thank you"}, {"name": "Anurag", "date": "2022-01-30", "review": "It is expensive."}, {"name": "Anastasia", "date": "2022-03-21", "review": "The apartment location was very convenient . It is located less than 5 minutes from Queen's Park underground station. It has many restaurants and stores near it. The apartment itself was a bit smaller than we thought, but for a short stay with a couple of friends it was enough. Overall, the place was nice and cosy and we enjoyed our stay there."}, {"name": "Akihiro", "date": "2022-03-28", "review": "It was old and very small than expected."}, {"name": "Tina", "date": "2022-04-15", "review": "All in all it was ok! <br/>Unfortunately, it is very noisy because there are lots of rooms in the house, also the room we booked for three people was way too small - if you're not really (!) comfortable with each other, don't book it! <br/>The sleeping opportunity for the third person is pretty uncomfortable as well. It would be nice to have something to put the wet towels as well, the furniture is also not the finest. <br/>We think that it is too expensive for what you get, but to put that in perspective: housing in London is generally really expensive.<br/>We never met the manager, but the cleaning lady, who welcomed us, was very friendly! <br/>Also Queen Park is pretty near to the city centre, which was cool!"}, {"name": "Freya", "date": "2022-12-09", "review": "3 of us stayed here for 1 night and could have easily done another one. nice place super easy to find and so close to tube station. place was clean and host gave easy instructions"}, {"name": "Louis", "date": "2023-04-06", "review": "Perfect for a single man but as a woman I would feel unsafe here - front door to the house is often open and when closed is only secured by a rickety metal code lock, the type used inside office buildings. Building itself was quite dirty and worn down but inside the room was as described. I did ask for extra towels and sheets which I didn\u2019t receive. Bathroom had exposed pipes and the vent didn\u2019t work. I have rated the stay highly as for me none of these things were much of an issue, but if you were staying here with children or as a single woman I would not recommend as it didn\u2019t feel particularly safe."}]}