{
    "id": 51637081,
    "listing_url": "https://www.airbnb.com/rooms/51637081",
    "name": "Cosy Flat in Fulham",
    "description": "This sizeable flat based across three floors is suitable for anyone wanting to experience South West London. We are in the process of making our flat as homey and comfortable as possible.<br /><br /><b>The space</b><br />This maisonette flat is across three floors with a lovely roof terrace. The building is old and full of charm - from the fireplace in the sitting room to the rustic wooden floors. There is a fairly spacious sitting room, kitchen with adjoining roof terrace, three bedrooms available to the listing, and two bathrooms and an additional loo.<br /><br /><b>Guest access</b><br />Everything can be accessed aside from 2 other bedrooms which will be locked throughout the stay. We can open up another bedroom if you were interested in additional guests for an additional fee.",
    "host_name": "Emma",
    "host_id": 349645496,
    "host_url": "https://www.airbnb.com/users/show/349645496",
    "host_picture_url": "https://a0.muscache.com/im/pictures/user/722d57b3-0f55-4e1c-a779-5e9521f071e5.jpg?aki_policy=profile_x_medium",
    "neighbourhood_cleansed": "Hammersmith and Fulham",
    "latitude": 51.47552,
    "longitude": -0.19965,
    "property_type": "Entire rental unit",
    "room_type": "Entire home/apt",
    "accommodates": 4.0,
    "bathrooms": 2.5,
    "beds": 3,
    "price": 357.0,
    "numbers_of_review": 10,
    "review_scores_rating": 4.67,
    "reviews": [
        {
            "name": "Jennifer",
            "date": "2021-12-27",
            "review": "Thank you so much Emma for a lovely stay and all of your flexibility. Highly recommend!"
        },
        {
            "name": "Rafael",
            "date": "2022-04-16",
            "review": "Super recomendable!!!"
        },
        {
            "name": "David",
            "date": "2022-04-23",
            "review": "Great location and very comfy flat.  It's not modernised but has all you need.   So close to the tube and the White Horse pub and all Parsons Green has to offer."
        },
        {
            "name": "Bj\u00f6rn",
            "date": "2022-05-16",
            "review": "Bra l\u00e4ge men tr\u00e5kigt med inflygningen till Heathrow Igenom sovrummen !!! Mellan 05:30 till 11:00 p\u00e5 kv\u00e4llen\ud83e\udd28."
        },
        {
            "name": "Sandrine",
            "date": "2022-06-06",
            "review": "Great location for shops and a very homely property."
        },
        {
            "name": "Christy",
            "date": "2022-06-25",
            "review": "We highly recommend this most charming and spacious flat! The location is perfect! There\u2019s a great pub around the corner, so many restaurants and markets, two parks and the tube all within walking distance. We loved opening the doors to the back patio for morning tea and drinks at night. Emma was such a sweet host and so accommodating and opened a third bedroom for us which was so lovely. We traveled with two of our adult children so it was ideal to have our own spaces. We would love to return to London and would choose this flat again."
        },
        {
            "name": "Frode",
            "date": "2022-07-01",
            "review": "You can expect a serviminded and flexibel hoste<br/>The location is ideal for Wimbledon tennis"
        },
        {
            "name": "Sheryl & Bill",
            "date": "2022-07-17",
            "review": "Emma\u2019s apartment was a perfect home for us whilst in London.  Everything is there, bed are comfortable,  rooms light and bright and we loved using the terrace.   Lovely neighbourhood with supermarkets, pubs, cafes and restaurants within 5 minutes walk.  Check in was easy and Emma is a very helpful host."
        },
        {
            "name": "Emilio",
            "date": "2022-08-04",
            "review": "This is a great location, with a charming large apartment and a super host!"
        },
        {
            "name": "Jeff",
            "date": "2022-10-10",
            "review": "Great host! Excellent communication. Would definitely stay here again."
        }
    ]
}