{"id": 52121171, "listing_url": "https://www.airbnb.com/rooms/52121171", "name": "Stylish & Spacious 2 BR Penthouse in Spitalfields", "description": "Stay in our beautiful penthouse apartment on top of Spitalfields Market. Less than 5 minutes walk from Liverpool Street Station and the restaurants and bars of Hoxton, Shoreditch & Brick Lane. <br /><br />Furnished to very high standard with 50\" 4K Sony TV (Netflix, Prime) & Soundbar. <br /><br />Fully fitted kitchen (+ Nespresso) & dining table and chairs to seat 6. <br /><br />Long balcony w outdoor seating. <br /><br />1 large bedroom - double bed, 42\" TV & Yoga Space. <br /><br />1 bedroom - double bed, TV. <br /><br />Bathroom with bath and shower.<br /><br /><b>The space</b><br />An oasis of contemporary luxury for 2-4 people. <br /><br />1200 square feet Penthouse with elevator access.<br /><br />Huge open plan living room and kitchen flooded with natural light, with windows leading onto a sizeable balcony which overlooks Spitalfields Market.<br /><br />The Living Room has a 50 inch Sony TV and soundbar, one large corner sofa with chaise longue and two leather arm chairs with fo", "host_name": "Cynan", "host_id": 3749546, "host_url": "https://www.airbnb.com/users/show/3749546", "host_picture_url": "https://a0.muscache.com/im/users/3749546/profile_pic/1379337119/original.jpg?aki_policy=profile_x_medium", "neighbourhood_cleansed": "City of London", "latitude": 51.52117, "longitude": -0.07889, "property_type": "Entire condo", "room_type": "Entire home/apt", "accommodates": 4.0, "bathrooms": 1.0, "bedrooms": 2, "beds": 2, "amenities": ["First aid kit", "Fire extinguisher", "Hair dryer", "Wine glasses", "Dining table", "Cleaning products", "Dishes and silverware", "Essentials", "Stainless steel oven", "Shampoo", "Baking sheet", "Cooking basics", "Single level home", "Bed linens", "Dryer \u2013\u00a0In unit", "Carbon monoxide alarm", "Bathtub", "Shower gel", "Trash compactor", "Central heating", "Coffee maker", "Dishwasher", "Hot water kettle", "Microwave", "Portable fans", "Sony Bluetooth sound system", "Game console: PS4", "Room-darkening shades", "Refrigerator", "HDTV with Amazon Prime Video", "Netflix", "Private patio or balcony", "Iron", "Body soap", "Drying rack for clothing", "Kitchen", "Toaster", "Fast wifi \u2013 601 Mbps", "Conditioner", "Dedicated workspace", "Hot water", "Board games", "Elevator", "Smoke alarm", "Free washer \u2013 In unit", "Lockbox", "Nespresso machine", "Outdoor furniture", "Freezer"], "price": 195.0, "numbers_of_review": 26.0, "review_scores_rating": 4.77, "reviews": [{"name": "Lucy", "date": "2021-09-26", "review": "We had a wonderful weekend staying at Cynan\u2019s apparent! It\u2019s an amazing flat is a brilliant location!! The apartment is beautifully furnished and comfortable."}, {"name": "Espen", "date": "2021-11-01", "review": "Great location, great host."}, {"name": "Patrick", "date": "2021-11-07", "review": "Really enjoyable stay, and an ideal location. Everything was exactly as described. And Cynan and Sarah were very accommodating. Would highly recommend!"}, {"name": "Brendan", "date": "2021-11-14", "review": "Amazing place and amazing host . Great location and greet apartment quiet but so close to everything you need . Great host and all the little touches amazing . Great and clean and so comfy"}, {"name": "J\u00e9r\u00e9my", "date": "2021-11-21", "review": "Cynan's place is really well situated, the apartment is beautiful.<br/>Everything was perfectly described and explained.<br/>We definitely enjoyed the stay \ud83c\udf89"}, {"name": "Andy", "date": "2021-12-05", "review": "The place is fantastic, great value and an amazing location. We will be back again"}, {"name": "Gabbie", "date": "2021-12-12", "review": "Great communication, location and hosts. exactly what we needed for our weekend in London. thank you"}, {"name": "Sarah", "date": "2021-12-19", "review": "The apartment was perfect, thank you. There\u2019s everything you could possibly need and in a very central location."}, {"name": "Brendan", "date": "2022-02-20", "review": "excellent place to stay. This is the second time i have stayed here and was as great as the first.  everything you need for a comfortable stay in London"}, {"name": "Vicki", "date": "2022-03-20", "review": "Lovely flat, very clean and spacious and in a great location.  It had all that we needed for our weekend in London.  Communication with Cynan was fast and helpful.    Within easy reach for us to visit Shoreditch, Brick Lane, Whitechapel Gallery, Columbia Road Market and Victoria Park.   Provisions that were provided in the fridge were very welcome, thank you."}]}