{
    "id": 53053168,
    "listing_url": "https://www.airbnb.com/rooms/53053168",
    "name": "Wonderful bedroom in Muswell Hill, North London",
    "description": "Welcome to my lovely space in Muswell Hill.  More than happy to accommodate folks from anywhere. Close to Alexandra Palace, local transport, and short travel distance to both Arsenal and Tottenham Hotspur stadiums<br />Room has its own wash basin and separate toilet, guest controlled heating, and wardrobe. Towels also provided.",
    "host_name": "Graham",
    "host_id": 118370834,
    "host_url": "https://www.airbnb.com/users/show/118370834",
    "host_picture_url": "https://a0.muscache.com/im/pictures/user/b7aaf48d-ef6c-4594-b638-ee211404b577.jpg?aki_policy=profile_x_medium",
    "neighbourhood_cleansed": "Haringey",
    "latitude": 51.59546,
    "longitude": -0.14245,
    "property_type": "Private room in casa particular",
    "room_type": "Private room",
    "accommodates": 2.0,
    "bathrooms": 1.5,
    "beds": 1,
    "price": 50.0,
    "numbers_of_review": 38.0,
    "review_scores_rating": 4.58,
    "reviews": [
        {
            "name": "Heszter",
            "date": "2021-11-14",
            "review": "Graham is the best host ever!!! Easygoing , helpful, great to talk to and have fun! He made us feel at home. <br/>The room is simple but there is everything what you need (comfy bed, warm duvet, wardrobe and a sink)The flat is very clean and tidy. <br/>Location is great , even free parking on the street, high street is just 3 min walk. Alexandra palace is just a 15 min walk.<br/>Definitely would choose Graham\u2019s flat again!"
        },
        {
            "name": "Andrew",
            "date": "2021-11-19",
            "review": "Friendly host, great location, on street parking."
        },
        {
            "name": "Kris",
            "date": "2021-11-20",
            "review": "Cosy place, great location and a very friendly host. Made us feel comfortable and welcome straight from arrival, would definitely stay again."
        },
        {
            "name": "Cristian",
            "date": "2021-11-21",
            "review": "This guy is very friendly and funny, everything is very correct and clean.<br/> Room is quite large and bed is very comfortable.<br/>I had a really good time talking with him that night, so much fun xD<br/> Definitely a great option if I come back to London"
        },
        {
            "name": "Olivier",
            "date": "2021-11-29",
            "review": "This is the best Airbnb we have done in London (and we have done a lot !!). Graham is the nicest person. We highly recommend this place !"
        },
        {
            "name": "Kayleigh",
            "date": "2021-12-05",
            "review": "Great location for Alexandra Palace if you\u2019re on a budget. Host is very friendly and made us feel very welcome."
        },
        {
            "name": "Conor",
            "date": "2021-12-14",
            "review": "Excellent host, very friendly and accommodating. Highly recommended"
        },
        {
            "name": "Josh",
            "date": "2021-12-22",
            "review": "Enjoyed my stay"
        },
        {
            "name": "Emylia",
            "date": "2022-02-08",
            "review": "I booked this for 2 of my friends who were visitting from out of towm for my wedding and after some mix ups found themselves without a place to stay for the night. Graham let us book last minute on the night, thank you so so much! <br/>My friend's review (who actually stayed):<br/>\"Cool host in every sense of the word. Friendly and welcoming. Room is spacious and warm.\""
        },
        {
            "name": "Andrea",
            "date": "2022-03-13",
            "review": "This place is wonderful to stay in as a solo traveler, super comfortable with a friendly host. Graham is great\u2014recommended me an app to help me with navigating routes, helped me find a converter for the outlets (the uk does have a different plug! haha), and was a great person to converse with.<br/>The location is great as well\u2014a couple bus stops nearby to get around, whether it be to somewhere near or to a tube station!"
        }
    ]
}