{"id": 53179527, "listing_url": "https://www.airbnb.com/rooms/53179527", "name": "Plumstead En-Suite Sweet Room 1", "description": "Sweet En-Suite bedroom with comfortable double beds  in a house with 5 other En-suite bedrooms. <br /><br />Spacious kitchen (shared kitchen) <br />Living/sitting area<br />Dinning area <br /><br />With the following top amenities to enjoy: Wardrobe/closet, drying-rack for clothing, heating, iron, Tv, Wi-Fi, desk (to work with), cleaning products, socket near the bed, shower, linens/sheets/towels, air Purifier, dishwasher, tea/coffee maker and oven.<br /><br />Good size garden where guest can relax and socialize.<br /><br /><b>The space</b><br />This Sweet room is nice and comfy. You'll get to  relax. A home away from your home.<br /><br /><b>Guest access</b><br />This En-suite apartment Sweet Room is very much comfy where every guests could get to access the kitchen as this is a spacious shared kitchen is for everyone to use.", "host_name": "Elsie", "host_id": 110980809, "host_url": "https://www.airbnb.com/users/show/110980809", "host_picture_url": "https://a0.muscache.com/im/pictures/user/18636cd3-53c8-4b5b-a527-7a3a174cc076.jpg?aki_policy=profile_x_medium", "neighbourhood_cleansed": "Greenwich", "latitude": 51.48804, "longitude": 0.0843, "property_type": "Private room in home", "room_type": "Private room", "accommodates": 2.0, "bathrooms": 1.0, "bedrooms": 1, "beds": 1, "amenities": ["First aid kit", "Dedicated workspace", "Washer", "Long term stays allowed", "TV", "Fire extinguisher", "Smoke alarm", "Paid parking on premises", "Carbon monoxide alarm", "Kitchen", "Wifi", "Lock on bedroom door"], "price": 45.0, "numbers_of_review": 1, "review_scores_rating": NaN, "reviews": [{"name": "Joash", "date": "2022-09-20", "review": "Very comfortable stay!! Enjoyed it."}]}