{"id": 53337339, "listing_url": "https://www.airbnb.com/rooms/53337339", "name": "Luxurious Spacious Apartment in Central London", "description": "Welcome to this luxurious,modern, newly-constructed apartment in the vibrant community of Whitechapel! If you have any concerns or need help, please feel free to contact me!<br />The room has a stunning view of the Canary Wharf!<br /><br /><b>The space</b><br />The place is all yours!<br />With superfast 1Gb Wifi!<br />Feel free to make yourself at home.<br />*double bed*<br /><br /><b>Guest access</b><br />The guest bedroom, guest bathroom, community gym, living room, kitchen, laundry room.", "host_name": "Richard", "host_id": 129288330, "host_url": "https://www.airbnb.com/users/show/129288330", "host_picture_url": "https://a0.muscache.com/im/pictures/user/d9c8d51a-d8e5-4c65-a40e-0b6ae181e6bf.jpg?aki_policy=profile_x_medium", "neighbourhood_cleansed": "Tower Hamlets", "latitude": 51.51886, "longitude": -0.05625, "property_type": "Entire rental unit", "room_type": "Entire home/apt", "accommodates": 4.0, "bathrooms": 2.0, "bedrooms": 2, "beds": 2, "amenities": ["Fire extinguisher", "Hair dryer", "Dining table", "Hangers", "Cleaning products", "Dishes and silverware", "Luggage dropoff allowed", "Essentials", "Shampoo", "Clothing storage", "Carbon monoxide alarm", "Shower gel", "Bathtub", "Wifi", "Heating", "Air conditioning", "Dishwasher", "Long term stays allowed", "TV", "Microwave", "Refrigerator", "Body soap", "Kitchen", "Stove", "Gym", "Conditioner", "Hot water", "Washer", "Elevator", "Smoke alarm", "Dryer"], "price": 550.0, "numbers_of_review": 6, "review_scores_rating": 4.83, "reviews": [{"name": "Catherine", "date": "2021-11-28", "review": "Richard was super lovely and let us check-in in the evening. The place is SPOTLESS! I\u2019ve never been to such a clean and chic Airbnb. We didn\u2019t use the cinema or gym services as we were out a lot, but it was lovely that the offer was there. The view from the room and the balcony was perfect - great for the London skyline! The tube is a five minute walk away, so it\u2019s perfect for getting around. The district line in particular is really handy for touristy things. Couldn\u2019t have had a better stay!"}, {"name": "Waqas", "date": "2021-12-04", "review": "Good clean place"}, {"name": "Kian", "date": "2021-12-05", "review": "Fantastic apartment with a great view of Canary Wharf! Extremely clean and tidy and Richard was very accommodating to us. 100% recommend staying here!"}, {"name": "Qinghua", "date": "2022-01-09", "review": "We had a wonderful stay with Richard. The location was great, an easy 5 minute walk to the White Chapel Underground/Overground Station which was perfect to get anywhere in the city quite quickly. The rooms were lovely and roomy as well. Everything we needed were provided. Would highly recommend staying here while in London if you are looking for a bit of luxury at a great value! Absolutely loved our time here."}, {"name": "Don", "date": "2022-01-10", "review": "Richie is a pretty cool host. The room is nice and clean. It\u2019s exactly what he described! Overall, I really enjoy my time here in London!"}, {"name": "YuJing", "date": "2022-01-11", "review": "very clean\uff0cgood place to stay.Richard is very patient to solve all the problems. If I had the opportunity to come back here, I would choose this place to stay"}]}