{
    "id": 5367754,
    "listing_url": "https://www.airbnb.com/rooms/5367754",
    "name": "Spa-like Townhouse with Jacuzzi, AC and Private Terraces",
    "description": "Great location just off the trendy Exmouth Market. 5-star accommodation with 2 private roof terraces, Jacuzzi, BBQ, Sonos, sparkling and boiling water taps, high-end Jura coffee machine, AC, underfloor heating, luxurious sheets and towels.",
    "host_name": "Gina",
    "host_id": 24480097,
    "host_url": "https://www.airbnb.com/users/show/24480097",
    "host_picture_url": "https://a0.muscache.com/im/users/24480097/profile_pic/1417707188/original.jpg?aki_policy=profile_x_medium",
    "neighbourhood_cleansed": "Islington",
    "latitude": 51.52573,
    "longitude": -0.11056,
    "property_type": "Private room in townhouse",
    "room_type": "Private room",
    "accommodates": 4.0,
    "bathrooms": 2.0,
    "beds": 2,
    "price": 380.0,
    "numbers_of_review": 184.0,
    "review_scores_rating": 4.86,
    "reviews": [
        {
            "name": "Shireen",
            "date": "2015-03-18",
            "review": "Wow what an amazing place. The immediate location is absolutely fantastic, so many brilliant bars and restaurants on your doorstep! The house is dreamy, better than any 5* hotel I have been to. I only wish we stayed longer. Can\u2019t wait to come back in the summer.\r<br/>\r<br/>Thanks Gina for sharing your house\r<br/>and being so helpful and responding\r<br/>so quickly to my inquires :) "
        },
        {
            "name": "Sarah",
            "date": "2015-03-21",
            "review": "The house is beautiful and actually exceeded the photos! Immaculately designed and 5* accommodation. Gina was very welcoming, leaving us all the necessities including  breakfast :-) spoilt with cowshed toiletries and big fluffy towels. I would use again and again. "
        },
        {
            "name": "Lisa",
            "date": "2015-03-23",
            "review": "Beautiful place - exceeded our expectations and more. Gina was a great host and the location is amazing. Some great bars and restaurants in her doorstep whilst the flat is well appointed and immaculate: comfortable beds, great coffee machine, speakers and fab outdoor spaces: a wonderful place to stay. Hope to be back! "
        },
        {
            "name": "Gen",
            "date": "2015-04-07",
            "review": "\u00e9tait bien"
        },
        {
            "name": "Gen",
            "date": "2015-04-11",
            "review": "gooooooood apartment very niceee"
        },
        {
            "name": "Gemma",
            "date": "2015-04-27",
            "review": "The most beautiful place I have ever stayed!<br/>Gina was brilliantly helpful and responsive all weekend when we stayed. This home doesn't come cheap but I can honestly say it's worth every penny. It made doing air bnb a real \"experience\" and me and my friends loved it. <br/>Perfection."
        },
        {
            "name": "Matthew",
            "date": "2015-05-04",
            "review": "We had a great time. Gina personally welcomed us and gave us a tour, along with very helpful written instructions and a bottle of merlot. \r<br/>\r<br/>The place itself was incredibly comfortable, quiet and luxurious. A fantastic home in London for anyone."
        },
        {
            "name": "James",
            "date": "2015-05-10",
            "review": "We were a film crew shooting in the apartment for a few days and the whole experience was a pleasure. The apartment is incredible and in a great location nearby to shops, cafes and transport. Gina was a great host, being very easy to get hold of and helpful with anything we needed as well as letting us get on with our filming when we needed to. \r<br/>\r<br/>At the end of our stay she was very relaxed and helpful about us leaving and moving our stuff out and basically made our lives very easy! \r<br/>\r<br/>So whether you are a film crew/shoot or just wanting somewhere to stay with a great host we highly recommend! "
        },
        {
            "name": "Philippe",
            "date": "2015-05-20",
            "review": "This is a beautiful place in an up and coming area. We came for work but enjoyed every angles of the house, including the two terraces with BBQ and Jacuzzi, magic.\r<br/>Hosts Angie & husband are absolutely lovely and we were well looked after. Not for family with little kids though, lot of stairs and angles, ideal for grown ups and special events."
        },
        {
            "name": "Sofia",
            "date": "2015-05-25",
            "review": "Vi hade en fantastisk helg i London och i detta huset! Huset \u00f6vertr\u00e4ffade v\u00e5ra f\u00f6rv\u00e4ntningar och var helt perfekt. Omr\u00e5det var mysigt med flera kaf\u00e9er och en mysig matmarknad. Jag hoppas att jag f\u00e5r chansen att hyra det igen snart! "
        }
    ]
}