{"id": 53685491, "listing_url": "https://www.airbnb.com/rooms/53685491", "name": "\u2756 Spacious 2 BR 1 Bath in Queensway / Bayswater \u2756", "description": "This is a Nice & Spacious 2 Bedroom 1 Bath apartment in a Secure Building with Porter Located in Qeensway, Bayswater!<br />\u2605 Just 7 min walk to Hyde Park and Queensway St., 5 min to Bayswater St.<br />15 min bus ride to Marble Arch and Oxford st. , and Access to the rest of the city and all London Attractions easily as its Located 3 Underground Stations Beside Buses just at Your door<br />Also you can find a wide selection of International Cuisine Restaurants<br />\u2605 It's the Perfect choice for Families and Friends!<br /><br /><b>The space</b><br />Its a Spacious 2 Bedroom 1 Bathroom Apartment Located in Queensway, Bayswater.<br /><br />The Apartment has Large Living Room with Fully Equipped Open Plan Kitchen, dinning Area with 4 Chair Dinning Table, Single Sofa Bed, Double L Shape Sofa Bed.<br /> <br />First Bedroom is a Small bedroom with Double Bed and Wardrobe.<br />Second Bedroom is a Large Bedroom With Double Bed, Chest of Drawers and Wardrobe<br /><br />Bathroom with Stand up Sho", "host_name": "Fatma", "host_id": 288832986, "host_url": "https://www.airbnb.com/users/show/288832986", "host_picture_url": "https://a0.muscache.com/im/pictures/user/56486cd5-b6b3-4895-828f-763bf0bb53e0.jpg?aki_policy=profile_x_medium", "neighbourhood_cleansed": "Westminster", "latitude": 51.51541, "longitude": -0.18784, "property_type": "Entire condo", "room_type": "Entire home/apt", "accommodates": 7.0, "bathrooms": 1.0, "bedrooms": 2, "beds": 4, "amenities": ["Essentials", "Wifi", "Washer", "Long term stays allowed", "Shampoo", "TV", "Elevator", "Hair dryer", "Iron", "Hangers", "Kitchen", "Heating"], "price": 260.0, "numbers_of_review": 37.0, "review_scores_rating": 4.65, "reviews": [{"name": "Khaled", "date": "2022-01-21", "review": "Good location!"}, {"name": "Reuben", "date": "2022-01-24", "review": "Great price, conveniently placed. Perfect for a weekend away, or for exploring the city. Clean and well kept. 10 on 10."}, {"name": "Khushbu", "date": "2022-01-30", "review": "Great place!"}, {"name": "Julia", "date": "2022-02-06", "review": "We had such a great stay at Fatma's. Excellent communication which made everything so easy for us and Fatma and Etsh were so accommodating. Excellent apartment and excellent location. we arrived at Paddington and could easily walk to and from.the Station and easy to get all around the rest of London. I would definitelystay here again. x"}, {"name": "H\u00e9l\u00e8ne", "date": "2022-02-16", "review": "Very good location. Incredibly quiet which was great to really enjoy the rest. Lovely host."}, {"name": "Alys", "date": "2022-02-24", "review": "A lovely apartment in a brilliant location close to several different tube stations. The hosts were excellent and even came to meet and greet us. Thanks for a great London stay!"}, {"name": "Paul", "date": "2022-02-27", "review": "Lovely appartment in a not too busy part of London. Walking distance from Paddington. Tube and bus routes close by. Host was great."}, {"name": "Emma", "date": "2022-03-10", "review": "We had such a great stay here. Very spacious and clean flat in a great location. Would recommend to a friend!"}, {"name": "Abraham", "date": "2022-03-16", "review": "My wife and I traveled with three of our kids-20, 17, 16-and the flat had space and a bed for all of us. Great value considering the size of our group. It is very centrally located, close to three different tube stops. Many great coffee shops, pubs, and restaurants are close, as well as a few grocery stores and pharmacies, which was super convenient. Check in and communication was great."}, {"name": "Oliver", "date": "2022-03-21", "review": "Good place to stay only small problem was the heat was always on"}]}