{
    "id": 53803108,
    "listing_url": "https://www.airbnb.com/rooms/53803108",
    "name": "Sidworth Street",
    "description": "Swathes of glass, immaculate surfaces and modern architecture, are the bread and butter of this sophisticated 3-bedroom apartment in London Fields. With the park on your doorstep and London Fields underground station just minutes away, you're perfectly placed to enjoy a local stroll amongst the trees, or head into the city. Hackney itself exudes cool, with its unique style and trendy restaurants, and this exceptional home definitely got the memo.<br />        <br />If an industrial aesthetic and bright open spaces are your thing (and frankly, why wouldn't they be?), you'll love the sophisticated open-plan living room and kitchen area, with its clean lines, polished concrete floors, and plush green sofa. The kitchen is perfectly designed with statement lighting and stylish breakfast bar. Sweeping floor-to-ceiling windows bathe the room in light, and make enjoying a meal at the large dinner table feel like dining in the sky. And speaking of enjoying the high life - the principal bedroom,",
    "host_name": "Veeve",
    "host_id": 33889201,
    "host_url": "https://www.airbnb.com/users/show/33889201",
    "host_picture_url": "https://a0.muscache.com/im/pictures/user/cefcf382-a8fe-4348-9bba-ae00462784ca.jpg?aki_policy=profile_x_medium",
    "neighbourhood_cleansed": "Hackney",
    "latitude": 51.54102,
    "longitude": -0.05722,
    "property_type": "Entire rental unit",
    "room_type": "Entire home/apt",
    "accommodates": 6.0,
    "bathrooms": 2.0,
    "beds": 3,
    "price": null,
    "numbers_of_review": 1,
    "review_scores_rating": 5.0,
    "reviews": [
        {
            "name": "Gavin",
            "date": "2022-01-07",
            "review": "Fantastic high spec contemporary flat in the center of Hackney. Loads of light and balcony space, underfloor heating. Very interesting area with great cafes and restaurants - some of which are in the building! <br/>Contact through Veeve property management was extremely professional and prompt which we really appreciated.<br/>The two double beds apart from the master bedroom are on the smaller side.<br/>We loved staying in this swish property and absorbing the super friendly and of course cool Hackney vibe."
        }
    ]
}