{"id": 53961155, "listing_url": "https://www.airbnb.com/rooms/53961155", "name": "The Shoreditch Flats", "description": "Please Note: We are a London based specialist in monthly apartment rentals. In each property collection we operate multiple apartments at the same standards. All apartments are located within 5 minutes walking distance of each-other and are allocated based on availability.<br /><br /><b>The space</b><br />A bright and modern series of two-bedroom apartments, located in Spitalfields, Central London. Just a short walk from the hub of connectivity that is Liverpool Street Station and the character and energy of nearby Shoreditch \u2014 this is an ideal area to experience the best of living in both the East and Centre of the city of London.<br /><br />A great place to relax and escape to or a fantastic base of operations to explore the city from! Tastefully furnished with two double-bed bedrooms and one main bathroom with a bath/shower, toilet, complete with amenities (towels, shower gel, shampoo). In the rather spacious lounge, you\u2019ll find an additional sleeping room with a comfortable double ", "host_name": "Michael", "host_id": 269308503, "host_url": "https://www.airbnb.com/users/show/269308503", "host_picture_url": "https://a0.muscache.com/im/pictures/user/5883e5dc-1418-4315-b1d6-414602d5edbc.jpg?aki_policy=profile_x_medium", "neighbourhood_cleansed": "City of London", "latitude": 51.51590572207357, "longitude": -0.0762428708385866, "property_type": "Entire rental unit", "room_type": "Entire home/apt", "accommodates": 7.0, "bathrooms": 1.0, "bedrooms": 2, "beds": 2, "amenities": ["Extra pillows and blankets", "Oven", "Cleaning before checkout", "Hair dryer", "Wine glasses", "Dining table", "Hangers", "Cleaning products", "Dishes and silverware", "Essentials", "Shampoo", "Cooking basics", "Bed linens", "Clothing storage", "Shower gel", "Bathtub", "Wifi", "Heating", "Dishwasher", "Long term stays allowed", "TV", "Hot water kettle", "Microwave", "Portable fans", "Refrigerator", "Iron", "Body soap", "Drying rack for clothing", "Kitchen", "Stove", "Toaster", "Conditioner", "Paid street parking off premises", "Hot water", "Washer", "Smoke alarm"], "price": 688.0, "numbers_of_review": 3, "review_scores_rating": 5.0, "reviews": [{"name": "Intan", "date": "2022-04-18", "review": "Nice and strategic location. About 5 min walks to Liverpool Street Station and Aldgate East Station. The apartment comes with a spacious living, kitchen and 2 bedrooms and accommodated 5 of us really well during our stay."}, {"name": "Han Boon", "date": "2022-08-31", "review": "Amanda was quick to respond to queries and rectifications done promptly"}, {"name": "Meryl", "date": "2023-08-22", "review": "The customer service team has been a huge help on our trip, They were very nice and shared all they know about the area. They were also reachable every time I contacted. Regarding the flat, it was inviting and modern. I had all the amenities from kitchen to bathroom supplies. I'll be back for sure\ud83d\ude42"}]}