{"id": 54047570, "listing_url": "https://www.airbnb.com/rooms/54047570", "name": "2 bed flat in the heart of Victoria Park, Hackney", "description": "Comfortable family flat, stylish for an adult couple and roomy enough for a family group.<br /><br />Ideally located on a quiet street just a minute\u2019s walk from the local shops, restaurants and wonderful green spaces of both Victoria Park and Well Street Common.<br /><br />First and foremost a home so there are personal effects around but also space for you to unpack and relax.  As a \u201clived in\u201d space (rather than a holiday let) it is well equipped for family life and everything you\u2019d need for a short stay.", "host_name": "Sophie", "host_id": 1982017, "host_url": "https://www.airbnb.com/users/show/1982017", "host_picture_url": "https://a0.muscache.com/im/users/1982017/profile_pic/1417885487/original.jpg?aki_policy=profile_x_medium", "neighbourhood_cleansed": "Hackney", "latitude": 51.53984, "longitude": -0.04257, "property_type": "Entire condo", "room_type": "Entire home/apt", "accommodates": 4.0, "bathrooms": 1.0, "bedrooms": 2, "beds": 3, "amenities": ["Hair dryer", "Wine glasses", "Dining table", "Piano", "Dishes and silverware", "Essentials", "Stainless steel oven", "Cooking basics", "Single level home", "Bed linens", "TV with Apple TV", "Netflix", "Bathtub", "Central heating", "Wifi", "Coffee maker", "Dishwasher", "Long term stays allowed", "Hot water kettle", "Refrigerator", "Iron", "Fill body soap", "Drying rack for clothing", "Kitchen", "Toaster", "Paid street parking off premises", "Hot water", "Smoke alarm", "Free washer \u2013 In unit", "Freezer"], "price": 95.0, "numbers_of_review": 3, "review_scores_rating": 5.0, "reviews": [{"name": "Rosie", "date": "2022-01-05", "review": "Such a great find. The location is so great for Victoria Park Village. Sophie\u2019s home is full of character and charm. Would definitely recommend!"}, {"name": "Carolina", "date": "2023-02-16", "review": "Lovely and cozy place! we enjoyed very much... decorations and furniture awesome..we love antiques!"}, {"name": "Thomas", "date": "2023-08-10", "review": "Sophie ist ein tolle Gastgeberin, sie ist freundlich, hilfreich und reagiert schnell auf Anfragen. <br/>Die Wohnung ist zauberhaft eingerichtet, super ausgestattet und liegt nicht weit vom Victoria Park. In der n\u00e4heren Umgebung gibt es zahlreiche Einkaufsm\u00f6glichkeiten, Bars und Restaurants. Zur U-Bahn gelangt man ohne Problem mit dem Bus, der Fu\u00dfweg ist noch im Rahmen.<br/>Ich kann Sophie nur empfehlen."}]}