{"id": 54061803, "listing_url": "https://www.airbnb.com/rooms/54061803", "name": "Citymax Camden Apartment 4", "description": "Just a stone throw from Mornington Crescent, Euston, Camden Town and King Cross St Pancras Station is this exquisite gem of an apartments. The bright, spacious, fully-furnished rooms feature contemporary luxuries alongside home comforts to ensure an enjoyable stay.<br /><br />Perfect for couples, families & friends on a city break, or business travellers! <br />All of our apartments are fully furnished and supplied with basic staples including, toiletries, kitchenware and fast Wifi.<br /><br /><b>The space</b><br />Just a stone's throw from Station is this exquisite gem One Bedroom Apartment. The bright, fully-furnished rooms feature contemporary luxuries alongside home comforts to ensure an enjoyable stay. <br /><br />Perfect for couples, families & friends on a city break, or business travellers! All of our apartments are fully furnished and supplied with basic staples including, toiletries, kitchenware and fast Wifi.<br />1 comfortable double bed in Bedroom and 1 double comfortable ", "host_name": "Santino", "host_id": 437186119, "host_url": "https://www.airbnb.com/users/show/437186119", "host_picture_url": "https://a0.muscache.com/im/pictures/user/4f8a88b3-dc9b-4eac-85d9-81f47c3bc888.jpg?aki_policy=profile_x_medium", "neighbourhood_cleansed": "Camden", "latitude": 51.5348, "longitude": -0.1373, "property_type": "Entire rental unit", "room_type": "Entire home/apt", "accommodates": 4.0, "bathrooms": 1.0, "bedrooms": 1, "beds": 2, "amenities": ["First aid kit", "Oven", "Fire extinguisher", "Hair dryer", "Wine glasses", "Private entrance", "Hangers", "Dishes and silverware", "Luggage dropoff allowed", "Essentials", "Shampoo", "Cooking basics", "Bed linens", "Clothing storage: wardrobe", "HDTV", "Wifi", "Heating", "Long term stays allowed", "Hot water kettle", "Microwave", "Refrigerator", "Room-darkening shades", "Iron", "Kitchen", "Dedicated workspace", "Hot water", "Pack \u2019n play/Travel crib - available upon request", "Smoke alarm", "Free washer \u2013 In unit", "Ethernet connection"], "price": 149.0, "numbers_of_review": 11.0, "review_scores_rating": 4.09, "reviews": [{"name": "Dayuan", "date": "2022-03-13", "review": "Santino is a very nice young man, easy to work with and also communicate with.  He answered phone call quickly."}, {"name": "Stuart", "date": "2022-04-02", "review": "Superb place great location"}, {"name": "Miranda", "date": "2022-04-07", "review": "\u5c31\u5728\u5730\u94c1\u7ad9\u53e3 \u5f88\u8fd1\u5f88\u65b9\u4fbf"}, {"name": "Kym", "date": "2022-04-29", "review": "Good location in Camden and good communication with host.  Fine for a quick, one night stop, but not recommended for anything longer or for anyone who plans to work from the flat.  The entire flat rattles every few mins when the underground passes and there is an awful smell from the plumbing.  Walls are very thin and neighbours and guests can be heard walking, talking and partying late into evening."}, {"name": "Katie", "date": "2022-05-04", "review": "Helpful host! Clean and comfortable place to stay! If you\u2019re a light sleeper, it\u2019ll be important to note that the apartment is near the train station so you would hear the occasional rumbling! But other than that, very enjoyable!"}, {"name": "Darrell", "date": "2022-05-12", "review": "Room has dated a little since the photos but a comfortable stay was had in a good location. Biggest gripe was with the check in process, which was a little disorganised and which included the host requesting a damage deposit outside the terms and conditions of Airbnb, but which Airbnb had no interest in resolving."}, {"name": "Emma", "date": "2022-05-15", "review": "We had a great stay here. The place was very clean, and really easy to get to from the tube (literally round the corner). Excellent base for a night out in Camden - we went to a gig at Roundhouse - and it was an easy walk back at the end of the night."}, {"name": "Richard", "date": "2022-06-18", "review": "The apartment was in a great location just near Euston station.<br/>I was severley delayed getting to London but Santino was great when I told him and made sure I had all the information needed for the apartment<br/>The apartment is small yet well proportioned, the living/kitchen area is a good size and the bedroom is great for 1 or 2 people"}, {"name": "Jarda", "date": "2022-07-08", "review": "excellent location"}, {"name": "Thomas Sloth", "date": "2022-07-27", "review": "The apartment is on a very nice location and is actually ok standard. However a lot of issues made our stay not so nice. We searched for an aparment for 2 adult and 2 children, but we dont think the apartment is suitable for a family with kids - or people that are light sleepers:<br/>The apartment on right over the metro - meaning you hear AND feel the rumble of the metro every 3-4-5 minutes - incl during the night in the weekend.<br/>The outside LED lamps were extremely powerfull and since the livingroom only had blinds on \u00bd of the facade - the room (sleeps 2) was totally lit/light - which ruuined our sleep the first night. I complained about the light and the metro noise - but the host could/would not cancel our booking. Santino was helpful, but did not solve the problems - I fixed the problem with the light myself with the help of Santino - but simply uncabling the power supply to the light (hazardous!)<br/>Further - television had no channels or Netflix as promised - not ok since it was promised in the description <br/>The apartment price we find was extremely high - esp. considering the issues. Cannot be recommended, sorry."}]}