{"id": 54224781, "listing_url": "https://www.airbnb.com/rooms/54224781", "name": "Lovely 1 bedroom Apartment in Leicester SQ", "description": "Enjoy a stylish experience at this centrally-located place.", "host_name": "A", "host_id": 439699409, "host_url": "https://www.airbnb.com/users/show/439699409", "host_picture_url": "https://a0.muscache.com/im/pictures/user/4ac56db4-ebe1-4296-8506-e6ac4bd938fb.jpg?aki_policy=profile_x_medium", "neighbourhood_cleansed": "Westminster", "latitude": 51.51349, "longitude": -0.13015, "property_type": "Entire condo", "room_type": "Entire home/apt", "accommodates": 3.0, "bathrooms": 1.0, "bedrooms": 1, "beds": 2, "amenities": ["Extra pillows and blankets", "Oven", "Hair dryer", "Dining table", "Hangers", "Dishes and silverware", "Essentials", "Shampoo", "Cooking basics", "Carbon monoxide alarm", "Shower gel", "Wifi", "Heating", "Long term stays allowed", "TV", "Hot water kettle", "Refrigerator", "Room-darkening shades", "Iron", "Kitchen", "Drying rack for clothing", "Washer", "Elevator", "Gas stove", "Smoke alarm", "Freezer"], "price": 287.0, "numbers_of_review": 4, "review_scores_rating": 4.0, "reviews": [{"name": "Matt", "date": "2022-02-17", "review": "it's great, price is great, location is central.<br/>the host is quick to respond.<br/>bring slippers."}, {"name": "Albert", "date": "2022-05-24", "review": "We spent two weeks in that place. Nice apartment, very clean, 1st floor with two elevators. <br/>Best location in London, right on Charing Cross Rd. next to Leicester square. All theatres are around, Sainsbury\u2019s supermarket is in the same building. The place is safe with security guard at the main entrance. The place is quite noisy on weekends but it is city center. We  certainly  will rent it again on next visit to London."}, {"name": "James", "date": "2022-06-06", "review": "Location-Perfect Noise level-unbearable"}, {"name": "Rodney", "date": "2022-07-10", "review": "Great location as long as you expect to be right in the buzz. Host was great"}]}