{"id": 54260867, "listing_url": "https://www.airbnb.com/rooms/54260867", "name": "Large double bedroom, balcony near Tower Bridge", "description": "Modern spacious large double room near Tower Bridge. It's brand new and spotlessly clean. The area is in zone one which makes traveling easy everywhere.<br />Shared bathroom and kitchen<br /><br /><b>The space</b><br />Tower bridge 9 minutes away via walking, 5 minutes walking distance from Shadwell Station,  10 minutes walking distance from Tower Hill station and Tower Castle.  20 minutes walking distance from Liverpool Street Station or 9 minutes via bus. Bank Station just 16 minutes via bus. <br />you are free to use kitchen to make food or to eat meal.<br />free to use super fast internet access.<br />Shared bathroom and kitchen<br /><br /><b>Guest access</b><br />Access to kitchen including fridge/freezer, washing machine, hob, and oven. All plates, cutlery, and cooking essentials provided. Clean towels are included along with bedding, and a hairdryer.<br /><br /><b>Other things to note</b><br />House Rules<br />1)  No shoes in the house<br />2) There will be a charge for losing a", "host_name": "Ugur Ali", "host_id": 440018183, "host_url": "https://www.airbnb.com/users/show/440018183", "host_picture_url": "https://a0.muscache.com/im/pictures/user/c8ef6aa8-46a9-4242-a426-6d87f3aa992e.jpg?aki_policy=profile_x_medium", "neighbourhood_cleansed": "Tower Hamlets", "latitude": 51.51064, "longitude": -0.06445, "property_type": "Private room in rental unit", "room_type": "Private room", "accommodates": 2.0, "bathrooms": 1.0, "bedrooms": 1, "beds": 1, "amenities": ["First aid kit", "Dedicated workspace", "Washer", "Long term stays allowed", "TV", "Host greets you", "Fire extinguisher", "Smoke alarm", "Hair dryer", "Iron", "Carbon monoxide alarm", "Kitchen", "Wifi", "Lock on bedroom door"], "price": 59.0, "numbers_of_review": 35.0, "review_scores_rating": 4.8, "reviews": [{"name": "Ana Rebeca", "date": "2022-04-27", "review": "I rented the room for a month and will definitely come back again! The host is very flexible and friendly, large room with a beautiful balcony, very well equipped apartment!"}, {"name": "Lawrence", "date": "2022-04-29", "review": "Great room at a great price. <br/>Good location which was surprisingly quiet."}, {"name": "Neelam", "date": "2022-05-08", "review": "The location of the apartment is great. Cleaning was done on a daily basis. All facilities were provided. Ugur has been great and always responded to our messages. Enjoyed our stay here.<br/>Thank you Ugur :)"}, {"name": "Loreto", "date": "2022-05-11", "review": "Everything was perfect at Ugur\u2019s home.<br/>Clean, quiet, and good location."}, {"name": "Jordan", "date": "2022-05-13", "review": "Great value for money, decent location 6-8 minute walk from Shadwell DLR Station, good kitchen facilities, big room and balcony, comfortable bed. The only minor downside is the window blinds are quite thing so do let a lot of light through, aside from that, great room."}, {"name": "Ma\u00eblle", "date": "2022-05-17", "review": "Very nice room with a great welcoming!"}, {"name": "Charlene", "date": "2022-05-18", "review": "Good location, easy to get to from Tower Hill or Aldgate. Clean and bright, perfect for a short stay. Use of of all the usual amenities\u2026 iron, hair dryer, washing machine etc"}, {"name": "Gabriel", "date": "2022-05-19", "review": "Great communication. Hospitable hosts + good location next to a little park and close to central London. I was late to check-out and the host was very accommodating."}, {"name": "Gvantsa", "date": "2022-05-25", "review": "Th It was my first trip to London and I stayed in this apartment for 6 nights with my friend. <br/>Flat is very clean, very comfortable and 10 minutes walk from Tower Hill Station and Tower bridge. <br/>This is the place where i felt SAFETY\u2705<br/>Hosts are two brothers. They are really best hosts I\u2019ve had. I am very grateful for their kind attitudes. <br/>I had really good time there and collected good memories.<br/>I will definitely choice this apartment for my next trip to London.<br/>Thank  you again!\u2764\ufe0f"}, {"name": "Norman", "date": "2022-05-26", "review": "Very very clean, great location, everything as expected. I gave Ugur some feedback on something that could be improved and he said he'd address it soon. Would recommend to other travelers, and would stay again. Thanks Ugur!"}]}