{
    "id": 54375403,
    "listing_url": "https://www.airbnb.com/rooms/54375403",
    "name": "The Great Western House",
    "description": "Relax with the whole family at this peaceful place to stay in this 6 bedroom semi detached house.<br /><br /><b>The space</b><br />It benefits from three bathrooms, spacious dining open plan modern kitchen, lounge area, rear garden with covered space, plenty of beds, parking for 3-4 cars, this property suits large groups, families and contractor workers.",
    "host_name": "Aaron",
    "host_id": 184761028,
    "host_url": "https://www.airbnb.com/users/show/184761028",
    "host_picture_url": "https://a0.muscache.com/im/pictures/user/da89421d-3538-4f8d-9319-7da26edca79f.jpg?aki_policy=profile_x_medium",
    "neighbourhood_cleansed": "Hounslow",
    "latitude": 51.47885,
    "longitude": -0.36884,
    "property_type": "Entire home",
    "room_type": "Entire home/apt",
    "accommodates": 12.0,
    "bathrooms": 3.0,
    "beds": 8,
    "price": 243.0,
    "numbers_of_review": 14.0,
    "review_scores_rating": 3.79,
    "reviews": [
        {
            "name": "Fatima",
            "date": "2022-02-03",
            "review": "The house is amazing, it is very big and with a lot of space. Also it has a garden which was perfect for our small dog to run, and for us for having fresh air.  And the beds were so comfortable!!<br/>Aaron answered very quickly to our messages and was very attentive with us and our requests. Very quick answer and action. Highly recommended."
        },
        {
            "name": "Wj Uk",
            "date": "2022-02-18",
            "review": "A very responsive host, always accommodating to booking alterations. Simple self-check ins at all of Aaron's places makes them ideal for booking for our site men"
        },
        {
            "name": "Margot Gabriela",
            "date": "2022-03-25",
            "review": "La casa es grande y espaciosa, falta cuidado en el jard\u00edn y mobiliario de cocina, es para 12 personas pero hay 6 sillas, faltan ollas, y algunas no estaban limpias, lo mismo que el lavavajillas estaba sucio y no pudimos utilizarlo, el patio estaba sin mantencion y con residuos de construcci\u00f3n o sea  sin habilitar, hay humedad en la primera habitaci\u00f3n de abajo por lo mismo el olor a humedad se siente al entrar a la casa, si se reparan estar situaciones la casa quedar\u00eda  habilitada perfectamente"
        },
        {
            "name": "Jessica",
            "date": "2022-04-11",
            "review": "Aarons place was perfect for our stay, he was always very responsive and replied super fast. The house is big and has lots of room for everyone and their belongings, there are also plenty of bathrooms so no one is ever left waiting. The kitchen is spacious and great for socialising as well as the big garden. The house is a short walk from Osterley tube station which is then only around 30 mins into central london! The area is quiet but still close to london so suited us perfectly. There is also shops and take aways near by, as well as efficient quick Ubers. Towels based on bed numbers not occupants so be sure to pack some extras, as well as some slippers for the wooden floors. Some essentials are also needed like hand soap, hand towels and extra toilet roll. Would recommend Adam\u2019s place and love to stay again in future!"
        },
        {
            "name": "Helen",
            "date": "2022-04-14",
            "review": "A spacious house which could be a good place to stay, with a few adjustments."
        },
        {
            "name": "Katey",
            "date": "2022-04-17",
            "review": "Great place, lots of space for groups, so your not all on top of eachother, massive garden too so great for summer"
        },
        {
            "name": "Tracey",
            "date": "2022-05-01",
            "review": "The house was very clean and well situated. It has great parking and easy check-in. On the down side: there were not enough towels (only 1 per double bed). And only 6 chairs for dining and no iron. Also, you could feel the springs in the mattresses and the back garden decking was very unloved."
        },
        {
            "name": "Mohd Fuad",
            "date": "2022-05-03",
            "review": "I found this place to be very clean and comfortable. You could tell that Aaron made sure that the place is very clean."
        },
        {
            "name": "Arturo",
            "date": "2022-05-15",
            "review": "Really nice staying"
        },
        {
            "name": "Chandra",
            "date": "2022-06-12",
            "review": "Aaron communicates well and was very helpful. Has fast responses and detailed replies to any queries"
        }
    ]
}