{"id": 549306932488199200, "listing_url": "https://www.airbnb.com/rooms/549306932488199200", "name": "Single Room, Access to Garden -Hampstead Heath", "description": "This special place is close to everything, making it easy to plan your visit.<br /><br /><b>The space</b><br />Smokers live in the property and smoking is permitted in the room - please open the back door to let air in  :-) we also have a small dog staying called chino who\u2019s very cute and friendly<br /><br /><b>Guest access</b><br />Back door or front door is ok", "host_name": "Natasha", "host_id": 210700348, "host_url": "https://www.airbnb.com/users/show/210700348", "host_picture_url": "https://a0.muscache.com/im/pictures/user/69774ab1-2adf-4638-9283-f48254418ae3.jpg?aki_policy=profile_x_medium", "neighbourhood_cleansed": "Camden", "latitude": 51.55288, "longitude": -0.15199, "property_type": "Private room in townhouse", "room_type": "Private room", "accommodates": 1.0, "bathrooms": 1.0, "bedrooms": 1, "beds": 1, "amenities": ["Extra pillows and blankets", "First aid kit", "Oven", "KRK speakers sound system with aux", "Fire extinguisher", "Hair dryer", "Wine glasses", "Dining table", "Hangers", "Cleaning products", "Dishes and silverware", "Luggage dropoff allowed", "Essentials", "Shampoo", "Cooking basics", "Bed linens", "Carbon monoxide alarm", "Bathtub", "Shower gel", "Heating", "Wifi", "Long term stays allowed", "TV", "Hot water kettle", "Microwave", "Portable fans", "Refrigerator", "Room-darkening shades", "Outdoor dining area", "Iron", "Body soap", "Drying rack for clothing", "Kitchen", "Clothing storage: closet and wardrobe", "Stove", "Toaster", "Conditioner", "Dedicated workspace", "Hot water", "Washer", "Private fenced garden or backyard", "Shared patio or balcony", "Smoke alarm", "Laundromat nearby", "Dryer", "Outdoor furniture", "Freezer"], "price": 55.0, "numbers_of_review": 29.0, "review_scores_rating": 4.59, "reviews": [{"name": "Julius", "date": "2022-01-31", "review": "Natasha was great , very helpful and friendly ! Real star ! \ud83c\udf1f <br/>Had a great two day stay , close to station, and quite area \ud83d\udc4d\ud83c\udffd"}, {"name": "Yuka", "date": "2022-02-08", "review": "I had a wonderful stay.<br/>Natasha,my room host, was very kind and friendly and her employees who lived with us were also kind.<br/>The check in and check out was flexible and she changed it for me.<br/>I will definitely visit her flower shop soon. Thank you so much!"}, {"name": "Tony", "date": "2022-03-07", "review": "Thks Natasha. Great host. Best Wishes. TC"}, {"name": "Sion", "date": "2022-03-21", "review": "Amazing, fun and chilled environent. Clean, great bed and coffee and tea offered. Natasha was great for a chat and went beyond to make me feel at home."}, {"name": "Lois", "date": "2022-03-22", "review": "A cosy, comfy single room in a warm, welcoming household.<br/>This room is a gem of a find in a very expensive part of London. There\u2019s desk space to work and a comfy single bed. If you\u2019re travelling solo for business or just fun this is a perfect space that will allow you to stay in a really trendy London borough on a budget.<br/>Natasha was just the loveliest host - a fabulous communicator, she even allowed me to check in a little early. Everything was freshly cleaned and laundered in the room and I had a clean towel provided. I was given a cup of tea on arrival and even invited to share dinner! The bathroom is shared but there was a great shower and plenty of hot water.<br/>You should be aware that some of the household smoke - there was no smell in the room - so if you are super-sensitive to that then this may not be the place for you. I\u2019m a non-smoker and it didn\u2019t bother me.<br/>I would definitely use Natasha again if I\u2019m in this part of London."}, {"name": "Diane", "date": "2022-03-25", "review": "Natasha and her housemates are lovely and very welcoming. Communication was excellent and I will definitely stay again if I\u2019m in the area. Room was clean and comfortable."}, {"name": "Natalie", "date": "2022-04-07", "review": "Truely an amazing and lovely host. Natasha drove me to a pharmacy for a migraine, leant me a jacket for the cold and was just so friendly and her girls were so kind and helpful too (asking if I wanted anything from the shop etc!) the room was so cosy too. I really enjoyed my stay here."}, {"name": "Stephen", "date": "2022-04-08", "review": "Natasha is a very friendly bubbly girl,  excellent  communication , the room in her house was clean and tidy and convenient  for my purpose  as i was going to see a band at the kentish town forum which was a 15 mins walk away, would stay again if i was coming to the area in the future"}, {"name": "Mark", "date": "2022-04-10", "review": "Natasha is an absolute gem and the room is a 'does what it says on the tin' job. Highly recommend."}, {"name": "Alex", "date": "2022-04-13", "review": "Natasha is a lovely, welcoming host. Comfy bed and super convenient location just around the corner from Gospel Oak overground. Thanks!"}]}