{
    "id": 552130542422658434,
    "listing_url": "https://www.airbnb.com/rooms/552130542422658434",
    "name": "Minimalist but fully equipped flat-workspace",
    "description": "This is my home I am renting out while travelling, so there are some caveats, such as it is rather minimalistic and more tailored for work with the large living room being used as office/studio. But it does have everything for comfortable long-term living.<br /><br />It's a unique home in a unique area with some nice extras \u2013 not for everyone but might well be this is exactly what you're looking for.<br /><br />The price reflects this and it's even better value for money when rented for 1 month or more.<br /><br /><b>The space</b><br />Simple and spacious one-bedroom flat with a bright living room that is being used as office/studio. There\u2019s also modestly fitted out kitchen and full bathroom with a bath. Additionally, there\u2019s a large balcony with magnificent views towards the city.<br /><br />There\u2019s gas heating that you can adjust to your needs, washing machine, single induction plate for cooking (and enough of kitchenware), fridge with freezer, hoover (and other cleaning tools), puri",
    "host_name": "Egons",
    "host_id": 6222309,
    "host_url": "https://www.airbnb.com/users/show/6222309",
    "host_picture_url": "https://a0.muscache.com/im/users/6222309/profile_pic/1440370046/original.jpg?aki_policy=profile_x_medium",
    "neighbourhood_cleansed": "Bexley",
    "latitude": 51.49632,
    "longitude": 0.12591,
    "property_type": "Entire rental unit",
    "room_type": "Entire home/apt",
    "accommodates": 2.0,
    "bathrooms": 1.0,
    "beds": 1,
    "price": 60.0,
    "numbers_of_review": 7,
    "review_scores_rating": 4.5,
    "reviews": [
        {
            "name": "Yuliia",
            "date": "2022-06-19",
            "review": "Really friendly guy, was always approachable with all problems that I had, helped to set up in London. The flat is in the nice, quiet area, well-connected with the central London using Elizabeth line.  In reality was looking the same as on the listing photos."
        },
        {
            "name": "Richard",
            "date": "2022-08-15",
            "review": "Great place, quiet neighbourhood.<br/>Exactly as advertised. <br/>Great caring host. <br/>Had to do some cleaning, but overall I would recommend it."
        },
        {
            "name": "Sergiane",
            "date": "2023-01-10",
            "review": "This is the TRUE concept of what an Airbnb should be: staying at someone's place while they are away! We really enjoyed our days here - it gave us the feel of living and commuting in greater London. The description is accurate, and communication was fantastic. The location is a quick 10-min walk to the Abbey Wood train station on the Elizabeth line, where you can also find a huge grocery store."
        },
        {
            "name": "Saiful",
            "date": "2023-01-25",
            "review": "Convenience, comfort, and whimsy"
        },
        {
            "name": "\ud615\uc900",
            "date": "2023-02-15",
            "review": "\uc219\uc18c \uadfc\ucc98\uc5d0 \ub2e4\ub2c8\ub294 \uc5d8\ub9ac\uc790\ubca0\uc2a4 line\uc740 \ub9e4\uc6b0 \uae68\ub057\ud569\ub2c8\ub2e4. \ub610, \uac70\uc8fc\uc9c0\uc5d0 \uc704\uce58\ud574 \ub300\ud615 \ub9c8\ud2b8\uac00 \uc788\uc5b4\uc694. \ub2e4\ub9cc \uc9c0\ud558\ucca0 \uc5ed\uae4c\uc9c0\ub294 \ub3c4\ubcf4\ub85c 10\ubd84 \uc815\ub3c4 \uac78\uc5b4\uac00\uc57c \ud569\ub2c8\ub2e4. \ub2a6\uc740 \uc800\ub141(\uc624\ud6c4 11\uc2dc \uc774\ud6c4)\uc5d0\ub294 \ubc16\uc5d0 \uc0ac\ub78c\uc774 \uc5bc\ub9c8 \uc5c6\uc5b4 \ubb34\uc12d\uae34 \ud588\uc2b5\ub2c8\ub2e4. \uc695\uc870\uac00 \uc788\uc5b4 \ubaa9\uc695\uc744 \uc990\uae38 \uc218 \uc788\uc2b5\ub2c8\ub2e4. \ub2e4\ub9cc \uc0e4\uc6cc\uac00 \ubd88\uac00\ub2a5\ud55c\uc810\uc740 \uc54c\uc544\ub450\uc2dc\uae38 \ubc14\ub78d\ub2c8\ub2e4. \ud638\uc2a4\ud2b8\ub2d8\uc740 \ub9e4\uc6b0 \uce5c\uc808\ud588\uace0, \ubc14\uc05c \uc640\uc911\uc5d0\ub3c4 \uc9c0\uc18d\uc801\uc73c\ub85c \uc5f0\ub77d\uc744 \uc92c\uc2b5\ub2c8\ub2e4. \uc88b\uc740 \uacbd\ud5d8\uc774\uc5c8\uc2b5\ub2c8\ub2e4."
        },
        {
            "name": "Metin",
            "date": "2023-06-16",
            "review": "Egons was a great Host very nice, friendly and helpful. I definitely recommend his flat. Thank you."
        },
        {
            "name": "Chao",
            "date": "2023-09-27",
            "review": "Egons is a very communicative and nice host. The place is affordable for owning the whole space, good privacy and great working environment. (although the Wifi is not ideal). Easy to access with Elizabeth Line, from the place to station you can ride the bicycle Egons provided then it takes no longer than 5 mins. A big supermarket is next to the station."
        }
    ]
}