{
    "id": 556967891139921825,
    "listing_url": "https://www.airbnb.com/rooms/556967891139921825",
    "name": "THE WESTBOURNE RESIDENCES - Hyde Park FLAT E5AF3",
    "description": "Newly furbished lower ground floor one bedroom flat situated in an excellent Zone 1 location, a stone\u2019s throw from Hyde Park and Lancaster Gate Station. This modern and stylish flat comprises of a living area and separate room with  a double bed and carpeted floors, a separate kitchenette and en-suite bathroom.<br />The kitchen has everything you may need for your stay including an electric hob, microwave, toaster, fridge, kettle, cutlery, cups, plates and basic pots & pans.",
    "host_name": "Natalie",
    "host_id": 369643178,
    "host_url": "https://www.airbnb.com/users/show/369643178",
    "host_picture_url": "https://a0.muscache.com/im/pictures/user/9476ff67-c3c3-4c72-9606-35f1bc432ec4.jpg?aki_policy=profile_x_medium",
    "neighbourhood_cleansed": "Westminster",
    "latitude": 51.5122,
    "longitude": -0.17737,
    "property_type": "Private room in serviced apartment",
    "room_type": "Private room",
    "accommodates": 2.0,
    "bathrooms": 1.0,
    "beds": 1,
    "price": 149.0,
    "numbers_of_review": 11.0,
    "review_scores_rating": 4.73,
    "reviews": [
        {
            "name": "Michael",
            "date": "2022-05-12",
            "review": "A great little spot for any traveller"
        },
        {
            "name": "Ninke",
            "date": "2022-05-27",
            "review": "Nice appartment. Neat and enough space for two. Very good bed!"
        },
        {
            "name": "Meg",
            "date": "2022-05-29",
            "review": "Great location and Natalie was great to communicate everything with us before our stay. Check-in process was super simple and the flat was clean and exactly as the photos! <br/>Perfect for our weekend in London and bonus that it is right next to Hyde park!"
        },
        {
            "name": "Douglas",
            "date": "2022-06-15",
            "review": "Great location.  Only minutes from Paddington Station.  Hyde Park, Kensington Palace, Portobello Market, Oxford Street, Harrods, Natural Science Museum, and more, all within 40 minutes walk (2 mile  radius).  Sainsbury, M&S markets close by at Paddington Station for groceries.  Japanese, Italian, Middle Eastern restaurants close by.  Lots of Chinese restaurants on Queensway.  Place was clean and stocked with utensils, cookware and towels for guests.  Maid service from hotel above.  Kitchen workable if like to cook own meals.  Only drawback being that it's a lower ground unit with only one window and door to a courtyard, so get use to looking at the walls,  and no TV in the living room or bedroom.  Would've been nice to have a TV, but my laptop and Netflix sufficed.  Has a small work desk for business travelers.  Unit set back from the street, so it's very quiet.  Access to a very very small courtyard, but will need to bring out a chair from inside.  Place has A/C, nice on those hot London days or after a brisk walk.  Great for two adults and one child. Would stay here again.  Thank you Natalie."
        },
        {
            "name": "Peta",
            "date": "2022-06-20",
            "review": "Great apartment, quiet, clean and very comfortable. Great location close to tube stations and buses. Natalie was very quick with communication and helpful. Would stay there again."
        },
        {
            "name": "Danni",
            "date": "2022-07-08",
            "review": "Amazing location! Great flat with everything we needed for our stay.  Great communication as well. Highly recommend."
        },
        {
            "name": "Manika",
            "date": "2022-07-21",
            "review": "\ud83d\udc4d"
        },
        {
            "name": "Ubai",
            "date": "2022-08-14",
            "review": "The location was a few short minutes from the Lancaster Gate underground. Although the space was tight, it was comfortable for two. <br/>The french doors in the bedroom opened into the open-to-the-sky, albeit below the ground-level area. <br/>There were just enough kitchen utensils for two. You need to get more silverware if you have a guest for dinner. <br/>Natalie promptly replied to our messages. <br/>If you are looking to stay downtown, it is a great area."
        },
        {
            "name": "Lorna",
            "date": "2022-08-18",
            "review": "It is a great stay! Is is right next to the metro too. Natalie is very responsive and gives you everything you need. It is also attached to a hotel and made the check in process easy! Would stay again :)"
        },
        {
            "name": "Elvina",
            "date": "2022-08-21",
            "review": "Hotel propre, personnel accueillant et arrangeant. <br/>La chambre et la literie \u00e9taient convenable, petit salon et cuisine au top et fonctionnel. Salle de bain propre et pratique. Des finitions \u00e0 revoir car sur quelques murs il y avait des traces d'enduit. <br/>Proche de la bouche de m\u00e9tro Lancaster Gate ( 3min \u00e0 pied)  qui se trouve au centre de Londres. Pratiques pour visiter Londres.<br/>Quartier calme proche de Nothing Hill."
        }
    ]
}