{"id": 557878446014025753, "listing_url": "https://www.airbnb.com/rooms/557878446014025753", "name": "NEW Cosy 3BR Apartment With Private Garden In Olympic Park", "description": "Professionally managed by @meadoluxrentals<br /><br />- Modern new build (2022)<br />- Ideal for families with free baby crib and high chair available on request<br />- Own private garden<br />- 3 bedrooms, 2 modern bathrooms (1 en-suite)<br />- Modern fully equipped kitchen with Siemens oven, Nespresso machine, fridge freezer, toaster and much more<br />- Siemens washer/dryer inside apartment's utility room for free private use<br />- Full accessibility with step-free access<br />- Large 4K Samsung Smart TV including all the major streaming apps<br />- Underfloor heating<br />- Floor-to-ceiling windows<br />- On the doorstep of Olympic Park, playgrounds, shopping centre, cinema, casino and many top restaurants and bars<br />- Reach central London in 15min<br />- Free in-stay cleaning for stays over 7 nights<br /><br />It's all part of the Meado Experience.<br /><br /><b>The space</b><br />This apartment is ideal for small families, couples and friends who wish to make the most of mode", "host_name": "Raf", "host_id": 5218685, "host_url": "https://www.airbnb.com/users/show/5218685", "host_picture_url": "https://a0.muscache.com/im/pictures/user/84816927-70da-4318-8e8b-27b3d05e01ba.jpg?aki_policy=profile_x_medium", "neighbourhood_cleansed": "Newham", "latitude": 51.54862, "longitude": -0.01494, "property_type": "Entire rental unit", "room_type": "Entire home/apt", "accommodates": 5.0, "bathrooms": 2.0, "bedrooms": 3, "beds": 3, "amenities": ["Window guards", "Extra pillows and blankets", "First aid kit", "Oven", "Cleaning before checkout", "Fire extinguisher", "Hair dryer", "Baby bath", "Private entrance", "Hangers", "Table corner guards", "49\\ HDTV with Roku", "standard cable", "HBO Max", "Amazon Prime Video", "premium cable", "Netflix", "Apple TV", "Chromecast", "Crib", "Dishes and silverware", "Luggage dropoff allowed", "Essentials", "Outlet covers", "Shampoo", "Cooking basics", "Single level home", "Bed linens", "Babysitter recommendations", "EV charger", "Carbon monoxide alarm", "Bathtub", "Heating", "Wifi", "Shared pool", "Children\u2019s books and toys", "Coffee maker", "Free dryer \u2013 In unit", "Dishwasher", "Game console", "Pack \u2019n play/Travel crib", "Shared gym nearby", "Long term stays allowed", "Microwave", "Refrigerator", "Room-darkening shades", "Changing table", "Private patio or balcony", "Iron", "Kitchen", "BBQ grill", "Stove", "Dedicated workspace", "Hot water", "Private fenced garden or backyard", "Paid parking off premises", "Baby monitor", "Children\u2019s dinnerware", "Smoke alarm", "Lockbox", "Free washer \u2013 In unit", "High chair", "Portable air conditioning", "Cable TV"], "price": 506.0, "numbers_of_review": 10, "review_scores_rating": 5.0, "reviews": [{"name": "Fakir", "date": "2022-03-02", "review": "The house is amazing and clean, with all necessary amenities to help me make myself at home! Raf was of great help with providing cleaning services and an extension of stay, and quick with attending to any issues, would definitely stay again!"}, {"name": "Fakir", "date": "2022-03-23", "review": "Very nice place to stay with good surroundings. RAF was great communicator and service provider and would love to come back again."}, {"name": "Oluwafolakemi", "date": "2022-04-17", "review": "A truly gorgeous apartment! Location is PERFECT. 7 to 10 minute walk to Mall and Shopping Centre. Lots and lots of places to find different things to eat. A brilliant play ground in the Olympic park 1 minute away from apartment; other play areas/grounds (for variety) literal minutes away from the apartment. Super close to station, nice and quiet neighborhood, and most importantly a wonderful host! <br/>Definitely looking forward to staying again."}, {"name": "Christine", "date": "2022-06-17", "review": "Amazing place and exactly as advertised. The unit exceeded expectations. This is my second stay with Meado property and we will definitely be back. Communication was great and property amenities are excellent. The area is a gem with lots of things to do close by, restaurant, parks, transit. Thank you for an amazing 3 weeks."}, {"name": "Jamilah", "date": "2022-07-01", "review": "I traveled to London with my family (my husband, our 1 year old daughter, and our 70 year old moms). I needed a place that was wheel chair accessible, clean, comfortable and appropriate for young children. And I'm very picky :) We were extremely pleased with our accommodations. Raf is an incredible host. He was extremely responsive and accommodating. The place was very clean, the beds were comfortable, and the water pressure and temperature were amazing! While the place is on the smaller side, it felt so big because of the really smart design choices. The location was perfect - close to parks, a mall with everything you need, and major transportation (tube, etc.). The only thing that would have made out stay better was bigger and softer towels. I would definitely stay again!"}, {"name": "Onyi", "date": "2022-07-07", "review": "Home was exceptionally clean. We enjoyed our stay."}, {"name": "Pam", "date": "2022-07-14", "review": "Traveled to London for work and found the apartment to be clean, comfortable and in a convenient neighborhood within walking distance to shops and public transportation. Unfortunately the temperatures for the week were abnormally high so the apartment got warmer than usual, although the portable AC unit and fan helped (no central AC or blackout curtains).  However, it would be an ideal rental for typical seasonal weather!"}, {"name": "Catherine", "date": "2022-10-30", "review": "This location was a revelation for us.  The Olympic Park is really beautiful and the proximity to restaurants, shopping and transport while still beng close to nature was fantastic.  The apartment was well equipped and comfortable.  After our booking was accepted by Raf, I was confused by other people emailing me, asking for a selfie and my passport details. I hadn't come across this in previous AirBnB bookings.  However once we were there all was fine and Raf was pleasant, polite, responsive and available.   We stayed almost three weeks and we would definitely return."}, {"name": "Sonya", "date": "2023-01-11", "review": "Thoroughly enjoyable long term stay with a great host. Highly recommend !"}, {"name": "QMTaiN", "date": "2023-02-06", "review": "\u8bbe\u65bd\uff1a\u867d\u7136\u5899\u76ae\u6709\u70b9\u810f\uff0c\u4f46\u662f\u80fd\u7406\u89e3\uff0c\u6bd5\u7adf\u4e0d\u592a\u597d\u6e05\u7406<br/>\u4f4d\u7f6e\uff1a\u79bb\u5730\u94c1\u7ad9\u5f88\u8fd1\uff0c\u6b65\u884c6\u5206\u949f\u5de6\u53f3\u5c31\u80fd\u5230"}]}