{"id": 56229, "listing_url": "https://www.airbnb.com/rooms/56229", "name": "Cosy Double studio in Zone 2 Hammersmith (1)", "description": "<b>The space</b><br />Thestudio is located in Hammersmith. Hammersmith is a leafy Borough on the North Bank of the River Thames. The extensive transport links make it a convenient base to explore London. The studios are only a 3 minute walk from public transport & only minutes away by underground & bus from top London attractions of Kensington, South Kensington, Knightsbridge as well as central London a 15-20 minute ride away. Closer to home HMV Apollo is a 5 minute walk. Locally there is a large selection of restaurants & local pubs. <br /><br />Locally 3 minutes walk you have Kings Mall Shopping Centre with numerous stores as well as a large supermarket. You will find a wealth of restaurants catering for every conceivable taste only a few minutes walk away. Local bars & pubs are plentiful & all within minutes walk away; only 5 minutes by tube. To the north is Shepherds Bush with it's fabulous Westfield Mall. The largest urban shopping centre in Europe with 250 50 restaurants & a mult", "host_name": "Boris", "host_id": 216660, "host_url": "https://www.airbnb.com/users/show/216660", "host_picture_url": "https://a0.muscache.com/im/pictures/user/bd588187-c697-4e62-85ed-dcf0b237d34c.jpg?aki_policy=profile_x_medium", "neighbourhood_cleansed": "Hammersmith and Fulham", "latitude": 51.49547, "longitude": -0.22942, "property_type": "Entire rental unit", "room_type": "Entire home/apt", "accommodates": 2.0, "bathrooms": 1.5, "bedrooms": 1, "beds": 1, "amenities": ["First aid kit", "Cleaning before checkout", "Fire extinguisher", "Paid washer", "Hair dryer", "Hangers", "Dishes and silverware", "Luggage dropoff allowed", "Essentials", "Shampoo", "Cooking basics", "Carbon monoxide alarm", "Heating", "Long term stays allowed", "TV", "Microwave", "Refrigerator", "Iron", "Kitchen", "Fast wifi \u2013 67 Mbps", "Hot water", "Smoke alarm", "Dryer", "Paid parking garage off premises"], "price": 56.0, "numbers_of_review": 57.0, "review_scores_rating": 4.67, "reviews": [{"name": "Oliver", "date": "2010-10-26", "review": "nice, completely incompliated accommodation, well kept and well located... would come back any time..."}, {"name": "Jan Danilo", "date": "2010-11-16", "review": "The stay in Boris' studio flats was very pleasant. The room was very clean and not noisy at all. Furthermore, Boris is very helpful. The experience was much better than most low budget hotels in London can offer. Hammersmith is close to the city by tube and offers a variety of very nice pubs. We really enjoyed our stay and would recommend Boris' studio to everyone.   "}, {"name": "Marcos", "date": "2010-12-06", "review": "great welcome, great place to stay. Will certainly repeat."}, {"name": "Tea", "date": "2011-03-06", "review": "Staying  at  Boris' studio flat was really great experience . The room was very clean and cosy . Boris was very helpful  . We really enjoyed our stay and would recommend Boris' studio to everyone.\r<br/>Regards \r<br/>Tea "}, {"name": "Camilla", "date": "2011-03-15", "review": "Very clean and comfortable accommodation:) This studio is small but well furnished. There is everything you need. Boris is a great host: always kind and helpful. We have had a great time here. The surrounding area is quiet and pretty. The house is perfectly located a few minutes walk from Hammersmith tube station and the King's Mall. "}, {"name": "Marcin", "date": "2011-04-01", "review": "My Stay at Aviva Studio 1 was perfect. It's a quite and clean place, close to Underground. "}, {"name": "Kate", "date": "2012-05-17", "review": "This was my 2nd time staying at Aviva studios, i have no complaints at all whatsoever.  Excellent standard and a decent price, Boris & his wife are lovely and very accomodating, i have reccomended this to my colleagues to stay when they have to come to London."}, {"name": "Nigel", "date": "2012-09-22", "review": "This was a fantastic Airbnb experience - Boris replied really quickly, accommodated my changing arrival time, and met me as planned at the property. He's a really friendly guy too. The room was exactly as advertised, really clean, comfortable, quiet, great shower... I was only staying for 1 night so wasn't too worried about things like storage, but I noticed that there was a pretty decent-sized  wardrobe that would definitely have been big enough for a large suitcase, so would be ideal for longer stays too. All in all, I can't fault a single thing about it. Boris's studios will be top of my list whenever I need to be in London in the future. Thanks!"}, {"name": "Cherry", "date": "2013-07-08", "review": "The location is perfect for seeing London's many tourist attractions, it's approx. 20-30 minutes from central London and Heathrow.  The apartment is only 5 minutes walk from the Hammersmith tube station and other public transportations, very convenient for exploring the area.  20 minutes walk to one of the largest shopping mall where you can shop until you drop with restaurants and bar/pubs galore to relax should you need to rest in between shopping.\r<br/>The apartment is very clean and well equipped for all you need. The host were very polite and helpful for any enquires you might have for places to eat or places to visit.\r<br/>\r<br/>I recommend this place to anyone visiting London."}, {"name": "Stacey", "date": "2013-12-02", "review": "We enjoyed our stay in the apartment. It was easy to find and in a very convenient location. It was clean and had everything we needed. Borris and his wife were good hosts. They allowed us to store our luggage when we arrived early which was a big help to us. They also have a very friendly Cavalier named Buster who greeted us warmly when we arrived :)"}]}