{"id": 563476995873999504, "listing_url": "https://www.airbnb.com/rooms/563476995873999504", "name": "Stylish 3 bed home w/ open plan kitchen & patio", "description": "This stylish home, recently renovated to a very high standard and equipped with state of the art appliances, is perfect for a family or a group of up to 6 people. It has everything for those who want to be comfortable, who enjoy cooking and entertaining, but is also a great jumping off point to get into central London fast (less than a 4 mins walk to the Elizabeth Line and you'll be in Liverpool Street in 11 mins and central London soon after). Plus 5 mins walk is the spacious Wanstead Flats.<br /><br /><b>The space</b><br />The space is equipped with all the amenities for a family or group to have a wonderful stay. The kitchen has high spec appliances for those who enjoy cooking - Siemens inbuilt appliances and Bora hob on the island. The breakfast nook has a Dualit coffee machine, Dualit toaster, Vitamix blender and Magimix food processor. There is also a Heston gas BBQ on the patio and outdoor furniture for those who prefer to eat outside.<br /><br />The front room is an inviting sp", "host_name": "David", "host_id": 358206262, "host_url": "https://www.airbnb.com/users/show/358206262", "host_picture_url": "https://a0.muscache.com/im/pictures/user/31694cd9-9871-4a69-b3cc-d30cd5aedf30.jpg?aki_policy=profile_x_medium", "neighbourhood_cleansed": "Newham", "latitude": 51.55163, "longitude": 0.02915, "property_type": "Entire townhouse", "room_type": "Entire home/apt", "accommodates": 6.0, "bathrooms": 2.5, "bedrooms": 3, "beds": 3, "amenities": ["First aid kit", "Barbecue utensils", "Bora induction stove", "Fire extinguisher", "Hair dryer", "Wine glasses", "Dining table", "Hangers", "Piano", "Cleaning products", "Dishes and silverware", "Luggage dropoff allowed", "Essentials", "Shampoo", "Cooking basics", "Bed linens", "Clothing storage: dresser and closet", "55\\ HDTV", "Carbon monoxide alarm", "Bathtub", "Indoor fireplace", "Central heating", "Wifi", "Coffee maker", "Free dryer \u2013 In unit", "Dishwasher", "Hot water kettle", "Bidet", "Microwave", "Room-darkening shades", "Private patio or balcony", "Siemens oven", "Iron", "Body soap", "Kitchen", "BBQ grill", "Toaster", "Conditioner", "Security cameras on property", "Dedicated workspace", "Hot water", "Washer", "Board games", "Private fenced garden or backyard", "Smoke alarm", "Sonos", "Bose", "Starck Bluetooth sound system", "Ethernet connection", "Outdoor furniture", "Freezer", "Siemens refrigerator"], "price": 279.0, "numbers_of_review": 9, "review_scores_rating": 5.0, "reviews": [{"name": "Jingyun", "date": "2022-04-24", "review": "Beautiful house with all essential electronics. 5 min walk to the rail and I\u2019d recommend this house to all visitors!"}, {"name": "Gerald", "date": "2022-05-27", "review": "This may be the most beautiful house I have ever stayed in. David is an incredible host and the house is literally perfect. In the morning, there are robot cleaning systems that clean the floors in the communal areas which was pretty cool. The kitchen is spacious and had a full pantry stocked for us on arrival which was extremely helpful and saved us some money. I recommend this property for anybody looking to stay in london. Its worth every penny."}, {"name": "Geert", "date": "2022-07-28", "review": "We had the most wonderful stay in this super comfortable house! The photos on the internet give a true and perfect image of the house. Comfortable beds, perfect showers and all the equipment needed!<br/>Although the house seems rather distant from London city centre, transport is very efficient. There are some basic shops in the neighbourhood but the large shopping mall in Stratford is only 2 stops on the Elizabeth line and it only takes 15 minutes to get back from the shopping centre to the house.<br/>If you want to avoid the expensive and hectic city centre, this house is a perfect starting point to explore Greater London!<br/>Communication with David was superb!"}, {"name": "Jason", "date": "2022-09-17", "review": "Great host with great property"}, {"name": "Jack", "date": "2023-05-04", "review": "Wonderful stay. An incredible property spotlessly clean. David couldn't do enough to help us before, during and after the trip. Highly recommend."}, {"name": "Alexander", "date": "2023-06-04", "review": "Modern renoviertes Haus bei dem einiges der urspr\u00fcnglichen Bausubstanz beibehalten wurde.<br/>Gut erreichbar, da U-Bahn nur 5 Minuten zu Fu\u00df entfernt. Genau wie Einkaufsm\u00f6glichkeiten, Restaurants und Take Aways.<br/>Vorab gab es von David, der immer schnell erreichbar war, sehr gute Instruktionen und Erl\u00e4uterungen zum Haus. Alles war sehr sauber und an Ausstattung hat uns nichts gefehlt.<br/>Gerne bei Gelegenheit wieder."}, {"name": "Eva", "date": "2023-06-23", "review": "David was a fantastic and super responsive host. Our stay was very comfortable and felt like a home away from home. The home is meticulously maintained and is just as it is depicted in the photos, so you can book with confidence. The location is only a very short walk to the tube station on the great new Elizabeth line. I would definitely book again without hesitation."}, {"name": "Abisola A.", "date": "2023-07-27", "review": "My sons and I stayed at David\u2019s place for 8 days in London. From the start, he was extremely helpful and super responsive.<br/>David\u2019s home is exactly as depicted in the pictures-luxurious, warm, cozy and welcoming. This was our first stay at an Airbnb and David has ensured this won\u2019t be our last. You\u2019re awesome David; thanks for having us. See you when next we\u2019re in London."}, {"name": "Illimar", "date": "2023-08-13", "review": "Amazing place with a great host who communicates clearly and is quick to respond."}]}