{"id": 564424856745069268, "listing_url": "https://www.airbnb.com/rooms/564424856745069268", "name": "Charming, Peaceful Room 25 mins to London", "description": "Beautifully decorated large double room with private lounge area, stylish and peaceful for our guests. Enjoy easy access to everything from this centrally located place.<br /><br />We offer everything from bathrobes to tea and coffee to make your stay a dream luxury experience home from home.<br /><br />We have 5 star reviews which is testament to our important standards for out guests.<br /><br /><b>The space</b><br />Impressive and homely.  you'll enjoy every moment in our beautifully designed luxury rooms. Within 10 minute walk away from station to London (15mins train away)<br /><br /><b>Guest access</b><br />Our family home is kept immaculately clean and tidy. Guests can eat outdoor food in the kitchen. Please note we also offer exceptionally tasty home cooked meals.<br /><br /><b>Other things to note</b><br />We do have some house rules:<br />1) no personal guests (unless booked through Airbnb)<br />2) no smoking in the property<br />3) no shoes to be worn around the house<br />4", "host_name": "Nadi", "host_id": 67395081, "host_url": "https://www.airbnb.com/users/show/67395081", "host_picture_url": "https://a0.muscache.com/im/pictures/user/4139b2aa-8528-4590-bce6-c4d6e7e73365.jpg?aki_policy=profile_x_medium", "neighbourhood_cleansed": "Croydon", "latitude": 51.35209, "longitude": -0.08393, "property_type": "Private room in home", "room_type": "Private room", "accommodates": 2.0, "bathrooms": 1.0, "bedrooms": 1, "beds": 1, "amenities": ["Extra pillows and blankets", "First aid kit", "Paid washer \u2013 In unit", "Hair dryer", "Hangers", "Cleaning products", "Dishes and silverware", "Luggage dropoff allowed", "Essentials", "Free parking on premises", "Shampoo", "Free street parking", "Clothing storage: closet", "Bed linens", "Shower gel", "Bathtub", "Wifi", "Heating", "Coffee maker", "Backyard", "Long term stays allowed", "Microwave", "Portable fans", "Iron", "Body soap", "Lock on bedroom door", "Conditioner", "Dedicated workspace", "Hot water", "Laundromat nearby", "Outdoor furniture"], "price": 48.0, "numbers_of_review": 15.0, "review_scores_rating": 4.73, "reviews": [{"name": "\u0399\u03c9\u03ac\u03bd\u03bd\u03b7\u03c2", "date": "2022-02-25", "review": "Great apartment .."}, {"name": "Johanna", "date": "2022-02-28", "review": "Nadi's place is nice and comfortable, I recommend it."}, {"name": "Chrissy", "date": "2022-04-09", "review": "As a woman traveling alone, it was amazing to be in this comfortable Airbnb with a family environment! Neighborhood was clean and peaceful. They were very caring and had advice for a newcomer like myself. Also got to try delicious Persian food for the first time \ud83d\ude0a."}, {"name": "Shaun", "date": "2022-05-06", "review": "Great value for money, accurate description, host, Nadi, is great and can\u2019t do enough for you. Very quick to respond. The location is beautiful and quiet, very safe. <br/>I would highly recommend this place to anyone."}, {"name": "Ste", "date": "2022-05-15", "review": "Can\u2019t praise enough! Wonderful from start to finish :) highly recommend. Hopefully will return soon!"}, {"name": "Matthew", "date": "2022-06-11", "review": "Great place. Very clean and quiet area."}, {"name": "Kayode", "date": "2022-06-19", "review": "amazing house in an amazing location. The hosts were fantastic"}, {"name": "Liz", "date": "2022-06-25", "review": "Lovely welcoming home, with all one needs for a comfortable and peaceful stay"}, {"name": "Jehan", "date": "2022-07-03", "review": "Perfect spot close to London. The room and facilities were excellent - comfortable, tastefully decorated and spotlessly clean. Nadi was very responsive and accommodating. Highly recommend."}, {"name": "Keira", "date": "2022-07-05", "review": "This is a beautiful apartment that gets great afternoon sunshine. The quiet residential area makes this a very like-home stay. Comfy bed and very clean bathroom. Nadi was extremely helpful and quick to respond to questions. One thing to note is that this place is about 45-hour from London by train, but the trains come quite frequently. Probably much easier with a car to drive to the train station. <br/>Overall, a great place for folks looking for a clean, quiet, and homey space."}]}