{
    "id": 566431446998403977,
    "listing_url": "https://www.airbnb.com/rooms/566431446998403977",
    "name": "Harrow Office-Apart.D",
    "description": "A bright spacious  interior design studio office flat near centre of London, with many pubs, restaurants, cafes and independent shops around. The apartment is new renovated on the ground floor with office style desks in living room. Bus stop is located  just outside transporting to centre, around 10 mins walk to Royal Oak and Westbourne Park underground metro station. Double bed with thick mattress. Equipped kitchen, living room and modern shower room. Facilities for your comfort stay in London.",
    "host_name": "Alexander",
    "host_id": 465092,
    "host_url": "https://www.airbnb.com/users/show/465092",
    "host_picture_url": "https://a0.muscache.com/im/users/465092/profile_pic/1335740950/original.jpg?aki_policy=profile_x_medium",
    "neighbourhood_cleansed": "Westminster",
    "latitude": 51.52298,
    "longitude": -0.1971,
    "property_type": "Entire rental unit",
    "room_type": "Entire home/apt",
    "accommodates": 3.0,
    "bathrooms": 1.0,
    "beds": 1,
    "price": 94.0,
    "numbers_of_review": 27.0,
    "review_scores_rating": 4.44,
    "reviews": [
        {
            "name": "Brittney",
            "date": "2022-03-07",
            "review": "unfortunately our group has a less than pleasant review due to 2 horrible experiences we endured with the host. the unit does look as pictured however this is an office building. meaning it is noisy and high traffic. the windows look into a hallway which always has the lights on so you never sleep in darkness the office hallway lights shine into the windows and the bed is very hard. the TV is not positioned well because you can not watch TV from the couch or bed. we arrived after the checkin time and still the unit was not ready for checkin. we had to wait in the cold for someone to deliver keys after hours. the landlord also entered the unit unannounced while we were undressed which is beyond terrifying to have someone open the door without knocking or consent. 2 men barged in a unit of 3 women not a pleasantly memorable vacation to say the least"
        },
        {
            "name": "Max",
            "date": "2022-03-14",
            "review": "We had a great time in London and in the apartment. This was one of the few accommodations where it was actually better than the pictures suggested. Clean, enough space, a great tv and a modern bathroom and kitchen."
        },
        {
            "name": "Riquelbin",
            "date": "2022-03-24",
            "review": "Mala"
        },
        {
            "name": "Carlota",
            "date": "2022-03-27",
            "review": "Fantastic"
        },
        {
            "name": "Mark & Lara",
            "date": "2022-04-03",
            "review": "Jurgita was very responsive and helpful, making arrival and departure painless. She also helped solve a couple issues that came up very quickly. The place is a converted office, as the listing states, but everything is quite new and nicely furnished. The location is great for access to Central London or anything around the area. Overall, this was a very good value.<br/>A few amenities listed for the place were missing (no hair dryer or iron, though strangely there was a new ironing board). Not a big deal but we would have packed a hair dryer and less-wrinkled clothes had we known. The kitchen is nicely appointed, with adequate dishes, cutlery, pots and pans, and a few utensils. The washing machine was very helpful but there was no way to dry clothes apart from hanging things on chairs and hooks, etc.<br/>The coffee maker is a small Tassimo machine, which makes great coffee, but the pods are hard to find nearby. Plan to bring some with you or you can find them at larger grocery stores in town. There are small, but convenient places to shop very close to the flat for normal needs.<br/>One thing we found frustrating at night was the very bright, white light coming in through a large window facing into the central hallway. There are attractive shutters on the window but it feels like broad daylight when you're trying to sleep. We recommend a blackout shade or similar to the host. There is one light switch for the whole hallway leading to multiple flats and it's located by the main front door of the building. If you're lucky, you can flip it off at midnight and no one will turn it back on. :-)"
        },
        {
            "name": "Minerva",
            "date": "2022-04-06",
            "review": "The apartment was very cozy, big enough for the 3 of us, warm as soon as we step in, with everything we needed. <br/>The owners explain to us how to get there fast and easy, so friendly and polite!.<br/> When we told them there was a problem, they fixed it on the same day.<br/>When we had a question, answer back in the same day!!.<br/>Definitely booking again with them.<br/>Thanks a lot!! Made the trip so much more enjoyable !"
        },
        {
            "name": "Susannah",
            "date": "2022-04-15",
            "review": "The apartment is just as presented! The lights in the corridor do turn off, if you switch them off.<br/>The communication was very easy! And the possibilities to travel into the city are very close and it\u2019s only a short travel."
        },
        {
            "name": "V\u00edctor",
            "date": "2022-04-18",
            "review": "We had a very good experience in London and we enjoyed a lot the apartament"
        },
        {
            "name": "Johanne",
            "date": "2022-04-23",
            "review": "Nouvel appartement, propre, bien situ\u00e9 \u00e0 Londres.  Jurgita communique rapidement et nous a permis de d\u00e9poser nos bagages plus t\u00f4t pour mieux profiter de Londres. Comme il s'agit  d'un nouvelle unit\u00e9, des petites am\u00e9liorations seraient \u00e0 pr\u00e9voir comme un store plus assombrissant (apporter un loup).  C'est un appartement que je recommande sans h\u00e9sitation.<br/>Merci Jurgita.<br/>Johanne, Qu\u00e9bec, Canada"
        },
        {
            "name": "Markus",
            "date": "2022-04-26",
            "review": "Everything was fine! :)"
        }
    ]
}