{"id": 567509660621590064, "listing_url": "https://www.airbnb.com/rooms/567509660621590064", "name": "Central & Modern 2 BRs & 2 Bths Apt in a 2F House", "description": "Beautifully presented throughout, this stunning luxury 2 bedroom house benefits from generous bedrooms, 2 en-suites, well equipped open-plan kitchen. Step inside a well presented and modern home, perfect for a family or friends meeting in London. Located in well-connected Pimlico with generous private space as well as a charming living room.<br /><br /><b>The space</b><br />LIVING AND EATING <br />The flat has been luxury and modern interior design to an extremely high standard. Personal touches and English charm set amongst a neutral palette design make for a light, welcoming living room. This room has an opened planed kitchen with full equipment and a dining table which can be seat for 6-8 people comfortably. It\u2019s a perfect place for sociable cooking and dining . You will also find microwave, plates and cups, perfect for quick meals during busy days exploring the city that is just outside your doorstep.<br /><br />BEDROOMS & BATHROOMS <br />This flat has 2 bedrooms. The master suite ", "host_name": "Joel", "host_id": 22412846, "host_url": "https://www.airbnb.com/users/show/22412846", "host_picture_url": "https://a0.muscache.com/im/pictures/user/f5f97252-0fdb-442c-8941-fb6e22f349e8.jpg?aki_policy=profile_x_medium", "neighbourhood_cleansed": "Westminster", "latitude": 51.48869, "longitude": -0.13082, "property_type": "Entire loft", "room_type": "Entire home/apt", "accommodates": 5.0, "bathrooms": 2.5, "bedrooms": 2, "beds": 2, "amenities": ["Oven", "Hair dryer", "Dining table", "Wifi \u2013 36 Mbps", "Cleaning products", "Dishes and silverware", "Luggage dropoff allowed", "Essentials", "Shampoo", "Cooking basics", "Carbon monoxide alarm", "Trash compactor", "Heating", "AC - split type ductless system", "Dishwasher", "Long term stays allowed", "Keypad", "TV", "Microwave", "Refrigerator", "Iron", "Kitchen", "Dedicated workspace", "Hot water", "Washer", "Smoke alarm", "Dryer", "Freezer", "Pocket wifi"], "price": 368.0, "numbers_of_review": 2, "review_scores_rating": 5.0, "reviews": [{"name": "Charles", "date": "2022-04-11", "review": "FANTASTIC, <br/>Lovely place, great location and the host have were great with communication would definitely recommend and hope to stay again in the future !"}, {"name": "Nga", "date": "2023-10-08", "review": "Nice apartment, the communication  with Joel was fluid and responsive. <br/>As you can see in the photos the second bathroom is under the roof so just be careful while climbing. <br/>The apartment is situated near a metro station so easy to access. <br/>I recommend this apartment."}]}