{
    "id": 573203795994244484,
    "listing_url": "https://www.airbnb.com/rooms/573203795994244484",
    "name": "Cally Bigz",
    "description": "A centrally located apartment and room with quick access to all the tourist attractions.  Kings Cross st Pancras station is just down the road (10mins walk).<br /><br /><b>The space</b><br />This room is quite a Big warm  but open room so if you like space then you will not be disappointed. A very suitable accommodation for  2 friends, couples, business person on a short or long trip to London and pretty much just need a room to sleep, rest, relax and chill before launching themselves back out into the exciting city of London. <br /><br />Pillows, Bed-Sheets, Towels and Toilet roll are supplied with the room<br /><br />There is also access to the garden  for a few treats or to simply hang out for a little time. <br /><br />Also access to wifi is included.<br /><br /><br />TOURIST ATTRACTIONS AGAINST TIME TO GET THERE FROM FLAT<br /><br />------------------------------------------------------------------------------------------<br /><br />Popular London Eye ------ 30mins (Tube-train)<br",
    "host_name": "Alex",
    "host_id": 62956417,
    "host_url": "https://www.airbnb.com/users/show/62956417",
    "host_picture_url": "https://a0.muscache.com/im/pictures/user/bd6821f6-3ee9-40e9-9892-17fa2662844f.jpg?aki_policy=profile_x_medium",
    "neighbourhood_cleansed": "Islington",
    "latitude": 51.53464,
    "longitude": -0.11729,
    "property_type": "Private room in rental unit",
    "room_type": "Private room",
    "accommodates": 2.0,
    "bathrooms": 1.5,
    "beds": 1,
    "price": 46.0,
    "numbers_of_review": 52.0,
    "review_scores_rating": 4.37,
    "reviews": [
        {
            "name": "Annabelle",
            "date": "2022-03-09",
            "review": "Great location, large room, very good communication and simple check in."
        },
        {
            "name": "Philipp",
            "date": "2022-03-14",
            "review": "Nice location and good value for money"
        },
        {
            "name": "Kevin",
            "date": "2022-03-15",
            "review": "Alex\u2019s place was fine.  Everything was accurately described.  It\u2019s good for a night or two - I just stayed for the one night.  I didn\u2019t meet Alex but he was easy to contact and very responsive so I have no complaints."
        },
        {
            "name": "Davide",
            "date": "2022-03-24",
            "review": "Alex is super brilliant. Really detailed informations and easy to check in. I waited a little bit to receive infos, but I suggest him"
        },
        {
            "name": "Celine",
            "date": "2022-03-27",
            "review": "alex was a great host! hard to find something else this cheap and central! I highly reccomend his room!"
        },
        {
            "name": "Ender",
            "date": "2022-03-29",
            "review": "Good stay! Alex was very friendly and helped us on our trip. The room was clean and comfortable. Added to this that in the pictures you can't see the garden, where I smoke without go outside."
        },
        {
            "name": "Mehdi",
            "date": "2022-04-04",
            "review": "Ma copine et moi m\u00eame avons occup\u00e9 cette chambre pendant 3 jours et c'est exactement ce qu'il faut pour un s\u00e9jour court : \u00e0 une dizaine de minutes de marche de la gare de King's Cross, l'appartement est tr\u00e8s bien situ\u00e9. <br/>Alex a \u00e9t\u00e9 r\u00e9actif \u00e0 nos diverses demandes et nous a fourni beaucoup de d\u00e9tails pour notre arriv\u00e9e, en vid\u00e9os et par \u00e9crit, ce qui nous a permis d'atteindre la chambre facilement et en parfaite autonomie. La chambre est spacieuse et confortable, cependant l'appartement baignait dans une mauvaise odeur due \u00e0 la cuisine effectu\u00e9e par ses autres occupants, ce qui a rendu le temps pass\u00e9 au sein de l'appartement moins agr\u00e9able. <br/>En conclusion cela reste un bon plan, le rapport qualit\u00e9 prix est tr\u00e8s correct surtout pour un emplacement pareil : nous recommandons cette chambre, qui est id\u00e9ale pour de courts s\u00e9jours :)"
        },
        {
            "name": "Ivan",
            "date": "2022-04-06",
            "review": "Just 30 minutes from the center, few minutes from St. Pancras Station. Room quite big, nice and quiet neighborhood. Quick and smart check in and easy communication with Alex."
        },
        {
            "name": "Theresa",
            "date": "2022-04-14",
            "review": "everything as expected, could be a bit cleaner but it was absolutely fine! communication was easy, the location is great, the room was spacious and the bed super comfy. I'll be coming back :)"
        },
        {
            "name": "Andy",
            "date": "2022-04-15",
            "review": "Thank you Alex for a great stay. <br/>Property was as described. Good location for kings cross and St Pancreas. <br/>Room was clean and tidy. Towels were provided as well as some toiletries. Shared toilet and bathroom but was still clean. Had use of kitchen for cups etc. <br/>Alex sent clear instructions and videos before arrival so was smooth arrival. <br/>Would definitely recommend.<br/>Thanks Alex"
        }
    ]
}