{"id": 574601908306351480, "listing_url": "https://www.airbnb.com/rooms/574601908306351480", "name": "Spacious garden flat in Camberwell", "description": "Spacious garden flat in a Victorian terrace between Camberwell and Brixton. There are many pubs, restaurants and shops in the surrounding areas. Ruskin Park is a five minute walk away and Brockwell Park is also close. The area is very well connected: Loughborough Junction and Denmark Hill stations are close by, and Brixton tube is a slightly longer walk away.<br /><br /><b>The space</b><br />The flat has a bedroom with a double bed, a working space and wardrobe. <br /><br />The second bedroom has a double sofa bed, a desk and a wardrobe.<br /><br />The living room has a big dining table (to seat 8\u201310 with the extender in) in the bay windows, a sofa bed and a tv. <br /><br />The kitchen is well equipped with lots of pots, pans and spices that you're welcome to use. We also have a bean to cup coffee machine. Please note that we do not have a microwave. <br /><br />The bathroom has some storage, a bathtub with a shower screen, a sink and a toilet.<br /><br />There's a quiet private garden", "host_name": "Erzsebet", "host_id": 40561428, "host_url": "https://www.airbnb.com/users/show/40561428", "host_picture_url": "https://a0.muscache.com/im/pictures/user/7122587f-c54b-4e8f-b950-9201bf5a379b.jpg?aki_policy=profile_x_medium", "neighbourhood_cleansed": "Lambeth", "latitude": 51.468092802000825, "longitude": -0.100711270515368, "property_type": "Entire condo", "room_type": "Entire home/apt", "accommodates": 4.0, "bathrooms": 1.0, "bedrooms": 2, "beds": 2, "amenities": ["Extra pillows and blankets", "Oven", "Barbecue utensils", "Hair dryer", "Wine glasses", "Dining table", "Private entrance", "Hangers", "Not sure body soap", "Cleaning products", "Dishes and silverware", "Luggage dropoff allowed", "Essentials", "Outdoor furniture", "Baking sheet", "Cooking basics", "Single level home", "Bed linens", "Clothing storage: dresser and closet", "Bathtub", "Shower gel", "Central heating", "Wifi", "Coffee maker", "Long term stays allowed", "Hot water kettle", "Refrigerator", "Room-darkening shades", "Outdoor dining area", "Private patio or balcony", "Not sure shampoo", "Kitchen", "Drying rack for clothing", "Bluetooth sound system", "BBQ grill", "Toaster", "Paid street parking off premises", "Dedicated workspace", "Hot water", "Board games", "Private fenced garden or backyard", "Gas stove", "Smoke alarm", "Free dryer \u2013 In building", "Free washer \u2013 In unit", "Laundromat nearby", "Not sure conditioner", "Cable TV", "HDTV with Amazon Prime Video", "Netflix", "Roku", "standard cable", "Freezer"], "price": 174.0, "numbers_of_review": 3, "review_scores_rating": 5.0, "reviews": [{"name": "Martyn", "date": "2022-06-05", "review": "A quirky, well-appointed apartment that had everything we needed for our trip. Our hosts were particularly helpful and provided us with a welcome pack which was a nice surprise. Given the location the apartment was definitively value for money. Overall highly recommended- would stay there again"}, {"name": "Marko", "date": "2022-07-17", "review": "Excellent flat in close enough to major London sights. Superb nice host with great communication. I truly recommend this place to any small group of family who wants to stay in really nice flat with great location!"}, {"name": "Sonia", "date": "2023-05-09", "review": "Le logement correspond parfaitement \u00e0 l\u2019annonce. Propre et bien situ\u00e9. <br/>Les h\u00f4tes sont tr\u00e8s sympathiques et disponible pour chacune  de nos questions.<br/>Je recommande sans probl\u00e8me ce logement."}]}