{"id": 577393733614042199, "listing_url": "https://www.airbnb.com/rooms/577393733614042199", "name": "Room available within a quiet 3-bedroom house.", "description": "Forget your worries in this spacious and serene space.", "host_name": "Nyasha", "host_id": 448404304, "host_url": "https://www.airbnb.com/users/show/448404304", "host_picture_url": "https://a0.muscache.com/defaults/user_pic-225x225.png?v=3", "neighbourhood_cleansed": "Newham", "latitude": 51.54149792054663, "longitude": 0.0501808010969072, "property_type": "Private room in home", "room_type": "Private room", "accommodates": 1.0, "bathrooms": 1.5, "bedrooms": 1, "beds": 1, "amenities": ["Extra pillows and blankets", "Hangers", "Cleaning products", "Dishes and silverware", "Essentials", "Shampoo", "Bed linens", "Carbon monoxide alarm", "Shower gel", "Bathtub", "Central heating", "Wifi", "Safe", "Long term stays allowed", "Refrigerator", "Body soap", "Kitchen", "Lock on bedroom door", "Conditioner", "Hot water", "Washer", "Clothing storage: closet and dresser", "Smoke alarm"], "price": 40.0, "numbers_of_review": 12.0, "review_scores_rating": 4.83, "reviews": [{"name": "Dolores", "date": "2022-03-15", "review": "This is really difficult as I want to be honest but, at the same time, don't want to savage a new host. Please take this as feedback upon which to improve. Listed as 'quiet' house but this was most definitely NOT the case, unfortunately.....doors slamming at 12.30am, loud convos before 6am between the host and her boyfriend, and loud movements in the early hours 6.30am (i.e. drawers opening and closing loudly, creaky floorboards, stomping on the stairs etc). When I raised this, I was told I was welcome to go elsewhere, which is an entirely hostile / defensive response to a genuine concern from a PAYING guest. The house is old and creaky but it very much felt as if no accommodations were made for having a paying guest in the house. The house itself is tired and in need of updating, as well as a good clean. I asked for a hoover for the room in which I stayed (as it looked as if it had NEVER been done) but it never materialised! One would think the host would've made their FIRST guest feel more welcome and to have made more of an effort but this wasn't to be, unfortunately. Also, I didn't get a key until day two, which was inconvenient as I then had to work around the host so not the best planning. It was clear I wasn't welcome anywhere but the room. My feelings are that the host wants to make the extra money but most definitely does not want the guests in reality. I had extremely low expectations anyway as you get what you pay for but my advice is to try something else as perhaps this isn't for you?"}, {"name": "Fathur", "date": "2022-04-17", "review": "A great place to stay, i like the bathroom because of its cleanliness, the room is comfortable."}, {"name": "Oliver", "date": "2022-05-02", "review": "Nyasha was lovely, it was exactly as expected and a good spot to stay in a nice enough area of London. exactly what you're expecting+ some and the host is lovely as well. really liked my time here tysm"}, {"name": "Ismail", "date": "2022-05-10", "review": "Nice room with good service. No different to a high star hotel."}, {"name": "Alenso Joy", "date": "2022-05-21", "review": "Great Experience"}, {"name": "Shepherd", "date": "2022-05-27", "review": "Nyasha is a wonderful,accommodative and welcome host.She is always available to assist.I felt very comfortable when I stayed at her place.I would recommend any would be guest to stay at her place."}, {"name": "Andrew", "date": "2022-05-29", "review": "The stay at Nyasha's was very good, the room was clean and had useful facilities. The location is great, with a choice of cafes/shops and restaurants nearby and also close to the tube station. I was attending an event at the Excel centre and this property is ideally placed for that. I found the bed very comfortable and the black-out curtains were great. My only suggestion would be a shaving mirror or mirror in the bathroom. However the stay was enjoyable and if I happen to stay at the excel centre again, I definitely will ."}, {"name": "Cheonuk", "date": "2022-06-07", "review": "Nice place!"}, {"name": "Conrad", "date": "2022-06-16", "review": "5 mins from the station, incredible hosts and clean room. Definitely would stay again."}, {"name": "Rauf", "date": "2022-06-19", "review": "Very pleasant,  clean, comfortable,  friendly and helpful."}]}