{"id": 583333, "listing_url": "https://www.airbnb.com/rooms/583333", "name": "London 5 ***** with Free Self Service Breakfast", "description": "We live in a 100 YEAR OLD  large semi detached Victorian house in the heart of East London and borders of Essex, Its  a magnificent location outside of the city but also within minutes to the city. It's very green and very diverse. You will see people from all walks of life. Behind our home we have a beautiful park that you can enjoy, it has a small boating lake, gym, tennis and basket ball courts , coffee shops and ample green space as well as a Mansion that you can visit for free<br /><br /><b>The space</b><br />We treat our Guests like family <br /><br />On offer is a tastefully decorated,very large beautiful spacious and unique room that benefits from large bay windows, a lovely Victorian fire place, and high coved ceilings. The room has benefited from total refurbishment in  Apr 2019.<br /><br />The room comprises of double bed and day bed which can double up or can be used as a single bed.<br /><br /><br />You also have access to the kitchen, beautiful large living-dining room an", "host_name": "Rafik And Evelin", "host_id": 2284487, "host_url": "https://www.airbnb.com/users/show/2284487", "host_picture_url": "https://a0.muscache.com/im/pictures/user/178a241e-a640-4428-84d3-5b23475d28c6.jpg?aki_policy=profile_x_medium", "neighbourhood_cleansed": "Redbridge", "latitude": 51.56872, "longitude": 0.0654, "property_type": "Private room in home", "room_type": "Private room", "accommodates": 4.0, "bathrooms": 1.0, "bedrooms": 1, "beds": 2, "amenities": ["Extra pillows and blankets", "First aid kit", "Oven", "Paid washer \u2013 In unit", "Hair dryer", "Wine glasses", "Dining table", "Hangers", "Cleaning products", "Dishes and silverware", "Luggage dropoff allowed", "Essentials", "Free parking on premises", "TV with standard cable", "Outdoor furniture", "Free street parking", "Cooking basics", "Bed linens", "Shower gel", "Heating", "Wifi", "Children\u2019s books and toys", "Coffee maker", "Long term stays allowed", "Hot water kettle", "Bidet", "Portable fans", "Microwave", "Refrigerator", "Host greets you", "Outdoor dining area", "Iron", "Body soap", "Drying rack for clothing", "Kitchen", "Stove", "Lock on bedroom door", "Toaster", "Breakfast", "Security cameras on property", "Dedicated workspace", "Hot water", "Private fenced garden or backyard", "Clothing storage: closet and dresser", "Shared patio or balcony", "Smoke alarm", "Laundromat nearby", "Paid dryer \u2013 In unit", "Cable TV"], "price": 65.0, "numbers_of_review": 147.0, "review_scores_rating": 4.88, "reviews": [{"name": "Nivedha", "date": "2013-10-08", "review": "It was a blast to stay with my cousine at Rafik's place. We really felt at home.. His girlfriend and he were so kind to us, they made our stay really comfortable! :) The city is 15-20 min from the city away, but it's good to stay with a little distance, because you get your own space and it's more quiet.\r<br/>Thank you for everything! :)"}, {"name": "Reuben", "date": "2013-10-10", "review": "We had a brilliant stay with Rafik and his lovely family. The room was very nice and the whole family was very accommodating. The facilities were also great, nice big kitchen and modern bathroom. The location is great as it is close to the Gants Hill central tube line straight into the city and main London attractions and a bus stop right outside. Also nice parks and peaceful neighborhoods nearby. Would definitely recommend it to others. "}, {"name": "Claudia", "date": "2013-10-29", "review": "This was my first Airbnb experience and it was incredible.  Rafik & Evelin are very gracious and generous hosts. The bedroom is spacious and very clean. So is the bathroom.  The house is in a great location with easy access to both the underground (Gant Hill) and rail (Ilsford).  There's a bus from either station if you don't want to walk that leaves you right in front of the house. They made all their food & fruits available to us, and were very helpful with directions to the main sights - Rafik also contacted me prior to my arrival to let me know to buy an Oyster card for transportation. We also made arrangements with Rakif to take us to an airport.  My brother and I really enjoyed our stay at Rafik and Evelin's.  I recommend them!"}, {"name": "David", "date": "2013-11-04", "review": "Rafik was fantastic - warm and very accommodating. Many thanks!!"}, {"name": "Wai Kwen", "date": "2013-12-04", "review": "I had the great good fortune to pick the most wonderful B&B place in Gants Hill, if not London. Rafik and Evelin went out of their way to make me feel welcome and relaxed throughout my stay with them. The room is clean, spacious, beautifully decorated and furnished (like the rest of the house) and I had a huge bathroom and shower all to myself. There was a giant flat screen TV in the bedroom and the WIFI worked a treat. I could join the family for breakfast or make my own meals; the atmosphere was always relaxed and friendly. With 9 buses stopping right outside the house and an underground train station 3 bus stops away, i was able to get around very easily with an Oyster card. I would definitely stay here again!    "}, {"name": "Sofie", "date": "2014-01-09", "review": "Me and my friend can truly recommend to stay with Rafik and his family, we had a great time the whole month we were staying there. They are very helpful, friendly, hospitable and kind. It's a very warm family and you feel very welcome, they offer you to eat with them and they let you take everything you need like bread, butter, milk, fruit etc. It's easy to get to London centre and the house is near many restaurants and supermarkets. The room they rent out is cosy, big and very nice. You have a large TV with a DVD and you also have a spacious, fresh bathroom. The whole family is very lovely and you will have a good time if you stay here"}, {"name": "Emeline", "date": "2014-01-26", "review": "We had a great stay at Rafik's home, we could enjoy real english way of life and share precious moments with them and their daughter Vanessa who was so nice with our two kids. We could use the kitchen and pick up graciously any food we needed for cooking, we really felt at home. The transport is not a problem and the place is not far from Stansted airport. Rafik proposed to give us a lift at our arrival which was perfect for us. Perfect place for a family of 4!"}, {"name": "Jens", "date": "2014-02-16", "review": "It was a true pleasure to stay with Rafik and his family in their large and comfy London Victorian home.  He is a very helpful and hospitable host and knows how to make a guest feel comfortable.  The b'n'b experience is so much better than a soulless hotel!"}, {"name": "Margreet", "date": "2014-02-28", "review": "Rafik and his family welcomed us with open arms in their home. We were treated like family, and they did everything to make our stay unforgetable. Evelyn even prepared a welcome diner despite our very late arrival. Our children were so happy to have a new friend in Vanessa! If we come back to London we will definetely come back to Rafik and his wonderful family. Highly recommended to stay with them! "}, {"name": "Michal", "date": "2014-03-03", "review": "We had a great time in Rafik & Evelina's place. They were very friendly and hospitable. Our children played with their daughter. The neighbourhood is very nice and the distance to both train (Ilford) and tube (Gants Hill) was easily walked even by our 4 year daughter. We are completely satisfied. \r<br/>\r<br/>If you are 2 adults, we recommend walking to Ilford and getting the Travelcard there, since then it's a rail ticket and could be used for \"2for1 london\" discounts, which can save you a lot of money."}]}