{
    "id": 595636819197439204,
    "listing_url": "https://www.airbnb.com/rooms/595636819197439204",
    "name": "MAYFAIR EXECUTIVE TWO BEDROOM APARTMENT WITH BA...",
    "description": "<b>The space</b><br />These Two apartments are exceptionally light and spacious. One is located on the Ground Floor with an Outside back building Terrace and the second is located on the first floor with an extensive front Balcony. Furnished for comfort and style, the apartments can accommodate a family of five.  The roomy living/dining area is fitted with high quality audio-visual system, including flat screen TV/DVD and a wide selection of free satellite channels. The main Bedroom is fitted with a King-size bed and TV, and the second bedroom with twin beds.  Each apartment includes two Bathrooms, one with EN-suite facilities.  The fully fitted Kitchen is equipped with modern facilities including a washing machine/dryer.<br /><br /><b>Guest access</b><br />20 Hertford Street serviced apartments offer space and a prime central London location. Ideal for corporate or leisure stays there is a choice of 9 spacious Studio, One, Two Bedroom and Three Bedroom apartments, all designed to maxi",
    "host_name": "Twenty",
    "host_id": 194094865,
    "host_url": "https://www.airbnb.com/users/show/194094865",
    "host_picture_url": "https://a0.muscache.com/im/pictures/user/9cbaf5d1-91fb-45f8-bb29-89533381f685.jpg?aki_policy=profile_x_medium",
    "neighbourhood_cleansed": "Westminster",
    "latitude": 51.50624,
    "longitude": -0.14847,
    "property_type": "Entire serviced apartment",
    "room_type": "Entire home/apt",
    "accommodates": 5.0,
    "bathrooms": 2.0,
    "beds": 3,
    "price": null,
    "numbers_of_review": 6,
    "review_scores_rating": NaN,
    "reviews": [
        {
            "name": "Paige",
            "date": "2022-11-06",
            "review": "We stayed here with two of our young teenage children and had a wonderful stay! The apartment location is amazing. You are walking distance from many pubs, restaurants, stores, and cafes. It is in a very posh area of London,  with many embassies in the area and along the same block. The apartment is spacious, stylish, and clean. They also provide housekeeping service to change out dirty towels for clean ones every other day or so, which was very nice!"
        },
        {
            "name": "Andrew",
            "date": "2023-01-22",
            "review": "Great place, very attentive hosts that made us feel at home. Plenty of space in the apartments to chill out in busy London for a little while."
        },
        {
            "name": "William",
            "date": "2023-05-26",
            "review": "Nice flat right in Mayfair central to that whole area. Very spacious flat for London. Smooth check in and check out. We were very pleased with the whole experience.  Would stay again and recommend to friends."
        },
        {
            "name": "Jim",
            "date": "2023-06-23",
            "review": "Wonderful staff, very flexible and helpful. Strongly recommended."
        },
        {
            "name": "Riyadh",
            "date": "2023-08-16",
            "review": "Prepare yourself for a five star stay! The upscale neighborhood , the Spacious apartment, 24 hours reception ( the receptionist was super nice) , housekeepers dropping by every day, elegant furniture and bvlgari shampoo and conditioner:) ,, also baby cots are available. Many restaurants and cafes near by,, parks and sightseeing .<br/>Definitely we will come back."
        },
        {
            "name": "Pat",
            "date": "2023-09-06",
            "review": "Great place and location!  Roomy and comfortable!"
        }
    ]
}