{"id": 597725180338900890, "listing_url": "https://www.airbnb.com/rooms/597725180338900890", "name": "Lovely room to rent in Edmonton", "description": "Furnished rooms available and will suit a professional.<br /><br />- 7 mins walk to Silver Street Overground Station (zone 3)<br />- 3 mins walk to North Middlesex University Hospital<br /><br />Ideal for anyone looking to visit or work in London.", "host_name": "Marlon", "host_id": 452701913, "host_url": "https://www.airbnb.com/users/show/452701913", "host_picture_url": "https://a0.muscache.com/im/pictures/user/29863092-c537-4026-8c83-1d3ee5d7ab7b.jpg?aki_policy=profile_x_medium", "neighbourhood_cleansed": "Enfield", "latitude": 51.6155, "longitude": -0.07437, "property_type": "Private room in condo", "room_type": "Private room", "accommodates": 1.0, "bathrooms": 1.5, "bedrooms": 1, "beds": 1, "amenities": ["Dedicated workspace", "Washer", "Long term stays allowed", "Smoke alarm", "Paid parking on premises", "Kitchen", "Central heating", "Wifi", "Lock on bedroom door"], "price": 40.0, "numbers_of_review": 3, "review_scores_rating": 4.0, "reviews": [{"name": "Joseph", "date": "2022-05-06", "review": "Value for money. Simple and convenient stay."}, {"name": "Taslima", "date": "2022-09-05", "review": "The host and the managingagent are not the same people and so communication between both of them was difficult. It seemed that my booking had not been relayed and the host had me double booked for the date (even though the calendar dates were free) and asked me to either change my dates or they could find me accommodation at a different location, which I wasn't comfortable with as I specifically booked that accommodation. I didn't change my location nor my dates and was given a refund by airbnb and booked elsewhere."}, {"name": "John Idan", "date": "2022-10-08", "review": "Host and the person with the keys are different people. Made trying to get hold of someone to get the keys a pain. It was a different room to the one advertised, in the same complex. Booked for two night, then was told I only had a room for one. No apology and had to find somewhere else for the next night, which was a very busy night."}]}