{"id": 604080492420319332, "listing_url": "https://www.airbnb.com/rooms/604080492420319332", "name": "8 Bed Mixed Dorm Lower Floors Shared Bathroom", "description": "**All guests must be between 18-40 years**<br /><br />With Victoria Station and Buckingham Palace a few minutes\u2019 walk away, Astor Victoria is the dream base in London! 24-hour transport to attractions, airports, coaches. The excellent local markets, restaurants, pubs, coffee shops and galleries, all within a 15-minute walk of Big Ben, will make you feel like a true Londoner! A knowledgeable staff who love the city and want it to share with you, there is no better place to stay in Central London!<br /><br /><b>The space</b><br />At our amazing hostel you will have full access to:<br /><br />\u2022 Free Fast Wi-Fi throughout the building.<br /><br />\u2022 A staff member is available 24 hours a day for emergencies, a number will be provided if you have any issues<br /><br />\u2022 CCTV in operation 24 hours<br /><br />\u2022 Storage lockers for your valuables (laptops, cameras, phones, etc) \u00a32 per day<br /><br />\u2022 Luggage storage available before check-in (free) and after checkout (same day as check-out \u00a32 ", "host_name": "Astor Victoria Hostel", "host_id": 98620628, "host_url": "https://www.airbnb.com/users/show/98620628", "host_picture_url": "https://a0.muscache.com/im/pictures/user/d33bacea-a8dd-464f-89fb-994295d8f170.jpg?aki_policy=profile_x_medium", "neighbourhood_cleansed": "Westminster", "latitude": 51.48913, "longitude": -0.13784, "property_type": "Shared room in hostel", "room_type": "Shared room", "accommodates": 8.0, "bathrooms": 1.0, "bedrooms": 1, "beds": 1, "amenities": ["First aid kit", "Oven", "Fire extinguisher", "Hair dryer", "Hangers", "Dishes and silverware", "Luggage dropoff allowed", "Essentials", "Cooking basics", "Bed linens", "Carbon monoxide alarm", "Wifi", "Heating", "Coffee maker", "Long term stays allowed", "TV", "Host greets you", "Microwave", "Refrigerator", "Room-darkening shades", "Iron", "Kitchen", "Stove", "Dedicated workspace", "Hot water", "Washer", "Paid parking off premises", "Smoke alarm", "Dryer"], "price": 29.0, "numbers_of_review": 23.0, "review_scores_rating": 4.3, "reviews": [{"name": "Alexandre", "date": "2022-05-22", "review": "A localiza\u00e7\u00e3o do hostel \u00e9 excelente, fica em um bairro bem legal, pode se chegar a diversos restaurantes a p\u00e9. A estrutura interna \u00e9 boa, equipada com todos os itens de cozinha que \u00e9 preciso."}, {"name": "Jack", "date": "2022-05-26", "review": "It\u2019s a hostel. Clean and in a good location"}, {"name": "Elvin", "date": "2022-06-06", "review": "Great location especially in central London. easy access to tube station. friendly staffas we check in and a lot of useful info and tips are given. would definitely come back again"}, {"name": "Reece", "date": "2022-06-12", "review": "great hosts"}, {"name": "Enrique", "date": "2022-06-15", "review": "I enjoyed my stayed"}, {"name": "Syed", "date": "2022-06-25", "review": "Great location and stay! One of the quieter hostels which attracted people older than 25."}, {"name": "Luis", "date": "2022-06-28", "review": "Good hostel in general. The staff is great! The bathrooms are so small."}, {"name": "Quoc Viet", "date": "2022-06-29", "review": "It\u2019s a good place to stay for a short trip in London with convenient location and friendly staff"}, {"name": "Jose", "date": "2022-07-01", "review": "Era lo que ofrec\u00edan en el anunciado. Todo Perfecto, limpio, oportuno, agradable, lo recomiendo!"}, {"name": "J", "date": "2022-07-05", "review": "It's worth the money. Walkable distance from Victoria station. The staff are awesome. I will recommend"}]}