{"id": 6179409, "listing_url": "https://www.airbnb.com/rooms/6179409", "name": "Kingston Double ~ Private Bathroom ~ Free Parking", "description": "WELCOME! COME AND STAY in our beautiful Edwardian home, full of character in Kingston, it is over 115 years old. Norbiton Station 7 min walk, 25 min journey to Waterloo. Kingston Hospital - 2 minutes walk away. We offer FREE PARKING*<br /><br />Lovely, spacious double with own private attached bathroom on top floor, all to yourself. Explore pubs, restaurants, shops, caf\u00e9s, markets, Rose Theatre, Hampton Court Palace, Wimbledon Tennis, Twickenham Rugby Stadium, the river Thames and beautiful Richmond Park.<br /><br /><b>The space</b><br />Our house is a home - it is lived in and loved, quirky and unique.  The room, with a very comfortable double bed, suitable for single person or a couple, is at the top of the house on 2nd floor, giving you your own space to relax in privacy.  The windows on opposing sides of the room, fill the space with light, both morning and evening.<br /><br />The room is clean and bright with a DOUBLE bed, firm orthopaedic mattress and memory foam mattress topper ", "host_name": "Charlie And Lee", "host_id": 32033043, "host_url": "https://www.airbnb.com/users/show/32033043", "host_picture_url": "https://a0.muscache.com/im/pictures/user/db51b355-f6a4-4f59-9280-fd2e0142227a.jpg?aki_policy=profile_x_medium", "neighbourhood_cleansed": "Kingston upon Thames", "latitude": 51.41742, "longitude": -0.28214, "property_type": "Private room in home", "room_type": "Private room", "accommodates": 2.0, "bathrooms": 1.0, "bedrooms": 1, "beds": 1, "amenities": ["Extra pillows and blankets", "Fireplace guards", "First aid kit", "Space made for some supplies refrigerator", "Fire extinguisher", "Hair dryer", "Dining table", "Hangers", "Cleaning products", "Cole & Lewis shampoo", "Dishes and silverware", "Luggage dropoff allowed", "Essentials", "Cooking basics", "Bed linens", "24\\ TV with standard cable", "Carbon monoxide alarm", "Bathtub", "Shower gel", "Indoor fireplace", "Central heating", "Free driveway parking on premises \u2013 1 space", "Wifi", "Safe", "Hot water kettle", "Microwave", "Portable fans", "Host greets you", "Room-darkening shades", "Cole & Lewis body soap", "Iron", "Drying rack for clothing", "Toaster", "Lock on bedroom door", "Breakfast", "Dedicated workspace", "Hot water", "Private fenced garden or backyard", "Clothing storage: closet and dresser", "Smoke alarm", "Laundromat nearby", "Outdoor furniture", "Cole & Lewis conditioner", "Pocket wifi"], "price": 57.0, "numbers_of_review": 122.0, "review_scores_rating": 4.99, "reviews": [{"name": "Gareth", "date": "2015-07-07", "review": "We booked this place, in order to beat the mad rush for the \"Wimbledon Queue\", but loved it so much we extended our stay, for another two nights. \r<br/>The room itself is large and bright, but being on it's own floor, made it so private. This spacious London family home also has a lovely garden,  free parking, choice of shower or bath and fast stable WiFi.  \r<br/>We found it so easy to get to Wimbledon and Central London (with Norbiton Train Station connecting to Vauxhall Underground Station on the Victoria Line)\r<br/>Lee and Charlie were wonderful hosts, and (unlike other hosts) even provided a much needed simple breakfast each morning.\r<br/>What more could you want? \r<br/>As for the tennis, we managed to get there so early and finally made it to Centre Court!\r<br/>We will definitely stay here next time in London. HIGHLY RECOMMENDED."}, {"name": "Jessamine", "date": "2015-07-11", "review": "Amazing. Lee and Charlie and the loveliest, caring and kind people. The room was perfect, they could not have been more accommodating. Only regret was not speeding more time there. "}, {"name": "Jens", "date": "2015-07-17", "review": "Charlie and Lee were wonderful hosts in their fantastic house. The room and its interior is of high standard and everything is as described. Everything was there, breakfast wonderful, convenient located with restaurants and public transportation nearby. Charlie and Lee were very helpful and  could give us valuable local information and were very interesting to talk to. Every time again!\r<br/>Christine and Jens\r<br/>"}, {"name": "Amy", "date": "2015-07-24", "review": "My boyfriend and I thoroughly enjoyed our stay at Charlie and Lee's home. We felt at home as they were very welcoming and the cosy room looked just like the photos! We were allowed the second floor to ourselves with choice of a bath or shower which made it feel very private. We were also given breakfast in the morning which was great as we needed it before our early flight. I also want to add that the hosts were very friendly and helped us out on what to do and where to go as it was our first time in London would highly recommend this accommodation."}, {"name": "Jens", "date": "2015-07-26", "review": "As always, Lee and Charlie were very welcoming, helpful and friendly which makes the stay very enjoyable and makes you feel at home. \r<br/>The room is big, nice and equipped with everything you need. Breakfast is ready prepared in the morning and varies from day to day. The whole house is wonderful and close to public transportations and restaurants. Lee and Charlie are interesting to discuss with and helped me a lot with providing me information about everything I asked them. Thanks a lot for everything!"}, {"name": "Cristina", "date": "2015-08-03", "review": "Great experience at Lee and Charlie's!! They're homemade wine is amazing! Such lovely hosts"}, {"name": "Martin And Carolin", "date": "2015-08-07", "review": "Lee and Charlie have been the most perfect hosts who made our stay in Kingston/London more like a visit to friends. Their large house has a beautiful charm, every room sparks an atmosphere of individuality and cosyness.\r<br/>We had inspiring and entertaining chats with them and they even shared some of their homemade wine with us during one of the late-night talks. We felt extremely welcome and couldn't have asked for more. No favour asked was too much and they offered their help all along! So sweet!\r<br/>The room is bright and spacious and although the amenities (e.g. bath and shower) were shared, we had the feeling as if we had everything to ourselves. \r<br/>The location is brilliant - just a few minutes walk to Norbiton station where trains take to directly to London/Waterloo. Almost at the back of their nice garden is Richmond Park, which is worth spending time at. Kingston itself is also well-worth a visit.\r<br/>We had the most fantastic time at Lee and Charlie's and would definitely come back!\r<br/>Thanks again for your sweet hospitality and the great chats with you! "}, {"name": "Min", "date": "2015-08-12", "review": "The best hosts ever. I'm really enjoy the time in Kingston. The room is lovely and comfortable."}, {"name": "Greg", "date": "2015-08-15", "review": "Fantastic home with first-class people.  Highly recommended!<br/>"}, {"name": "Nick", "date": "2015-09-15", "review": "We had a splendid time with Charlie and his wife Lee! The have a beautiful home with a nice garden. We enjoyed exchanging stories of Venice with them. The have a lovely fireplace which was really nice with a cup of tea. The room was everything we expected and they went out of their to make us feel at home. C&L let us check out late on our last day which was really appreciated as it was raining."}]}