{"id": 618504435202693533, "listing_url": "https://www.airbnb.com/rooms/618504435202693533", "name": "Large 1 Bed flat Discovery Dock with Balcony", "description": "Enjoy a luxury stay at our fully furnished and centrally located apartment.  Step out on your private balcony to enjoy the best views of London, or take a stroll only minutes away into London's thriving financial capital, Canary Wharf.<br /><br /><b>The space</b><br />Based on the 10th floor of  Discovery Dock West. Our large one bedroom apartment comes with a stylish contemporary bathroom and  exclusive access to high end amenities. <br /><br />With access to an open-plan living and dining area, you can make the most of our fully equipped kitchen, including a dishwasher, washing machine, microwave, oven and hob for cooking. <br /><br />Work comfortably whilst observing the view from the balcony or binge watch your favourite Netflix series with super-fast, privately secured Wi-Fi. <br /><br />Explore London, with only an 8 minute walk to South Quay DLR and Canary Wharf station.  Includes 24hr Concierge.<br /><br /><b>Guest access</b><br />Late check-out: A fixed fee of \u00a345 is applicabl", "host_name": "Zarif", "host_id": 415976297, "host_url": "https://www.airbnb.com/users/show/415976297", "host_picture_url": "https://a0.muscache.com/im/pictures/user/67de73f0-2d27-4e55-8abe-2e684b5f4b0b.jpg?aki_policy=profile_x_medium", "neighbourhood_cleansed": "Tower Hamlets", "latitude": 51.50235, "longitude": -0.01981, "property_type": "Entire condo", "room_type": "Entire home/apt", "accommodates": 2.0, "bathrooms": 1.0, "bedrooms": 1, "beds": 2, "amenities": ["Extra pillows and blankets", "First aid kit", "Dining table", "Paid parking lot off premises", "Hangers", "Cleaning products", "Dishes and silverware", "Essentials", "Stainless steel oven", "Cooking basics", "Bed linens", "Carbon monoxide alarm", "Bathtub", "Central heating", "Wifi", "Dishwasher", "Long term stays allowed", "TV", "Hot water kettle", "Microwave", "Refrigerator", "Host greets you", "Private patio or balcony", "Iron", "Kitchen", "Hot water", "Washer", "Clothing storage: closet and dresser", "Elevator", "Smoke alarm"], "price": 209.0, "numbers_of_review": 20.0, "review_scores_rating": 4.9, "reviews": [{"name": "Lucy", "date": "2022-06-10", "review": "We stayed here for 1 night but wish we could\u2019ve stayed much longer. The skyline view of Canary Wharf is beautiful! I could\u2019ve sat on the balcony all night just taking it all in - especially with the peace and quiet you get here. The apartment is on the 10th floor and the lift takes you pretty much straight to the door. We were given 2 sets of keys which was helpful. The place was kept very clean and was decorated nicely. The bed was big and comfortable, and the sheets were clean and very soft (as were the towels provided). The big windows brought in a lot of light and allowed great views from the comfort of your bed. The shower was clean and powerful. The bathroom has a lot of space for storage if you need it and a huge mirror. There\u2019s plenty of mirrors round the whole apartment too. There\u2019s a TV with Netflix etc and also a hi-fi system with great speakers to play your own music. The owners are lovely and welcoming. They were very helpful before arriving, giving us detailed directions and photos on how to find the apartments. They also gave suggestions on the quickest way of getting there via DLR. We didn\u2019t need any assistance when we were there, but they said they would be available for anything if needed. Tea, coffee and milk were available, as well as a fully kitted kitchen with cutlery, plates, pans and cleaning products. They also gave us a little hamper full of treats, which was a lovely touch! I highly recommend staying here and would say it was good value for money considering the location and views. Would definitely stay again!"}, {"name": "Rita", "date": "2022-06-14", "review": "The location of this apartment is very convenient, you can find variety of food and shopping centres. The hosts are very nice and they replied very quickly. The room is clean and has a marvellous view."}, {"name": "Chris", "date": "2022-06-15", "review": "Great apartment in a great location for The Wharf. Zarif does an excellent job in terms of communication and making sure you have what you need."}, {"name": "Amadeusz", "date": "2022-06-19", "review": "Alles ist exakt wie angegeben, von der Lage bis zur Sauberkeit. <br/>Der Ausblick vom Balkon ist einmalig und der Preis f\u00fcr Londoner Verh\u00e4ltnisse absolut vertretbar. <br/>Zarif ist eine sehr zuvorkommende Gastgeberin, stets erreichbar und antwortet durchgehend innerhalb von Minuten."}, {"name": "Sam", "date": "2022-06-24", "review": "Great location and a nice clean property. views are amazing. only issue we had is that there was no sofa bed as advertised in the listing during our stay but Zarif was able to source an airbed for us after the first night. great communication pre-stay as well."}, {"name": "Sarah", "date": "2022-06-26", "review": "I thoroughly recommend this apartment if you are looking to stay in London.<br/>We stayed for one night in June but could easily have stayed for longer. It\u2019s in a great location- a very short walk from the tube so you can easily get around. However as it\u2019s in a residential area it\u2019s also nice and quiet so you get the best of both worlds.<br/>The apartment itself is one of the nicest places I\u2019ve stayed- it\u2019s a really generous size and has all the facilities you could need. The view is stunning, we loved our coffee on the balcony overlooking the Thames- a great way to start the morning.<br/>It\u2019s clean and well looked after, with very generous touches to make you feel welcome.<br/>The communication from the host Zarif was faultless, she made sure we knew where to find the place and we were met on arrival to get settled in. <br/>You won\u2019t regret staying here, in fact we\u2019re looking to book a longer trip in the future."}, {"name": "Jorge", "date": "2022-06-30", "review": "Great place to stay"}, {"name": "Joe", "date": "2022-07-04", "review": "Nice flat. Great view. Has everything you need. <br/>Short walk from Canary Wharf station on The Jubilee Line. Neighborhood had food trucks, shopping, and good energy. <br/>You can also take the Thames Clipper from Canary Wharf pier into the City. Cool."}, {"name": "Ricky", "date": "2022-07-19", "review": "Thank you."}, {"name": "Ste", "date": "2022-07-24", "review": "Wow, I don't have enough good words to say about Zarif and her apartment. It was a beautiful location, the apartment was clean, tidy and everything it was described as, also the view from the balcony was lovely. Zarif, was extremely helpful and communicative and helped with anything I needed. I would recommend her and this lovely apartment to anyone visiting London. I would stay again 100%."}]}