{"id": 621376325371412565, "listing_url": "https://www.airbnb.com/rooms/621376325371412565", "name": "Tarragon Close- The perfect base for a London trip", "description": "Welcome to our home! <br /><br />This is the perfect base for your time in London. We are located in a quiet close with everything you need nearby (one stop from London bridge, walking distance to Greenwich, supermarket, coffee shops and pubs). Fully equipped kitchen, lovely garden to enjoy the sun and have a BBQ. Desk space to work from in the bedroom.<br /><br />NB. As this is our home, we will have our belongings in it but there will be plenty of space for your things.<br /><br /><b>Guest access</b><br />You will have exclusive use of the property but the second bedroom and the attic are off limits.<br /><br /><b>Other things to note</b><br />We will have our belongings in the house, but there will be drawer and hanging space for your clothes in the bedrooms and space in the kitchen for your things.", "host_name": "Amy", "host_id": 19611173, "host_url": "https://www.airbnb.com/users/show/19611173", "host_picture_url": "https://a0.muscache.com/im/users/19611173/profile_pic/1407401908/original.jpg?aki_policy=profile_x_medium", "neighbourhood_cleansed": "Lewisham", "latitude": 51.48033, "longitude": -0.04151, "property_type": "Entire home", "room_type": "Entire home/apt", "accommodates": 2.0, "bathrooms": 1.0, "bedrooms": 1, "beds": 1, "amenities": ["Oven", "Hair dryer", "Dining table", "Hangers", "Cleaning products", "Dishes and silverware", "Luggage dropoff allowed", "Essentials", "Outlet covers", "Free parking on premises", "Free street parking", "Cooking basics", "Bed linens", "Babysitter recommendations", "Carbon monoxide alarm", "Bathtub", "Central heating", "Wifi", "Dishwasher", "TV", "Hot water kettle", "Microwave", "Refrigerator", "Outdoor dining area", "Private patio or balcony", "Iron", "Kitchen", "Drying rack for clothing", "BBQ grill", "Stove", "Toaster", "Dedicated workspace", "Hot water", "Washer", "Pack \u2019n play/Travel crib - available upon request", "Clothing storage: closet and dresser", "Private fenced garden or backyard", "Fire pit", "Smoke alarm", "Lockbox", "Outdoor furniture", "Freezer"], "price": 170.0, "numbers_of_review": 2, "review_scores_rating": 5.0, "reviews": [{"name": "Janne", "date": "2022-06-30", "review": "We had a great stay at Amy\u2019s cute little house! It\u2019s in a nice, quiet family neighborhood but also super easy and quick to get into central London (just one stop to London Bridge). The little backyard is a big plus, especially during the summer. The kitchen was well equipped and we were even left with some cookies and milk, which was a nice welcome. There is a small park and a Sainsburys within walking distance. Amy was extremely quick and thorough in responding and providing a lot of information upfront. She was also super flexible. All in all we really enjoyed our stay and would recommend if you are looking for a quiet place in the heart of London!"}, {"name": "Christina", "date": "2023-07-07", "review": "My partner and I had a wonderful 6 week stay at Amy\u2019s! The location was great - in a peaceful little close, only a 10 minute walk from the Overground & a large supermarket, so getting into Central London was easy.<br/>The house was perfect for our needs - super homey and well stocked. Keep in mind this is definitely a lived-in family home (in contrast to some of the hotel-esque properties you can find on here) so there are family photos & all their belongings still on site. We didn\u2019t mind this at all of course, just something to keep in mind depending on what you\u2019re after. We would definitely be happy to stay here again if we\u2019re back in London!"}]}