{"id": 621433402966710002, "listing_url": "https://www.airbnb.com/rooms/621433402966710002", "name": "Lovely 2 bedroom condo in a gated Art Deco complex", "description": "Newly re furbished to a high standard, very central location, 2 min walk to Barons court tube, 5 min walk to Hammersmith hub.<br />Central London, Westend is a 10 min tube journey or a 30min walk. River Thames with its bars and restaurants is a 10 min walk. <br />Heathrow is 30min by tube or 15min by car. <br />Very spacious flat, 50inch TV, WIFI, Washer dryer, dishwasher, coffee machine. <br />Balocny and open green space on site.", "host_name": "Chris", "host_id": 140073893, "host_url": "https://www.airbnb.com/users/show/140073893", "host_picture_url": "https://a0.muscache.com/im/pictures/user/cff5333d-aa25-4bc0-9ecc-f089d1f48d09.jpg?aki_policy=profile_x_medium", "neighbourhood_cleansed": "Hammersmith and Fulham", "latitude": 51.49049, "longitude": -0.21209, "property_type": "Entire condo", "room_type": "Entire home/apt", "accommodates": 6.0, "bathrooms": 1.0, "bedrooms": 2, "beds": 3, "amenities": ["Oven", "Free washer", "Wine glasses", "Dining table", "Hangers", "Dishes and silverware", "Essentials", "Cooking basics", "Single level home", "Bed linens", "65\\ HDTV", "Clothing storage", "Carbon monoxide alarm", "Bathtub", "Wifi", "Coffee maker", "Free dryer \u2013 In unit", "Dishwasher", "Long term stays allowed", "Hot water kettle", "Microwave", "Refrigerator", "Host greets you", "Room-darkening shades", "Private patio or balcony", "Kitchen", "Paid street parking off premises", "Security cameras on property", "Hot water", "Elevator", "Smoke alarm", "Nespresso machine", "Freezer"], "price": 245.0, "numbers_of_review": 15.0, "review_scores_rating": 5.0, "reviews": [{"name": "Sergio", "date": "2022-06-04", "review": "I was happy to bring an excellent review to your aparment!"}, {"name": "Melanie", "date": "2022-06-12", "review": "Great location! Wonderful clean apartment! Very comfortable!<br/>Chris was super helpful too! Highly recommend"}, {"name": "Jean-Samuel", "date": "2022-06-24", "review": "Super stay!"}, {"name": "Tasha", "date": "2022-06-26", "review": "Great location , close to tubes <br/>Very clean, beds really comfy"}, {"name": "Johanna", "date": "2022-07-03", "review": "The location is fantastic. Literally 2 minute walk to the tube and 10 minutes on the tube to central London. Lots of small cafes  and groceries right around the corner. The apartment is great. Very clean and contains everything you need for a comfortable stay. Chris was very responsive and helpful. We would definitely stay there again."}, {"name": "Marc & Sophie", "date": "2022-07-08", "review": "Tr\u00e8s bel appartement, extr\u00eamement propre et soign\u00e9 ! Joliment d\u00e9cor\u00e9, balcon tr\u00e8s agr\u00e9able et appartement tr\u00e8s calme. Nous avons pass\u00e9 un agr\u00e9able moment avec nos trois enfants."}, {"name": "Rachel", "date": "2022-07-10", "review": "A beautifully clean and spacious flat in a gorgeous building. Chris was an excellent communicator and checking in and out was really easy. A lovely place to spend a few days"}, {"name": "Adam", "date": "2022-07-13", "review": "Great apartment and location. <br/> Very happy with the whole trip <br/>A*"}, {"name": "Fabien", "date": "2022-07-17", "review": "Great location on picadilly line. Easy access. Nice appartement with all that one family would need. Recently refurbished."}, {"name": "Noor", "date": "2022-08-05", "review": "We have thoroughly enjoyed our stay in this apartment. The apartment was clean and in a good location. Chris is a great host that responds quickly"}]}