{"id": 623885200042905752, "listing_url": "https://www.airbnb.com/rooms/623885200042905752", "name": "Two-Bedroom Apartment at Tobacco Dock", "description": "Your family will be close to everything when you stay at this centrally-located place.", "host_name": "Hillsquare", "host_id": 259638124, "host_url": "https://www.airbnb.com/users/show/259638124", "host_picture_url": "https://a0.muscache.com/im/pictures/user/7b49f37a-33cb-4db6-a361-fd4e0bc3c854.jpg?aki_policy=profile_x_medium", "neighbourhood_cleansed": "Tower Hamlets", "latitude": 51.51009, "longitude": -0.05676, "property_type": "Entire condo", "room_type": "Entire home/apt", "accommodates": 4.0, "bathrooms": 1.0, "bedrooms": 2, "beds": 6, "amenities": ["Essentials", "Dedicated workspace", "Oven", "Long term stays allowed", "Pack \u2019n play/Travel crib", "Building staff", "Microwave", "Refrigerator", "Cooking basics", "Smoke alarm", "Free street parking", "Hair dryer", "Private entrance", "Iron", "Hangers", "Dryer", "Crib", "Heating", "Stove", "Dishes and silverware"], "price": 336.0, "numbers_of_review": 1, "review_scores_rating": 5.0, "reviews": [{"name": "Louise", "date": "2022-07-04", "review": "Great location to Adelgate, Shoreditch and Spitalfields.  There are some great restaurants in these neighborhoods. With my office located in Adelgate Tower this was a great location to be based.  This condo is on the second floor so you do have to climb stairs to get to the unit - it wasn't difficult because the staircase is not narrow.  The condo is updated and modern."}]}