{"id": 6286953, "listing_url": "https://www.airbnb.com/rooms/6286953", "name": "Two Bed Georgian Flat in Finsbury Park/ Highbury", "description": "A beautiful 2 bedroom Georgian flat in North London just a short walk away from Finsbury Park and Arsenal tubes. 15 minutes to Oxford St.<br />A traditional terrace property comprises a fully fitted kitchen and a lovely lounge and dining room with Cable TV and a comfortable sofa. The two double rooms are bright, and spacious. One of which includes a desk and computer monitors. This property would be perfect for couples or a family. The flat is located on a quiet street with easy reach of green space.<br /><br /><b>The space</b><br />Amenities: <br />- Professionally cleaned<br />- Hotel-quality bed linen and towels<br />- 24/7 check-in as there is a lockbox with the keys<br /><br />Kitchen:<br />- Fully equipped<br />- Oven<br />- Stove<br />- Refrigerator<br />- Toaster<br />- Kettle<br /><br />Living room:<br />- Comfy sofa<br />- TV with Virgin media <br />- Comfy armchair<br />- Dining table for 6 <br /><br />Bedroom 1:<br />- Double bed<br />- Desk with Samsung computer monitors f", "host_name": "James", "host_id": 32681704, "host_url": "https://www.airbnb.com/users/show/32681704", "host_picture_url": "https://a0.muscache.com/im/pictures/user/f25a249c-db55-4950-9409-9ae273a95b59.jpg?aki_policy=profile_x_medium", "neighbourhood_cleansed": "Hackney", "latitude": 51.56213, "longitude": -0.09869, "property_type": "Entire rental unit", "room_type": "Entire home/apt", "accommodates": 4.0, "bathrooms": 1.5, "bedrooms": 2, "beds": 2, "amenities": ["Extra pillows and blankets", "First aid kit", "Oven", "Fire extinguisher", "Hair dryer", "Hangers", "Dishes and silverware", "Luggage dropoff allowed", "Essentials", "Shampoo", "TV with standard cable", "Cooking basics", "Bed linens", "Carbon monoxide alarm", "Wifi", "Heating", "Coffee maker", "Long term stays allowed", "Microwave", "Refrigerator", "Iron", "Kitchen", "Stove", "Hot water", "Washer", "Paid parking off premises", "Smoke alarm", "Dryer", "Lockbox", "Cable TV"], "price": 130.0, "numbers_of_review": 8.0, "review_scores_rating": 5.0, "reviews": [{"name": "Jenny", "date": "2015-07-07", "review": "We stayed whilst attending a festival at Finsbury Park. This was my first experience of Airbnb. We were made to feel very welcome and at ease throughout our stay. The room was very comfortable and the bathroom and kitchen were very clean. The local area has nice cafes and there are two parks nearby. \r<br/>\r<br/>The flat has easy and fast access to central London via the underground and buses. I would stay here again! "}, {"name": "Alexandra", "date": "2018-05-28", "review": "Amazing apartment in a fantastic location. James and his team were very quick to respond to us and gave perfect instructions and great tips for the area. Great price for such a gem of an apartment, we will definitely be returning!"}, {"name": "Millie", "date": "2018-07-01", "review": "James' flat is a quick 10 minute walk from Finsbury Park station, perfect after travelling up after work on a Friday. The location was perfect, allowing quick over ground routes across to Shoreditch, Camden, Hampstead Heath etc. Our main reason for visiting was to attend Community Festival at Finsbury Park on Sunday 1st July which was only a 5 minute walk from the front door. <br/>Having stayed Friday to Sunday with Liam Gallagher playing on the Friday and  Stone Roses on the Saturday we were all pleasantly surprised to find you can't hear the gigs from the flat itself - it was a very peaceful but convenient location. <br/>The flat was beautifully well kept, very clean, tidy and had everything possible we could have needed for a weekend away. I would definitely recommend staying at James' flat, it felt like a home from home."}, {"name": "Eric", "date": "2018-07-14", "review": "Lovely place to stay and really nicely looked after."}, {"name": "Stephen", "date": "2018-07-17", "review": "Excellent apartment, spacious.<br/>The location is superb a few minutes walk to the tube station.  A large park close-by.  Lots of shops nearby.<br/>"}, {"name": "Ronen", "date": "2018-08-08", "review": "Beautiful and the well-equipped apartment. 5 minute walk from Finsbury park underground station.  James and his team had very quick and efficient answers to any question we asked them at any time. <br/>I guess we will have to come back :)"}, {"name": "Nicole And Dru", "date": "2018-09-23", "review": "Lovely apartment, accessible  to everything. Well stocked if you forget sugar or something basic. Excellent communication and easy check in and check out. We rented a parking space in the neighborhood for about $15 a day. It was family friendly but because there are some delicate items and stairs in the center, it may not be suitable for very young children, people with limited mobility or the very rambunctious child. However being situated between two large parks means there are plenty of outdoor spaces for children to run. We would stay again if given the opportunity."}]}