{"id": 631622117314574189, "listing_url": "https://www.airbnb.com/rooms/631622117314574189", "name": "Wicked double room in the heart of Hackney Wick", "description": "The house is situated in the heart of Hackney Wick on the top floor of 3 stores building. My boyfriend and I are sharing the space.<br />It's perfect if you are travelling for leisure or for business and you need to stay in London for short term. <br />Private parking is also available.<br />The apartment is large and bright from natural lights. the canal is just 1 minutes away, if you fancy running or walking. Bars and restaurants are also walking distance. Hackney wick station is less than 5 minutes away .<br /><br /><b>The space</b><br />The apartment has a large living room with  2 sofas and a big dining table by the window with my beautiful plants!!<br />Fully furnished Kitchen with all appliance for cooking delicious meals available.<br />There is large corridor ideal to storage bikes and shoes.<br />The double room has a glass desk, frames on the wall and little plants. It's cosy and has a window facing East. Also a small private toilet with shower.<br /><br /><b>Guest access</b", "host_name": "Claudia", "host_id": 72895657, "host_url": "https://www.airbnb.com/users/show/72895657", "host_picture_url": "https://a0.muscache.com/im/pictures/user/21f68e4b-7bf4-4fb0-8c44-1cf16c908575.jpg?aki_policy=profile_x_medium", "neighbourhood_cleansed": "Hackney", "latitude": 51.54509, "longitude": -0.02635, "property_type": "Private room in condo", "room_type": "Private room", "accommodates": 2.0, "bathrooms": 1.5, "bedrooms": 1, "beds": 1, "amenities": ["Wifi", "First aid kit", "Dedicated workspace", "Washer", "Free parking on premises", "Long term stays allowed", "TV", "Cooking basics", "Smoke alarm", "Hair dryer", "Iron", "Carbon monoxide alarm", "Kitchen", "Heating"], "price": 75.0, "numbers_of_review": 11.0, "review_scores_rating": 5.0, "reviews": [{"name": "Ben", "date": "2022-06-06", "review": "A fantastic flat with even more fantastic people. I loved everything about staying here, truly what airbnb should be about."}, {"name": "Felix", "date": "2022-06-23", "review": "Great place in the heart of the trendy Hackney Wick, the place features an ensuite bathroom, something that came up as a good surprise. Claudia was very nice and careful showing around cool places and gems that were hard to discover on your own. <br/>Great place! Definitely my go to spot when visiting London."}, {"name": "Eduardo", "date": "2022-06-28", "review": "La casa de Claudia y Michele es perfecta. Genial ubicada, espaciosa y con todas las comodidades. Es perfecta para pasar unos d\u00edas en Londres.<br/>No conocimos a Claudia pero Michele nos ayud\u00f3 en todo lo que necesitamos. Conoce muy bien la zona ya que lleva muchos a\u00f1os viviendo en el Wick. Michele es genial, muy majo y muy atento. Una gran persona.<br/>Sin duda volveremos a casa de Claudia y Michele en el futuro."}, {"name": "Fergus", "date": "2022-07-04", "review": "Great place, excellent location, and Michele was a very friendly and welcoming host. Highly recommended!"}, {"name": "Joe", "date": "2022-07-14", "review": "Everything was as advertised. I highly recommend staying with Claudia and Michele. The neighborhood is wonderful to spend time in as well. If I\u2019m in the area again I\u2019d stay at Claudia\u2019s place if available."}, {"name": "Shaun", "date": "2022-07-17", "review": "Excellent accommodation. 2 mins from station, plenty of room, nice hosts."}, {"name": "Arnaud", "date": "2022-07-24", "review": "it was an amazing stay, very well located. Claudia is such a friendly person, I definitely recommend it."}, {"name": "Katie", "date": "2022-08-12", "review": "Sunny, comfortable and affordable room in the heart of Hackney Wick. Claudia was super friendly and helpful. Smooth Airbnb experience, I'd happily stay here again."}, {"name": "Paras", "date": "2022-08-14", "review": "Visited with my girlfriend for a night out in the Wick.<br/>Super friendly host! Even made us coffee in the morning. <br/>Room is as described, spacious and well presented. Location is perfectly located for local bars, restaurants (inc opposite a Michelin Star restaurant) and local amenities."}, {"name": "Ren\u00e9", "date": "2022-08-21", "review": "We hebben hier twee nachten overnacht. We waren een beetje benieuwd (en hadden er een beetje schrik voor) hoe het zou zijn om een kamer te huren in en huis waar de verhuurder zelf ook woont, maar met Claudia en Michelle kunnen we dat iedereen aanraden.  Super vriendelijke en gastvrije mensen. In een heel gezellige wijk met veel positieviteit, levendigheid en leuke eettentjes.  Dichtbij parken en het Metrostation Hackney Wick. Echt een aanrader!."}]}