{"id": 631655941124287802, "listing_url": "https://www.airbnb.com/rooms/631655941124287802", "name": "Spacious 1-bedroom apartment in Belsize Village", "description": "Lovely and spacious 1-bedroom first floor mews apartment in the heart of Belsize Village. <br /><br />This apartment has a recently renovated kitchen, spacious bathroom with separate bath and shower. The apartment has a separate kitchen and living room. <br /><br />The apartment is located within a pretty mews with friendly neighbours. The apartment is located off the road and looks into the mews meaning it is extremely peaceful and quiet. <br /><br />Location:<br />Belsize Park tube and Swiss Cottage are both an 8 minute walk.", "host_name": "Victoria", "host_id": 122270223, "host_url": "https://www.airbnb.com/users/show/122270223", "host_picture_url": "https://a0.muscache.com/im/pictures/user/06645d8f-6755-4f42-859f-42f130d4e580.jpg?aki_policy=profile_x_medium", "neighbourhood_cleansed": "Camden", "latitude": 51.54975, "longitude": -0.174, "property_type": "Entire condo", "room_type": "Entire home/apt", "accommodates": 2.0, "bathrooms": 1.5, "bedrooms": 1, "beds": 1, "amenities": ["Dedicated workspace", "Washer", "Patio or balcony", "TV", "Host greets you", "Refrigerator", "Smoke alarm", "Iron", "Kitchen", "Lockbox", "Wifi", "Dishes and silverware"], "price": 120.0, "numbers_of_review": 10, "review_scores_rating": 5.0, "reviews": [{"name": "Annia", "date": "2022-07-16", "review": "The apartment is spacious, well equipped with all you may need, and in a fantastic location.<br/>Victoria was responsive and very accommodating."}, {"name": "Christiane", "date": "2022-07-30", "review": "Fantastic location and beautiful flat!  Clean, pretty and has everything you need. Victoria is the perfect host. We hope to return soon!"}, {"name": "Janine", "date": "2022-08-19", "review": "Gorgeous flat in a suberbe location. They\u2019re was everything that I could have needed. The host was super helpful and responsive. I would recommend this spot to anyone looking for a perfect stay in London."}, {"name": "Alanna", "date": "2022-09-05", "review": "Incredible flat, perfect location, seamless check in. We already can\u2019t wait to come back! The neighborhood is perfect and quaint. Walking. Distance from two train stations and cute bakeries!"}, {"name": "Meher", "date": "2022-09-20", "review": "The property was well located, bigger than what is on the photos, and very comfortable. Definitely a good decision!"}, {"name": "Gabriel", "date": "2022-09-30", "review": "Lovely host. Victoria was friendly and accommodating. My mom stayed there visiting me from aboard.  Perfectly located, clean apartment. She really enjoyed her stay. <br/>Will def recommend family and friends that are visiting to stay there again."}, {"name": "Sarah", "date": "2022-10-09", "review": "Lovely, spacious flat in a great location of Belsize Village and within walking distance to restaurants, cafe\u2019s and train stations. Would recommend Oliver\u2019s Village Cafe for breakfast. <br/>Check in was seamless and Victoria was contactable throughout our stay and checked in daily to ensure all was ok. <br/>I have marked this 4* as the flat got cold at night as the bathroom window would not close and only one small storage heater was available."}, {"name": "Silvia", "date": "2022-10-15", "review": "Die Wohnung vermittelt ein Gef\u00fchl von zuhause. In einem guten Wohnumfeld ist die Lage absolut ruhig (wie bei uns zuhause auf dem Dorf) und trotzdem ist die undergroundstation Swiss Cottage innerhalb rund 10 Minuten zu Fu\u00df gut zu erreichen. In der Zone 2 gelegen hatten wir so die M\u00f6glichkeiten auch bis kurz vor der letzten UBahn London zu genie\u00dfen. Durch das Schlafzimmer und das Wohnzimmer kann man sich (reist man zu zweit) auch zwischenzeitlich aus dem Weg gehen. Die Kommunikation mit Viktoria ist phantastisch. Wir f\u00fchlten uns die ganze Zeit gut und famili\u00e4r aufgehoben und w\u00fcrden hier auf jeden Fall wieder buchen."}, {"name": "Karen", "date": "2022-10-23", "review": "Victoria\u2019s flat was just perfect for our recent trip to London. <br/>Flat is located close to the Jubilee tube line which makes it super convenient to get anywhere in and around London. <br/>There are many options for shopping within a 10 minute walk from The flat \u2026 so you are spoiled for choice <br/>Flat is located in a picturesque news and you will find that the flat is well equipped and has everything you would need \u2026 not to mention a fantastic shower (which is a rarity in London). <br/>Would definitely look to stay at Victoria\u2019s flat again on future trips to London \ud83d\ude0a"}, {"name": "Philippe", "date": "2022-11-21", "review": "Very nice flat in the best area of London (belsize village). The flat was big, well furnished, close to belsize Park and all the shops. Victoria was very nice and ready to help, much appreciated! We had a great stay."}]}