{
    "id": 633224872955659209,
    "listing_url": "https://www.airbnb.com/rooms/633224872955659209",
    "name": "Very large 1 Bedroom - 60 sqm w Aircon",
    "description": "My apartment is a 60sqm 1 bedroom apartment that is a stones throw away from Battersea Park, the River Thames and a parade of cool coffee shops / restaurants. <br /><br />A 4 minute walk to the Kings Road in Chelsea and a 8 minute bus ride to Clapham Junction.<br /><br />The apartment is a great space for a couple or a young family looking to explore London. <br /><br />We refurbished it in 2021 adding air conditioning in all rooms as well as heated floors and a new bathroom suite. Really high spec, hope you enjoy it!<br /><br /><b>The space</b><br />We have put aircon in both the living room as well as the bedroom to cool the rooms down in the summer months and then underfloor heating in each room for the winter months. <br /><br />Property is finished to a very high standard as you can see in the photos. Happy to answer any questions you may have",
    "host_name": "Juskurran",
    "host_id": 69353783,
    "host_url": "https://www.airbnb.com/users/show/69353783",
    "host_picture_url": "https://a0.muscache.com/im/pictures/user/854eda5a-3c36-4fda-b61d-828d1b7c4352.jpg?aki_policy=profile_x_medium",
    "neighbourhood_cleansed": "Wandsworth",
    "latitude": 51.47585,
    "longitude": -0.16899,
    "property_type": "Entire rental unit",
    "room_type": "Entire home/apt",
    "accommodates": 2.0,
    "bathrooms": 1.0,
    "beds": 1,
    "price": 160.0,
    "numbers_of_review": 10,
    "review_scores_rating": 4.75,
    "reviews": [
        {
            "name": "Craig",
            "date": "2022-06-02",
            "review": "Nice place. Wonderful apartment. Location is a little off the beaten path. Thats not the fault of the owner so it shouldn\u2019t be reflected upon him. A coupe of things, the sheets although i believe they were clean. But had many stains on them. Which made them appear to be dirty. Also there were no paper towels or towels to use in the kitchen. The positives. The place is quite nice. And had plenty of other amenities."
        },
        {
            "name": "Guang",
            "date": "2022-06-19",
            "review": "Lovely apartment, great host, really enjoyed my stay, would definitely go back again \u263a\ufe0f"
        },
        {
            "name": "Peter",
            "date": "2022-07-02",
            "review": "Good apartment, fully recommended."
        },
        {
            "name": "Dominique",
            "date": "2022-07-24",
            "review": "Jus is a very pleasant host and his apartment in great location! Thanks for a great stay."
        },
        {
            "name": "Mesa",
            "date": "2022-10-16",
            "review": "Great flat, easy communication with Juskurran.<br/>Higly recommanded"
        },
        {
            "name": "Musab",
            "date": "2022-12-04",
            "review": "\u0634\u0642\u0629 \u0646\u0638\u064a\u0641\u0629 \u0648 \u062a\u0639\u0627\u0645\u0644 \u0645\u0645\u062a\u0627\u0632 \u0634\u0643\u0631\u064b\u0627"
        },
        {
            "name": "Chen-Ting",
            "date": "2022-12-12",
            "review": "Jus is a brilliant host. The apartment is amazing and spacious. Great location. It\u2019s easy to get to the central London and the bus stop is just few minutes away. Good communication with Jus and always give useful information."
        },
        {
            "name": "Swen",
            "date": "2022-12-22",
            "review": "The apartment has a lovely feel to it, and I would not hesitate to book it again. Great public transport to neighbouring Chelsea."
        },
        {
            "name": "\uc9c0\uc218",
            "date": "2023-01-02",
            "review": "\uc9d1\uc774 \uad49\uc7a5\ud788 \uae68\ub057\ud558\uace0 \ub113\uc740 \ud3b8\uc774\uc5d0\uc694 \uc774 \uac00\uaca9\uc8fc\uace0 \uc628 \uac70 \ud6c4\ud68c\uc548\ud569\ub2c8\ub2e4 \u314e\u314e \uc704\uce58\ub3c4 \uc774\uacf3\uc800\uacf3 \ub2e4\ub2c8\uae30 \uc88b\uc558\uc5b4\uc694! \ub9c8\ud2b8\ub3c4 \uac78\uc5b4\uc11c 1\ubd84 \uac70\ub9ac\uc5d0 \uc788\uc5b4\uc11c \ubb3c\uac74 \uc0ac\uae30\ub3c4 \ud3b8\ud588\uc5b4\uc694\ud83d\ude04 \ud638\uc2a4\ud2b8\ub3c4 \uce5c\uc808\ud558\uace0 \uc774\uac83\uc800\uac83 \uc124\uba85\ud574\uc8fc\uc154\uc11c \ub354 \uc0ac\uc6a9\ud558\uae30 \ud3b8\ud588\uc2b5\ub2c8\ub2e4 \ub2f5\uc7a5\ub3c4 \ube60\ub974\uc168\uc5b4\uc694!"
        },
        {
            "name": "Mariam",
            "date": "2023-07-24",
            "review": "Would definitely stay here again, Juskurran was a great host and the place is perfect for a short OR a long term stay in town."
        }
    ]
}