{
    "id": 635382652441358609,
    "listing_url": "https://www.airbnb.com/rooms/635382652441358609",
    "name": "Private double bedroom & bathroom in Peckham",
    "description": "Private furnished double room in a family home with a young family. Great location with access to the trendy Queen's Road Peckham and Nunhead area with new restaurants and bars.  Easy access to London Bridge (20 minutes) and London Victoria (30 minutes).<br /><br />You will have the top floor, which has a double bedroom, a bathroom with shower and loo and storage space. <br /><br />Large open plan kitchen to cook and hang out with a separate TV room to relax in front of a movie.<br /><br /><b>The space</b><br />We have a large open plan kitchen that is free for anyone to use. There is a separate sitting room for guests to watch TV and a garden to enjoy when the sun is out",
    "host_name": "Miranda",
    "host_id": 19517493,
    "host_url": "https://www.airbnb.com/users/show/19517493",
    "host_picture_url": "https://a0.muscache.com/im/pictures/user/9f7069e0-3497-4813-9cfd-57580dfcb975.jpg?aki_policy=profile_x_medium",
    "neighbourhood_cleansed": "Southwark",
    "latitude": 51.46934,
    "longitude": -0.05609,
    "property_type": "Private room in home",
    "room_type": "Private room",
    "accommodates": 2.0,
    "bathrooms": 1.0,
    "beds": 1,
    "price": 65.0,
    "numbers_of_review": 10,
    "review_scores_rating": 5.0,
    "reviews": [
        {
            "name": "Freya",
            "date": "2022-06-06",
            "review": "I stayed at Miranda and James's place for a week and really enjoyed my stay there. They are a lovely family and really made me feel at home. They were also very helpful and available if I needed anything. The house is beautiful, with a large sitting room with skylights, a private garden and big kitchen and bedroom area. You also have your own floor and bathroom with a rain-type shower, so it feels very private too. The place is located in a lovely residential area close to Peckham. I would really recommend staying here if you're in London :)"
        },
        {
            "name": "Annika",
            "date": "2022-06-18",
            "review": "We had a perfect stay. The family is very friendly and we felt comfortable staying at their place. Everything is beautiful and stylish and the room and bathroom is very clean. It's a nice area and when you check the train / bus departure times before leaving, it's only a few minutes to London bridge. <br/>The family also helped us with recommendations for nice places. <br/>It's not completely dark during night, so you might bring a sleeping mask if you're sensitive to light as I am ;). But their is a normal roller blind, so should be good for most people. <br/>We, my friend and I, would like to visit again!"
        },
        {
            "name": "Justine",
            "date": "2022-06-25",
            "review": "I can\u2019t speak highly enough of Miranda and  her sweet home! My friend and I kept having our plans disrupted by flight cancelations and changes, and she was so flexible and understanding, and just made everything as easy as possible for us. <br/>Plus, her home and family are just the sweetest and most welcoming! The bedroom and bathroom are clean and comfortable, and it\u2019s very easy walk to the train station to get into Central London. <br/>All in all, I\u2019d highly recommend this spot!"
        },
        {
            "name": "Norlene",
            "date": "2022-06-30",
            "review": "Convenient location for us. Lovely house, welcoming hosts."
        },
        {
            "name": "Brendan",
            "date": "2022-07-17",
            "review": "Honestly, it\u2019s safe to say this was the cleanest Airbnb I\u2019ve ever stayed in. Super nice host, excellent communication\u2026 and a great location for catching trains in/out of the city. Easy 10/10! Highly recommended."
        },
        {
            "name": "Andrew",
            "date": "2022-08-05",
            "review": "I stayed with Miranda and James (and their beautiful family) for a week, and had the most lovely stay.<br/>The room and bathroom (which is essentially en-suite) were absolutely spotless and brand new, and the whole house was beautiful.  I don't think the photos on here do it justice.<br/>I'd never rented an individual room on AirBnB before rather than a whole house, but both of them were incredibly warm and welcoming and totally put me at ease.<br/>If you're looking for a place to stay in SE London I'd highly recommend them!"
        },
        {
            "name": "Casey",
            "date": "2022-08-08",
            "review": "We are a regular Airbnb users and would rate James' place as one of our favs.<br/>The room was very clean and was equipped with everything we needed. The bed was comfy and the private bathroom was an added benefit. <br/>James is a great host and gave us lots of recommendations for things to see and do in the area. We had a great stay!"
        },
        {
            "name": "Adeline",
            "date": "2022-08-17",
            "review": "Tr\u00e8s bon s\u00e9jour chez Miranda. Tout \u00e9tait parfait !"
        },
        {
            "name": "Maht",
            "date": "2022-08-25",
            "review": "La meilleure place o\u00f9 rester,  la maison est vraiment jolie et bien situ\u00e9e (8 minutes des trains qui sont \u00e0 15 minutesdu centre).<br/>Les h\u00f4tes spnt tr\u00e8s gentils, c'est une belle famille.<br/>Je recommande fortement, j'y retournerais sans h\u00e9siter."
        },
        {
            "name": "Walid Abdelhakim",
            "date": "2023-01-01",
            "review": "I have passed the Christmas holidays at Miranda's house. It was very good house. Everything was clean, new, and close center of London, we had a good time. James ( Miranda\u2019s husband ) did everything he could to make us confortable during the holiday. I never regretted my choice and was up to my expectations and maybe more."
        }
    ]
}