{
    "id": 635387719461460186,
    "listing_url": "https://www.airbnb.com/rooms/635387719461460186",
    "name": "Centrally located 4 Bedroom House",
    "description": "Your family will be close to everything when you stay at this centrally-located place.",
    "host_name": "Trevor",
    "host_id": 413190931,
    "host_url": "https://www.airbnb.com/users/show/413190931",
    "host_picture_url": "https://a0.muscache.com/im/pictures/user/ce2d886f-4250-4714-9f0d-d6ef28dd3094.jpg?aki_policy=profile_x_medium",
    "neighbourhood_cleansed": "Southwark",
    "latitude": 51.46674,
    "longitude": -0.06726,
    "property_type": "Entire home",
    "room_type": "Entire home/apt",
    "accommodates": 14.0,
    "bathrooms": 3.0,
    "beds": 9,
    "price": 517.0,
    "numbers_of_review": 2,
    "review_scores_rating": NaN,
    "reviews": [
        {
            "name": "Meethdua",
            "date": "2022-12-30",
            "review": "Muy Buen Lugar para estar en familia. todo en perfectas condiciones. transporte publico y lugares de compra de comida muy cerca"
        },
        {
            "name": "Gildas",
            "date": "2023-05-01",
            "review": "Bien plac\u00e9, facile d\u2019acc\u00e8s , conforme \u00e0 l\u2019annonce .<br/>Je recommande"
        }
    ]
}