{"id": 635316706562244435, "listing_url": "https://www.airbnb.com/rooms/635316706562244435", "name": "Stylish and airy one bedroom sleeps 3 West London", "description": "Kick back and relax in this calm, stylish space. This newly refurbished flat is steps away from delightful Fullham road, with all the amenities you will need to relax after a buzzing London exploring day!", "host_name": "Fernando", "host_id": 441494, "host_url": "https://www.airbnb.com/users/show/441494", "host_picture_url": "https://a0.muscache.com/im/pictures/user/ff6da77b-bed0-425b-98cd-809f97757c58.jpg?aki_policy=profile_x_medium", "neighbourhood_cleansed": "Hammersmith and Fulham", "latitude": 51.47905, "longitude": -0.206, "property_type": "Entire condo", "room_type": "Entire home/apt", "accommodates": 3.0, "bathrooms": 1.0, "bedrooms": 1, "beds": 1, "amenities": ["Wifi", "Coffee maker", "First aid kit", "Free dryer \u2013 In unit", "Long term stays allowed", "Shampoo", "Refrigerator", "Fire extinguisher", "Smoke alarm", "43\\ HDTV with Amazon Prime Video", "Netflix", "premium cable", "Hair dryer", "Free washer \u2013 In unit", "Paid parking on premises", "Bathtub", "Body soap", "Shower gel", "Kitchen", "Heating", "Dishes and silverware"], "price": 140.0, "numbers_of_review": 10, "review_scores_rating": 5.0, "reviews": [{"name": "Majid", "date": "2022-07-03", "review": "Fernando has been a good host, attentive and friendly, he has always responded to our requests.<br/>Thank you\u2026"}, {"name": "Andrii", "date": "2022-07-20", "review": "The apartment is perfectly clean, bright, very comfortable and located in beautiful quiet neighbourhood.  There were good gigabit WiFi, fully equipped kitchen and comfy bed. Check-in and check-out was easy. Fernando is a nice and friendly host. Everything was perfect."}, {"name": "Michelle", "date": "2022-07-29", "review": "Fernando\u2019s apartment was perfect for our holiday in London. It quickly became our home away from home. The location was wonderful with great shops and dining in the neighborhood and very convenient to jump on public transit into other areas of London. Fernando was an excellent host and was quick to respond to any questions that we had. Would definitely recommend this apartment if you are looking for a spot to stay in London!"}, {"name": "Kiomeli@Yahoo.Fr", "date": "2022-08-13", "review": "appartement bien situ\u00e9 dans un quartier calme et bien desservi par les bus et le m\u00e9tro ( diff\u00e9rents arr\u00eats \u00e0 10 minutes \u00e0 pieds maximum) et on trouve de nombreux commerces et pub ou restaurants l appartement est bien \u00e9quip\u00e9 : machine \u00e0 laver, lave vaisselle, machine nespresso,  bouilloire....il y a de nombreux rangements . id\u00e9al pour 2 adultes et 1 enfant car il y a une chambre et le canap\u00e9 se deplie mais il est petit.<br/>je recommande si vous allez dans l ouest de Londres, en plus la Tamise n est pas loin et les balades y sont tr\u00e8s sympas"}, {"name": "Behrouz", "date": "2022-08-26", "review": "amazing location! super easy check in and communication from the host. very comfy for a week stay"}, {"name": "Niamh", "date": "2022-08-28", "review": "Fernando was a fantastic host - extremely responsive and helpful.<br/>The apartment was spotless, and had all of the necessities we needed while we were there! <br/>the location was also superb, a short walk to the tube station in a fab area.<br/>I would highly highly recommend booking with Fernando if you are looking to stay in London!"}, {"name": "Carlos", "date": "2022-09-04", "review": "Nice place , sunny and quiet ! The location near Tube and lots of street shopping \u2026 small , clean ideal up to two people! If you like to walk or run Fulham Park is pretty close too!"}, {"name": "Pauline", "date": "2022-10-22", "review": "Very nice and convenient flat in a lovely area"}, {"name": "Kerstin", "date": "2022-11-05", "review": "We had a great time in Fernando\u2019s apartment. It was small, but cosy. The communication with him was great, always helpful! Located in Fulham, close to shops and restaurants and approx 8 min walk to the next underground station."}, {"name": "Sabrina", "date": "2022-11-09", "review": "The flat is even better than it looks and the host is a great person, organized and very easy to communicate. I have been flat hunting in London so I have stayed in several airbnbs in the region and this one is, by far, the best."}]}