{
    "id": 6367262,
    "listing_url": "https://www.airbnb.com/rooms/6367262",
    "name": "Double room, Canary Wharf, Bank",
    "description": "Double room to rent  in this new apartment with a open plan living space with a balcony . <br />Fully furnished with a double bed, desk, chair and wardrobe!<br /><br /><b>Guest access</b><br />You are welcome to use the Kitchen to make tea and coffee,  and cook for breakfast, lunch and dinner, please keep it clean and tidy.<br /><br />You can access your private room and public space, Bathroom, Kitchen, living room and balcony.",
    "host_name": "Joy",
    "host_id": 33179886,
    "host_url": "https://www.airbnb.com/users/show/33179886",
    "host_picture_url": "https://a0.muscache.com/im/users/33179886/profile_pic/1431783754/original.jpg?aki_policy=profile_x_medium",
    "neighbourhood_cleansed": "Tower Hamlets",
    "latitude": 51.51123,
    "longitude": -0.01116,
    "property_type": "Private room in rental unit",
    "room_type": "Private room",
    "accommodates": 1.0,
    "bathrooms": 1.0,
    "beds": 1,
    "price": 40.0,
    "numbers_of_review": 21.0,
    "review_scores_rating": 4.45,
    "reviews": [
        {
            "name": "Alexis",
            "date": "2015-06-06",
            "review": "Nice stay in a large and very clean room, all is new !\r<br/>Zhaoyan is a very nice person, helpful and friendly. \r<br/>The location is perfect, in a lovely, quiet residential area and very close to transports (DLR)."
        },
        {
            "name": "Ollie",
            "date": "2015-06-11",
            "review": "Really nice, new and quiet accommodation. Host was really accommodating and friendly. Would stay there again "
        },
        {
            "name": "Matt",
            "date": "2015-06-12",
            "review": "The apartment is new and clean. Situated very close to DLR and easy to find. The room is large and Zhaoyan was very nice when I met her."
        },
        {
            "name": "Newton",
            "date": "2015-06-13",
            "review": "Zhaoyan is a great host. Very polite and friendly. The flat was clean, tidy, spacious and full of new furniture. Right the corner from the station and in a quiet and good location. Would love to return!"
        },
        {
            "name": "Polly",
            "date": "2015-06-15",
            "review": "Great host. "
        },
        {
            "name": "Houman",
            "date": "2015-06-20",
            "review": "Very clean room, nicely placed for canary wharf and Zhaoyan is a very helpful host.definitely recommend."
        },
        {
            "name": "James",
            "date": "2015-06-24",
            "review": "Great host"
        },
        {
            "name": "Philip And Caz",
            "date": "2015-06-26",
            "review": "I spent 2 very comfortable nights at Zhaoyan's apartment. She was a friendly and very helpful host who made me feel welcome. The apartment is conveniently placed and well equipped. I would definitely like to stay there again if visiting that part of London.  "
        },
        {
            "name": "David",
            "date": "2015-07-02",
            "review": "A beautiful, modern, clean apartment, hosted in a very friendly manner and who went out of her way to be very helpful. Very convenient location for Canary Wharf. I would gladly have stayed longer and would definitely like to visit again, David"
        },
        {
            "name": "Taline",
            "date": "2015-07-07",
            "review": "She was nice and helpful, when available she would hot-spot her phone so I could use Internet. "
        }
    ]
}