{
    "id": 6368206,
    "listing_url": "https://www.airbnb.com/rooms/6368206",
    "name": "2-bed appt ideally situated by Twickenham station",
    "description": "Lovely spacious apartment available to rent, ideally located near the rugby stadium and next to Twickenham station with it's fast trains to Richmond, Clapham and Central London. This is the perfect option to explore London from a more relaxed base.<br />Home working is very comfortable, with reliable internet and a new printer available for guests.<br /><br /><b>Other things to note</b><br />Access to the flat is via stairs so this flat should not be booked if you have limited mobility",
    "host_name": "Robin",
    "host_id": 33184195,
    "host_url": "https://www.airbnb.com/users/show/33184195",
    "host_picture_url": "https://a0.muscache.com/im/pictures/user/33ff89e5-d3f5-44eb-9633-2a08b8745085.jpg?aki_policy=profile_x_medium",
    "neighbourhood_cleansed": "Richmond upon Thames",
    "latitude": 51.45203,
    "longitude": -0.33283,
    "property_type": "Entire rental unit",
    "room_type": "Entire home/apt",
    "accommodates": 4.0,
    "bathrooms": 1.0,
    "beds": 2,
    "price": 106.0,
    "numbers_of_review": 122.0,
    "review_scores_rating": 4.94,
    "reviews": [
        {
            "name": "Tim",
            "date": "2015-08-08",
            "review": "Fantastic modern and clean flat with all the amenities you could ask for nearby, including Twickenham station just a two minute walk away. Rob a very helpful and friendly host and answered all of my queries promptly and even pointed us in the direction of some great pubs. Perfect accommodation for those looking for a place for the Rugby World Cup."
        },
        {
            "name": "Jacqueline",
            "date": "2015-09-14",
            "review": "Robin was very flexible and accommodating. The place is great! It is exactly as described. It was very clean and in a great location. I would definitely stay again."
        },
        {
            "name": "Laura",
            "date": "2015-09-21",
            "review": "Robin is a fantastic and accommodating host. His apartment is amazing! Clean, tidy, modern and comfortable with a lot of space. The location is fantastic! The tube is a two minute walk, the town and stadium a five minute walk but still quiet and peaceful. We stayed for a couple of Rugby games and it made the return home priceless on each occasion. I would highly recommend a stay here especially if you have a game to see or just if you fancy seeing a different side of London. "
        },
        {
            "name": "Nicola",
            "date": "2015-10-05",
            "review": "Robin was a great host. He was happy to meet us even though we were having to check in late. Location wise, this apartment was perfect for our weekend of rugby. It was a beautiful apartment and so spacious. We felt very at home and welcomed. I would definitely stay again should I have the opportunity. "
        },
        {
            "name": "Dean",
            "date": "2015-10-19",
            "review": "I was in constant contact with Robin, which is good. Area is very secure, especially since Robin's flat is off the main road in a cul-de-sac. Very, very good for Parking. And is in perfect location for Twickenham and the Tube Station."
        },
        {
            "name": "Elizabeth",
            "date": "2015-11-01",
            "review": "Robin was an excellent host, kept in contact all the time, came down to meet us. The flat was excellent very welcoming, clean, everything you could possibly want. We were lucky enough to have tickets for the Rugby World Cup Final! Excellent location and very safe, there were a lot of people about! Train station located within a minutes walk ( couldn't hear any) but great place for getting into the centre of London. Lots of bars and eating places. Would defiantly recommend this wonderful flat. We would defiantly stay here again. "
        },
        {
            "name": "Kerry",
            "date": "2016-03-13",
            "review": "We had a fantastic weekend whilst staying at Robin's apartment.  his welcome and communication made the whole process so easy!  He left us a welcome note on arrival with details about the nearest convenience store, local train station etc plus a welcome bottle of wine! This apartment is very central, especially if you are going to Twickenham Stadium.  Very easy access to the train station for commute into London.  Local shop/pubs all in walking distance.  A Fantastic location! The apartment is modern, spacious, clean and welcoming.  We would definitely book to stay here again."
        },
        {
            "name": "Nicky",
            "date": "2016-05-01",
            "review": "We had a great weekend in Twickenham and the flat was in a perfect location for the rugby stadium. It is a great place, very close to all amenities and the flat was very clean and tidy. There was loads of room for the 3 of us and would definitely stay here again. Rob is a great host and is happy to give info and recommendations. Would have no hesitation recommending this flat to anyone."
        },
        {
            "name": "Danielle",
            "date": "2016-05-09",
            "review": "From the moment Robin accepted our reservation we felt welcomed, he provided detailed directions to the property even texting to advise there were delays on the route he's initially provided and offered an alternative. The property was the perfect location for our event at Twickenham stadium and the access to the train station meant easy travel into central London. The apartment was spacious, comfortable and a home from home and I would definitely recommend to anyone needed somewhere to stay in the area and if I'm lucky enough to attend the same event next year I will be sure to request staying at Robins place. "
        },
        {
            "name": "Kay",
            "date": "2016-08-09",
            "review": "A great apartment in a fantastic location, very clean, tidy, well located, comfortable beds, great TV's! Superb....thank you Robin!"
        }
    ]
}