{"id": 644804400072872785, "listing_url": "https://www.airbnb.com/rooms/644804400072872785", "name": "Bed and breakfast in leafy Bounds Green", "description": "Enjoy easy access to popular shops and restaurants from this charming place to stay. In a quiet cul -de -sac it\u2019s a 5 minute walk to Bounds Green tube station and a 12 minute walk to Alexandra Palace where you can travel to events, & enjoy the boating lake/ice skating. It\u2019s 40 minutes into central London &  there are buses 5 minutes away that take you into Muswell Hill, Crouch End and Wood Green, areas where there are lots of diverse eateries and shopping.<br /><br /><b>The space</b><br />The rooms are spacious and airy, with natural light. The mattress are very comfortable, and there is a desk that you can work from if need be. The  green outside,  and it\u2019s tranquil air, some how makes  you feel as if you are in the country in the summer months so you get a good night sleep.<br /><br /><b>Guest access</b><br />You have access to the garden where you can interact with other guests if hosting at the same time or just relax. The  vibrantly painted mural depicts African culture and makes ", "host_name": "Carole", "host_id": 455725480, "host_url": "https://www.airbnb.com/users/show/455725480", "host_picture_url": "https://a0.muscache.com/im/pictures/user/0597e9dd-0b76-48ee-b624-7fe40e33b451.jpg?aki_policy=profile_x_medium", "neighbourhood_cleansed": "Haringey", "latitude": 51.6039422, "longitude": -0.1266788, "property_type": "Private room in bed and breakfast", "room_type": "Private room", "accommodates": 2.0, "bathrooms": 1.5, "bedrooms": 3, "beds": 1, "amenities": ["First aid kit", "Fire extinguisher", "Hair dryer", "Dining table", "Hangers", "18\\ TV with DVD player", "Cleaning products", "Dishes and silverware", "Essentials", "Wifi \u2013 32 Mbps", "Bed linens", "Clothing storage: dresser and closet", "Paid parking on premises", "Carbon monoxide alarm", "Bathtub", "Central heating", "Long term stays allowed", "Hot water kettle", "Refrigerator", "Host greets you", "Iron", "Kitchen", "Toaster", "Lock on bedroom door", "Breakfast", "Security cameras on property", "Dedicated workspace", "Smoke alarm", "Laundromat nearby", "Private garden or backyard", "Outdoor furniture"], "price": 51.0, "numbers_of_review": 12.0, "review_scores_rating": 4.58, "reviews": [{"name": "Karim", "date": "2022-06-19", "review": "Carole was a very accommodating host. <br/>The room was very spacious and the bed was really nice to sleep in. The accommodation as a whole was very comfortable and I hope to stay with there again in the future \ud83d\udc4d"}, {"name": "Rachel", "date": "2022-06-23", "review": "The host and her guest made me feel very uncomfortable so I left the house! The host doesn\u2019t have any experience in hosting and Airbnb which for a frequent traveler is very awkward. There is no lock on the bedroom door despite this listing stating this. I sincerely do not recommend this place, the atmosphere was vile!"}, {"name": "Jack", "date": "2022-06-26", "review": "Carole's place was perfect for our weekend visit. The bed was warm and comfortable, the place was clean, the facilities were more than adequate and the garden was a relaxing place for getting a bit of London sun. The location is close to two Underground stations and it's a quiet neighbourhood far from the bustle. Carole herself was one of the most accommodating hosts we've ever had; we had travel issues and arrived super late, but she was more than understanding and made sure we got in okay. We'd recommend this place for people who need a nice place to sleep whilst exploring the sights of the capital."}, {"name": "Sue", "date": "2022-06-29", "review": "Carole's airbnb was excellent, the location a twenty minute walk from Green Park and very local to Alexandra Palace so perfect for concerts.   <br/>Carole was great and arranged early entry for bag drop.. and communication both before the stay and during was good.   <br/>Beds were very comfortable, all the facilities were excellent, Carole was lenient about late return after the show, and was very friendly.   We would definitely return!"}, {"name": "Brian", "date": "2022-07-02", "review": "Very useful location, and well priced. Thanks very much!"}, {"name": "Shengqi", "date": "2022-07-09", "review": "Such a lovely and kind lady! Honestly had the best experience living here. Highly recommended."}, {"name": "Jesse", "date": "2022-07-11", "review": "Carole is the best, she made me and my cousin feel very comfortable i hope God bless alott. Guys definitely book with her you will not regret."}, {"name": "Kylie", "date": "2022-07-30", "review": "Great host. We felt very comfortable and welcome. Easy to get to where we needed to be and would happily stay again"}, {"name": "Zoe", "date": "2022-07-31", "review": "\u623f\u5b50\u5728\u975e\u5e38\u5b89\u9759\u7684\u5730\u65b9\u3002\u623f\u5c4b\u5e72\u51c0\uff0c\u6574\u6d01\u3002\u623f\u4e1c\u975e\u5e38\u53cb\u5584\uff0c\u8fd8\u4e3a\u6211\u4eec\u716e\u4e86\u8336\u3002\u975e\u5e38\u68d2\u7684\u4f53\u9a8c\uff0c\u5f3a\u70c8\u63a8\u8350\u5927\u5bb6\u53bb\u4f4f\u3002"}, {"name": "Felicity", "date": "2022-08-08", "review": "I stayed in a beautiful room and it was a pleasure to wake each morning. It makes such as difference to have nice bedlinen. Carole has wonderful taste and it shows beautifully in this renovated house. It was a great experience - the best to date on Air bnb"}]}