{"id": 651086675990290689, "listing_url": "https://www.airbnb.com/rooms/651086675990290689", "name": "Lovely two bedroom flat with patio in Notting Hill", "description": "The perfect base for discovering London!<br />A beautifully  bright and spacious duplex apartment in the heart of Notting Hill. This charming period property is beautifully presented throughout and benefits from two large bedrooms (one en -suite) separate kitchen and a wonderful living room which looks directly onto a sun-trap flat roof.<br /><br /><b>The space</b><br />The flat is perfectly located for the fine array of local bars, gastro pubs, eateries & boutiques that are synonymous with Notting Hill.<br /><br />Please note the flat entrance is on the 2nd floor (no elevator) <br />Bedrooms are on the 3rd floor<br />Living room and patio 4th floor<br /><br /><b>Guest access</b><br />You will have access to all amenities provided in the apartment as well as having the apartment to yourself during your stay.<br /><br />All guests are provided with clean sheets, bath towels, hand towels as well as basic bathroom supplies. <br /><br />The apartment has Wi-Fi Internet access throughout th", "host_name": "Sole", "host_id": 24366999, "host_url": "https://www.airbnb.com/users/show/24366999", "host_picture_url": "https://a0.muscache.com/im/pictures/user/eceb66c8-0578-4c7a-b5c8-b1f39408c776.jpg?aki_policy=profile_x_medium", "neighbourhood_cleansed": "Westminster", "latitude": 51.518905218646346, "longitude": -0.1962444781064863, "property_type": "Entire rental unit", "room_type": "Entire home/apt", "accommodates": 4.0, "bathrooms": 2.5, "bedrooms": 2, "beds": 2, "amenities": ["Oven", "Hair dryer", "Wine glasses", "Dining table", "Hangers", "Cleaning products", "Dishes and silverware", "Essentials", "Shampoo", "Clothing storage: closet", "Cooking basics", "Carbon monoxide alarm", "Shower gel", "Bathtub", "Central heating", "Wifi", "Coffee maker", "Dishwasher", "Long term stays allowed", "TV", "Hot water kettle", "Private patio or balcony", "Iron", "Body soap", "Kitchen", "Toaster", "Hot water", "Washer", "Smoke alarm", "Nespresso machine", "Freezer"], "price": 320.0, "numbers_of_review": 10, "review_scores_rating": 4.83, "reviews": [{"name": "Jason", "date": "2022-06-24", "review": "The space is lovely, and the kitchen is very well appointed. The outdoor patio area was particularly enjoyable, and the apartment is incredibly quiet when the windows are closed (given its location). The property would benefit from more complete notes and details of the various utilities and amenities.<br/>Sole kindly accepted our request at the last minute, but she seemed rushed and we found ourselves feeling like a bit of an inconvenience on occasion, rather than welcome guests."}, {"name": "Ali", "date": "2022-06-28", "review": "A very comfortable flat - top most flat in a Victorian building - great location: two blocks away from all the restaurants and shops on Westbourne Grove - a couple of blocks away from Ottolenghi - a ten to fifteen minute walk to Bayswater - buses everywhere from right outside the building - we (a family of four) really enjoyed our stay here. The flat itself has two levels \u2014 two bedrooms and two bathrooms on the first floor and a powder room and living room and kitchen on the second floor - great outdoor deck as well on the second floor - really well stocked kitchen and it really had everything in terms of cutlery and other kitchen items \u2014 a great place overall."}, {"name": "Sarah", "date": "2022-07-05", "review": "This apartment is quite charming. We enjoyed it very much and the location is great. The communication is great as well! Thanks!"}, {"name": "Candice", "date": "2022-07-24", "review": "My family and I had a wonderful stay. Sole was very responsive & helpful, and the flat was perfect for our needs. Great neighborhood, easy walk to restaurants, supermarkets & tube stations."}, {"name": "Xiao", "date": "2022-08-17", "review": "Very charming flat in a beautiful area (think Notting Hill the movie). ~10 to 15 minute walk to a few tube stations that would get you to all parts of the city. Fully stocked kitchen. Great water pressure in the shower. <br/>Only caveat is that since we stayed there in August of 2022, during a very hot week, we had to open all the windows at night and its a busy street downstairs. Foam earplugs solved the problem!"}, {"name": "Christine", "date": "2022-08-25", "review": "Amazing location and a really cute, well-designed flat. The terrace is fantastic. Be aware that there are a lot of stairs to get to the flat and within it. But we really enjoyed this place and would stay again!"}, {"name": "Bettina", "date": "2022-09-09", "review": "Die Wohnung ist wundersch\u00f6n und sehr gut gelegen. Sie befindet sich im obersten Stock und ist nur \u00fcber viele Treppen erreichbar. Ein ganz besonderes Highlight ist die kleine, private Dachterrasse. Wir kommen gerne wieder."}, {"name": "Heather", "date": "2022-09-15", "review": "This flat was perfect for our family of 4 (10yo and 7yo kids) There are quite a few sets of stairs to the flat so be sure to make note of what you have to carry. The street out front can be noisy at night but with the windows closed you could barely hear anything.  We were able to walk to a lot of restaurants and cafes easily. The bus stops and tube station are no more than a 10 min walk away from the flat. Sole was easily reachable and had great recommendations on places to visit and restaurants to eat at. The restaurant and cafe right next to the flat were our favorites. Would definitely recommend this flat and would stay again."}, {"name": "Linda", "date": "2022-09-20", "review": "Sole is a great host.  The BnB is very comfortable & clean and spacious, exactly as pictured.  Sole thought of everything you might need."}, {"name": "Winnie", "date": "2022-09-25", "review": "Lovely place. Sole is very nice and helpful. Communication with Sole is great and efficient. Thanks for sharing this lovely place with us."}]}