{"id": 653311900413923048, "listing_url": "https://www.airbnb.com/rooms/653311900413923048", "name": "Bijoux compact 2 bedroom apartment in Brook Green", "description": "This unique place, sits on the edge of zone 1 and has a style all of its own.<br /><br />The apartment has a selfdosing washer/dryer, microwave, oven,kettle, toaster, dishwasher, coffee machine (nespresso) and smoothie maker.<br /><br />Close to Hammersmith and Barons Court tube stations (10 min walk) and London buses. Access to all parts of London are assured.<br /><br />Easy connections to both Gatwick and heathrow airports via tube or overland train from Kensington Olympia.<br /><br />A Cafe and Large Play area for the children.<br /><br /><b>The space</b><br />The property has a double room with wardrobe space and a single room with some storage.<br /><br />The apartment benefits from a 8kg Miele commercial washer/dryer- the machine is self dosing - no need to add any liquid or softener.<br /><br />The lounge/diner has a large couch and dining table for 4.<br /><br />All living areas and bedrooms have TVs with Netflix/prime and Disney channels.<br /><br />The property benefits from", "host_name": "Lisa", "host_id": 5511250, "host_url": "https://www.airbnb.com/users/show/5511250", "host_picture_url": "https://a0.muscache.com/im/pictures/user/d2e19d6a-cc2f-4c42-bb50-574e54b3b2f2.jpg?aki_policy=profile_x_medium", "neighbourhood_cleansed": "Hammersmith and Fulham", "latitude": 51.49584768608517, "longitude": -0.2164928242564201, "property_type": "Entire condo", "room_type": "Entire home/apt", "accommodates": 3.0, "bathrooms": 1.0, "bedrooms": 2, "beds": 2, "amenities": ["Extra pillows and blankets", "First aid kit", "Fire extinguisher", "Bosch refrigerator", "Wine glasses", "Dining table", "Hangers", "Fast wifi \u2013 60 Mbps", "Cleaning products", "Dishes and silverware", "Essentials", "Clothing storage: closet", "Cooking basics", "Bed linens", "Electric stove", "Carbon monoxide alarm", "Central heating", "Coffee maker", "Free dryer \u2013 In unit", "Dishwasher", "Bosch oven", "Hot water kettle", "Portable fans", "Room-darkening shades", "HDTV with Netflix", "Amazon Prime Video", "Iron", "Kitchen", "Paid street parking off premises", "Hot water", "Smoke alarm", "Free washer \u2013 In unit", "Freezer"], "price": 180.0, "numbers_of_review": 12.0, "review_scores_rating": 5.0, "reviews": [{"name": "Joshua", "date": "2022-07-01", "review": "Great apartment!"}, {"name": "Leora", "date": "2022-07-07", "review": "I have stayed in many Airbnbs around the world and this is by far my favorite one! The flat itself is gorgeous, cozy, clean, and full of every amenity you could possibly need! <br/>- beds were comfy<br/>- views and lighting were superb<br/>- location is great and within walking distance to many different public transport options<br/>- flat had a great shower, shampoo, conditioner, towels, soap, washer, dryer, coffee maker, tea pot, fridge, microwave, etc. Literally had everything we needed!<br/>- its located on the second floor (which in American terms means the third floor) and is only accessible via stairs, so if that's an issue for you, do be aware of that.<br/>- check in/out process was very easy and understandable<br/>- and finally the DECOR! Just gorgeous!"}, {"name": "Brittney", "date": "2022-07-08", "review": "Lisa\u2019s flat was amazing! The decor offers so much character and she provides all of your necessities which made it such a comfortable stay. The location is in walking distance to so many different restaurant options and Lisa recommended a visit to Queens Head Pub which is a must! Great food and outdoor patio area. We were able to walk to Hammersmith station to get on the tube to explore other parts of London as well."}, {"name": "Laurence", "date": "2022-07-19", "review": "Appartement tr\u00e8s agr\u00e9able et id\u00e9alement situ\u00e9 pour acc\u00e9der facilement au centre de Londres et \u00eatre au calme le soir. Lisa est tr\u00e8s accueillante et disponible pour toute demande. Nous recommandons ce logement pour 3 personnes."}, {"name": "Taelor", "date": "2022-07-22", "review": "Cute place. Well stocked kitchen and great location. Clear and quick communication. We ended up being here during the end of the London heat wave and was so grateful for the fan provided by Lisa!"}, {"name": "Mikko", "date": "2022-07-28", "review": "Great flat! Clean and just like it vas advertised. Communication +++! Good location. Nearest tube station 10 min. Quiet neighborhood."}, {"name": "Giuseppe", "date": "2022-08-13", "review": "Excellent stay."}, {"name": "Wallis", "date": "2022-08-20", "review": "My in-laws and I had a lovely stay here during a short work trip to London. The location was ideal (I was working in west London) and the flat is just gorgeous. Top quality fittings, and such attention to detail and design made this cozy place totally workable and comfortable for us. The bed was fantastic, there is plenty of light, and the shower is divine. Would love to stay here again!"}, {"name": "John", "date": "2022-08-22", "review": "Lived up too and beyond our expectations. A delightful apartment, decorated with style so that it felt really homely and individual. A nicely kept building on a quiet street, great position for our purposes (visiting our daughter's Uni near Fulham Broadway). Lisa was a helpful and prompt communicator and had made every effort to make sure every little thing we might need was in place. We would definitely stay here again!"}, {"name": "Michelle", "date": "2022-08-28", "review": "Perfectly designed compact apartment. Beautiful, clean, and perfectly looked after building. Cannot wait to come back to this delightful little oasis. We truly appreciated the exquisitely unique decor, the top-quality mod-cons, and the dreamy beds. So comfortable. Gorgeous bathroom too. Awesome shower!  Such a lovely idyllic, quiet location conducive to a very restful stay, and yet within easy access to the city's exciting hustle and bustle.<br/>Be prepared to carry your luggage up two and a bit rather steep flights of stairs, or rather, pack light! As mentioned in the description by the host, this beautiful apartment is located on the second floor and there is no elevator.<br/>There can be no doubt that we truly loved our stay. Thank you sincerely Lisa for a lovely two days in Brook Green.<br/>All the best,<br/>Michelle, Ronald, and Miranda."}]}