{
    "id": 654294453494274062,
    "listing_url": "https://www.airbnb.com/rooms/654294453494274062",
    "name": "Cosy & spacious 2 bedroom flat in Chelsea",
    "description": "This spacious flat is a perfect combination of stylish and centrally located. A short walk from Gloucester Road and Earl's Court Stations gives you the best transport links in Chelsea.<br /><br />Any tourist attractions are a walking distance away.<br /><br />The place is a modern, spotless, 2-bedroom, 1 -bathroom apartment.<br /><br /><b>The space</b><br />Our spacious flat has 2 double bedrooms which can sleep 4 guests.<br /><br />Both bedrooms come with a large bed and a wardrobe. The master bedroom has a super-king size bed, the second bedroom has a queen-size sofa bed.<br /><br />The linen and towels are removed from the property after each stay and replaced with freshly laundered supplies. We also provide single-use and individually wrapped items such as shampoo, conditioners and soap.<br /><br />The living area is light and airy. Relax on the sofa and watch some TV or make use of the dining table and enjoy a meal together.<br /><br />Like to cook? Our kitchen comes with all the ",
    "host_name": "Imran-Pass The Keys",
    "host_id": 464742941,
    "host_url": "https://www.airbnb.com/users/show/464742941",
    "host_picture_url": "https://a0.muscache.com/im/pictures/user/633ab0c9-0283-439f-aa7e-8cc2d2fdecd0.jpg?aki_policy=profile_x_medium",
    "neighbourhood_cleansed": "Kensington and Chelsea",
    "latitude": 51.494179775540616,
    "longitude": -0.1930650682435388,
    "property_type": "Entire serviced apartment",
    "room_type": "Entire home/apt",
    "accommodates": 4.0,
    "bathrooms": 1.0,
    "beds": 2,
    "price": 378.0,
    "numbers_of_review": 10,
    "review_scores_rating": 5.0,
    "reviews": [
        {
            "name": "Nurul Huda",
            "date": "2022-07-14",
            "review": "-"
        },
        {
            "name": "Elise",
            "date": "2022-09-27",
            "review": "L\u2019appartement est tr\u00e8s charmant, situ\u00e9 dans un quartier superbe, tr\u00e8s chic et pratique d\u2019acc\u00e8s pour aller visiter Londres (notamment gr\u00e2ce \u00e0 l\u2019acc\u00e8s d\u2019une station de m\u00e9tro accessible aux poussettes). Literie d\u2019excellente qualit\u00e9. Unique petit b\u00e9mol: les fen\u00eatres n\u2019ont pas une tr\u00e8s bonne isolation (le froid entre donc un peu en soir\u00e9e, mais avec le chauffage - que nous n\u2019avons pas utilis\u00e9 - \u00e7a devrait s\u2019am\u00e9liorer)"
        },
        {
            "name": "John",
            "date": "2022-10-03",
            "review": "We had an amazing stay!  The flat was the perfect size for 3 adults to spread out and not feel cramped.  It contained everything we needed from bathroom and kitchen supplies to comfy sofa and large tv.  The flat was clean upon arrival and easy to maintain.  <br/>We also appreciated the location which is a very short 5 min walk to Earls Court tube stop.  We even stretched our legs and walked all the way to Knightsbridge.  <br/>Lastly, Imran and his staff were extremely responsive.  I had a couple of questions and requests which were quickly answered and in a satisfactory manner.  <br/>Overall very pleased and would stay there again."
        },
        {
            "name": "Amy",
            "date": "2022-10-14",
            "review": "Very clean flat in good location!  Short walk to Earl\u2019s Court made visiting London a piece of cake!  We were very comfortable in the flat, and would stay again."
        },
        {
            "name": "Joanna",
            "date": "2022-10-29",
            "review": "Great location and well kept flat"
        },
        {
            "name": "Jennifer",
            "date": "2023-05-30",
            "review": "This was a great location for our London stay. Short walk to the tube, places to eat nearby, and a comfortable home base."
        },
        {
            "name": "Giles",
            "date": "2023-06-08",
            "review": "A very comfortable, clean and convenient located apartment"
        },
        {
            "name": "Akshay",
            "date": "2023-06-26",
            "review": "I think my experience with Imran was decent, I would not say the best Airbnb experience I have ever had. The house is totally worth the value though, but I feel having a management company involved in your Airbnb, you kind of should have way better communication experience. There were too many people replying to my messages on Airbnb, they got the address incorrect so that was confusing. <br/>Also there was only 1 pair of house keys and we were 3 people and no key for main building door access? So you had to wait for the porter a lot it someone to enter and exit the building. Didn\u2019t make sense. <br/>I would recommend this place definitely, but hope they can sort this small issues out especially since they have a management company involved!!"
        },
        {
            "name": "Yi",
            "date": "2023-07-03",
            "review": "\u516c\u5bd3\u5904\u5728\u4f18\u8d8a\u7684\u5730\u7406\u4f4d\u7f6e\uff0c\u623f\u4e1c\u53cd\u5e94\u8fc5\u901f"
        },
        {
            "name": "Tina",
            "date": "2023-07-15",
            "review": "Great location with Underground, buses, & huge grocery store very closeby. Lovely apartment, had everything we needed. Fast WiFi, helpful porter on the weekends downstairs. Lots of great restaurants & shopping, plus fabulous sites to see nearby on Kensington High Street. Earls Court Station, just a 7 minute walk goes all the way to Heathrow Airport terminals. Apartment was quite comfortable, pristine, and very well equipped. Host company was very communicative. Highly recommend! Will definitely return!"
        }
    ]
}