{
    "id": 654403697057168579,
    "listing_url": "https://www.airbnb.com/rooms/654403697057168579",
    "name": "Gorgeous flat in Kensington & Chelsea",
    "description": "Set in the heart of vibrant Kensington and Chelsea, this brand new flat is just a stone's throw away from the hustle and bustle of Kensington High Street. Take in the 4th floor views and enjoy the summer sun from any one of the property's 3 private balconies. <br /><br />A short walk will help you discover the newly built Kensington Arcade, the easily accessible Earl's Court and High Street Kensington tube stations, and a large variety of restaurants, caf\u00e9s and shops.<br /><br /><b>The space</b><br />This spacious one bedroom apartment comes with lift access, 24 hour porterage and free parking. Guests are provided with complimentary linens, towels, toiletries and refreshments to make their stay as comfortable as possible.",
    "host_name": "Muhammad",
    "host_id": 181256548,
    "host_url": "https://www.airbnb.com/users/show/181256548",
    "host_picture_url": "https://a0.muscache.com/im/pictures/user/c3faf8e9-581b-4fb1-a46c-ee12a2043428.jpg?aki_policy=profile_x_medium",
    "neighbourhood_cleansed": "Kensington and Chelsea",
    "latitude": 51.49422715940885,
    "longitude": -0.1947002386230378,
    "property_type": "Entire condo",
    "room_type": "Entire home/apt",
    "accommodates": 2.0,
    "bathrooms": 1.0,
    "beds": 1,
    "price": 200.0,
    "numbers_of_review": 10,
    "review_scores_rating": NaN,
    "reviews": [
        {
            "name": "Jorge",
            "date": "2022-09-16",
            "review": "Muhammad was great and extremely helpful. Great place and well valued"
        },
        {
            "name": "Barry",
            "date": "2022-09-19",
            "review": "Great place in a great location and host was really accommodating and nothing was too much trouble, definitely stay there again."
        },
        {
            "name": "Steve",
            "date": "2022-09-28",
            "review": "Without a doubt, the London apartment hosted by Muhammad was a most amazing property. Besides being perfectly located, sumptuously equipped, and spotless, Mo\u2019s attention to any of our needs was incredible. <br/>Upon arrival, Mo had decorated the living room with a \u201cHappy 30th Anniversary\u201d sign strung across the back wall!  And if that weren\u2019t enough, he provided a beautiful custom-prepared cake with the same congratulations.  This was simply charming and my wife and I were blown away with this kindness and attention to our needs. <br/>Too, the apt was very well stocked with many items: water (gas/no gas), Coca Cola, crisps, candies, Kleenex, etc. We needed to buy literally nothing. <br/>Throughout our 9 day stay, Mo was a huge source of information and recommendations.  It\u2019s almost like this place comes with your own personal Concierge!!<br/>Upon checkout, Mo\u2019s Father (who lives right in the same building), insisted of walking my wife\u2019s luggage all the way to the Earl\u2019s Court underground station.  This was hospitality above and beyond anyone\u2019s expectations. <br/>Clearly , we absolutely recommend this property and host with no reservations whatsoever. This is indeed a find in London!"
        },
        {
            "name": "Kimberly",
            "date": "2022-10-02",
            "review": "Beautiful flat, great location. Mo and his father were always available to answer any questions. Snacks, fruit, water, and items in refrigerator were provided, a nice treat!"
        },
        {
            "name": "Kim",
            "date": "2022-11-10",
            "review": "Location is everything!  Minutes walk to the tube.  Everything needed is extremely close; pubs, grocery, restaurants. Flat is very well equipt. Host was great!  Quick to respond for whatever is needed. Been to London dozens of times but this was by far my best. Flat was so comfortable that is made you feel like you were home. Thanks again & can\u2019t wait to get back!!!"
        },
        {
            "name": "Yuhan",
            "date": "2022-12-09",
            "review": "Wonderful host who are kind and helpful. Go out of their way to help their guests feel at home. Nothing to complain about the host. The property itself is nicely managed and I can see that the host put their thought into making it comfortable. The only downside is that the building itself is a little old and the apartment is a little tried too but overall I would say it\u2019s a nice stay. Location in particular is convenient!"
        },
        {
            "name": "Lauren",
            "date": "2022-12-27",
            "review": "The apartment was clean, quiet, and convenient to the tube and grocery store. Muhammad was friendly, responsive, and always available to answer any questions. He provided complimentary snacks, fruit, and water which was an a really nice touch. Everything was exactly as pictured in the listing."
        },
        {
            "name": "Alison",
            "date": "2023-01-01",
            "review": "Muhammad was super accommodating to a last minute change request- much appreciated.  The kitchen was nicely stocked with some essentials as was the bathroom.  We thoroughly enjoyed our stay!"
        },
        {
            "name": "Bryce",
            "date": "2023-07-15",
            "review": "The location is close to transport & grocery stores with great balconies and very close to London"
        },
        {
            "name": "Jonathan",
            "date": "2023-09-15",
            "review": "\u200bRooms: My wife and her niece stayed at Muhammad's apartment and highly recommend it. The apartment was clean and the views \u200bare beautiful\u200b, as \u200bshown in the listing. The space was comfortable, welcoming w/ \u200blittle touches\u200b like water, sweets, \u200band cereal. The\u200b bed \u200bis great\u200b, nice linens and sofa comfortable. <br/>\u200bNeighborhood: The lovely surrounding neighborhood has many options for incl. 3 pubs, a wine bar, Middle Eastern, Lebanese & Italian food, w/ several coffee shops. IThere is a food store across the street \u200b<br/>Location: The apartment is \u200bconvenient/accessible to \u200bUnderground; with a bus stop \u200bdirectly outside the apt. \u200bNeighborhood is safe, lively (but not loud, and the apartment is top floor and faces away from the street).<br/>Host: Muhammad \u200bis \u200bresponsive, accommodating and provides excellent local and citywide recommendations! He \u200bresponds quickly and coordinated an early check-out and helped with luggage storage. He's a perfect host in all respects. <br/>Book w/ Confidence!"
        }
    ]
}