{"id": 658014716916266709, "listing_url": "https://www.airbnb.com/rooms/658014716916266709", "name": "Fabulous 3 bedroom opposite Harrods", "description": "This fabulous flat is located by Harrods which is the perfect place to stay to shop and enjoy everything London has to offer.<br /><br /><b>Guest access</b><br />Guest will have access to the entire flat", "host_name": "SlaterHUNTER", "host_id": 7258745, "host_url": "https://www.airbnb.com/users/show/7258745", "host_picture_url": "https://a0.muscache.com/im/pictures/user/fb3861a3-ef62-40d1-b88e-180dc564738d.jpg?aki_policy=profile_x_medium", "neighbourhood_cleansed": "Kensington and Chelsea", "latitude": 51.49871005238432, "longitude": -0.1644327336596772, "property_type": "Entire serviced apartment", "room_type": "Entire home/apt", "accommodates": 8.0, "bathrooms": 2.0, "bedrooms": 3, "beds": 4, "amenities": ["Essentials", "Wifi", "Hot water", "Washer", "Long term stays allowed", "Shampoo", "TV", "Bed linens", "Hair dryer", "Heating", "Clothing storage", "Iron", "Shower gel", "Bathtub", "Dryer", "Hangers", "Kitchen", "Cleaning products"], "price": 454.0, "numbers_of_review": 10, "review_scores_rating": 5.0, "reviews": [{"name": "Cindy", "date": "2022-08-27", "review": "This place is just gorgeous and  beautiful and across the street is Harrods. The area around the apartment is very clean because the cleaners clean the road around Harrods every morning. Since this place is at such a great location, every activities you want are easy to access.  And subway station, bus stops, nice restaurants, cafes, Hyde Park and shopping places are just around this place.<br/>We got into a trouble with the previous owner and decided to leave the apartment in the morning. We applied for this apartment the same morning. Even Though it was the same day, they responded quickly. I explained the situation we were at, and asked for early check-in. They accepted it willingly. We had 2 small kids and 4 big luggages in a group of 5 people. We appreciated so much. I definitely recommend this place for a famly and a big group to enjoy London sightseeing.<br/>Thank you very much !"}, {"name": "Asad", "date": "2022-09-26", "review": "Wonderful stay! Excellent 3-bed apartment opposite Harrods....very clean and great host who took care of everything. Thanks !"}, {"name": "Aaron", "date": "2022-10-02", "review": "great place, great location. happy to have stayed."}, {"name": "Roheel", "date": "2022-11-08", "review": "Tremendous service and apartment with a location to die for."}, {"name": "Shamsa", "date": "2022-12-09", "review": "Amazing"}, {"name": "Fabio", "date": "2023-01-09", "review": "Impeccable place. Kitchen has all you need. Great location, across the street from Harrods, but still quiet. Very close to restaurants, grocery stores and shops. Easy access to public transportation. I will certainly book again."}, {"name": "Mohammed", "date": "2023-01-20", "review": "We were happy with the accomodation"}, {"name": "Mohammed", "date": "2023-01-27", "review": "Amazing would definitely recommend the place to my friends"}, {"name": "T", "date": "2023-02-28", "review": "Great Location!"}, {"name": "Farraj", "date": "2023-03-10", "review": "Great apartment, the location was fantastic everything around was walkable and close by with everything close by. It had everything that you would need in a residence, it was a great stay. My first choice if I come visit London again."}]}