{
    "id": 661483606754998502,
    "listing_url": "https://www.airbnb.com/rooms/661483606754998502",
    "name": "One Bedroom Luxury Penthouse near Harrods and the Science Museum",
    "description": "In a glamorous building, our beautifully designed Apartments feature studios, 1 Bed Apartments and a 1 Bed Stylish Penthouse located on the top floor. Each of our apartments come with a flat screen TV, well equipped kitchenette, washing machine and dryer, hair dryer, iron and ironing board.<br /><br />Please note that there is a staircase before getting to the lift. This property is not suitable for the elderly and wheelchair/ pushchair users. There is a coffee lounge on the ground floor of the building.<br /><br /><b>The space</b><br />Our luxurious apartments are ideally located in the heart of South Kensington, with an outstanding view on the Natural History Museum. A few minutes walk to the Natural History Museum, Victoria & Albert Museum and the Science Museum. Just a 2 min' walk to South Kensington station: District, Circle and Piccadilly lines, which allow you connection to explore all the main attractions in London.<br /><br />In a glamorous building, our beautifully designed A",
    "host_name": "Sam",
    "host_id": 147473185,
    "host_url": "https://www.airbnb.com/users/show/147473185",
    "host_picture_url": "https://a0.muscache.com/im/pictures/user/b6e83354-be6a-4f5c-aa98-9db79180b5a0.jpg?aki_policy=profile_x_medium",
    "neighbourhood_cleansed": "Kensington and Chelsea",
    "latitude": 51.49470334793544,
    "longitude": -0.1749450160814984,
    "property_type": "Entire rental unit",
    "room_type": "Entire home/apt",
    "accommodates": 4.0,
    "bathrooms": 1.0,
    "beds": 2,
    "price": 284.0,
    "numbers_of_review": 6,
    "review_scores_rating": 2.0,
    "reviews": [
        {
            "name": "Reem",
            "date": "2022-08-03",
            "review": "\u062c\u0645\u064a\u0644\u0629 \u0644\u0643\u0646 \u064a\u062c\u0628 \u0627\u0646 \u062a\u0631\u0643\u0628 \u0645\u0635\u0639\u062f\u064a\u0646 \u062b\u0645 \u062f\u0631\u062c\u064a\u0646 \u0645\u062a\u0639\u0628\u064a\u0646 \u062c\u062f\u0627 \u062d\u062a\u0649 \u062a\u0635\u0644 \u0644\u0647\u0627  \u0648\u0627\u0644\u062a\u0643\u064a\u064a\u0641 \u062c\u0647\u0627\u0632 \u0645\u062a\u0646\u0642\u0644 \u0645\u0632\u0639\u062c \u0648\u0644\u0627 \u064a\u0648\u062c\u062f \u0634\u0628\u0627\u0628\u064a\u0643 \u0627\u0644\u0627 \u0641\u064a \u0627\u0644\u0633\u0642\u0641 \u0648\u064a\u0646\u0641\u0630 \u0645\u0646\u0647\u0627 \u0627\u0644\u0636\u0648\u0621"
        },
        {
            "name": "Selin",
            "date": "2022-08-18",
            "review": "Very hard access to apartment due to the amount of stairs. Also shisha lounge downstairs which caused a lot of smell. Do not reccomend to go with children. Air condition not enough. Windows dont open when its raining. Very hard to get fresh air."
        },
        {
            "name": "Bruno",
            "date": "2022-09-05",
            "review": "The place is not a penthouse as the only lights it gets comes from the ceiling The host could work on making it more welcoming and deliver a feel of a clean and welcoming place The lounge downstairs should also be mentioned as it doesn't feel that you're accessing flats but you're going to a public place."
        },
        {
            "name": "Noelia",
            "date": "2022-09-13",
            "review": "Todo muy bien el apartamento estupendo y muy bien situado, lo \u00fanico las escaleras para subir no hay ventanas que se puedan abrir y los tragaluz no tienen cortinas y en cuanto amanece hay demasiada luz. Tambi\u00e9n hacia un poco de calor tuvimos que poner el aire acondicionado cuando en la calle no hacia nada de calor. Pero en general la estancia muy bien."
        },
        {
            "name": "Corinne",
            "date": "2022-09-27",
            "review": "Very spacious, nice, comfy flat in great location."
        },
        {
            "name": "Myriam",
            "date": "2022-12-04",
            "review": "Tr\u00e8s bon emplacement"
        }
    ]
}