{"id": 661564524502775786, "listing_url": "https://www.airbnb.com/rooms/661564524502775786", "name": "Lovely double room with own private bathroom.", "description": "Lovely double room with king size bed with own private bathroom in leafy Woodside Park.  5 minutes to the tube (Northern Line) 20 minutes to Central London direct.<br /><br /><b>The space</b><br />Bedroom has a wardrobe , set of drawers, side table with lights, blinds & curtains.<br />Has a sole use of the bathroom with toilet , bath,shower & sink. <br />Living room has a TV gwhich guests are welcome to share with us. <br />Kitchen fully equipped, dishwasher, washing machine , microwave, guests are welcome to use condiments, tea , coffee , milk & cooking. <br />Communal garden is very large & guests are welcoming to relax on it if the weather permits.<br />Check in and check outs can be negotiable via message<br />Internet & Sky available<br /><br /><b>Guest access</b><br />We are both around most of the time , will happily welcome guests on arrival.<br />Feel free to use the kitchen to make tea/coffee or store food.<br /><br /><b>Other things to note</b><br />Woodside is a leafy area ", "host_name": "Marc", "host_id": 38679960, "host_url": "https://www.airbnb.com/users/show/38679960", "host_picture_url": "https://a0.muscache.com/im/users/38679960/profile_pic/1439974934/original.jpg?aki_policy=profile_x_medium", "neighbourhood_cleansed": "Barnet", "latitude": 51.62168339999999, "longitude": -0.1802415, "property_type": "Private room in condo", "room_type": "Private room", "accommodates": 1.0, "bathrooms": 2.0, "bedrooms": 2, "beds": 1, "amenities": ["Extra pillows and blankets", "First aid kit", "Oven", "Cleaning before checkout", "Hair dryer", "Wine glasses", "Dining table", "Private entrance", "Hangers", "Cleaning products", "Dishes and silverware", "Luggage dropoff allowed", "Essentials", "Free parking on premises", "Shampoo", "Outdoor furniture", "Cooking basics", "Bed linens", "Carbon monoxide alarm", "Bathtub", "Shower gel", "Central heating", "Wifi", "Dishwasher", "Backyard", "Long term stays allowed", "Hot water kettle", "Microwave", "Refrigerator", "Outdoor dining area", "55\\ HDTV with Roku", "Amazon Prime Video", "Netflix", "standard cable", "Private patio or balcony", "Iron", "Body soap", "Kitchen", "BBQ grill", "Stove", "Toaster", "Conditioner", "Security cameras on property", "Hot water", "Washer", "Clothing storage: closet and dresser", "Elevator", "Smoke alarm", "Laundromat nearby", "Cable TV", "Freezer"], "price": 48.0, "numbers_of_review": 6, "review_scores_rating": 5.0, "reviews": [{"name": "Susan", "date": "2022-07-07", "review": "First time ever to use this way of staying overnight near london and am so so so impressed absolutely lovely hosts and lovely clean place perfect location for what we needed would highly recommend and would definitely stay again if in the area"}, {"name": "Tessa", "date": "2022-07-08", "review": "Marc and Sherry were super lovely. Their place was bright and comfortable and easy to access. The area is quiet and relaxing and they were always offering snacks and water!"}, {"name": "Nick", "date": "2022-07-10", "review": "Great apartment! Marc made us very welcome. Great location -5 min walk to tube station & 30mins to central London. Good facilities nearby- 10mins walk to shops & restaurants. Thanks!"}, {"name": "Karim", "date": "2022-07-14", "review": "Marc and Sherry are very nice and welcoming. The flat is modern, clean, and has a great view. They are super friendly and helpful. I would definitely recommend staying here!"}, {"name": "Sherry", "date": "2023-11-15", "review": "Nice, clean and comfy bed. Very nice host. Will definitely come again."}, {"name": "Antonios", "date": "2023-11-26", "review": "I had a delightful stay at Mark\u2019s residence. The room was clean and tranquil, conveniently located near the tube station. I would highly recommend it to others."}]}