{
    "id": 6618263,
    "listing_url": "https://www.airbnb.com/rooms/6618263",
    "name": "Double Room in Athletes Village",
    "description": "Lovely double room available in a quiet, clean and peaceful 3 bed flat. To share with the two owners. Top (7th) floor apartment with nice views. The flat is only 18 months old. Close proximity to Olympic Park, Westfield Shopping and Stratford Station.<br /><br /><b>The space</b><br />Our top floor apartment was part of the London 2012 Olympic Village.<br /><br /><b>Guest access</b><br />Communal areas including kitchen and lounge/diner<br /><br /><b>Other things to note</b><br />You will be sharing the flat with the owners who will be in the 2nd and 3rd bedrooms.<br /><br />The flat is on the market so we would kindly ask that you leave the flat reasonably tidy each day in case of viewings. <br /><br />Any viewings would take place during daytime hours 10:00 to 17:00 Monday to Friday. We can be flexible if this would cause any inconvenience.",
    "host_name": "Matthew",
    "host_id": 11912473,
    "host_url": "https://www.airbnb.com/users/show/11912473",
    "host_picture_url": "https://a0.muscache.com/im/pictures/user/b5012d8d-7fc9-4d27-860a-70af2e936ec7.jpg?aki_policy=profile_x_medium",
    "neighbourhood_cleansed": "Newham",
    "latitude": 51.54859,
    "longitude": -0.0086,
    "property_type": "Private room in rental unit",
    "room_type": "Private room",
    "accommodates": 1.0,
    "bathrooms": 1.0,
    "beds": 1,
    "price": 45.0,
    "numbers_of_review": 2,
    "review_scores_rating": 5.0,
    "reviews": [
        {
            "name": "Rapha\u00ebl",
            "date": "2016-07-01",
            "review": "Matt was on holidays, but I've meet and stay with James, his young brother. \r<br/>Matt is really really cool and reactive, and James is just the perfect host. \r<br/>\r<br/>Can't wait to meet Matt, flat is clean, really well furnished, room is perfect and you sleep like a baby in this bed ! :) "
        },
        {
            "name": "Yi Jo",
            "date": "2016-11-01",
            "review": "Matt is very hospitable and friendly. The flat is clean and well maintained. Matt did a great job in making me feel like home and he is always there to help with anything. I really enjoyed his company. I wish I can stay longer."
        }
    ]
}