{
    "id": 661975962135645464,
    "listing_url": "https://www.airbnb.com/rooms/661975962135645464",
    "name": "Luxury 4 bedroom townhome in central East Dulwich!",
    "description": "A gorgeous and spacious retreat in family-friendly and trendy East Dulwich! There are numerous parks within a ten minute walk away, including the gorgeous Dulwich Park and famous Peckham Rye. The independent shops and a plethora of restaurants and bars of Lordship Lane are on your doorstep. Links into central London are fast and easy, with London Bridge 12 minutes away by overland train from East Dulwich Station and Victoria Station 20 minutes away by overland train from Peckham Rye Station.",
    "host_name": "Zara",
    "host_id": 52461164,
    "host_url": "https://www.airbnb.com/users/show/52461164",
    "host_picture_url": "https://a0.muscache.com/im/pictures/user/aa6579fc-ff89-4e94-939f-71cbf87ecfae.jpg?aki_policy=profile_x_medium",
    "neighbourhood_cleansed": "Southwark",
    "latitude": 51.46200831818069,
    "longitude": -0.0675675253751847,
    "property_type": "Entire townhouse",
    "room_type": "Entire home/apt",
    "accommodates": 6.0,
    "bathrooms": 2.5,
    "beds": 4,
    "price": 750.0,
    "numbers_of_review": 1,
    "review_scores_rating": NaN,
    "reviews": [
        {
            "name": "Tracey",
            "date": "2023-01-01",
            "review": "Wonderful host, and beautiful home. Owner was always very quick to respond when I had questions <br/>Felt very comfortable"
        }
    ]
}