{
    "id": 663614014804525912,
    "listing_url": "https://www.airbnb.com/rooms/663614014804525912",
    "name": "Beautiful dooble room available in South London",
    "description": "Enjoy easy access to popular shops and restaurants very close to Central London. Easily accessible by public transport and privet car park is also available free of charge. Very clean tidy rooms. Ideal for young tourist couples looking to spend the night and saving money. Rooms are located on top of our bar, a very small/moderate amount of noise can be heard till the bar closes. Price is extremely comfortable compared to other rooms in the area.",
    "host_name": "Diego",
    "host_id": 467594816,
    "host_url": "https://www.airbnb.com/users/show/467594816",
    "host_picture_url": "https://a0.muscache.com/im/pictures/user/e6f11218-da8d-4e39-95cf-83f484775b69.jpg?aki_policy=profile_x_medium",
    "neighbourhood_cleansed": "Southwark",
    "latitude": 51.4903968,
    "longitude": -0.0808996,
    "property_type": "Private room in bed and breakfast",
    "room_type": "Private room",
    "accommodates": 2.0,
    "bathrooms": 1.5,
    "beds": 1,
    "price": 81.0,
    "numbers_of_review": 10,
    "review_scores_rating": 4.6,
    "reviews": [
        {
            "name": "Miguel",
            "date": "2022-07-10",
            "review": "Rated it 5 stars. Thought it was great value. A bit confused why Diego tried to conceal it was part of a hotel. There is a club downstairs and room was right above although we didn\u2019t mind the noise as it wasn\u2019t loud inside."
        },
        {
            "name": "Dan",
            "date": "2022-07-24",
            "review": "Great place to stay, and great value for money!"
        },
        {
            "name": "Alexandra",
            "date": "2022-07-30",
            "review": "Great place to stay, the hotel staff were wonderful, excellent communication with them! Perfectly valued rooms, very clean bathroom and bedroom! The only issue was checking in, but that was soon cleared up! Thankyou for having us, we\u2019ll come again!"
        },
        {
            "name": "Annalise",
            "date": "2022-07-31",
            "review": "This is a good spot to stay - the bar downstairs can be a little noisy but it is a quick bus ride to many of the tourist attractions of London"
        },
        {
            "name": "Latara",
            "date": "2022-09-04",
            "review": "Room is in a Hotel and you have to pay 50 Pounds (in case of damages) but if you check out, you'll get it back if everything is OK. Room is small but clean. You have clean towels and if u want, you can book breakfast.<br/>I would book it again. Thanks Diego :)"
        },
        {
            "name": "Jonathan",
            "date": "2022-10-08",
            "review": "Great room, exactly as listed! Diego was super easy to contact! Highly recommend for central cost effective accommodation"
        },
        {
            "name": "Paola",
            "date": "2022-10-09",
            "review": "S\u00e9jour agr\u00e9able, chambre propre. En revanche c\u2019est assez bruyant la nuit avec le bar en dessous et il a fait un peu froid dans la chambre."
        },
        {
            "name": "Rick",
            "date": "2022-10-15",
            "review": "um quarto de hotel bem localizado, recomendo!"
        },
        {
            "name": "Pol",
            "date": "2022-10-16",
            "review": "Imposible dormir con dos bares justo debajo con la m\u00fasica alt\u00edsima. Por otra parte, el termostato estaba bloqueado para que no se pudiera poner la calefacci\u00f3n."
        },
        {
            "name": "Gert",
            "date": "2022-10-23",
            "review": "Erg netjes, fijne badkamer en het bed was erg goed."
        }
    ]
}