{"id": 664219110549934697, "listing_url": "https://www.airbnb.com/rooms/664219110549934697", "name": "Stunning penthouse overlooking river Thames", "description": "Staying in Vauxhall<br />Across the river from Pimlico and Westminster, Vauxhall has a lot going for it. Vauxhall's residents are a real mix: young professionals, intellectually-minded hippies, a large gay population - the list goes on. The Victoria Line whizzes you up to Oxford Circus in about ten minutes - it's something of a transport hub so works well as a base for exploring lots of different pockets of the city.<br /><br /><b>The space</b><br />Well designed rooms which one comes with an ensuite and balcony. Huge Windows with great light. <br />All rooms are fitted with huge wardrobes for plenty of space for your clothes. Beautiful stylish lamps to create the mood just right.<br /><br />centrally-located place, huge patio penthouse, stunning views, family friendly and great for couples retreat getaway.<br /><br /><b>Guest access</b><br />The whole apartment is yours to access<br /><br /><b>Other things to note</b><br />This is a penthouse which over looks the river Thames, this pa", "host_name": "Lily", "host_id": 467745778, "host_url": "https://www.airbnb.com/users/show/467745778", "host_picture_url": "https://a0.muscache.com/im/pictures/user/77bdf353-0a29-4da9-bc6d-d7b548f646c9.jpg?aki_policy=profile_x_medium", "neighbourhood_cleansed": "Lambeth", "latitude": 51.4865834, "longitude": -0.1252216, "property_type": "Entire condo", "room_type": "Entire home/apt", "accommodates": 6.0, "bathrooms": 2.0, "bedrooms": 2, "beds": 2, "amenities": ["Extra pillows and blankets", "Free washer", "Wine glasses", "Dining table", "Hangers", "Cleaning products", "Waterfront", "Folding or convertible high chair - always at the listing", "Dishes and silverware", "Essentials", "Stainless steel oven", "Shampoo", "Clothing storage: closet", "50\\ HDTV", "Cooking basics", "Bed linens", "Babysitter recommendations", "EV charger", "Carbon monoxide alarm", "Shower gel", "Bathtub", "Central heating", "Dishwasher", "Long term stays allowed", "Hot water kettle", "Microwave", "Refrigerator", "Outdoor dining area", "Private patio or balcony", "Iron", "Body soap", "Kitchen", "Stove", "Toaster", "Conditioner", "Security cameras on property", "Dedicated workspace", "Hot water", "Elevator", "Smoke alarm", "Dryer", "Outdoor furniture", "Freezer"], "price": 600.0, "numbers_of_review": 10, "review_scores_rating": 4.0, "reviews": [{"name": "Jyoti", "date": "2022-07-28", "review": "The apartment was amazing.  Beautiful patio, and wonderful views.  Lily was always in contact via text whenever we needed her, and was very responsive to us.  The convenience of grocery stores, coffee shops, and pubs right below was very helpful.  You will definitely enjoy this stay!"}, {"name": "Maha", "date": "2022-08-24", "review": "Lily was a great Hostess, she\u2019s helpful and cooperative"}, {"name": "Jon", "date": "2022-09-18", "review": "Lily was a great host. Their place is incredible, lots of space (especially for London). Balcony is huge, with panoramic views of the city. Right beside the tube station and a Pret a Manger downstairs for coffee and snacks. Would highly recommend this location!"}, {"name": "Anca", "date": "2022-11-20", "review": "Really nice place to stay! <br/>We were visiting London with a group of friends and the apartment was perfect for our needs. Lovely central location and magnificent views! The terrace is worth the money alone"}, {"name": "Andy", "date": "2023-04-08", "review": "Great apartment and super base for London visits"}, {"name": "Jim", "date": "2023-04-12", "review": "Lily got us in same day, in a pinch, and the place worked out wonderfully. The river and city views are great from morning to night! I\u2019d definitely stay again.<br/>Thank you again Lily!"}, {"name": "Lawrence", "date": "2023-04-30", "review": "My friends and I stayed at Lily\u2019s place for a birthday weekend in London. The property was fantastic, it had all we needed. The highlight is the large roof terrace with amazing views up and down the Thames. It\u2019s just a stones throw from Vauxhall tube too so getting around it very simple and there\u2019s a Tesco and Pret on the doorstep so it\u2019s easy to get amenities. I would recommend this property to anyone staying in London."}, {"name": "Chet", "date": "2023-06-01", "review": "We had a great stay! Lily was a wonderful host, and she helped us with an early check-in. She was super friendly, and we loved the space. The view was incredible, and we loved being so close to the underground station. It was a wonderful stay!"}, {"name": "Margaret", "date": "2023-06-05", "review": "The highlight is the large roof terrace with great views of the Thames - wish we had more patio furniture out there (looks like maybe in the past there was) - but we made it work. Cozy living room, kitchen good enough for to make our breakfast and meals, enough hot water in the showers!  Short walk from the Vauxhall Tube. Pret A Manger and Tesco Express on the bottom floor. We chose to walk to the London eye, Big Ben, The Globe etc. - nice scenic walk along the Thames- so perfect for the spots we wanted to visit. Definitely got our steps in ;-)"}, {"name": "Arjun", "date": "2023-06-14", "review": "Lilly was an awesome host. She was very responsive , welcoming and helpful. We requested for a hair dryer and she provided it. Her rules were simple . Her property was very clean.  The location was superb with easy access to the tube and the view from the property was great ! The big terrace overlooking the Thames, and views of the Big Ben and the London eye was definitely a bonus :)"}]}