{
    "id": 664379008032775975,
    "listing_url": "https://www.airbnb.com/rooms/664379008032775975",
    "name": "Earls Court, Kensington Studio(40PR-4/5)",
    "description": "<b>The space</b><br />The listing consists of two studios that are identical and on the same floor, you will be placed according to availability between the two rooms. The studio apartment is located on the lower ground but has a skylight and window for plenty of light, the studio has a private kitchenette equipped with a ceramic two plate hob, microwave, kettle, Nespresso and basic cutlery, cups, and plates suitable for two people. The bathroom is private and attached to the studio, you will have your own walk-in shower with a waterfall shower head. Towels and linens provided, two large towels and two small hand towels with a bathroom matt and some start up toiletries (no toothpaste). The laundry facilities are not located inside the unit but are communal in the building and a chargeable extra of \u00a31 per 30-minute usage per machine - estimating costs at \u00a32 to \u00a33 per wash and \u00a31 to \u00a32 per dry. please note I do not have air conditioning in the studio, just under floor heating.<br /><br /",
    "host_name": "Nicole",
    "host_id": 124359784,
    "host_url": "https://www.airbnb.com/users/show/124359784",
    "host_picture_url": "https://a0.muscache.com/im/pictures/user/2d09dcae-99a7-4fef-9c3c-a83379c4640e.jpg?aki_policy=profile_x_medium",
    "neighbourhood_cleansed": "Kensington and Chelsea",
    "latitude": 51.49088138257727,
    "longitude": -0.1954004147156231,
    "property_type": "Entire rental unit",
    "room_type": "Entire home/apt",
    "accommodates": 2.0,
    "bathrooms": 1.0,
    "beds": 1,
    "price": 148.0,
    "numbers_of_review": 5,
    "review_scores_rating": 4.0,
    "reviews": [
        {
            "name": "Jack",
            "date": "2022-07-27",
            "review": "Good spot for short term stays. Rooms are a bit small so I would not stay for over a week. 5 days was perfect."
        },
        {
            "name": "Ann",
            "date": "2022-08-16",
            "review": "The flat is at a very convenient location - just 5min walk from Earl\u2019s Court station.<br/>It\u2019s a little bit small and at the lower floor so not much air circulation - maybe more suitable for just a weekend stay<br/>Host did provide a small table fan, but we stayed during the time when heat wave hit, so not very helpful.<br/>Check-in and check-out instructions very simple and clear."
        },
        {
            "name": "Andrea",
            "date": "2022-08-20",
            "review": "The flat is very well placed! The metro is at 1 minute by foot and from here you can go everywhere! The neighbours it's very well served and you can found anything. In the flat there's everything you need despite its very small. The check in and the check out it's very easy! Absolutely suggested!"
        },
        {
            "name": "Andre",
            "date": "2022-09-19",
            "review": "Very clean and modern apartment with everything you need. Also convenient location close to the tube station!"
        },
        {
            "name": "Nayef",
            "date": "2022-11-03",
            "review": "The apartment has a great location and has comfortable bed. It\u2019s has a large window with a skylight. These are my main issues: <br/>First the chargeable laundry: I\u2019m ok with the a chargeable wash machine but it\u2019s not working properly. It took extra money without working and I did report this to Nicole\u2019s support email and received no solution. I didn\u2019t get my money back. <br/>Second, the internet is not reliable. We can\u2019t enjoying surfing the internet as there is no mobile signal nor there is a good I internet. I did report this but no response till this time. <br/>Third, the window in the apartment is not well installed. The air keeps coming from the gab below it. <br/>Fourth, one night when I returned to the apartment I found a couple of boxes in the corridors! I emailed the support team and I got the replay after two days! <br/>Other than this, it\u2019s a good apartment and the toilets and the kitchen are great!  <br/>I hope the apartment owner takes note of my observations and fix these issues."
        }
    ]
}