{
    "id": 665810315254590320,
    "listing_url": "https://www.airbnb.com/rooms/665810315254590320",
    "name": "Lovely private room at the heart of Shoreditch",
    "description": "This lovely room is in the middle of renown Arnold Circus which is closed to traffic, super peaceful with the gardens and with its unique architecture. <br /><br />It is featured on Valentino's latest campaign, and on official London accounts. It's very likely to see either a film set or a photoshoot around :) <br /><br />Located at the heart of Shoreditch just a couple of mins away from Shoreditch Overground, with a walkable distance to Tower Bridge. Close to Liverpool Street Station and Old Street Stations.<br /><br /><b>The space</b><br />Big table, big screen where you can connect to your laptop, the best working chair Herman Miller. <br /><br />The view from windows are priceless.",
    "host_name": "Ali Hakan",
    "host_id": 995881,
    "host_url": "https://www.airbnb.com/users/show/995881",
    "host_picture_url": "https://a0.muscache.com/im/pictures/user/5594f647-0d6c-4e7d-b337-d0dc7f2095ea.jpg?aki_policy=profile_x_medium",
    "neighbourhood_cleansed": "Tower Hamlets",
    "latitude": 51.52725693269528,
    "longitude": -0.0733487746818945,
    "property_type": "Private room in condo",
    "room_type": "Private room",
    "accommodates": 1.0,
    "bathrooms": 1.0,
    "beds": 1,
    "price": 85.0,
    "numbers_of_review": 10,
    "review_scores_rating": 5.0,
    "reviews": [
        {
            "name": "\u0418\u0432\u0430\u043d",
            "date": "2022-07-10",
            "review": "lovely room in a great neighborhood. <br/>everything went great"
        },
        {
            "name": "Asher",
            "date": "2022-07-31",
            "review": "Spectacular apartment. The location is a highlight. The road surrounding the building is pedestrian only.  No traffic noise and a green space 10 meters from the door. The host and roommates are kind, generous, and helpful. The internet is solid and consistent. I recommend this apartment to anyone looking for tourism in a lovely part of the city or a remote worker on a longer stay who wants a cool area, a good work desk, and a peaceful night's sleep."
        },
        {
            "name": "Kyle",
            "date": "2022-09-03",
            "review": "Hakan was very communicative, and was willing to provide as much assistance as needed throughout my stay. Check in was very easy. The location is outstanding, short walk away from underground, overground, and bus stations, great restaurants around (specifically Bao Noodle Shop and Cecconi\u2019s), and right in the heart of shoreditch. The other two flatmates were lovely to live with (I stayed for a month). Would recommend staying here."
        },
        {
            "name": "Shawn",
            "date": "2022-09-10",
            "review": "Great location and awesome hosts. It was my first time in London but I always felt safe and informed thanks to the hosts. The room is bigger than expected from the pictures and they gave me everything I needed like water/towels/desk to work from/WiFi/tv. Would definitely stay again"
        },
        {
            "name": "Diana",
            "date": "2022-10-09",
            "review": "Hakan and his flatmates are some of the kindest people you\u2019ll ever meet. Though the latter had no obligation to care about my presence, all three continually made sure I was having a good time and had everything I needed. I stayed for a whole month, and the apartment truly has everything to make you feel at home, as well as all the necessary bits for day-to-day life. The location is awesome as well - in a super busy part of London, but somehow still quiet and peaceful. Can\u2019t recommend this room enough, especially for longer stays. Would definitely book again."
        },
        {
            "name": "Kristin",
            "date": "2022-10-19",
            "review": "Arnold Circus is a delightful spot of peacefulness, just a few moments\u2019 walk from the up and coming yet trendy scene of Shoreditch. For those wanting to discover a real neighbourhood in East London, this is a prime spot to be. <br/>I stayed here for that but also to be close to Liverpool Street. <br/>While I never had the chance to meet Hakan or his roommate, the communication was fantastic. Responses in the lead up to and during my stay were very prompt. Great communication. <br/>The room is exactly as described, and was very clean. Full Netflix available, though I didn\u2019t have an opportunity to watch. Very fast WiFi. <br/>Recommend staying if you\u2019re looking to live in a real flat (potentially with Hakan and his roommate) and experience real East London. <br/>To those who may not be familiar with London: I do recommend researching the area to know you are staying in an area that\u2019s undergone a lot of change in the past decade. It was the exact reason I stayed here (as I\u2019m looking to re-relocate back to London)."
        },
        {
            "name": "Yuichiro",
            "date": "2022-10-25",
            "review": "Super kind host!"
        },
        {
            "name": "Kristof",
            "date": "2022-10-28",
            "review": "Ali's listing is in a really quiet street in the beating heart of London. Great place to come home to after a busy day out. The desk also has a nice view, I even saw one of those city foxes walk by one early morning \ud83d\ude02"
        },
        {
            "name": "Chen",
            "date": "2022-10-30",
            "review": "This is a really lovely apartment with a amazing working desk, available Netflix and fast Wi-Fi. Ali and his roommates are very kind for help. I had a wonderful weekend here and do recommend others to enjoy this place too."
        },
        {
            "name": "Gypsophila \u007f\u007f\u007f\u007f \u007f",
            "date": "2022-12-01",
            "review": "\u5730\u7406\u4f4d\u7f6e\u597d\uff0c\u8bbe\u5907\u9f50\u5168\uff0c\u8212\u9002\u3002"
        }
    ]
}