{"id": 668759131595814977, "listing_url": "https://www.airbnb.com/rooms/668759131595814977", "name": "Private Room in Modern Apartment near Heathrow", "description": "This modern Double Bedroom includes a comfortable double bed that can comfortably accommodate two guests, two bedside tables with touch lamps, large chest of drawers, 49 inch flat screen TV with Netflix and Chromecast, free high speed Wi-Fi internet access and a private bathroom with rainfall shower over bathtub \u2013 perfect for relaxing and unwinding.", "host_name": "Robert", "host_id": 468892681, "host_url": "https://www.airbnb.com/users/show/468892681", "host_picture_url": "https://a0.muscache.com/im/pictures/user/0898a62a-58bd-4494-83ed-79163deacb22.jpg?aki_policy=profile_x_medium", "neighbourhood_cleansed": "Hillingdon", "latitude": 51.5110363, "longitude": -0.4753867, "property_type": "Private room in condo", "room_type": "Private room", "accommodates": 2.0, "bathrooms": 1.0, "bedrooms": 1, "beds": 1, "amenities": ["Extra pillows and blankets", "Oven", "Clothing storage: dresser", "Essentials", "Single level home", "Bed linens", "Free parking garage on premises \u2013 1 space", "Carbon monoxide alarm", "Bathtub", "Central heating", "Wifi", "Dishwasher", "Long term stays allowed", "49\\ HDTV with Chromecast", "Netflix", "Room-darkening shades", "Private patio or balcony", "Iron", "Kitchen", "Hot water", "Washer", "Elevator", "Smoke alarm", "Outdoor furniture"], "price": 70.0, "numbers_of_review": 10, "review_scores_rating": 5.0, "reviews": [{"name": "Filip", "date": "2022-08-03", "review": "Everything was exactly like stated in a description. Room was very clean, nice and well arranged. Robert is a great host and he\u2019s always willing to help or answer any questions. Overall a great stay!"}, {"name": "Taha", "date": "2022-08-05", "review": "Robert is an excellent host who would go out of the way to make you feel comfortable. His property is  very well connected to Central London (via Elizabeth line). The property is very well maintained, secured and clean."}, {"name": "Andrew", "date": "2022-08-07", "review": "Great guy, unfortunately couldn\u2019t stay as I had an emergency with my son, Robert was lovely communication was brilliant and his understanding was even better lovely guy great host! Credit to air b&b"}, {"name": "Chris", "date": "2022-08-21", "review": "Robert was fantastic and provided a beautiful little shared flat, close to a lot of nice restaurants in the area, and was super close to the airport, but out of the flight lane so it wasn't super noisy! I'll definitely be back if I'm ever in the area again. 5/5 would recommend"}, {"name": "Hajar", "date": "2022-08-25", "review": "Very clean and tidy, nice view, good communication \ud83d\udc4d"}, {"name": "Vicki", "date": "2023-01-13", "review": "We had a lovely time staying at Rob\u2019s apartment!! Everything was clean and newly renovated. Rob made sure we were settling in well and was very helpful whenever we had questions. One thing we especially loved was how close it was to the Elizabeth line because it made it easy to get into the city and the surrounding areas. Wanted to say thanks again to Rob (and Ralph, his adorable and sweet french bulldog) for welcoming us into their home and making our stay in London even more wonderful!!"}, {"name": "Rajiv", "date": "2023-04-09", "review": "Great host, thanks for the stay"}, {"name": "Robert", "date": "2023-05-03", "review": "For my first trip ever to the UK Robert made me feel very welcome and had a lot of info for me and told me where to go and I will definitely be back thank you for everything Robert!!!"}, {"name": "Paulina", "date": "2023-05-29", "review": "Robert was a very nice and friendly host. The room looked lovely and very clean. My parents enjoyed staying at Robert's. Easy check-in and check-out. No issues \ud83d\ude0a"}, {"name": "Afzal", "date": "2023-06-10", "review": "A very well located flat for commuting to Heathrow with a 3 min connection to Elizabeth line. Robert was very proactive and flexible with all our requests. The place itself was spotless and quiet, with a comfy bed and really nice linen. Would stay again if need be"}]}