{"id": 670612136502028976, "listing_url": "https://www.airbnb.com/rooms/670612136502028976", "name": "Attractive Double Room", "description": "Surround yourself with style in this standout space.", "host_name": "Angelena", "host_id": 17966596, "host_url": "https://www.airbnb.com/users/show/17966596", "host_picture_url": "https://a0.muscache.com/im/pictures/user/e4336b05-d69a-45da-86e3-06b77d12bec7.jpg?aki_policy=profile_x_medium", "neighbourhood_cleansed": "Lewisham", "latitude": 51.46605934283654, "longitude": -0.0197776911678327, "property_type": "Private room in home", "room_type": "Private room", "accommodates": 2.0, "bathrooms": 1.5, "bedrooms": 1, "beds": 1, "amenities": ["Extra pillows and blankets", "First aid kit", "Oven", "Fire extinguisher", "Wine glasses", "Dining table", "Hangers", "Cleaning products", "Dishes and silverware", "Luggage dropoff allowed", "Essentials", "Patio or balcony", "Baking sheet", "Cooking basics", "Bed linens", "Carbon monoxide alarm", "Wifi", "Heating", "Dishwasher", "Backyard", "Long term stays allowed", "TV", "Hot water kettle", "Microwave", "Refrigerator", "Room-darkening shades", "Outdoor dining area", "Iron", "Kitchen", "Drying rack for clothing", "Stove", "Lock on bedroom door", "Toaster", "Security cameras on property", "Dedicated workspace", "Hot water", "Washer", "Paid parking off premises", "Smoke alarm", "Laundromat nearby", "Dryer", "Outdoor furniture", "Freezer"], "price": 40.0, "numbers_of_review": 3, "review_scores_rating": NaN, "reviews": [{"name": "Jake", "date": "2022-09-16", "review": "Great location, warm and welcoming."}, {"name": "Samuel", "date": "2022-10-21", "review": "Once of my best airbnb stays so far!"}, {"name": "Mi Emery", "date": "2022-10-29", "review": "A clean and charming room to stay in, was perfect for me due to the room being on ground level. Easily accessible check-in and all included amenities provided a comfortable stay. Not too far to travel into Central London either (roughly half an hour) , and it was within walking minutes to the closest tube/subway station as well! Would definitely stay here again in the future when I return to the UK."}]}