{"id": 670626635214975483, "listing_url": "https://www.airbnb.com/rooms/670626635214975483", "name": "Private double in Sidcup", "description": "Double room available for short term stays near to Sidcup and New Eltham stations.<br /><br />The house is shared with three people and one cat \ud83d\udc31", "host_name": "Nancy", "host_id": 39610603, "host_url": "https://www.airbnb.com/users/show/39610603", "host_picture_url": "https://a0.muscache.com/im/pictures/user/c6650844-4285-428c-90bf-8031159c3734.jpg?aki_policy=profile_x_medium", "neighbourhood_cleansed": "Bexley", "latitude": 51.44155325350582, "longitude": 0.0910560368424118, "property_type": "Private room in home", "room_type": "Private room", "accommodates": 2.0, "bathrooms": 1.5, "bedrooms": 1, "beds": 1, "amenities": ["Essentials", "Coffee maker", "Washer", "Free parking on premises", "Long term stays allowed", "TV", "Refrigerator", "Cooking basics", "Bed linens", "Outdoor dining area", "Bathtub", "Indoor fireplace", "Fast wifi \u2013 68 Mbps", "Central heating", "Kitchen", "Cleaning products", "Dishes and silverware"], "price": 35.0, "numbers_of_review": 8, "review_scores_rating": 5.0, "reviews": [{"name": "Andrew", "date": "2022-07-21", "review": "iv been travelling around lobdon in airbnb for about 6 week and i can honestly say Nancy and her husbsnd were the nicest people i have ever met very welcoming and accomodating if u grt chance stay wiv them their lovely"}, {"name": "Leandra", "date": "2022-08-23", "review": "Nancy has a lovely home. Everyone was really nice!"}, {"name": "Dot", "date": "2022-08-28", "review": "such a great location for easy transport access, quiet stay and warm welcome"}, {"name": "Benjamin", "date": "2022-09-13", "review": "I Great place in the Sidcup,Bexley area area. Transport is easy . Her home is worth the buck!.<br/>I would recommend to anyone visiting friends or for work in Greater London."}, {"name": "Lena", "date": "2022-09-17", "review": "super nett, wir haben uns sehr wohl gef\u00fchlt!vielen dank \ud83e\udd70"}, {"name": "Thomas", "date": "2022-09-20", "review": "Me and a friend of mine stayed at Nancy\u2019s home for a few nights, and we found it to be quite a nice stay! The home is welcoming and clean, and the bed is comfy.<br/>The area felt like an authentic British suburb, and we always felt safe in the area.<br/>There\u2019s convenient transportation to the city center, nothing too complicated, half an hour and you\u2019ll be in the heart of London.<br/>Very good value for money :)"}, {"name": "Ana", "date": "2022-09-23", "review": "pretty place and amazing host"}, {"name": "Nehal Bhaveshkumar", "date": "2023-07-30", "review": "I am surely recommend it. she is nice and her place is very good and she is very helpful. .<br/>I hope that one more time I will stay here and I will explore London"}]}