{
    "id": 673102579092156621,
    "listing_url": "https://www.airbnb.com/rooms/673102579092156621",
    "name": "Brand-new contemporary flat in Bermondsey",
    "description": "This is a brand-new, contemporary flat in Bermondsey, Greater London not far from the Thames River, Tower of London and London Bridge! Why stay in a stuffy, cramped, and old hotel when you can enjoy this flat and experience London like a local, not a tourist. This building is just next to South Bermondsey station, which is just 1 stop from London  Bridge!<br /><br /><b>The space</b><br />This is a stunning high rise building with a rooftop garden and workout facility. Two double bedrooms offer a good night's sleep with all new furnishings and views out over rooftops.  Two bathrooms mean less sharing and more privacy for guests while enjoying their stay in this premier building.<br /><br />The large kitchen is a chef's dream and could be in a design magazine. It is stunning with its sleek cabinetry, new appliances including a washing machine, and there is plenty of space for meal preparation while on holiday whether it's breakfast or all three meals.<br /><br />The combined kitchen, liv",
    "host_name": "Isidoros",
    "host_id": 469991428,
    "host_url": "https://www.airbnb.com/users/show/469991428",
    "host_picture_url": "https://a0.muscache.com/im/pictures/user/68e20f37-953c-43ce-a86c-6e26747a63a0.jpg?aki_policy=profile_x_medium",
    "neighbourhood_cleansed": "Southwark",
    "latitude": 51.48578817288725,
    "longitude": -0.0643419951030072,
    "property_type": "Entire vacation home",
    "room_type": "Entire home/apt",
    "accommodates": 4.0,
    "bathrooms": 2.0,
    "beds": 2,
    "price": 248.0,
    "numbers_of_review": 2,
    "review_scores_rating": NaN,
    "reviews": [
        {
            "name": "\u4efb\u5c0f\u59d0",
            "date": "2023-09-04",
            "review": "\u623f\u95f4\u5f88\u68d2 \u53a8\u5177\u5f88\u9f50\u5168 \u5f88\u6ee1\u610f\u7684\u4e00\u6b21\u5165\u4f4f"
        },
        {
            "name": "\u4efb\u5c0f\u59d0",
            "date": "2023-09-14",
            "review": "\u5165\u4f4f\u8fd8\u662f\u6109\u5feb\u7684\uff5e\u5f88\u6ee1\u610f \u623f\u95f4\u548c\u56fe\u7247\u4e00\u6837 \u6ca1\u6709\u533a\u522b \u5c31\u662f\u6211\u4eec\u4e09\u4e2a\u4eba \u4e00\u628a\u94a5\u5319 \u4e0d\u662f\u5f88\u65b9\u4fbf \u56e0\u4e3a \u6709\u65f6\u5019\u4e09\u4e2a\u4eba\u8ba1\u5212\u51fa\u884c\u7684\u76ee\u7684\u5730\u4e0d\u4e00\u6837 \u4e00\u628a\u94a5\u5319\u8fdb\u51fa\u4e0d\u65b9\u4fbf \u5e0c\u671b\u623f\u4e1c\u4ee5\u540e\u53ef\u4ee5\u591a\u914d\u4e00\u628a\u94a5\u5319 \u6bd5\u7adf\u4e24\u5ba4\uff0c\u5165\u4f4f\u4eba\u6570\u591a\u4e00\u70b9\uff5e \u5176\u4ed6\u90fd\u5f88\u6ee1\u610f \u623f\u5b50\u771f\u7684\u5f88\u68d2"
        }
    ]
}