{
    "id": 676494287111835594,
    "listing_url": "https://www.airbnb.com/rooms/676494287111835594",
    "name": "Stylish double bedroom with private bathroom",
    "description": "This stylish place to stay is perfect for individuals or couples, with a large spacious double bedroom and modern private bathroom. It is contained within a split-level 3 bedroom apartment, with large open plan communal living room and kitchen facilities. It also has access to a large outdoor Patio and BBQ.",
    "host_name": "James",
    "host_id": 13453179,
    "host_url": "https://www.airbnb.com/users/show/13453179",
    "host_picture_url": "https://a0.muscache.com/im/pictures/user/c88dadae-6ed3-4e14-a465-6b8e4e142f85.jpg?aki_policy=profile_x_medium",
    "neighbourhood_cleansed": "Wandsworth",
    "latitude": 51.45312045500066,
    "longitude": -0.2167632937245766,
    "property_type": "Private room in condo",
    "room_type": "Private room",
    "accommodates": 2.0,
    "bathrooms": 1.5,
    "beds": 1,
    "price": 118.0,
    "numbers_of_review": 10,
    "review_scores_rating": NaN,
    "reviews": [
        {
            "name": "Dani",
            "date": "2022-09-12",
            "review": "This room was a perfect place to base yourself for a holiday in London. James and Elise were very warm and welcoming, and made you feel right at home, and had lots of great tips for the area. The room and bathroom is very clean and comfortable, and the house is lovely and modern. There is many amenities close by and easy access to anywhere with public transport. Would stay again!"
        },
        {
            "name": "Dhriti",
            "date": "2022-10-09",
            "review": "James and Elise are great hosts! I had a warm and comfortable stay at their home\u2014a quiet, well-connected location with most of the convenience stores within walkable distance. <br/>The room is quite spacious, and the addition of a little work desk and a mirror here would possibly elevate the guest experience.  <br/>I would recommend this place for short and long stays."
        },
        {
            "name": "Gaetano",
            "date": "2022-10-22",
            "review": "We actually had the whole apartment for ourselves since the hosts where not there. Anyway we were satisfied   with the location and position since we were close to our son's place."
        },
        {
            "name": "George",
            "date": "2022-11-09",
            "review": "Great place to stay thanks for hosting"
        },
        {
            "name": "George",
            "date": "2022-11-17",
            "review": "Another great stay, super friendly hosts and convenient for the tube and A3. Thanks, see you again"
        },
        {
            "name": "Aimee",
            "date": "2022-11-20",
            "review": "I absolutely LOVED my stay at James and Elise's. The apartment is an absolutely gorgeous split-level maisonette which is furnished beautifully, as well as being very spacious and clean & tidy. <br/>The room itself is huge, much bigger than what I expected for the very reasonable price. The bed  is super comfy, I think I had the best sleep I've had in weeks! There's also lots of closet and drawers space which I definitely would have made use of had I not only been staying a couple of nights. <br/>There was absolutely no noise from neighbours or from the street (considering the ideal location I would have expected there to be a little noise, but I was pleasantly surprised how peaceful it was!) As for the location, the walk into central Putney (and train station) took about 10-15 minutes which was ideal for my trip. Lots of nice restaurants and bars around.<br/>I had access to my own private bathroom which is right nextdoor to the guest bedroom and has everything you need, including a very luxurious walk-in shower. The kitchen downstairs is fully equipped and great for making anything from a barista style coffee to a quick snack or full-on evening meal.<br/>James and Elise were amazing hosts, very accomodating, welcoming and friendly and lovely to chat to, but also very mindful of giving you your privacy and space to enjoy the weekend. <br/>I thoroughly enjoyed my stay with them - 5/5*!!"
        },
        {
            "name": "Adam",
            "date": "2022-11-27",
            "review": "We've just had three nights staying at James's place.  James and his partner were very friendly, and quickly replied to all messages.  The apartment was just as described, and we'd be very happy to stay there again.  Included car parking just outside the ULEZ was an added bonus for us!  Tube and rail stations were a short walk away, but we could catch a bus almost right outside the house."
        },
        {
            "name": "Josh",
            "date": "2022-12-11",
            "review": "Excellent hosts, made to feel at home and kindly had an electric heater already on before we arrived to ensure the bedroom was warm given the recent cold snap we\u2019ve had.<br/>Place was quiet, bathroom was fine with good shower. A safe place to stay which was just what we needed over the festive period.<br/>Thanks guys!"
        },
        {
            "name": "Kyrylo",
            "date": "2023-02-26",
            "review": "James and Elise are a wonderful couple with whom it was a pleasure to spend time together, people who are always supportive and helpful. The house always feels cozy and comfortable, with a very nice bright room with a large bed and a beautiful design. There is a separate clean and new bathroom also a large living room with kitchen and terrace, all rooms are equipped with modern TVs. Putney, it's a nice neighborhood, there are shops, restaurants, and tube nearby, as places to walk and rest.  We are very glad that we chose this place to stay in London. And we are sure that we would come back again to this wonderful family \ud83e\udef6\ud83c\udffc\ud83c\uddfa\ud83c\udde6\ud83c\uddec\ud83c\udde7"
        },
        {
            "name": "Zohreh",
            "date": "2023-04-03",
            "review": "James and Elise are very friendly and easy-going. They made us feel welcome and we had an amazing time. The room was very clean. Very recommended."
        }
    ]
}