{
    "id": 682609,
    "listing_url": "https://www.airbnb.com/rooms/682609",
    "name": "ENTIRE Chic Apartment in Central London, sleeps 5.",
    "description": "*** ENTIRE APARTMENT ***<br /><br />An absolutely gorgeous & modern luxury apartment in Central London with outstanding transport links to all sights in London -  only 4 minutes to London Bridge. Unrestricted FREE parking on site plus FREE wifi hotspot you can use all over London!! :)<br /> <br />*The person who lives here is a travel writer and is away most of the year giving you the use of entire apartment during these periods.*<br /><br /><b>The space</b><br />Newly refurbished and decorated, this cosy, modern & luxury 1 bed apartment in Central London is located only 1.3 miles from Tower Bridge! <br /><br />- Decorated to a very high standard <br />- Wooden flooring <br />- Luxury furnished with leather furniture <br />- Fully kitted kitchen with all appliances <br />- 40\" Flatscreen TV, digital TV, home cinema DVD system, Playstation <br />- WiFi internet - BT wifi hotspot, so can be used all over London!!  <br />- Luxury bedroom with the most comfortable kingsize leather bed with",
    "host_name": "Jaz",
    "host_id": 3478187,
    "host_url": "https://www.airbnb.com/users/show/3478187",
    "host_picture_url": "https://a0.muscache.com/im/pictures/user/dc943992-c7ea-49d4-87ef-9a905b7c0ce1.jpg?aki_policy=profile_x_medium",
    "neighbourhood_cleansed": "Southwark",
    "latitude": 51.48992,
    "longitude": -0.06024,
    "property_type": "Private room in condo",
    "room_type": "Private room",
    "accommodates": 5.0,
    "bathrooms": 1.5,
    "beds": 3,
    "price": 93.0,
    "numbers_of_review": 490.0,
    "review_scores_rating": 4.85,
    "reviews": [
        {
            "name": "Kathryn",
            "date": "2012-10-27",
            "review": "We had the whole apartment to ourselves. They gave us a great tour of the apartment and made us feel at home. They provided TV, wifi, as well as many brochures about London, trains, buses, and the tube (also had written instructions about all the area information).  We recommend Jaz to everyone!"
        },
        {
            "name": "Simone",
            "date": "2012-11-07",
            "review": "the apartment was like the pictures, and it was a good stay. but its a bit far from central london. so its not that central. jaz told us to contact er if we had any questions, and she did ( the most of the time.) we diddnt get to see jaz, it was her boyfriend who took care of us, but he was a good host !\r<br/>so a good stay if you want to stay a bit outside from central london:)\r<br/> "
        },
        {
            "name": "Hui",
            "date": "2013-01-30",
            "review": "Nice and cosy apartment. Conveniently located next to the National Rail, easily accessible to the City of London. Always good to check the full address with the host prior to departure. We were confused with the unit number and the block number."
        },
        {
            "name": "Sherry",
            "date": "2013-02-06",
            "review": "Jaz and her husband Dominic were great! Jaz was super fast in replying and answering my questions. She made sure everything was ready for us when we arrived. Her husband, Dominic, was there to show us around and helped us settle in. The flat was exactly the way Jaz described. There were 5 of us and we fit comfortably in the flat. We had the whole space to ourselves and had a pleasant time there. "
        },
        {
            "name": "Damian",
            "date": "2013-02-26",
            "review": "Very nice apartment and very comfortable!\r<br/>There was 3 of us and we slept in one bed and two separated couches.\r<br/>The price was very reasonable for the location.\r<br/> \r<br/>"
        },
        {
            "name": "Pierre-Yves",
            "date": "2013-04-04",
            "review": "Very well located (15 mins to waterloo by bus n\u00b0 1 every 10 mins)\r<br/>Well equipped and fitted for 5 (2 ad / 3 children)\r<br/>We were welcomed by Jaz parents who carefully explained the basics of the stay.\r<br/>Worth recommending\r<br/>"
        },
        {
            "name": "Janna",
            "date": "2013-05-10",
            "review": "WOW, what a fantastic experience we had during our short stay, I am so impressed :) Jaz is an amazing host - she allowed us a super late check in and check out, picked up us from the train station AND even took us to the nearest supermarket late at night, to stock up on some groceries - how fab is that? \r<br/>\r<br/>The apartment is really cute and lovely - bright and very cosy, it looks even better in photos. Everything was absolutely spotless - clean, tidy and fresh. We were even supplied us with lots of toiletries, including creams, make up, etc. \r<br/>\r<br/>There were 3 of us and we fit very comfortably, the bedroom is SUPER cozy, you just don't want to get out of the bed - it's one of the most comfortable beds I have slept in. The living room has a HUGE sofa bed plus another one, and my friends were very comfortable too. There is also a lovely dining table, which is not in the photos - which is great! \r<br/>\r<br/>Location is absolutely perfect, away from all the hustle and bustle yet within easy reach of everything - London Bridge is less than 5 mins away by train, how fab! Train station and buses are directly linked to the apartment building via a pedestrian footbridge, so it's less than 2 minutes walk. At night it is very safe and well lit and buses run 24 hours!\r<br/>\r<br/> Overall we had a fantastic experience and fell in love with the apartment so much, that we already booked another stay :) \r<br/>\r<br/>Thank you Jaz  for being such a great host and making our visit to London so enjoyable, see you soon! Highly recommended.\r<br/>"
        },
        {
            "name": "Pascal",
            "date": "2013-05-12",
            "review": "Decided to book this apartment after 2 recommendations from friends and had a wonderful experience.\r<br/>\r<br/>Really nice apartment in a great location, less than 2 minutes walk to the station and bus and only 5 minutes away from London Bridge, which was ideal for our group. \r<br/>\r<br/>Very comfortable, modern and clean - everything you need is provided and Jaz is super nice and extremely accommodating. Lots of space to comfortably fit 5 adults, without feeling cramped.\r<br/>\r<br/>Plenty of shops and supermarkets in the area, and I would recommend taking route No 1 Bus, as it's super quick and easy and takes you to all major sights.\r<br/>\r<br/>I would highly recommend Jaz and her apartment to anyone wishing to explore London. Will be booking on a regular basis, as it's very convenient for our needs. SUPER!! "
        },
        {
            "name": "Dom",
            "date": "2013-05-15",
            "review": "Booked this apartment through recommendation from a work colleague and I am very pleased I did.\r<br/>\r<br/>Great and clean apartment in a brilliant location, lots of space for 4-5 people. Everything is really close: train station is 2 minutes walk and lots of shops and restaurants in the area, including 24 hour supermarkets.\r<br/>\r<br/>Jaz is simply fantastic and she provided us everything we needed - towels, bedding, toiletries, wi fi (it's a hot spot so you can use it all over London!!!) - even a great selection of DVDs and Playstation Games :)\r<br/>\r<br/>I will be booking this apartment again, as it's very close to my London office and convenient to get to anywhere in Central London. \r<br/>\r<br/>Highly recommended and you can't beat the price!\r<br/>\r<br/>\r<br/>\r<br/>"
        },
        {
            "name": "Sandy",
            "date": "2013-06-07",
            "review": "Had a great time at Jaz's place. We were on our way to Africa to do mission work in an orphanage and had 8 pieces of large luggage, she had her husband come and carry all the luggage up to the flat, since there was no lift.Love the location, So easy to get the train for a 5 minute ride into London Bridge and bus into the city. All of Jaz's recommendations for sights were great especially the Borough Market at Lunch time!! Jaz always answered calls right away and made sure we had what we needed."
        }
    ]
}