{"id": 683785510241946261, "listing_url": "https://www.airbnb.com/rooms/683785510241946261", "name": "Best location for sightseeing  london amazing flat", "description": "2nd Floor 2 bedroom flat<br />We are delighted to introduce to you our newly refurbished 2 bedroom flat situated in the heart of Westminster. This home is ideal for up to 4 guests and is perfectly situated to explore the sights of London.  The apartment is situated within 5 minute walking distance of Westminster Abbey, Buckingham Palace, London Eye, Big Ben, and the Houses of Parliament.  The apartment is situated on the 2nd floor of the building, with stairs up from the entrance.", "host_name": "Neil", "host_id": 39459413, "host_url": "https://www.airbnb.com/users/show/39459413", "host_picture_url": "https://a0.muscache.com/im/pictures/user/fb88a2fa-8f62-4108-adad-f3cc49028e96.jpg?aki_policy=profile_x_medium", "neighbourhood_cleansed": "Westminster", "latitude": 51.49664655519532, "longitude": -0.1351011943286228, "property_type": "Entire condo", "room_type": "Entire home/apt", "accommodates": 4.0, "bathrooms": 2.0, "bedrooms": 2, "beds": 2, "amenities": ["Oven", "Hair dryer", "Wine glasses", "Dining table", "Hangers", "Cleaning products", "Dishes and silverware", "Essentials", "Shampoo", "TV with standard cable", "Cooking basics", "Bed linens", "Clothing storage", "Carbon monoxide alarm", "Shower gel", "Wifi", "Heating", "Coffee maker", "Dishwasher", "Long term stays allowed", "Hot water kettle", "Microwave", "Portable fans", "Refrigerator", "Iron", "Kitchen", "Stove", "Toaster", "Dedicated workspace", "Hot water", "Washer", "Smoke alarm", "Cable TV", "Freezer"], "price": 374.0, "numbers_of_review": 10, "review_scores_rating": 4.5, "reviews": [{"name": "Ofer", "date": "2022-08-21", "review": "Great place;  Excellent location \u2014 walking distance to many of the London attractions<br/>Very clean<br/>Very responsive host<br/>Would definitely come again!<br/>Thanks Neil and Team!"}, {"name": "Huiming", "date": "2022-08-29", "review": "Thank you very much"}, {"name": "\ucc2c\ubbf8", "date": "2022-09-12", "review": "\uc704\uce58, \uccad\uacb0\ub3c4 \ubaa8\ub450 \uc644\ubcbd\ud569\ub2c8\ub2e4. 4\uba85\uc774\uc11c \ubd88\ud3b8\ud568 \uc5c6\uc774 \ud3b8\ud558\uac8c \uc9c0\ub0b4\uace0 \uac00\uc694. \uc8fc\ubc29\uc5d4 \uc694\ub9ac\ud558\uae30 \ud3b8\ub9ac\ud558\ub3c4\ub85d \uc6a9\ud488\ub4e4 \ub2e4 \uac16\ucdb0\uc788\uace0, \uc774\ubd88\uc774\ub791 \ubca0\uac1c \ub108\ubb34 \uae68\ub057\ud558\uace0 \ud3ec\uadfc\ud588\uc2b5\ub2c8\ub2e4. \ube45\ubca4, \ub7f0\ub358\uc544\uc544\uae4c\uc9c0 \uac78\uc5b4\uc11c \uac08 \uc218 \uc788\uc5b4\uc694~"}, {"name": "Catherine", "date": "2022-09-17", "review": "Terrific location near many of the well-known London landmarks. Clean, modern, very well equipped flat.  Nearby Underground stations St James and Victoria made for convenient transportation around the City. Great communication and responsiveness from the Host. Would stay there again!  Thank you!"}, {"name": "Hannah", "date": "2022-09-20", "review": "A really great flat. Newly refurbished, spotlessly clean and in a great location just minutes from Westminster, Victoria  and St James\u2019s Park. <br/>The layout works really well, whether you need one or two beds and the kitchen is well equipped with pretty much everything you need for a short break. Communication was excellent and response times were incredibly quick - everything was very professional and friendly from the outset."}, {"name": "Jacqueline", "date": "2022-09-24", "review": "Well equipped apartment, just as pictured. Location is great and we enjoyed the street food from the market."}, {"name": "Kevin", "date": "2022-09-26", "review": "Great place to see all the history within short walking distance."}, {"name": "Shimeng", "date": "2022-10-02", "review": "I highly recommend Neil\u2019s place! I lived Westminster a couple years ago. That\u2019s really nice to back to London again and stay in this lovely convenient place!"}, {"name": "Elizabeth", "date": "2022-10-05", "review": "This was an excellent place to stay! Great location, clean, and great layout. It was nice to have 2 bathrooms."}, {"name": "Renata", "date": "2022-10-15", "review": "Great apartment - all pretty new."}]}