{
    "id": 689113094426313490,
    "listing_url": "https://www.airbnb.com/rooms/689113094426313490",
    "name": "Bright 3-Bedroom 3rd floor open plan Penthouse",
    "description": "Three bedroom flat in leafy, relaxed Camberwell, South London. Thirty five minutes from Soho and central London but tucked off the main street on quiet Brunswick Park. Camberwell has excellent bars and restaurants (we\u2019re happy to recommend our favourites) and is just down the road from lively Brixton and Peckham. Excellent transport links to all over London.<br /><br /><b>The space</b><br />We live in the flat for most of the year so it\u2019s well equipped with cooking equipment, cocktail equipment, good books, super fast internet and no generic art. We have an espresso machine and velvetiser for morning coffees, but the coffee shop in the park (thirty seconds from the door) is a lovely place to sit outside and have a relaxing breakfast. There are also communal tennis courts in the park if you play. <br />The Treehouse is on the top floor of a regency townhouse. It has two bathrooms (one en suite), washing machine, tumble dryer, smart TV with Netflix, Disney+, Amazon etc and a PS4. The fla",
    "host_name": "Sebastian",
    "host_id": 533617,
    "host_url": "https://www.airbnb.com/users/show/533617",
    "host_picture_url": "https://a0.muscache.com/im/pictures/user/78708b8e-3beb-45d3-90dc-c871d499c7a8.jpg?aki_policy=profile_x_medium",
    "neighbourhood_cleansed": "Southwark",
    "latitude": 51.47577435648444,
    "longitude": -0.085936499597073,
    "property_type": "Entire loft",
    "room_type": "Entire home/apt",
    "accommodates": 5.0,
    "bathrooms": 2.0,
    "beds": 3,
    "price": 174.0,
    "numbers_of_review": 1,
    "review_scores_rating": NaN,
    "reviews": [
        {
            "name": "Rebecca",
            "date": "2022-10-01",
            "review": "It was a truly perfect stay for us! What a great home, fun area and what incredible hosts! 10/10"
        }
    ]
}