{
    "id": 691830162789331289,
    "listing_url": "https://www.airbnb.com/rooms/691830162789331289",
    "name": "Lovely one bedroom flat with parking",
    "description": "Relax with the whole family at this peaceful place to stay.<br /><br />Comfy one bedroom flat located at High Barnet, 5 minutes to all shops and amenities at High Street and 8 minutes walk to High Barnet Underground Station. <br /><br />Flat is located at very quiet street, which will allow you to relax and have a good sleep. <br /><br />No parties.",
    "host_name": "Marcin",
    "host_id": 13254765,
    "host_url": "https://www.airbnb.com/users/show/13254765",
    "host_picture_url": "https://a0.muscache.com/im/users/13254765/profile_pic/1395143264/original.jpg?aki_policy=profile_x_medium",
    "neighbourhood_cleansed": "Barnet",
    "latitude": 51.653123314451456,
    "longitude": -0.196937787406325,
    "property_type": "Entire condo",
    "room_type": "Entire home/apt",
    "accommodates": 4.0,
    "bathrooms": 1.0,
    "beds": 1,
    "price": 78.0,
    "numbers_of_review": 8,
    "review_scores_rating": 5.0,
    "reviews": [
        {
            "name": "Ibrahim",
            "date": "2022-08-15",
            "review": "Marcin is a great host. He was very understanding and catered to all of my needs. The flat is in a quite area but is also close to shops and train station. Also there is a dedicated parking.<br/>The flat is in great condition and has been decluttered nicely. Lovely place to stay"
        },
        {
            "name": "Marlene",
            "date": "2022-08-30",
            "review": "3 night stay was well worth the price paid during bank holiday weekend. It was clean, comfortable and had everything my family of 3 (with toddler) needed. Local shops were great and it was easy access to the tube. I would stay here again when visiting London."
        },
        {
            "name": "Jie",
            "date": "2022-09-05",
            "review": "Comfy and relaxing stay"
        },
        {
            "name": "Sandeep",
            "date": "2022-09-11",
            "review": "Marcin is great host . Very helpful and apartment has all the essentials and is at great location."
        },
        {
            "name": "Lisa",
            "date": "2022-09-21",
            "review": "Fabulous location.  Bright roomy.  Marcin was very kind, responsive and helpful. Wonderful host."
        },
        {
            "name": "Marie Amandine",
            "date": "2022-12-21",
            "review": "Super logement, proche du m\u00e9tro. <br/>Parfait pour notre s\u00e9jour. <br/>Rapport qualit\u00e9 prix tr\u00e8s bien.<br/>Tr\u00e8s bonne communication. <br/>Merci beaucoup"
        },
        {
            "name": "Luma",
            "date": "2023-07-31",
            "review": "Uma acomoda\u00e7\u00e3o razo\u00e1vel a casa fica no terceiro andas em um pr\u00e9dio que a porta da entrada n\u00e3o tem fechadura ela fica aberta dia e noite onde n\u00e3o me senti segura a localiza\u00e7\u00e3o e boa , a casa poderia est\u00e1 um pouco mas limpa por havia pelos de cachorro"
        },
        {
            "name": "Stephanie",
            "date": "2023-08-12",
            "review": "Pros<br/>1. Great communication with Marcin and promptly responsive.<br/>2. Serene neighborhood.<br/>3. 4 mins walk to the bus stop and 9 mins walk to the train station.<br/>4. Food and Grocery Shops near by ( Dominos Pizza, Kebab shop, Tesco etc\u2026)<br/>5.  Comfortably housed my family of 4 (2 Adults and 2 children )<br/>6. Amenities as described.<br/>Cons<br/>1. Sloppy topography (for those with heavy luggage)<br/>2. Uncomfortable carrying a lot luggage up the stairs as the flat is on the second floor."
        }
    ]
}