{
    "id": 695361182651499087,
    "listing_url": "https://www.airbnb.com/rooms/695361182651499087",
    "name": "Luminous duplex view on the park",
    "description": "We are happy to share with you our home studio.<br />It is a lovely duplex of 100 sqm, with one bedroom, one bathroom, and one full equipped kitchen.<br /><br />The duplex is fully east, in front of Mile End Park, closed to the huge Victoria Park. You can take your breakfast in the full sun and hear the bird.<br /><br />My companion and myself are architects, creations are part of the place.<br /><br />Our flat has a beautiful energy and we hope that you will have a beautiful time here.",
    "host_name": "El\u00e9onore",
    "host_id": 344846630,
    "host_url": "https://www.airbnb.com/users/show/344846630",
    "host_picture_url": "https://a0.muscache.com/im/pictures/user/9dde93df-6aee-416f-a70f-006ced382133.jpg?aki_policy=profile_x_medium",
    "neighbourhood_cleansed": "Tower Hamlets",
    "latitude": 51.530618153336654,
    "longitude": -0.041862390475441,
    "property_type": "Entire condo",
    "room_type": "Entire home/apt",
    "accommodates": 2.0,
    "bathrooms": 1.5,
    "beds": 1,
    "price": 270.0,
    "numbers_of_review": 5,
    "review_scores_rating": NaN,
    "reviews": [
        {
            "name": "Camille",
            "date": "2023-05-20",
            "review": "Un appartement absolument magnifique, avec vue imprenable sur le canal ! \u00c9l\u00e9onore est une h\u00f4te attentionn\u00e9e et son logement est de loin le plus incroyable que vous trouverez \u00e0 Londres."
        },
        {
            "name": "Anne",
            "date": "2023-05-27",
            "review": "L\u2019appartement est superbe , tres tranquille , lumineux , spacieux avec une vue superbe sur un parc et le canal ! <br/>D\u00e9paysement total \u2026 la d\u00e9coration est recherch\u00e9e et tout est facile , pratique ! <br/>Nous avons pass\u00e9 un super s\u00e9jour typiquement londonien ."
        },
        {
            "name": "Krishna",
            "date": "2023-05-28",
            "review": "Perfect place for east London vibe, amazing views of the park and canal. Would totally stay at Eleonore\u2019s place the next time."
        },
        {
            "name": "Sarah",
            "date": "2023-06-18",
            "review": "We had a great time at El\u00e9onore\u2019s flat. The place is light and homely but I\u2019m a modern and clutter-free way! The view over the canal was lovely on the warm summer\u2019s days and evenings we were there. A little slice of green in London city. Communication was easy, always friendly and kind and the neighbours were lovely and accommodating too. Highly recommended."
        },
        {
            "name": "Daniel",
            "date": "2023-07-04",
            "review": "It\u2019s Really felt like home. One of those airbnbs that make you wanna stay and just chill with the great view and vibes the living room have. <br/>Location is great, close to public transportation and the great Victoria park. <br/>Eleonore was welcoming and responsive. <br/>Highly recommended."
        }
    ]
}