{
    "id": 696182176966997145,
    "listing_url": "https://www.airbnb.com/rooms/696182176966997145",
    "name": "CosyRoom&GardenAccess!Only25minFromCentralLondon.",
    "description": "Spacious room with a lovely garden.  Child Friendly and Fully furnished with WiFi.<br /><br /><b>Guest access</b><br />You will have access directly to the garden, also have access to shared area: kitchen,  dining room area, bathroom and toilet.",
    "host_name": "Jose Luis",
    "host_id": 166981244,
    "host_url": "https://www.airbnb.com/users/show/166981244",
    "host_picture_url": "https://a0.muscache.com/im/pictures/user/b05d9211-9cfb-4054-ac79-f456dffee2bc.jpg?aki_policy=profile_x_medium",
    "neighbourhood_cleansed": "Haringey",
    "latitude": 51.57919825399919,
    "longitude": -0.0824193345436743,
    "property_type": "Private room in home",
    "room_type": "Private room",
    "accommodates": 2.0,
    "bathrooms": 1.5,
    "beds": 1,
    "price": 38.0,
    "numbers_of_review": 10,
    "review_scores_rating": 4.67,
    "reviews": [
        {
            "name": "Kei",
            "date": "2022-08-23",
            "review": "Jose explained details kindly.<br/>The room was clean and accessible place. It was nice stay!!"
        },
        {
            "name": "Brett",
            "date": "2022-08-30",
            "review": "Great location. Value. Spacious and quiet. Lovely host."
        },
        {
            "name": "Celine",
            "date": "2022-09-04",
            "review": "Very accommodating host who drove us around the neighbourhood the first night we arrived and got us familiar with the restaurants and grocery stores nearby. The house was very clean and well equipped, which also came with a first aid kit in place. Highly recommend to all, will definitely revisit if we\u2019re travelling in London again."
        },
        {
            "name": "Sandra",
            "date": "2022-10-31",
            "review": "Jose Luis made everything he could to make my stay pleasant. He was always available and really kind. A real host !"
        },
        {
            "name": "Fiona",
            "date": "2022-12-01",
            "review": "Lovely place to stay with.<br/>Very spacious clean room & great location. Tube station and grocery shops are just around the corner.<br/>Jose is a polite and responsive host who always offer solutions without ease. Would definitely recommend."
        },
        {
            "name": "St\u00e9phan",
            "date": "2022-12-23",
            "review": "Le logement est tr\u00e8s bien situ\u00e9 quelque arr\u00eats de m\u00e9tro du centre de Londres, Jos\u00e9 \u00e9tait tr\u00e8s accueillant et r\u00e9actif quand nous avions des questions"
        },
        {
            "name": "Nestor",
            "date": "2022-12-26",
            "review": "Jos\u00e9 Luis un gran anfitri\u00f3n,todo fue tal cual el anuncio, muy amable y el lugar impecable, tranquilo, silencioso y muy limpio, cuenta con todos los servicios, lo recomiendo sin duda"
        },
        {
            "name": "Alina Diana",
            "date": "2022-12-31",
            "review": "Jos\u00e9 Luis was very communicative with us; the  accomodation is easy to acces by London tube/Overgroud/Bus.<br/>The house is very clean and the room very big; it corresponds with the description on thes site; the accommodation is in a quiet area. <br/>Thank you so much for your availability, communication and kindness !<br/>He provided us a plug socket adapter and other small stuffs usefulls for our staing.<br/>He also proposed us to leave luggages before our check-in and after our check-out - very usefull."
        },
        {
            "name": "Karina",
            "date": "2023-01-03",
            "review": "Jose Luis's place was so nice, very clean room. He could not welcoming us but, he told us in advance what to do to get into the place. He was always on the lookout.<br/>Many thanks Jose Luis!"
        },
        {
            "name": "Gabriela",
            "date": "2023-01-06",
            "review": "Este alojamiento tiene todo lo necesario para una estancia confortable . La habitaci\u00f3n es amplia y tiene un espacio de trabajo, buena conexi\u00f3n a wifi.  Ordenado, limpio.  Estamos agradecidos por el<br/>Hospedaje, fue un muy buena experiencia."
        }
    ]
}