{"id": 699681517455454316, "listing_url": "https://www.airbnb.com/rooms/699681517455454316", "name": "3-bedroom Apartment - Norbury", "description": "Newly Renovated Ground Floor 3-bedroom apartment in the heart of Norbury, with a very large living/dining/kitchen area.<br /><br />Located on the corner of Stanford Rd and London Rd, SW16 4PY, Norbury train station is a 15min walk (20min to Victoria), and restaurant and shops are on your doorstep.<br /><br />If you need to accommodate more than 7 people, please get in touch as there are 2 more 3-bed apartments in the buildingh the whole family at this stylish place.<br /><br /><b>The space</b><br />The apartment has 2x double bedrooms, 1x single bedroom, 2 bathrooms and a large living / dining / kitchen area.<br /><br />The living and dining area has 2 sofa-beds. If you are booking for more than 5 guests, extra mattresses, pillows and linen will be provided to place on the sofa-bed.<br /><br /><b>Guest access</b><br />Guests will have exclusive access to the apartment", "host_name": "Syed", "host_id": 1995390, "host_url": "https://www.airbnb.com/users/show/1995390", "host_picture_url": "https://a0.muscache.com/im/pictures/user/3cea5748-0f1f-42a2-917b-89bf7b35332f.jpg?aki_policy=profile_x_medium", "neighbourhood_cleansed": "Croydon", "latitude": 51.40789, "longitude": -0.12596, "property_type": "Entire condo", "room_type": "Entire home/apt", "accommodates": 7.0, "bathrooms": 2.0, "bedrooms": 3, "beds": 5, "amenities": ["Oven", "Dishes and silverware", "Essentials", "Free street parking", "Cooking basics", "Bed linens", "Carbon monoxide alarm", "Bathtub", "Wifi", "Heating", "Long term stays allowed", "Hot water kettle", "Microwave", "Portable fans", "Refrigerator", "Iron", "Kitchen", "Toaster", "Stove", "Hot water", "Washer", "Smoke alarm", "Freezer"], "price": 190.0, "numbers_of_review": 10, "review_scores_rating": NaN, "reviews": [{"name": "Polyana", "date": "2023-01-31", "review": "Amei a estadia voltarei sempre"}, {"name": "Amber", "date": "2023-02-24", "review": "Amazing communication, so considerate and understanding! Thank you!"}, {"name": "Alexandra", "date": "2023-04-08", "review": "Sch\u00f6ne und saubere Wohnung. Der Vermieter war jederzeit zu erreichen. Wir hatten anfangs ein Fernseher Problem, welches SOFORT behoben wurde. Sehr gute Kommunikation mit dem Vermieter. Reagiert sofort und freundlich und ist hilfsbereit bei jeglichen Fragen. <br/>Die Anbindung an die City ist sehr gut.<br/>Ganz zu empfehlen das indische Restaurant und der Pub \"the moon under water\" aus der Weatherspoon Kette. Gutes und g\u00fcnstiges Essen und leckere Getr\u00e4nke. Nette Atmosph\u00e4re."}, {"name": "Regine", "date": "2023-05-30", "review": "H\u00f4te tr\u00e8s r\u00e9actif et tr\u00e8s arrangeant <br/>Bon emplacement car proche de toutes commodit\u00e9s"}, {"name": "Jamie", "date": "2023-06-05", "review": "A lot of rubbish dumped outside so was smelly but apart from that inside was clean maybe just make sure you explain if first come for parking off road not a lot available"}, {"name": "Akos", "date": "2023-06-22", "review": "Great location for our purpose"}, {"name": "Emily", "date": "2023-06-25", "review": "Great and friendly and very accommodating however the place smelt of cigarettes and the beds very uncomfortable"}, {"name": "Aaron", "date": "2023-07-11", "review": "Was a great place, easy to get into central (5/10mins walk to train station) , 1 train and your in central in less than 20/25mins . Enjoyable area with nice little shops around, quick and cheap fast food around if needed but there is also a Lidl,Iceland and co-op to grab ingredients that you can cook at the airbnb. Overall a lovely stay and made the trip complete."}, {"name": "Chika", "date": "2023-08-20", "review": "it was a nice place to stay, all essentials provided,house was clean and host proactive"}, {"name": "Baz", "date": "2023-08-27", "review": "Good place with shops 1/2 minutes away"}]}