{
    "id": 700832285724586346,
    "listing_url": "https://www.airbnb.com/rooms/700832285724586346",
    "name": "Family 7 bedroom house 13 beds sleeps 18 guests",
    "description": "ideal for large groups of families / friends or accompanied groups",
    "host_name": "Trevor",
    "host_id": 413190931,
    "host_url": "https://www.airbnb.com/users/show/413190931",
    "host_picture_url": "https://a0.muscache.com/im/pictures/user/ce2d886f-4250-4714-9f0d-d6ef28dd3094.jpg?aki_policy=profile_x_medium",
    "neighbourhood_cleansed": "Southwark",
    "latitude": 51.4703224547578,
    "longitude": -0.0572124722407725,
    "property_type": "Entire home",
    "room_type": "Entire home/apt",
    "accommodates": 16.0,
    "bathrooms": 3.0,
    "beds": 14,
    "price": 529.0,
    "numbers_of_review": 2,
    "review_scores_rating": NaN,
    "reviews": [
        {
            "name": "Bastien",
            "date": "2022-12-30",
            "review": "Tres bon accueil de Trevor dans ce quartier calme. Le logement correspond \u00e0 la description m\u00eame si la cuisine ne permet pas de manger facilement \u00e0 plus de 10 en m\u00eame temps."
        },
        {
            "name": "Kenneth",
            "date": "2023-05-02",
            "review": "This property is not what it appears to be going from the pictures that were posted online. I think the pictures were taking long before and he needs to have a more recent picture. The property is a bit run down. We paid for 5 days stay and only stayed for less than 2 hours. We had to check into a nearby hotel after 2 hours in this place. The rooms are tiny with the bunk beds barely fitting into the room.  Almost zero living/dinning room space."
        }
    ]
}