{
    "id": 704658852098783006,
    "listing_url": "https://www.airbnb.com/rooms/704658852098783006",
    "name": "Londres islington, appartement  calme et lumineux",
    "description": "Ce logement familial est proche de tous les sites et commodit\u00e9s. Il comprend une belle cuisine am\u00e9nag\u00e9e, une chambre spacieuse, un salon avec un lit convertible en lit deux places et une table \u00e0 manger confortable pour quatre personnes. Joliment d\u00e9cor\u00e9 !",
    "host_name": "Claire",
    "host_id": 441435152,
    "host_url": "https://www.airbnb.com/users/show/441435152",
    "host_picture_url": "https://a0.muscache.com/im/pictures/user/ef822db0-a9a9-42bf-8f3d-e6dcaf426258.jpg?aki_policy=profile_x_medium",
    "neighbourhood_cleansed": "Islington",
    "latitude": 51.5383792,
    "longitude": -0.0904857,
    "property_type": "Entire rental unit",
    "room_type": "Entire home/apt",
    "accommodates": 4.0,
    "bathrooms": 1.0,
    "beds": 1,
    "price": 120.0,
    "numbers_of_review": 4,
    "review_scores_rating": NaN,
    "reviews": [
        {
            "name": "Stephanie",
            "date": "2022-10-16",
            "review": "A well-decorated apartment in a great location near cute cafes. However, I was disappointed by several elements of my stay. I thought I would have my own bedroom, but the bedroom pictured in the ad was not useable - it was full of toys/the host's clothes on a drying rack. The kitchen and bathroom could have been cleaner upon my arrival as well, and the home definitely smelled of cigarettes."
        },
        {
            "name": "Celine",
            "date": "2022-10-27",
            "review": "Super s\u00e9jour,  l'appartement de Claire est tr\u00e8s agr\u00e9able et confortable. Nous recommandons vivement !!!"
        },
        {
            "name": "Phillip",
            "date": "2022-10-31",
            "review": "The flat was in a great location and comfortably fit four people for a two night stay. I was a bit disappointed that the bedding was not on the beds, not the duvet covers on the duvets, and that we had to prepare these things ourselves. There also was only one towel and the owner's household items were scattered everywhere still. That said, Claire was a great and communicative host and made the check-in and check-out process easy!"
        },
        {
            "name": "Sandra",
            "date": "2023-10-22",
            "review": "Todo perfecto y muy amable la anfitriona"
        }
    ]
}