{"id": 704828236599290692, "listing_url": "https://www.airbnb.com/rooms/704828236599290692", "name": "Artsy 1 bed pet friendly SW balcony and garden", "description": "Quiet, modern and cozy flat ~ a pet friendly oasis in Canonbury on a private 31 flats complex with comunal garden, bike shed and paid street parking (to arrange for extra charge). This was my yogi home for many years, designed /Feng Shui (ed) to support a #slowliving lifestyle - a housekeeper services it biweekly.<br />Note this flat is on sale so viewings may be carried out by an agency during your stay.", "host_name": "Paola", "host_id": 38939777, "host_url": "https://www.airbnb.com/users/show/38939777", "host_picture_url": "https://a0.muscache.com/im/pictures/user/d1d01dca-53fe-47e4-8321-89dc6f3819a1.jpg?aki_policy=profile_x_medium", "neighbourhood_cleansed": "Islington", "latitude": 51.546095993475326, "longitude": -0.0888512969173848, "property_type": "Entire condo", "room_type": "Entire home/apt", "accommodates": 2.0, "bathrooms": 1.0, "bedrooms": 1, "beds": 1, "amenities": ["First aid kit", "Dedicated workspace", "Washer", "Long term stays allowed", "TV", "Fire extinguisher", "Smoke alarm", "Outdoor dining area", "Paid parking on premises", "Carbon monoxide alarm", "Kitchen", "Wifi"], "price": 100.0, "numbers_of_review": 6, "review_scores_rating": NaN, "reviews": [{"name": "Gustave", "date": "2023-03-31", "review": "Paola\u2019s place in Islington, is the perfect place for a long or short stay in London. Peaceful and safe neighborhood with supermarket, restaurants and caf\u00e9s right down the street!"}, {"name": "Emily", "date": "2023-06-29", "review": "Paola's apartment is in a great location, easy access to London center. The area is quiet, but fun - it has a lot of great restaurants. Her place is perfect for a short or long term stay! Paola is also very responsive and helpful, which makes the stay very easy!"}, {"name": "Simon", "date": "2023-07-30", "review": "This is by far one of the best air bnb\u2019s you can get on the London market. Nestled into a beautiful pocket of inner North London, surrounded by parks, trees and the hustle of Essex Road with supermarkets, public transport, caf\u00e9s (Trade is \ud83d\udc4c) are all just a stone\u2019s throw away. The location of this flat is absolutely spot on!<br/>Inside the flat you are treated with the most homely vibe and carefully selected decor to match the surroundings. A massive master bedroom and 2nd bedroom/home office which looks out to the gorgeous balcony and backyard filled with greenery. <br/>Kitchen, dining and living area are tastefully decorated and has everything you need (even down to the small detail like usb ports in power pockets). You truly feel like you are at home in this flat.<br/>A++ couldn\u2019t recommend higher!"}, {"name": "Paulina", "date": "2023-08-28", "review": "One of the best Airbnbn I\u2019ve stayed at. <br/>For sure I\u2019d contact again if I\u2019m back in London"}, {"name": "Priya", "date": "2023-09-25", "review": "Great stay 5 stars all round."}, {"name": "Kate", "date": "2023-12-05", "review": "A nice apartment in a great location. Had an initial panic about the late check-in time which I hadn\u2019t noticed and would have been a major problem for me, but thankfully we managed to work it out."}]}