{"id": 7600355, "listing_url": "https://www.airbnb.com/rooms/7600355", "name": "Blue Room near Archway Underground Station: Zone 2", "description": "The Blue Room  is a twin room with two single beds. The price for the room shown is for one person and there is an extra charge for a second guest. The bathroom is shared. There are no kitchen or laundry facilities provided.  Continental breakfast is provided.<br /><br /><b>The space</b><br />The room is a nice cosy twin room and has a wash hand basin and ample wardrobe space<br /><br /><b>Guest access</b><br />The showroom and WC is nearby<br /><br /><b>Other things to note</b><br />The room is only for short term bookings of up to 3 weeks", "host_name": "Colin", "host_id": 39854990, "host_url": "https://www.airbnb.com/users/show/39854990", "host_picture_url": "https://a0.muscache.com/im/users/39854990/profile_pic/1438120754/original.jpg?aki_policy=profile_x_medium", "neighbourhood_cleansed": "Haringey", "latitude": 51.57235, "longitude": -0.1363, "property_type": "Private room in home", "room_type": "Private room", "accommodates": 2.0, "bathrooms": 2.5, "bedrooms": 1, "beds": 2, "amenities": ["Essentials", "Hot water", "Paid parking off premises", "Long term stays allowed", "Host greets you", "Bed linens", "Heating", "Breakfast", "Lock on bedroom door", "Fast wifi \u2013 71 Mbps"], "price": 35.0, "numbers_of_review": 160.0, "review_scores_rating": 4.8, "reviews": [{"name": "Peter", "date": "2015-09-18", "review": "Easy and pleasant stay. Colin was very helpful and the room was very comfortable"}, {"name": "Sarah", "date": "2015-09-27", "review": "A warm welcome awaited me. My room was just great and everything about the home and hosts was wonderful the neighbourhood was very friendly too. Highly recommended!"}, {"name": "Charlotte", "date": "2016-02-29", "review": "Colin and Shima were excellent and kind hosts, and made me feel very welcomed. The room was clean and tidy and welcoming and the breakfast was great. The house is in a fantastic position, being very near both Highgate and Archway tube stations and shops. I am hoping to return for a second visit sometime soon :) "}, {"name": "Djemie", "date": "2016-04-18", "review": "Colin and his wife are excellent hosts and their house is very comfortable. I recommend it!"}, {"name": "Ben", "date": "2016-05-15", "review": "From my mum: Great hosts. Accommodation fairly basic,but clean. Would reccomend, good for transport in to centre of London."}, {"name": "Kitty", "date": "2016-06-30", "review": "Colin is a kind host from the very start, he waited us until very late and welcomed us with warm greetings. And his wife Shima is a very welcoming lady and provided us nice breakfast each morning. Great hosts, very relaxing and pleasant to chat with. The building is historical and the room is decorated with taste, and the beds are comfortable. The wash basin in the room is very convenient. The house is located in a residential area and a pleasure 15min walk to the tube station nearby. Would like to come back again!"}, {"name": "Alfred", "date": "2016-10-13", "review": "I feel home."}, {"name": "Alfred", "date": "2016-10-17", "review": "I did feel welcomed"}, {"name": "Budhy", "date": "2016-10-30", "review": "Collin and his wife are such a lovely and warm host. The room and the house was also so comfortable. This was a good choice!"}, {"name": "Jerry", "date": "2016-11-18", "review": "Another comfy stay at Colin's. Many thanks."}]}