{"id": 7796689, "listing_url": "https://www.airbnb.com/rooms/7796689", "name": "One bedroom flat in London Bridge", "description": "V. convenient for anything Zone 1. Short walk from London Bridge, Borough, Waterloo, Tower Bridge and Elephant and Castle. Beautifully furnished. Lots of natural light. 2nd floor of Grade II building. V. quiet.<br /><br /><b>The space</b><br />Beautifully furnished flat with lots of natural light and windows. New heating recently installed. Very quiet building (never hear any noise from other flats). On 2nd floor.<br /><br /><b>Guest access</b><br />Full flat is all yours. Bedroom, bathroom, living room and kitchen.", "host_name": "Theo", "host_id": 24445557, "host_url": "https://www.airbnb.com/users/show/24445557", "host_picture_url": "https://a0.muscache.com/im/users/24445557/profile_pic/1417625993/original.jpg?aki_policy=profile_x_medium", "neighbourhood_cleansed": "Southwark", "latitude": 51.49875, "longitude": -0.0955, "property_type": "Entire rental unit", "room_type": "Entire home/apt", "accommodates": 2.0, "bathrooms": 1.0, "bedrooms": 1, "beds": 1, "amenities": ["Essentials", "Wifi", "Washer", "Long term stays allowed", "TV", "Smoke alarm", "Carbon monoxide alarm", "Dryer", "Kitchen", "Heating"], "price": 69.0, "numbers_of_review": 2, "review_scores_rating": 5.0, "reviews": [{"name": "Chaz", "date": "2016-11-04", "review": "The flat was perfect! It was very close to Bourough tube! Great coffee shop right there as well. The flat itself was great! If you have luggage be prepared to take up 3 flights of stairs! The flat is in the heart of London and I would recommend to anyone needing somewhere to stay for a few days! Thanks Theo! "}, {"name": "Isabella", "date": "2018-02-15", "review": "Great apartment, perfect size for a couple. It is easy to access all the main sights and even has a view of the London Eye!"}]}