{
    "id": 7830352,
    "listing_url": "https://www.airbnb.com/rooms/7830352",
    "name": "Double room in Fulham mansion flat",
    "description": "The double room is located in a ground floor apartment in a Victorian red brick mansion block in Fulham, close to Bishops Park, River Thames, Fulham football club and the smart bars and restaurants of Fulham Road and Chelsea. The flat, which is opposite public tennis courts, is within 45 minutes of prime central London tourist attractions. Chelsea, Putney and Hammersmith are nearby.<br /><br /><b>The space</b><br />The living room is spacious and comfortable, with high ceilings. It has a Smart 50-inch TV with Netflix and BT Sport, and a DVD Player.<br /><br /><b>Other things to note</b><br />The second bedroom has an internet socket.",
    "host_name": "David",
    "host_id": 27839063,
    "host_url": "https://www.airbnb.com/users/show/27839063",
    "host_picture_url": "https://a0.muscache.com/im/users/27839063/profile_pic/1424106155/original.jpg?aki_policy=profile_x_medium",
    "neighbourhood_cleansed": "Hammersmith and Fulham",
    "latitude": 51.47265,
    "longitude": -0.21463,
    "property_type": "Private room in condo",
    "room_type": "Private room",
    "accommodates": 1.0,
    "bathrooms": 1.0,
    "beds": 1,
    "price": 80.0,
    "numbers_of_review": 15.0,
    "review_scores_rating": 5.0,
    "reviews": [
        {
            "name": "Sudeep",
            "date": "2016-09-22",
            "review": "A delightful, clean room with vintage furniture. The host was a gentleman."
        },
        {
            "name": "Ali",
            "date": "2016-10-02",
            "review": "David is not just a great host to stay, he is also really good men to meet. I am really nice to stay and meet with him."
        },
        {
            "name": "Vivien(Hee-Yeon)",
            "date": "2016-10-08",
            "review": "It was great staying there! David was also nice and considerate :-)"
        },
        {
            "name": "Alper",
            "date": "2016-10-13",
            "review": "David was a great host. He made me feely really welcome. I had to change my arrival time due to my bike problem but he was fine with that. The house is very nice and specious. I will stay there again for sure.\r<br/>"
        },
        {
            "name": "Toshihiko",
            "date": "2016-11-13",
            "review": "The room is clean and gorgeous and you can feel really comfortable. And David is really kind and nice host."
        },
        {
            "name": "Alper",
            "date": "2016-11-18",
            "review": "David's place is great. Very central and convenient. David is very friendly and he is a great host. Always will choose to stay there when in London."
        },
        {
            "name": "Sandra",
            "date": "2016-12-05",
            "review": "It was a pleasure to say here. It's Bear to everything and it' s a quiet place. David is a great person I felt like at home. We had interesting conversation and historia house is very special. He helped me a lot!"
        },
        {
            "name": "Alper",
            "date": "2016-12-14",
            "review": "David is a great host. This is my third stay and all is perfect. Very good location. Quiet and comfortable. Highly recommended ."
        },
        {
            "name": "Aditya",
            "date": "2016-12-23",
            "review": "I had a very pleasant stay with David. The room was quiet and comfortable and I didn't get any problem finding the house as well. The house was well maintained and I had a nice time. Highly recommended. "
        },
        {
            "name": "Josef",
            "date": "2017-01-13",
            "review": "David is as described a very nice host. His place is warm and personal and very quiet. I loved it!<br/>The bed was large and perfect. Really recommended it to a solo traveler like me. "
        }
    ]
}