{
    "id": 792091,
    "listing_url": "https://www.airbnb.com/rooms/792091",
    "name": "Quiet Private Room nr Airport (1)",
    "description": "Two double rooms and one small loft room within close vicinity to Heathrow Airport and the centre of London.<br /><br /><b>The space</b><br />Hi All,<br /><br />PLEASE READ CAREFULLY BEFORE BOOKING <br />THANK YOU IN ADVANCE.<br />I have 2 double bedrooms and 1 small loft room available in my home in Northolt which is a 45 minute commute to Central London by train.  <br /> This listing is for all of the  rooms available. Each of the double rooms contain a double bed. One of them is in the sunniest room in the house, which overlooks the garden. The other is to the front of the house. Each room contains a wardrobe, chest of drawer and a table and linen and towels are also provided.<br /><br />The loft room is small and cosy with a slanted roof on both sides. It contains a single bed, chest of drawers, desk and a built in wardrobe.<br />I WOULD NOT BOOK IF OVER 5 FT 6 INCHES IN HEIGHT<br /><br />There is one bathroom for all present guests upstairs. I have a bathroom on the ground floor.<",
    "host_name": "Sandra",
    "host_id": 2826850,
    "host_url": "https://www.airbnb.com/users/show/2826850",
    "host_picture_url": "https://a0.muscache.com/im/users/2826850/profile_pic/1431164175/original.jpg?aki_policy=profile_x_medium",
    "neighbourhood_cleansed": "Ealing",
    "latitude": 51.54675,
    "longitude": -0.36056,
    "property_type": "Private room in home",
    "room_type": "Private room",
    "accommodates": 2.0,
    "bathrooms": 1.0,
    "beds": 1,
    "price": 21.0,
    "numbers_of_review": 30.0,
    "review_scores_rating": 4.37,
    "reviews": [
        {
            "name": "Eva",
            "date": "2013-09-16",
            "review": "Sandra is a great and welcoming host. She is always happy to talk to her guests, but at the same time she respects their privacy. She even offers breakfast and anything else you need (towels, tooth brush,...). The place is comfortable, clean and feels like home. It is located just 15 min from tube station, which makes it really easy to go to central London. The connection from Heathrow airport is also perfect, since a direct bus goes to the nearest tube station."
        },
        {
            "name": "Eduardo",
            "date": "2014-10-25",
            "review": "The experience at Sandra's house was really good and just what I was expecting. It is relatively close to a station in the red tube line and is very convenient. Sandra was an incredibly kind host, would definitely stay there again."
        },
        {
            "name": "Paul",
            "date": "2014-11-02",
            "review": "Sandra was a great hostess. She made me feel very welcome during my stay even though she was having the house renovated. :-)"
        },
        {
            "name": "Kyleigh",
            "date": "2015-04-21",
            "review": "Had nice stay, comfortable. Sandra was very flexible with me as my leave date changed and she was very generous with the nightly price as a result. There's a small kitchenette which was very handy, please be aware that you must clean the communal areas. Overall had comfortable stay."
        },
        {
            "name": "Susanna",
            "date": "2015-06-06",
            "review": "This is my first airbnb experience and I love it. I will never be looking at hotels as it is in many ways better than living at a hotel. You got to meet the locals and also understand the neighborhood."
        },
        {
            "name": "Natasha",
            "date": "2015-07-31",
            "review": "Sandra was very warm and welcoming and made me feel right at home. The room was comfortable and as described and the neighborhood seems nice and even better was close to my work! I would stay here again! "
        },
        {
            "name": "Joanna Emilia",
            "date": "2015-08-13",
            "review": "Sandra was the perfect host in every way.. Very accommodating to all my requests. \r<br/>The flat is a great flat in the perfect location.\r<br/>Thank you Sandra"
        },
        {
            "name": "Ngozi",
            "date": "2015-09-29",
            "review": "Sandra was a very wonderful host. I received a warm welcome that made me feel at home and she made sure I was comfortable at all time. My room was spacious compared to the usual british room! Her place is just as described; in a quiet neighbourhood.  I enjoyed my stay. Will certainly visit again. "
        },
        {
            "name": "Laura",
            "date": "2015-10-17",
            "review": "To stay with Sandra was a very good decision. She is a lovely lady, who cares pretty much about her guests. I just moved toLondon and she helped me so much to put my feed in the door. \r<br/>\r<br/>Thank you Sandra, for taking me to work in the morning, accepting any spontaneous changes and sharing food and time with me. It was brilliant. For sure I come back to see you! xx"
        },
        {
            "name": "Tabea",
            "date": "2016-02-07",
            "review": "It was a lovley time in Northolt! :) Sandra is very welcoming and friedly! My room was clean & cosy.  I'll come back in summer!  :) "
        }
    ]
}