{"id": 8125962, "listing_url": "https://www.airbnb.com/rooms/8125962", "name": "Bright canal-side bedroom with en-suite", "description": "The spacious bedroom has a very comfortable king-sized bed, wardrobe space, floor to ceiling windows and its own smart bathroom. An eclectic selection of mementoes from Luke & Isabelle\u2019s travels gives the flat a unique lively character.<br /><br /><b>The space</b><br />Your bedroom is one of two in a bright, modern, 1,000 sqft flat in Hackney Wick\u2019s premier residential development \u2013 Omega works. The other is occupied by us but sometimes we are out of town. You will have free use of the open-space kitchen/dining facilities, and can spend a relaxing evening around the piano or on the balcony.<br /><br /><b>Guest access</b><br />The flat is in a secured complex nestled between the River Lee and the Hertford Union canal. You will have a fob to enter the building and your own keys for flexible access throughout your stay.<br /><br /><b>Other things to note</b><br />We will provide breakfast ingredients (cereal, bread, coffee, milk) for you to make at your own convenience. You are welcome to", "host_name": "Isabelle", "host_id": 15953437, "host_url": "https://www.airbnb.com/users/show/15953437", "host_picture_url": "https://a0.muscache.com/im/pictures/user/5cc95b5a-d2ad-48b7-928f-57c118694029.jpg?aki_policy=profile_x_medium", "neighbourhood_cleansed": "Tower Hamlets", "latitude": 51.54024, "longitude": -0.02014, "property_type": "Private room in condo", "room_type": "Private room", "accommodates": 2.0, "bathrooms": 1.0, "bedrooms": 1, "beds": 1, "amenities": ["Fire extinguisher", "Hair dryer", "Hangers", "Luggage dropoff allowed", "Essentials", "Free parking on premises", "Shampoo", "Carbon monoxide alarm", "Wifi", "Heating", "Building staff", "Long term stays allowed", "TV", "Iron", "Kitchen", "Breakfast", "Hot water", "Washer", "Elevator", "Smoke alarm", "Dryer"], "price": 55.0, "numbers_of_review": 15.0, "review_scores_rating": 4.87, "reviews": [{"name": "Asela", "date": "2015-09-15", "review": "Luke and Isabelle were wonderful hosts and were very welcoming to their lovely home. The apartment was a great place to stay in and met our expectations! "}, {"name": "Sebastian", "date": "2015-09-21", "review": "Luke and Isabel were great hosts and we enjoyed our stay very much! The communication before was very uncomplicated. We felt welcome in the apartment and got really good tips to explore the surrounding area. The room was clean, bright and with a comfortable bed. Can highly recommend this place and would definitely stay there again. Love Hackney! "}, {"name": "Irene", "date": "2015-09-29", "review": "Great experience. Luke is a very nice guy and the room - but more in general the apartment - is cozy, clean and lovely. He left us all we need (suggestions and breakfast included) for make our stay great and ... It was!\r<br/>\r<br/>Moreover the \"Hackney Wick\" zone is a very good one.\r<br/>\r<br/>Conclusions: definitely go there :) if we ever came back to London this will be our first choice"}, {"name": "Silvia", "date": "2015-10-04", "review": "Io e il mio compagno Luigi abbiamo soggiornato da Luke a fine settembre e ci siamo trovati bene a casa sua....l'appartamento e' accogliente, cosi' come la stanza con il bagno privato all'interno (per noi molto importante...) abbiamo potuto utilizzare la cucina e la mattina eravamo liberi di fare colazione all'ora che volevamo....la zona e' particolare, molto moderna e abitata soprattutto da gente giovane...ci sono locali tipo pub e una pizzeria italiana dove abbiamo mangiato una buona pizza...e' a poca distanza dalla stazione della Overground 'Hachney Wick', e dopo una sola fermata si arriva alla stazione principale di Stratford....Luke e' una persona simpatica e disponibile a darci indicazioni sui posti e sui mezzi da utilizzare....se torniamo a Londra vorremmo soggiornare di nuovo nella sua casa....."}, {"name": "Denise", "date": "2016-01-02", "review": "The appartement was in a Nice quiet area nearby the metro.<br/>The owner was not there at the moment we stayed in his appartement, but he gave us the information we needed and the keys where at he concierge. <br/>The appartement was nice and quite clean and has a private bathroom.<br/>We definetly recommend this place!"}, {"name": "Rebecca", "date": "2016-04-14", "review": "We stayed in the appartement for one week. Luke and his girlfriend Isabelle haven't been there, but her sister Victoria. She was very friendly, open-minded and cared well for us all the time, even she works fulltime. The flat is super cosy, also very stylish and clean. We felt really comfortable there and the Wi-Fi is also good. ;) Luke answered our questions always very fast and gave us a lot of helpful informations - the pizzas at the Crate are definitely delicious!\r<br/>\r<br/>Hackney Wick is a little far from central London but has a good connection (Zone 2, btw). It took us 45 to 60 minutes to get to the most sightseeing hotspots. For shopping there is a huge mall around, just a few minutes walk away (through the Olympic Park). It's the third biggest of the UK and you'll find there everything, a waitrose shop tu buy food and a lot of restaurants as well.\r<br/>\r<br/>In summary it was a really great stay and we can highly recommend this place to you! We would love to come back!"}, {"name": "Amanda", "date": "2016-06-26", "review": "This was the first time I had done a longterm stay with Ab&b. My partner and I had a lovely time in Hackney Wick. The apt is fantastic, clean and spacious, and the location couldnt be better. Before arrival Luke was quick in responding, answering questions and provided all info we needed. We shared the apartment with Victoria who made us feel more than welcome and at home. We highly recommend this place!"}, {"name": "Tina", "date": "2016-11-19", "review": "It was a cute and comfortable Apartment. We really liked the detailed decoration and the creative area as well. Everythink was clean and we don't missed anything. <br/>We warmly recommend that airbnb!"}, {"name": "Sid", "date": "2018-10-02", "review": "Isabelle\u2019s flat was spotless and very tidy. Situated alongside the canal in a very arty area. The walks around the canal area were very pleasant and the people friendly, which isn\u2019t always the case in London. <br/>Isabelle is a great easy going host who genuinely engages with her guests, communication with her was fast and efficient. We were allowed full use of the kitchen, nothing was too much trouble fo Isabelle and we would recommend her and her flat highly.<br/>Thank you so much Isabelle.<br/>Anita and Sid"}, {"name": "Bruno", "date": "2018-10-16", "review": "I MY HUSBAND AND MY 2-YEAR OLD DAUGHTER WE HAVE BEEN ISABELLE GUESTS IN OCTOBER, EVEN IF YOU AND THE HUSBAND WERE OUTSIDE LONDON HAVE BEEN ORGANIZED IN THE MINIMAR PARTICULARS, A BEAUTIFUL HOSPITALITY HAS MADE YOU ALL THAT YOU CAN SERVE FOR OUR STAY. WE ARE FEELING AS OUR HOME. AFTER 1 WEEK ISABELLE IS BACK AND WE HAVE WANTED TO KNOW IT, IT IS A VERY AVAILABLE AND CORDIAL PERSON, THE HOUSE IS LOCATED IN A NEW WELL  LOCATED IN THE CENTER OF LONDON. IF YOU HAVE TO RETURN TO LONDON I WOULD LIKE TO BE TAKING HIS GUEST."}]}