{
    "id": 8425243,
    "listing_url": "https://www.airbnb.com/rooms/8425243",
    "name": "Well connected Double Room!",
    "description": "Private room, in Islington, well connected to all major tourist attractions via bus/ tube. <br /><br />Close to everything you need, and I am available for information if you need it :) <br /><br />Nothing fancy, just somewhere to sleep :D<br /><br /><b>The space</b><br />Double bedroom, in a house in Islington. <br />Very well connected to all major attractions.<br />Shops within 2 minute walk.<br /><br /><b>Guest access</b><br />You'll have a private double bedroom. You also have access to the kitchen, bathroom and toilet.",
    "host_name": "Yasemin",
    "host_id": 25748747,
    "host_url": "https://www.airbnb.com/users/show/25748747",
    "host_picture_url": "https://a0.muscache.com/im/users/25748747/profile_pic/1440183638/original.jpg?aki_policy=profile_x_medium",
    "neighbourhood_cleansed": "Islington",
    "latitude": 51.54281,
    "longitude": -0.09472,
    "property_type": "Private room in home",
    "room_type": "Private room",
    "accommodates": 2.0,
    "bathrooms": 1.0,
    "beds": 1,
    "price": 30.0,
    "numbers_of_review": 5.0,
    "review_scores_rating": 3.0,
    "reviews": [
        {
            "name": "Lina",
            "date": "2015-09-21",
            "review": "This is an absolutely lovely place in a beautiful neighbourhood. I think it suits people best that either have been to London a few times before or would like to enjoy a proper feel of how it is to live in the fast-paced and vibrant city. Yasemin and Lloyd have been great hosts and I'd always recommend them."
        },
        {
            "name": "Ad\u00e9la\u00efde",
            "date": "2015-10-13",
            "review": "Yasmine has been answer quickly to the Mail. And she was cool about the arrival Time. The place is ok to sleep ,tranquille and it s near Angel canal which is Nice walk to do and not too for Nice coffee and bakery."
        },
        {
            "name": "Rosa",
            "date": "2015-10-20",
            "review": "La anfitriona es encantadora y muy servicial. Es muy flexible con la llegada, nosotros llegamos tarde y no fue ning\u00fan problema. La casa es bastante vieja y est\u00e1 mal cuidada. No es muy acogedora para pasar tiempo en ella, pero si se trata de tener un lugar donde dormir y no hacer vida, no est\u00e1 mal. La localizaci\u00f3n de la casa es buena porque en solo 10 minutos puedes estar en el centro de Londres tomando solo un metro y la estaci\u00f3n est\u00e1 a 8 minutos caminando de la casa. Tiene bares, restaurantes  y supermercados cercanos y es un barrio con mucha vida. "
        },
        {
            "name": "Corinne",
            "date": "2015-11-10",
            "review": "No comment !!!"
        }
    ]
}