{"id": 8573829, "listing_url": "https://www.airbnb.com/rooms/8573829", "name": "Queen size bed in Clapton's heart", "description": "Bright and big bedroom with a large double bed in the heart of Clapton. Access and relax in the sunny living room and cute tiny garden. Buses and overground are close by. Easy access to Shoreditch,Angel and Central London.<br /><br /><b>The space</b><br />Our flat is a lovely two bedroom flat located on the ground floor of our building. We have a tiny garden for morning breakfasts and barbecues in summer and snowmen in winter (if there is snow...)<br />From the entrance of the flat you will have access either to your room either to the rest of the apartment. This way you will be quite independent and able to come and go without having to go through the whole apartment.<br />We are located on the back of the building so you won't be too much disturbed by the street noises. Windows are facing east so you will enjoy morning sun!<br /><br /><b>Guest access</b><br />You will of course have access to our tiny garden and the whole flat (except our bedroom).<br /><br /><b>Other things to note<", "host_name": "Marion", "host_id": 15271787, "host_url": "https://www.airbnb.com/users/show/15271787", "host_picture_url": "https://a0.muscache.com/im/pictures/user/74f9af7c-f0c6-45bc-ba27-4d4847a2611e.jpg?aki_policy=profile_x_medium", "neighbourhood_cleansed": "Hackney", "latitude": 51.55499, "longitude": -0.05553, "property_type": "Private room in rental unit", "room_type": "Private room", "accommodates": 2.0, "bathrooms": 1.0, "bedrooms": 1, "beds": 1, "amenities": ["Essentials", "Wifi", "First aid kit", "Oven", "Washer", "Patio or balcony", "Long term stays allowed", "Host greets you", "Refrigerator", "Cooking basics", "Smoke alarm", "Single level home", "Hair dryer", "Iron", "Bathtub", "Hangers", "Kitchen", "Heating", "Stove", "Dishes and silverware"], "price": 30.0, "numbers_of_review": 90.0, "review_scores_rating": 4.84, "reviews": [{"name": "Visconti", "date": "2015-10-24", "review": "Marion et S\u00e9bastien sont des h\u00f4tes super ! Serviable , accueillant et tr\u00e8s sympathique . Leur appartement est spacieux et tr\u00e8s bien \u00e9quip\u00e9 .La chambre est tr\u00e8s grande et \u00e0 une grande capacit\u00e9 de rangement , le lit un grand king Size super confortable ... <br/>R\u00e9sidence s\u00e9curis\u00e9e avec m\u00e9tro ( Overground) a 10 min \u00e0 pieds , arr\u00eat de bus reliant aux lignes de m\u00e9tro les plus centrales devant la r\u00e9sidence et un tesco ( sup\u00e9rette) a 1 min .... Sinon pleins d'autres petits coins pour manger autour ou pas loin ... Ces h\u00f4tes tr\u00e8s connaisseurs sauront vous conseiller . On recommande !!! "}, {"name": "Cl\u00e9mence", "date": "2015-10-26", "review": "Tr\u00e8s bon s\u00e9jour chez Marion et S\u00e9bastien ! Bel appartement, propre, bien equipe, et juste \u00e0 c\u00f4t\u00e9 des transports en commun. Tr\u00e8s bon accueil de S\u00e9bastien, qui nous a propose un repas, et des bons conseils! "}, {"name": "Nicoline", "date": "2015-11-01", "review": "Marion made us feel welcome in het flat. We haven't seen het much as we where most of the time at my Son and daughters flat.\r<br/>It was a good location with the bus 38 straight To London"}, {"name": "Emilie", "date": "2015-11-13", "review": "Appartement propre, joli, calme, chaleureux et confortable, accueil tr\u00e8s sympathique de Marion et S\u00e9bastien, pubs, bus et supermarch\u00e9s juste \u00e0 c\u00f4t\u00e9, c'est LE plan id\u00e9al si vous cherchez quelque chose dans ce quartier ! Merci Marion & S\u00e9bastien, c'\u00e9tait un plaisir !"}, {"name": "Laura", "date": "2015-12-02", "review": "Had such a lovely stay with my sister. Awesome friendly people, and a clean comfortable and modern apartment.<br/>Definitely recommend! "}, {"name": "Kirsten", "date": "2015-12-12", "review": "We had a fantastic stay with Marion and Sebastian. They were very welcoming and friendly and their apartment is lovely - neat and clean with bus and supermarket just outside their door, yet set back from the road so it is quiet too. Highly recommend."}, {"name": "Tina", "date": "2015-12-28", "review": "Marion and Seb have to be one of the nicest people I have unfortunately never met. My daughter and I had the pleasure of staying in their flat over the Christmas period, and it was such a convenient spot for us. Not only a short distance to my sister's place (hence the choice), but also a short walk to Broadway Market as well as an excellent bus choice right outside the complex. <br/>The complex is on a busy main road, yet the flat is super quiet as it's tucked way at the back. I could barely hear the neighbours. The room is spacious, with plenty of storage space and the bed comfy. Marion mentions the possibility of needing an eye mask, however, the room is dark enough.<br/>Marion so kindly left us chocolates, as well as the offer to access tea, coffee, spices etc. Thank you so much for being so caring and trusting.<br/>Highly recommended!"}, {"name": "Federica", "date": "2016-01-25", "review": "Marion and Seb were wonderful hosts. They made us confortable, and gave us all the information we needed for our journey.\r<br/>They reserve for their guests a good selection of travel guides of London, as well as Oyster cards, which are very useful for whom who whishes to use the public transport all around London in the cheapest way.\r<br/>The room was tidy and confortable, as well as the kitchen and the bathroom, perfectly resembling the pictures.\r<br/>Clapton is a nice suburb of London in zone 2, well connected to the center by buses and overground trains, which is the ideal position for whom who wishes to explore the city as a local.\r<br/>Totally recommended!!!"}, {"name": "Federico", "date": "2016-02-01", "review": "We had such a great time in London! Marion and Seb made us feel at home all the time we spent there. Totally recommended!!!"}, {"name": "Nicola", "date": "2016-02-23", "review": "Marion and Seb were very welcoming. They were there for anything we needed but were not intrusive at all. I felt that we could just be at home and had a very comfortable stay."}]}