{"id": 8780848, "listing_url": "https://www.airbnb.com/rooms/8780848", "name": "1 Bedroom Flat Highgate", "description": "This beautiful property benifits from having, High ceiling, marble floors, gardens on the lower & upper ground floor, 9 mins walk to highgate station parking included upon request, peaceful atmosphere local shops & amenities 2 tvs - netflix & now tv<br /><br /><b>The space</b><br />The ceiling are close to 20ft high & bost the most beautiful art decor, simply stunning, the ground & upper floor has just been redecorated to a high standard which boasts the most stunning marble foors & it all so offers a terrice on the lower ground floor & a garden on the upper ground floor, there is a spare sofa bed upon request in the living room for guests & holds the capacity to comfortably sleep 3 this flat is up there with the best in this area.<br /><br /><b>Guest access</b><br />All areas", "host_name": "Dino", "host_id": 41097345, "host_url": "https://www.airbnb.com/users/show/41097345", "host_picture_url": "https://a0.muscache.com/im/users/41097345/profile_pic/1444261086/original.jpg?aki_policy=profile_x_medium", "neighbourhood_cleansed": "Haringey", "latitude": 51.57247, "longitude": -0.13546, "property_type": "Entire rental unit", "room_type": "Entire home/apt", "accommodates": 2.0, "bathrooms": 1.0, "bedrooms": 1, "beds": 2, "amenities": ["Extra pillows and blankets", "Oven", "Private entrance", "Dishes and silverware", "Essentials", "Shampoo", "TV with standard cable", "Outdoor furniture", "Cooking basics", "Bed linens", "Carbon monoxide alarm", "Shower gel", "Wifi", "Heating", "Dishwasher", "Backyard", "Long term stays allowed", "Microwave", "Refrigerator", "Iron", "Kitchen", "BBQ grill", "Stove", "Hot tub", "Hot water", "Washer", "Smoke alarm", "Dryer", "Cable TV", "Pocket wifi"], "price": 142.0, "numbers_of_review": 10, "review_scores_rating": 4.9, "reviews": [{"name": "Lineal", "date": "2015-11-04", "review": "Dino was a fantastic host. Caring, easy going, very understanding.  I stayed over two weeks and really enjoyed the apartment. Clean flat and clean environment. Very nice one bedroom flat. Peaceful neighbours.  All I can say is \" I will be back \"."}, {"name": "Chantal", "date": "2016-06-26", "review": "Dino a \u00e9t\u00e9 tr\u00e8s accueillant et a pris le temps de bien expliquer toutes les fonctionnalit\u00e9s du logement.\r<br/>L'appartement \u00e9tait tr\u00e8s accueillant et tr\u00e8s agr\u00e9able \u00e0 vivre avec Internet ainsi que 2 grandes TV faisant r\u00eaver les ados et aussi les adultes. \r<br/>Il est situ\u00e9 dans un quartier tr\u00e8s sympa avec beaucoup de verdure et d'appartements d'\u00e9poque victorienne.\r<br/>Les commerces sont situ\u00e9s sur une avenue proche. Nous y trouvons des stations de bus ainsi que le m\u00e9tro \u00e0 10 mn de marche.\r<br/>C'est \u00e9galement \u00e0 une vingtaine de minutes du Coll\u00e8ge International St Giles pour ceux qui souhaitent prendre des cours de langue.\r<br/>Nous avons \u00e9t\u00e9 ravis de notre s\u00e9jour et merci \u00e0 Dino\r<br/>Chantal et Quentin"}, {"name": "Alex", "date": "2016-07-18", "review": "This is a well kept flat in a great area and Dino was a fantastic host. Many thanks for a great stay."}, {"name": "Taly", "date": "2016-09-23", "review": "Dino is a super nice and responsive host. His flat is nice and comfortable, in a lovely area of London. "}, {"name": "Lineal", "date": "2016-10-20", "review": "great place. easy transportation and very comfortable.  oh and very clean."}, {"name": "Breeze", "date": "2017-04-16", "review": "Beautiful flat, the highest ceiling you could ever imagine, a flat in a traditional British mansion, what more could you want! <br/>Location is 5 minutes walk to the most beautiful village and park in north london, Highgate, and only 10 minutes walk to crouch end village too (the second best with more restaurants).<br/>Great spacious open plan kitchen living and dining space with original large pain windows making a great bright space.<br/>Great size bedroom and bathroom with a lovely patio. <br/>All the TV you could ask for amazon Netflix digital, fast wifi.<br/>Washer dryer located downstairs so u can't hear it when watching tv/eating.<br/>Dino is a pleasure to deal with, really easy going quick response (the flat was great didn't need to contact him regarding the property).<br/>Will recommend to anyone.<br/>"}, {"name": "Nicola - Domino", "date": "2017-05-05", "review": "Dino's place was perfect for colleague's needs. A peaceful, comfortable spacious place that provided a much relaxing space to my colleague with her hectic schedule. He was a great host too, very helpful. Would recommend."}, {"name": "Eduardo", "date": "2021-11-14", "review": "Lovely place and Dino is a great host. Great!!!!"}, {"name": "Sam", "date": "2021-12-04", "review": "My brother and i stayed here for 2 weeks whilst working nearby in London. Dino is a great host, he always responded to us within half an hour and was really pleasant and helpful. His apartment is recently renovated and everything worked as expected, underfloor heating was especially appreciated for a late November stay! Also HUGE TV with every app. Would definately recommend."}, {"name": "Rufus", "date": "2022-04-23", "review": "Really great property with modern finish and lots of natural light. Dean was really helpful also."}]}