{
    "id": 9131965,
    "listing_url": "https://www.airbnb.com/rooms/9131965",
    "name": "North London Flat",
    "description": "Nice size room with a double bed with built wardrobe. Each room has it's own style and colour. Flat close to rail and bus station with good links to central London. Shopping center close by. Edmonton green is a lovely with it own character.",
    "host_name": "Matthew",
    "host_id": 47563541,
    "host_url": "https://www.airbnb.com/users/show/47563541",
    "host_picture_url": "https://a0.muscache.com/im/pictures/user/caf442c9-e56c-4526-80bf-c8a1cd93d87d.jpg?aki_policy=profile_x_medium",
    "neighbourhood_cleansed": "Enfield",
    "latitude": 51.62588,
    "longitude": -0.05795,
    "property_type": "Private room in rental unit",
    "room_type": "Private room",
    "accommodates": 2.0,
    "bathrooms": 1.0,
    "beds": 1,
    "price": 22.0,
    "numbers_of_review": 13.0,
    "review_scores_rating": 4.75,
    "reviews": [
        {
            "name": "Maiti\u00fa",
            "date": "2015-11-08",
            "review": "Matts house was amazing. He was great company and a really big help when it came around to transport around London. The bed was super clean and the room is cosy as well. Anyone wanting to stay here can trust me that you'll have a great stay! Thanks Matt"
        },
        {
            "name": "Perry",
            "date": "2016-02-11",
            "review": "Matthew is a fantastic host, and his house is lovely. The room is spacious and modern, with good transport links close by. "
        },
        {
            "name": "David",
            "date": "2016-04-07",
            "review": "Great host super nice chill guy made me feel very welcome. Makes a killer cuppa!"
        },
        {
            "name": "Theodore",
            "date": "2016-06-25",
            "review": "Matthew was a great host. Very helpful on directions around the city, and very accommodating. The flat is very close to the tube, making transportation around the city very easy. Would stay again!"
        },
        {
            "name": "David",
            "date": "2016-07-14",
            "review": "Awesome time once again THANKYOU sir"
        },
        {
            "name": "Ruirong",
            "date": "2016-07-17",
            "review": "\u623f\u5b50\u975e\u5e38\u6574\u9f50\u5e72\u51c0\uff0c\u623f\u4e1c\u4e5f\u5f88\u53cb\u5584\uff0c\u623f\u4e1c\u5bf9\u623f\u5b50\u7684\u63cf\u8ff0\u51c6\u786e\u5ba2\u89c2\u3002\u623f\u5b50\u6240\u5728\u5730\u4ea4\u901a\u975e\u5e38\u65b9\u4fbf\uff01\uff01"
        },
        {
            "name": "Lee",
            "date": "2016-07-26",
            "review": "Nice Host with pleasant room."
        },
        {
            "name": "Angel",
            "date": "2016-07-31",
            "review": "I love your house. You are a great host. Thanks for everything. See you"
        }
    ]
}