{"id": 9290511, "listing_url": "https://www.airbnb.com/rooms/9290511", "name": "Lovely, large family home, quiet street,tube close", "description": "Our quiet and comfortable home is perfect for families. Wanstead is a lovely London village - safe with many green spaces & caf\u00e9s to enjoy. Our home has everything you need, a great place to relax after a busy day in London. Getting into the city is very easy - we are a short walk to the tube station, so from our door you can be in the centre (Oxford Street)  in 40 minutes or less.<br /><br /><b>The space</b><br />Our beautiful Edwardian house makes a great home for a family.  Downstairs we have a large family living room with cable / Smart TV (with all the sports channels) and a play room.   The modern kitchen has everything you needs and opens up to a bright conservatory which is a great place to eat and hang out.<br /><br />Upstairs we have three large double rooms, two of these rooms are en-suite.  All have comfortable beds.  In addition there is a family bathroom.  In one of the rooms we have two single beds which can be connected together to make a large double bed if you prefer.", "host_name": "Jon", "host_id": 48239094, "host_url": "https://www.airbnb.com/users/show/48239094", "host_picture_url": "https://a0.muscache.com/im/pictures/user/7fb7b35d-8972-4a80-96f3-44a33e47411a.jpg?aki_policy=profile_x_medium", "neighbourhood_cleansed": "Redbridge", "latitude": 51.57073, "longitude": 0.03348, "property_type": "Entire home", "room_type": "Entire home/apt", "accommodates": 6.0, "bathrooms": 3.0, "bedrooms": 3, "beds": 6, "amenities": ["First aid kit", "Oven", "Dishes and silverware", "Shampoo", "Free street parking", "Cooking basics", "Baby safety gates", "Indoor fireplace", "Wifi", "Heating", "Coffee maker", "Dishwasher", "Game console", "Pack \u2019n play/Travel crib", "TV", "Backyard", "Microwave", "Refrigerator", "Long term stays allowed", "Kitchen", "Stove", "Washer", "Smoke alarm"], "price": 175.0, "numbers_of_review": 10, "review_scores_rating": 4.9, "reviews": [{"name": "Maja", "date": "2016-08-09", "review": "It was perfect for us. It is just 5 minutes walk to the metro and 21 minutes metro to St Paul's with center line. Wanstead is very nice and quiet. There're 3 bedrooms with very comfortable beds and 3 bathrooms.The kitchen is big and the winter garden is great.\r<br/>It takes about 30 minutes to drive from Stanstead airport by taxi. We booked a taxi by redbridgeradiocars.com and we were satisfied. \r<br/>Communicating with Jon was really easy. Whenever we had a question he immediately answered.\r<br/>We thank Jon and his family for making our time in London extra special and wonderful. "}, {"name": "Olivier", "date": "2017-04-07", "review": "Logement qui r\u00e9pondait parfaitement \u00e0 nos attentes, spacieux et lumineux, calme et cosy, parfait pour une famille nombreuse. Quartier tr\u00e8s agreable \u00e0 moins de 10 min \u00e0 pieds du m\u00e9tro et des commerces de proximit\u00e9. H\u00f4tes tr\u00e8s attentionn\u00e9s et tr\u00e8s r\u00e9actifs."}, {"name": "Sarah", "date": "2017-07-31", "review": "Thanks for a lovely stay! You have a wonderful, spacious and spotlessly clean house. We really appreciated you being responsive and helpful. I would definitely recommend you to others! Thank you again."}, {"name": "Fergus", "date": "2017-08-06", "review": "We had a fantastic stay here on our trip back to the UK as a family visiting friends and family from the USA where we now live.  We stayed here as we have family in Wanstead, and it was great to have a local base near to them.  However Wanstead is extremely well served by public transport and it was also a great place to base ourselves for broader exploration too.  The house was beautiful, and close to the tube station, and perfect for what we needed as a family of 5 (2 adults, and kids of 10, 7 and 4, with plenty space left over).  The kitchen was very well equipped to cook at home a couple of nights, and we were all very comfortable.   Communication with Jon was very easy and he was extremely thorough in ensuring we had all we needed for our stay.  We would highly recommend this property."}, {"name": "J\u00e9r\u00f4me", "date": "2018-08-04", "review": "L'emplacement de cette maison est tr\u00e8s appr\u00e9ciable pour visiter Londres (8 mn \u00e0 pied pour rejoindre le m\u00e9tro). La maison est bien \u00e9quip\u00e9e et confortable. Jon est tr\u00e8s disponible pour r\u00e9pondre aux questions. Nous avons rencontr\u00e9 un petit souci momentan\u00e9 avec le voisinage (travaux durant notre semaine de s\u00e9jour) mais Jon a \u00e9t\u00e9 tr\u00e8s r\u00e9actif pour prendre en compte ce petit souci. "}, {"name": "Jitender", "date": "2018-08-20", "review": "Jon, his wife Josee and both the boys are very good people and equally great host. They had taken care of every minute detail. Their house is very beautiful, clean and warm and the location is also great as it is very near to the underground station. I would definitely recommend them to everyone and will surely stay there again if I happen to visit London. "}, {"name": "Scott", "date": "2019-04-15", "review": "Great family home - a real Airbnb experience.....actually staying in someone\u2019s home. Our kids has a great time in this delightful family home! Thank<br/>You"}, {"name": "Karel", "date": "2019-08-13", "review": "We travelled with parents and small child (6+1). It was reason why we choosed all house with 3 bedrooms + 3 separeted bathroom. Wansted is really nice, quiet and safe place with many options for good breakfast, coffee, beer or food and also just short distance to London's center. Comunication with Jon was perfect, we received all information we need. House is amazing...it was like our real \"home\". We really enjoyed and I can 100% recommend!!!"}, {"name": "Hyun", "date": "2019-08-19", "review": "lovely house and very kind house owner."}, {"name": "Lars-Uwe", "date": "2022-08-06", "review": "Uns hat es sehr gut gefallen! Das Haus ist sch\u00f6n und pers\u00f6nlich eingerichtet, es ist sehr sauber und es ist alles vorhanden. Die K\u00fcchenausstattung ist sehr umfangreich und alles funktioniert super. Wir waren dort zu f\u00fcnft mit unseren drei (Teenager-)Kindern. Es gibt gen\u00fcgend Platz f\u00fcr alle. Die Anbindung nach London (City) ist gut, mit der U-Bahn ist man in ca. 25 Minuten mitten in London. Wanstead ist sehr sch\u00f6n und ruhig, Einkaufsm\u00f6glichkeiten gibt es in der N\u00e4he. 5 Sterne."}]}