{
    "id": 9461266,
    "listing_url": "https://www.airbnb.com/rooms/9461266",
    "name": "Lovely House with two Double Bedrooms in London",
    "description": "Modern bright spacious beautiful  maisonette 25 minutes from central London.<br /><br />The rooms are newly refurbished and modern and  private and comfortable spaces and are privately located in the house.<br /><br /><b>The space</b><br />Newly refurbished with taste-fully decorated  and a very cozy atmosphere. You can enjoy the privacy of your bedroom, TV  and enjoy the eat in Kitchen with enough space to have a a relaxed breakfast. The house is very tidy and you have your own privacy.<br /><br /><b>Guest access</b><br />Whole house<br /><br /><b>Other things to note</b><br />I suggest you close the blinds for sleeping as it gets quite bright in the mornings",
    "host_name": "Ele",
    "host_id": 49028834,
    "host_url": "https://www.airbnb.com/users/show/49028834",
    "host_picture_url": "https://a0.muscache.com/im/pictures/user/035ee072-f893-46d6-8e95-f7ac01de5ca4.jpg?aki_policy=profile_x_medium",
    "neighbourhood_cleansed": "Hammersmith and Fulham",
    "latitude": 51.50659,
    "longitude": -0.23571,
    "property_type": "Private room in home",
    "room_type": "Private room",
    "accommodates": 4.0,
    "bathrooms": 1.5,
    "beds": 2,
    "price": 105.0,
    "numbers_of_review": 18.0,
    "review_scores_rating": 4.72,
    "reviews": [
        {
            "name": "Jayne Ann",
            "date": "2015-12-07",
            "review": "Elenita made us feel welcome in her home. The guest room in the loft is fresh and light and contemporary, as is the en suite loo and basin. It felt very private and was super quiet. A very pleasant place to spend the night. "
        },
        {
            "name": "Lorena",
            "date": "2015-12-15",
            "review": "I had a real good experience at the place! Elenita is really welcoming and so is the place! The house is very cosy, clean and warm. It is strategically located and very well connected! Elenita was very kind and gave lots of good advice about place to go and transports. The room is big and is exactly as in the picture! The house is very close to Sheperds bush market station and sheperds bush - central line, you can just walk or take a bus. It is very close to Westfield mall wich is good as well, if you want to go shopping. I strongly recommend this accomodation."
        },
        {
            "name": "Heidi",
            "date": "2016-01-05",
            "review": "The room was as good as it was told and the apartment was really nice and clean."
        },
        {
            "name": "Lorraine",
            "date": "2016-01-25",
            "review": "After a small blip when I arrived and the host was not at the property to let me in (she arrived very soon after, and it turns out she was shopping for some fresh items to offer me for breakfast), the host was very welcoming; sitting with me to drink a cup of tea and talk, show me around and answer any questions I had. \r<br/>\r<br/>Whilst the host wasn't present at the property that night (with a friend staying there instead) she was available by text if I had any queries, which I did not.\r<br/>\r<br/>The room and en-suite toilet were spotlessly clean, and the room was lovely, bright and spacious exactly as advertised. I slept extremely well in the very comfortable bed.\r<br/>\r<br/>As my first experience of Airbnb, I was very happy with the process and my first stay was very pleasant."
        },
        {
            "name": "Dave & Ann",
            "date": "2016-02-08",
            "review": "Excellent accommodation, great for a couple, clean and bright, good access to tube, nice host who also provided breakfast. We will definitely be using Elenita's property again."
        },
        {
            "name": "Chris",
            "date": "2016-08-30",
            "review": "Location worked well for our planned visit with friends, neighborhood very diverse. Everything convenient. Room was very pleasant. Spaces nicely updated and decorated. Appreciated the fresh bread that was left for us!"
        },
        {
            "name": "Steffi",
            "date": "2016-11-20",
            "review": "Elenita home is vey lovely with a private bedroom upstairs and bathroom. Ruben was also very helpful <br/>Brilliant stay!"
        },
        {
            "name": "Iqraa",
            "date": "2017-06-26",
            "review": "Elenita's home is situated in a vibrant cosmopolitan area. There are 3 train stations and multiple buses available nearby which made travelling around London very easy and efficient . Elenita was a welcoming, friendly and a warm host who made us feel very comfortable. The loft room was very large ( lots of cupboard and suitcase space with a lovely toilet & sink ) I would 100% recommend staying here . "
        },
        {
            "name": "Becky",
            "date": "2017-07-10",
            "review": "Staying at Elenita's place was amazing. Not only did she make us feel absolutely welcome from the moment we stepped in the house but we loved everything about the place. She even went out of her way to get us breakfast. We loved the chats we had with her and leaving there felt like we were leaving our family. We will be back! Thank you for a wonderful ending to our beautiful journey. We were so lucky to end it at your home. If u are thinking of staying here don't even think twice. Just book it! You'll be happy for sure!!! Thank you :)"
        },
        {
            "name": "Megan",
            "date": "2017-08-09",
            "review": "Elenita was s lovely host, extremely helpful. Her home is clean, comfy beds, great location 10 minutes to underground close to London.<br/>Great shower and we had our own toilet.<br/>I highly recommend this home stay "
        }
    ]
}