{
    "id": 9517151,
    "listing_url": "https://www.airbnb.com/rooms/9517151",
    "name": "Gryffindor- a modern 1st flr studio",
    "description": "Gryffindor is a first floor studio providing: en-suite bathroom, mini kitchen, television and a comfortable sitting area. A third person can be accommodated in a separate single bedroom sharing the same bathroom.<br /><br /><b>The space</b><br />Come and relax, away from the hustle and bustle of central London, in this luxury suite with mini kitchen, dining area plus sofa and TV, en-suite bathroom and a comfortable double bed<br /><br /><b>Guest access</b><br />The Gryffindor is self contained and has access from the street via hall and stairs without the need to enter other parts of the house. You will have your own key to come and go as you please.<br /><br /><b>Other things to note</b><br />You will have your own keys and can come and go as you please. Checking in and out is flexible and I can normally meet most peoples' needs. The room is offered on a self catering basis with microwave, kettle and toaster. Tea and coffee making facilities are provided together with a starter pack o",
    "host_name": "Trevor",
    "host_id": 9513564,
    "host_url": "https://www.airbnb.com/users/show/9513564",
    "host_picture_url": "https://a0.muscache.com/im/users/9513564/profile_pic/1382181844/original.jpg?aki_policy=profile_x_medium",
    "neighbourhood_cleansed": "Southwark",
    "latitude": 51.4245,
    "longitude": -0.07814,
    "property_type": "Private room in home",
    "room_type": "Private room",
    "accommodates": 3.0,
    "bathrooms": 1.0,
    "beds": 1,
    "price": 65.0,
    "numbers_of_review": 36.0,
    "review_scores_rating": 4.94,
    "reviews": [
        {
            "name": "Sylvia",
            "date": "2016-01-11",
            "review": "My host, Trevor, was very welcoming and attentive.\r<br/>The room was extremely pleasant - light and bright and warm and very well equipped and with a very comfortable bed. The en suite bathroom was  also very pleasant. I would thoroughly recommend this room which is in a quiet pleasant road near a park, public transport and many local restaurants and shops."
        },
        {
            "name": "Patricia",
            "date": "2016-02-04",
            "review": "Trevor made up feel very welcome. The room and en-suite were perfect and it was obvious that Trevor had gone to a lot of trouble to make sure we had everything we needed. He had left breakfast essentials too. We can wholeheartedly recommend staying in his home."
        },
        {
            "name": "Helene",
            "date": "2016-03-05",
            "review": "Notre s\u00e9jour chez notre h\u00f4te Trevor  fut tr\u0117s agr\u00e9able, par sa gentillesse, son hospitalit\u00e9 tout au long de notre s\u00e9jour . Le logement tr\u00e8s propre avec les commaudit\u00e9s : frigidaire, micro-ondes et essentiel pour le petit-d\u00e9jeuner .La maison est tr\u00e8s bien situ\u00e9e, dans un quartier s\u00e9curitaire et calme ,a proximit\u00e9  des autobus et de la gare, le quartier agr\u00e9able avec les restaurants et le grand parc de Crystal Palace qui vaut le d\u00e9tour. Je recommande grandement cet havre de tranquillit\u00e9 pour un s\u00e9jour \u00e0 Londres. Merci Trevor  et bon vent.....\r<br/>\r<br/>"
        },
        {
            "name": "Emmet",
            "date": "2016-04-18",
            "review": "We stayed in the Gryffindor room for two nights. We could not have hoped for better. Trevor has provided everything you might need in a very comfortable and modern room. The house is spotless, cleaner than most hotels we have stayed in. Fantastic host and we look forward to our next visit. "
        },
        {
            "name": "Kim",
            "date": "2016-09-19",
            "review": "We stayed at Gryffindor for a 40th birthday party on Farquhar Rd so the location was excellent. Booking the room was very straight forward and Trevor was very accommodating with an extra guest at the last minute. The room is very clean and comfortable and close to some great restaurants and bars in Crystal Palace."
        },
        {
            "name": "Mike",
            "date": "2016-10-02",
            "review": "We received a friendly welcome and were made to feel at home. The room was just perfect for our needs and we will recommend to friends and will definitely return. "
        },
        {
            "name": "Vale",
            "date": "2016-10-15",
            "review": "the first thing I said when I arrived in the district Trevor was \"But ... we are in private drive!\" Then I entered the apartment you've got the confirmation: I was in the right place!<br/>To welcome us, attached to the front door, there was uma plaque that read \"Gryffindor\" and once inside an elegant room with details that remind the boy wizard (a white owl miniature books ... but I will not dwell much I will not take away the surprise).<br/>Technologically the apartment was super equipped: fast wi-fi, TV, toaster, portr x usb stick battery charger (if you are European non-English manna from heaven!), Kettle, microwave.<br/>Trevor has also prepared all ingedienti for the typical English breakfast: oatmeal, muslei, cereals, yoghurt passion fruit, milk, jam, coffee, tea, butter.<br/>The perfect communication and Trevor extremely available and always ready to answer!"
        },
        {
            "name": "Jurgita",
            "date": "2016-11-05",
            "review": "Trevor was very kind and welcoming. He was very helpful with a few extras - e.g. he printed 4 pages of something I forgot to print at home. The place is very clean and nice. There was is a nice \"started pack\" of milk, juice, bread, jam and various cereals. It is also more like a \"studio\", since there is a two-seat sofa to sit (and watch TV) and there is a gate-leg table, if one wants to set a more formal table to eat. This was one of the nicest (moderately priced) AirB&B private rooms I have stayed in. The only thing to mention is that the hot water in the bathroom has pump attached. It is very functional, but produces a bit of noise that might be a minor issue if one person uses hot water while another one is asleep. However, I am a very sensitive to sounds, and it might not be an issue to others. "
        },
        {
            "name": "Julia",
            "date": "2016-11-13",
            "review": "Trevor's place is excellent and I would highly recommend it for anyone.<br/>We were down for a family party,  lots <br/>to do for al ages.<br/>We shall most likely go back."
        },
        {
            "name": "Yvonne",
            "date": "2016-12-04",
            "review": "We were pleasantly impressed with our accommodation and our host's . We had a room with an adjoining bathroom, both of which were very clean and organized. And we were greeted with a lightly stocked fridge to accommodate our post travel hunger, as well as breakfast needs. We loved that the some of the electrical outlets had USB ports which dispensed with the need to have an adapter in order to charge our personal devices. Very up to date. We felt safe and right at home."
        }
    ]
}