{
    "id": 9732190,
    "listing_url": "https://www.airbnb.com/rooms/9732190",
    "name": "Double bedroom in London",
    "description": "I have a spacious double room (with a desk and wardrobe space) in our large flat, which is only a 5 minute walk from Leytonstone station and 10 min from Leyton Midland Road. Enjoy your time in London, a warm atmosphere with great transport link.",
    "host_name": "Francisca",
    "host_id": 40730359,
    "host_url": "https://www.airbnb.com/users/show/40730359",
    "host_picture_url": "https://a0.muscache.com/im/users/40730359/profile_pic/1438899399/original.jpg?aki_policy=profile_x_medium",
    "neighbourhood_cleansed": "Waltham Forest",
    "latitude": 51.56996,
    "longitude": 0.0027,
    "property_type": "Private room in home",
    "room_type": "Private room",
    "accommodates": 2.0,
    "bathrooms": 1.0,
    "beds": 1,
    "price": 35.0,
    "numbers_of_review": 1,
    "review_scores_rating": 5.0,
    "reviews": [
        {
            "name": "Edurne",
            "date": "2016-01-03",
            "review": "La casa es estupenda, Gabo y Poli son una gente muy linda que enseguida haces hogar. La ubicaci\u00f3n es perfecta, as\u00ed que totalmente recomendable."
        }
    ]
}