{"id": 9763259, "listing_url": "https://www.airbnb.com/rooms/9763259", "name": "Bright attic room in London ZONE 2", "description": "This is a large attic room with a beautiful view of centre London, with a king-size bed, in a creative and well looked after property in a proximity of Brixton station and Brockwell park.", "host_name": "Ludmila", "host_id": 819152, "host_url": "https://www.airbnb.com/users/show/819152", "host_picture_url": "https://a0.muscache.com/im/pictures/user/72f5e95f-3da1-4845-bcec-5a746458670a.jpg?aki_policy=profile_x_medium", "neighbourhood_cleansed": "Lambeth", "latitude": 51.44646, "longitude": -0.11812, "property_type": "Private room in home", "room_type": "Private room", "accommodates": 2.0, "bathrooms": 1.5, "bedrooms": 1, "beds": 1, "amenities": ["Wifi", "Washer", "Free parking on premises", "Shampoo", "TV", "Long term stays allowed", "Fire extinguisher", "Smoke alarm", "Hair dryer", "Dryer", "Hangers", "Kitchen", "Heating"], "price": 32.0, "numbers_of_review": 1, "review_scores_rating": 5.0, "reviews": [{"name": "Marthe", "date": "2016-01-05", "review": "We had a great time. We were very well welcomed. They were very nice and they make us feel at home. The house is well located. Very easy to go to the train station Brixton. "}]}