{"id": 10010974, "listing_url": "https://www.airbnb.com/rooms/10010974", "name": "Charming 3 bed house in quiet Notting Hill mews", "description": "The house is situated on a cobbled mews in the heart of Notting Hill, five minutes walk from Notting Hill Gate and Holland Park tube stations.<br />The holiday home features 3 bedrooms, 2 bathrooms (bath and shower), TV, an equipped kitchen (dishwasher, microwave, washing machine/dryer), free WiFi and towels and linens.<br />The property is recently refurbished and furnished to a high standard and has a lot of natural light. There is outdoor space to enjoy sitting in the mews.<br /><br /><b>The space</b><br />To make the most of the loft space the living accommodation is upstairs.<br /><br />MASTER BEDROOM<br />This bedroom offers a King-size bed, with bedside tables either side. Artwork decorates the surrounding walls. <br /><br />MASTER EN SUITE<br />The en suite bathroom includes a bath, separate shower, WC and basin, all in sleek tiling.<br /><br />BATHROOM<br />A contemporary bathroom, with a walk-in shower, WC and basin.<br /><br />SECOND BEDROOM<br />A twin bedroom- this space o", "host_name": "Massimo", "host_id": 32674548, "host_url": "https://www.airbnb.com/users/show/32674548", "host_picture_url": "https://a0.muscache.com/im/users/32674548/profile_pic/1430896268/original.jpg?aki_policy=profile_x_medium", "neighbourhood_cleansed": "Kensington and Chelsea", "latitude": 51.50883, "longitude": -0.20405, "property_type": "Entire home", "room_type": "Entire home/apt", "accommodates": 6.0, "bathrooms": "2", "bedrooms": 3, "beds": 6, "amenities": ["Essentials", "Wifi", "Oven", "Washer", "Dishwasher", "Patio or balcony", "TV", "Microwave", "Refrigerator", "Cooking basics", "Smoke alarm", "Hair dryer", "Private entrance", "Iron", "Carbon monoxide alarm", "Hangers", "Dryer", "Kitchen", "Heating", "Dishes and silverware"], "price": 395.0, "number_of_reviews": 6.0, "number_of_reviews_showed": 6, "review_scores_rating": 4.83, "reviews": [{"date": "2019-08-12", "name": "Paul", "review": "We stayed here with our 3 (older) children for a family weekend away. A stunning house in a great location (lovely mews, right in Notting Hill) with two underground stations, great bars and top restaurants only minutes away. Portobello market is a very short stroll and worth a visit. Massimo was a great host and made sure everything went smoothly. Couldn\u2019t have asked for more and would recommend to anyone looking for a stylish place to stay with easy access to central London."}, {"date": "2019-08-27", "name": "Sultan", "review": "Great house <br/>Recommend for a small family <br/>quite district <br/>Location is good <br/>Room are small little , bathrooms are great,<br/>Every thing is okay"}, {"date": "2019-10-09", "name": "Cici", "review": "\u623f\u5b50\u5f88\u597d\uff0c\u79bb\u5730\u94c1\u7ad9\u5f88\u8fd1\uff0c\u65b9\u4fbf\u51fa\u5165\uff0c\u8bbe\u5907\u9f50\u5168\uff0c\u73b0\u4ee3\uff0c\u4e0d\u9519\u7684\u9009\u62e9"}, {"date": "2019-12-31", "name": "Elaine", "review": "What a wonderful home! Great space and it felt homely and warm. We even had Christmas lunch cooked and organised at the house and everyone was happy. Location is great! The pub around the corner is so convenient and serves great food. All in all, we had a lovely stay and Christmas on the property."}, {"date": "2020-01-07", "name": "Melissa", "review": "Fantastic house! Wonderful location with two stations nearby plus great bus option too. Groceries nearby. Well stocked kitchen with plenty of crockery cutlery cooking utensils. Very clean. Fabulous comfortable beds. Warm and quiet. Loved it!"}, {"date": "2020-02-22", "name": "Melanie", "review": "The little cottage is very well positioned and a wonderful base from which to plan trips around London.  The local places to eat are great, tube access is easy and there is no problem getting a black cab either.  The cottage has pretty much everything that you need and is in a charming, quiet spot, tucked away at the end of a set of mews.  It's also very clean and clearly very secure.  I felt safe staying there with my children.  The Host is also helpful and responsive although the notes provided mean there is little reason to contact him unless something goes wrong."}]}