{"id": 1002115, "listing_url": "https://www.airbnb.com/rooms/1002115", "name": "London house with en-suite rooms 2", "description": "<b>The space</b><br />Hi there! <br /> I am renting out comfortable newly renovated rooms with en-suite bathrooms (only one room is not en-suite, but it has its own separate bathroom which is for that room only). The rooms, indeed the entire house, have been completely renovated and are in immaculate condition. Each room has a TV and wireless internet connection but no tea/coffee making facilities/no ironing facilities- it is purely the room with en suite on offer. I would point out that each of my listings is not for one specific room but could be any one of the rooms in the photographs. They are all of the same standard but if you have a preference, please enquire as to availability.The property is situated in between two tube stations (zone 3) and is a 20 minute tube ride into the centre of the capital and is therefore ideally placed for visiting the sights of London. Heathrow airport is a 20 min tube ride and the Gatwick Express from Victoria Station gets you to Gatwick airport in ", "host_name": "Alexandra", "host_id": 4365977, "host_url": "https://www.airbnb.com/users/show/4365977", "host_picture_url": "https://a0.muscache.com/im/pictures/user/e4c1ae26-3685-484c-b135-83fa215f128d.jpg?aki_policy=profile_x_medium", "neighbourhood_cleansed": "Ealing", "latitude": 51.51073, "longitude": -0.2807, "property_type": "Private room in home", "room_type": "Private room", "accommodates": 2.0, "bathrooms": "1", "bedrooms": 1, "beds": 1, "amenities": ["Essentials", "Wifi", "Hot water", "TV", "Host greets you", "Smoke alarm", "Hair dryer", "Carbon monoxide alarm", "Hangers", "Heating"], "price": 42.0, "number_of_reviews": 244.0, "number_of_reviews_showed": 8, "review_scores_rating": 4.84, "reviews": [{"date": "2013-03-29", "name": "James", "review": "My second week long stay, just as good as the first. Clean, comfortable and quiet. "}, {"date": "2013-04-10", "name": "Emma", "review": "great place, great price ideal location loved the room and alex and her husband were so welcoming also  thank you  for picking me up at the station as well easy to find and only 20 minutes from city centr on the underground, loved the quality of the room for the price will be using again on my many trips to london :)  "}, {"date": "2013-04-13", "name": "Roma", "review": "The house is wonderful and it is located in a good area close to the tube and to some buses. The room was really nice and super clean.\r<br/>Thank you Alexandra and see you soon!!!"}, {"date": "2013-04-15", "name": "Joy", "review": "Thank you Alex for being such a gracious host. She had her son help bring up my bag as it was very heavy to lug up the stairs! We had the twin share room and it is beautifully decorated (exactly like the pictures) and very clean. The ensuite bathroom is very convenient with running hot water throughout the day and the towels provided  are very plush, and as good as those in 5* hotels! The beds are very comfortable. Alex's house is within a 5 mins. walking distance to ealing common station, a minute or two longer to acton in the opp. direction. If you are feeling a little peckish or forget to bring anything (e.g. shampoo/shower gel), there is a tesco express across the road about a minute walk from the house. We strongly recommend Alex and her rooms."}, {"date": "2013-04-20", "name": "Danielle", "review": "Very friendly and helpful hosts! The room was really lovely, clean, and new. I had a comfortable stay."}, {"date": "2013-05-01", "name": "Veronique", "review": "What a fantastic stay I had! The room was beautiful - nothing spared! And certainly very good value for money. Only a few minutes walk to the station on the District or Central lines. I would definitely stay here again and would recommend to anyone."}, {"date": "2013-05-04", "name": "Fred", "review": "Love London and it was nice to stay in Alex's house. The room is clean and tidy. Alex is nice :)"}, {"date": "2013-05-11", "name": "Kelley", "review": "Thank you Alex, I had a wonderful stay and only wish it could have been longer. The room was just as it appears, comfortable bed and quiet at night after seeing the sites all day. Really enjoyed myself and found Alex fun to chat with and helpful. Would definitely book again with her!"}]}