{"id": 100479, "listing_url": "https://www.airbnb.com/rooms/100479", "name": "DBL rm near Trendy Shoreth\\Brick La", "description": NaN, "host_name": "Mireya", "host_id": 506748, "host_url": "https://www.airbnb.com/users/show/506748", "host_picture_url": "https://a0.muscache.com/im/pictures/user/998c13b8-370d-4399-a114-b98a50f69735.jpg?aki_policy=profile_x_medium", "neighbourhood_cleansed": "Tower Hamlets", "latitude": 51.52819, "longitude": -0.0561, "property_type": "Private room in rental unit", "room_type": "Private room", "accommodates": 2.0, "bathrooms": "1", "bedrooms": 1, "beds": 1, "amenities": ["Essentials", "Wifi", "First aid kit", "Hot water", "Dedicated workspace", "Clothing storage: closet and dresser", "Bidet", "Cooking basics", "Smoke alarm", "Free dryer \u2013 In building", "Bed linens", "Hair dryer", "Ethernet connection", "Iron", "Bathtub", "Hangers", "Carbon monoxide alarm", "Kitchen", "Cleaning products", "Dishes and silverware"], "price": 55.0, "number_of_reviews": 4.0, "number_of_reviews_showed": 4, "review_scores_rating": 4.75, "reviews": [{"date": "2015-07-04", "name": "Oliver", "review": "Mireya was very welcoming into her home! The bed was comfortable and she provided us with towels even though we were only staying for one night. Her location was great being just steps from the Underground.\r<br/>\r<br/>"}, {"date": "2015-07-19", "name": "Valentina", "review": "The host and her husband are lovely and genuine people. The house is so creative, i really liked it. I enjoyed the stay and i want to go Back. "}, {"date": "2015-09-21", "name": "Wayne", "review": "It's my first time to use the aiabnb, and did not expect such a good experience. Host Mireya and her husband are very nice and easy-going ppl, while staying with them, you will feel like a member of the family. They would like to communicate with you everyday, understand your feeling in the room, and your convenience for traveling around, either for business or leisure.\r<br/>\r<br/>The rooms are very spacious, and photos on the same, or even better. She gave me a detailed description of all things in the house! And the location is quite convenient, METRO station is just few minutes walking, close to the city center, you can travel around at very reasonable cost. And also next to everything in life need!\r<br/>\r<br/>And plus there is a very nice park called Victoria Park nearby, around 1KM away, it's a perfect palce for morning jogging, experiencing natural life."}, {"date": "2015-09-24", "name": "Renaud", "review": "Nice room in Mireya's house. Very close to city and Central Line / Liverpool Street\r<br/>Mireya was very nice and helpful. Everything is very tidy etc.\r<br/>Great value for money !!!"}]}