{"id": 10047332, "listing_url": "https://www.airbnb.com/rooms/10047332", "name": "The Upper Studio", "description": "Visitors are struck by how welcoming and cosy it is and yet how close to Hammersmith Broadway and all that it has to offer in the way of restaurants, theatre, shopping, transport etc.   There is an extra pop-up bed if required.<br /><br /><b>The space</b><br />31 Rowan Road is an end of terrace house built in 1870 on four floors in an attractive quiet, leafy street. The warm welcome you receive sets it apart from hotels.  It has featured in Alastair Sawday\u2019s British Bed & Breakfast since 2002.  The studio itself is spacious and light and has its own large modern bathroom with bath and separate shower.<br /><br /><b>Guest access</b><br />The Upper Studio is located through the front door and at the top of the house.  The top floor consists of the Upper Studio and separate bathroom.<br /><br /><b>Other things to note</b><br />Although Rowan Road and Brook Green is a leafy, quiet residential area, busy Hammersmith Broadway, convenient for all your shopping, socialising and transport needs", "host_name": "Vicky", "host_id": 51569746, "host_url": "https://www.airbnb.com/users/show/51569746", "host_picture_url": "https://a0.muscache.com/im/pictures/user/9bbc8482-96ad-4ebb-a3f5-f3983cb5c97c.jpg?aki_policy=profile_x_medium", "neighbourhood_cleansed": "Hammersmith and Fulham", "latitude": 51.4954, "longitude": -0.21935, "property_type": "Private room in bed and breakfast", "room_type": "Private room", "accommodates": 3.0, "bathrooms": "1.5", "bedrooms": 1, "beds": 3, "amenities": ["Extra pillows and blankets", "First aid kit", "Paid parking lot on premises", "Fire extinguisher", "Hair dryer", "Wine glasses", "Hangers", "Cleaning products", "Dishes and silverware", "Luggage dropoff allowed", "Essentials", "Shampoo", "Clothing storage: closet", "Cooking basics", "Bed linens", "Shower gel", "Bathtub", "Heating", "Wifi", "Long term stays allowed", "TV", "Hot water kettle", "Bidet", "Portable fans", "Microwave", "Refrigerator", "Iron", "Body soap", "Drying rack for clothing", "Toaster", "Breakfast", "Conditioner", "Dedicated workspace", "Hot water", "Washer", "Pack \u2019n play/Travel crib - available upon request", "Smoke alarm", "Laundromat nearby"], "price": 115.0, "number_of_reviews": 98.0, "number_of_reviews_showed": 5, "review_scores_rating": 4.89, "reviews": [{"date": "2016-03-13", "name": "Chris", "review": "Vicky was a wonderful host.  She greeted us at the door of this lovely old home with her sweet, little pooch Tiger :)  The room is on the top floor of the house, (no lift, no problem if you as me).  It is a cozy space with a well equipped kitchenette complete with sink, small  fridge, microwave, electric tea kettle, French press, and toaster.  There were some snacks in the fridge, teas and coffees, various cereal choices and Vicky's husband Edmund delivered two delicious croissants to our door in the morning.  There are large windows and skylights for ventilation and light.  The bathroom next door has a tub with handheld shower wand with great water pressure and plenty of hot water.  This home is located just 5 minutes from the Hammersmith tube station and a variety of shops, restaurants and the Hammersmith Opollo (the reason we were there).  A list of recommended choices for food and drink was provided as well.  All of these little things make this cozy studio well worth the price.  We would absolutely return to Vicky's delightful place :)"}, {"date": "2016-07-08", "name": "Marco Tulio", "review": "Loved the place. Vicky and her family are quiet and kind. They will refresh your room with fruits and food, a very nice touch. The house is well maintained and beautiful. It's very close to get Hammersmith station, so you can get to central London very quickly. <br/>The room itself is isolated from the rest of the house and harbors a small utilitarian kitchen and fridge. It also has a small living space. The space has everything you need and it is replenished frequently. It feels like you have the place all for yourself.<br/>The two beds are very comfortable and the place is well lit. They would also provide us with croissants for breakfast, which was lovely!<br/>I would definitely stay there again!"}, {"date": "2016-08-11", "name": "Nan", "review": "Its such a nice place to stay, clean, quiet, but close to public transportation, and its so nice to have everything u need to relax. The neighborhood is fantastic, can find everything u need. wonderful place to recommend!!!"}, {"date": "2016-09-08", "name": "Charlene", "review": "Vicky was great. She was helpful in this last minute reservation. The place was perfect. Loved the location near the tube. Couldn't of asked for anything bette for our stay in London!!!"}, {"date": "2016-09-16", "name": "Julia", "review": "You will find absolutely all you need in the upper studio with comfort and kindness from the hosts!"}]}