{"id": 10049821, "listing_url": "https://www.airbnb.com/rooms/10049821", "name": "Tower Bridge Historic 2 Bed Converted Warehouse", "description": "Historic Victorian Former Warehouse Built in 1888 the same year as Tower Bridge! Located in Old London steeped in History. Moments walk to see great views and Tower Bridge. 9 mins London Bridge Station. Elevator, 2 Bedroom Apartment.<br />Super Fast 1gb Fibre WIFI<br />Once an important part of London\u2019s river trade, Bermondsey sat derelict for several decades, until the area\u2019s wharves were renovated in the 1980s. Now it\u2019s a lively part of town, with some exceptionally good restaurants and coffee houses<br /><br /><b>The space</b><br />Former Victorian Warehouse Converted 2 Bedroom Apartment with elevator. Separate Lounge, Luxury bedding, Fast Wifi, Bath and Shower, Fully equipped Kitchen. Minimum 2 nights at weekends. There are no views from the apartment. The photos shown in the listing were taken on the river bank at the end of the street where the flat is located.<br /><br /><b>Guest access</b><br />Guests have exclusive use of the apartment and wifi during their stay. Remote check-", "host_name": "Stephen", "host_id": 13770205, "host_url": "https://www.airbnb.com/users/show/13770205", "host_picture_url": "https://a0.muscache.com/im/pictures/user/09e78307-4358-4f33-925e-4840875a42a1.jpg?aki_policy=profile_x_medium", "neighbourhood_cleansed": "Southwark", "latitude": 51.49988, "longitude": -0.07292, "property_type": "Entire rental unit", "room_type": "Entire home/apt", "accommodates": 4.0, "bathrooms": "1", "bedrooms": 2, "beds": 2, "amenities": ["First aid kit", "Hair dryer", "Wine glasses", "Dining table", "Private entrance", "Hangers", "Cleaning products", "Dishes and silverware", "Essentials", "Stainless steel oven", "Shampoo", "Baking sheet", "Clothing storage: closet", "Cooking basics", "Single level home", "Bed linens", "Carbon monoxide alarm", "Shower gel", "Heating", "Wifi", "Stainless steel stove", "Coffee maker", "Free dryer \u2013 In unit", "Dishwasher", "Long term stays allowed", "Hot water kettle", "Microwave", "Portable fans", "Refrigerator", "Room-darkening shades", "Iron", "Body soap", "Drying rack for clothing", "Kitchen", "Toaster", "Conditioner", "Dedicated workspace", "Hot water", "42\\ HDTV with Amazon Prime Video", "Netflix", "Paid parking off premises", "Elevator", "Shared patio or balcony", "Smoke alarm", "Free washer \u2013 In unit", "Freezer"], "price": 250.0, "number_of_reviews": 125.0, "number_of_reviews_showed": 15, "review_scores_rating": 4.87, "reviews": [{"date": "2016-02-12", "name": "Mathias", "review": "Stephen is a great host in every aspect:<br/>- Perfect information flow before the arrival<br/>- Place is as described a real beauty, tidy and perfectly equiped at a very convenient location<br/>- And if there is an urgency Stephen is fast and reliable to find a solution. He replaced the WiFi in the shortest possible time with a mobile hotspot, when the telco company was behind schedule with the wire<br/>We were the first guests at this place & recommend it to anyone!<br/>Thank you, Stephen!"}, {"date": "2016-02-20", "name": "Jun", "review": "The house looks quite nice and is close to metro station.We are very pleasant in these seven days."}, {"date": "2016-02-22", "name": "Jorge", "review": "Everything was great!"}, {"date": "2016-03-03", "name": "Nicolas", "review": "Tr\u00e8s bon accueil. Tout conforme \u00e0 ce qui \u00e9tait annonc\u00e9."}, {"date": "2016-03-04", "name": "Spencer", "review": "This is a really wonderful apartment; beautifully furnished and fantastically located. Access was very easy (using keys in \"key safe\" by the door) and ideally suited for last-minute bookings. A great AirBnB find, would recommend without hesitation."}, {"date": "2016-03-05", "name": "Catherine", "review": "Fantastic place! Great decor, very clean and modern brilliant location!<br/>Would recommend to all, great communication with host and comprehensive info etc.<br/>"}, {"date": "2016-03-08", "name": "Patrick", "review": "Sehr gute Lage, sch\u00f6ne, saubere Wohnung nahe an der Themse und der Tower Bridge. Der Bus ist unmittelbar vor dem Haus, Schiff und Metro in 5' Fussdistanz. Die Tipps von Stephen sind sehr n\u00fctzlich. Ich empfehle aber zu reservieren, da die Restaurants h\u00e4ufig ausgebucht sind. "}, {"date": "2016-03-11", "name": "Chris", "review": "Stephen was very helpful at all stages. The flat is very comfortable, with really easy access to the City and West End via tube, a short walk away. \r<br/>\r<br/>Would definitely stay here again!"}, {"date": "2016-03-15", "name": "Kris", "review": "We absolutely loved staying at this flat. It was literally a block from our daughter's flat and a block from the river, so the location was amazing. The place had so much character, the decor was lovely, and we loved the attention to detail (good pans, great bed, sharp knives, extra supplies). We'd stay there again in a heartbeat"}, {"date": "2016-03-20", "name": "Stephanie", "review": "Stephen's place was awesome! Just a short walk to the london tower bridge and to the train station. Super cute and clean place - I'll definitely book with him again, next time I'm in London. "}, {"date": "2016-03-22", "name": "Joyce", "review": "Great information from Host prior to stay. Quick response from e-mails. Very clean & well equipped apartment. Nice touch having fresh milk & almond milk in the fridge as well as tea & coffee. Four adults stayed & we were very comfortable."}, {"date": "2016-03-24", "name": "Kody", "review": "I couldn't have been happier with our stay. Great location especially if you want more of a local feel and not a touristy place and at an affordable price. There were some great bars and restaurants nearby and just a short walk to several underground stations. Also, Stephen was very responsive to answer any questions we had before and during the visit."}, {"date": "2016-03-27", "name": "Martina Maria", "review": "Perfect place! Top!"}, {"date": "2016-03-29", "name": "Viviane", "review": "Nous avons pass\u00e9 le week-end de p\u00e2ques 2016 chez Stephen. Cet appartement est tr\u00e8s agr\u00e9able et conforme \u00e0 sa description. Nous avons tr\u00e8s bien dormi, le quartier est calme tout en \u00e9tant  proche de The Tower Bridge.\r<br/>Nous avons appr\u00e9ci\u00e9 les conseils de Stephen. Pour un 1 er s\u00e9jour via airbnb c 'est tr\u00e8s r\u00e9ussi.\r<br/>\r<br/>Viviane P.\r<br/>"}, {"date": "2016-03-31", "name": "Julien", "review": "Although this is my very first airbnb experience, I must say that I was truly amazed by both the perfect condition and the perfect location of this super nice apartment, to the point that I don't think my stay in London would have been as great if I had stayed anywhere else for the same price. This is the place I will for sure consider booking every time I'm gonna have to spend some time in London in the future."}]}