{"id": 10051800, "listing_url": "https://www.airbnb.com/rooms/10051800", "name": "Beautiful Victorian Duplex (2 DBs)", "description": "Luxury Central London duplex apartment defines contemporary and spacious living. Beautifully converted from a Victorian schoolhouse - boasting two ensuite double bedrooms and with large sash windows. Two minutes walk from the tube. We love our home!<br /><br /><b>The space</b><br />This luxury central london two floor apartment defines contemporary and spacious living. Beautifully converted from a Victorian schoolhouse - boasting two double bedrooms and with large windows and balcony, natural light is in abundance.<br /><br />Fitted to the highest specification, including a fully applianced kitchen, oak floors and two en-suite rooms. This property is undoubtedly impressive. This property truly succeeds in finding the middle ground between a period property and a modern home fit for the 21st century.<br /><br /><b>Guest access</b><br />Whole House<br /><br /><b>Other things to note</b><br />- 1400 Square Feet<br />- Quiet Location in Central London<br />- Modern Victorian School Convers", "host_name": "Sally & Olly", "host_id": 51588440, "host_url": "https://www.airbnb.com/users/show/51588440", "host_picture_url": "https://a0.muscache.com/im/pictures/user/c375eb93-8031-4c6e-a76b-91e29dd9a380.jpg?aki_policy=profile_x_medium", "neighbourhood_cleansed": "Tower Hamlets", "latitude": 51.5103, "longitude": -0.06014, "property_type": "Entire rental unit", "room_type": "Entire home/apt", "accommodates": 4.0, "bathrooms": "3", "bedrooms": 2, "beds": 2, "amenities": ["Essentials", "Wifi", "Washer", "Elevator", "TV with standard cable", "Smoke alarm", "Hair dryer", "Iron", "Carbon monoxide alarm", "Hangers", "Dryer", "Kitchen", "Cable TV", "Heating"], "price": 112.0, "number_of_reviews": 7.0, "number_of_reviews_showed": 7, "review_scores_rating": 4.71, "reviews": [{"date": "2016-02-15", "name": "Ans", "review": "Our stay in Sally and Olly's apartment has been a very  positive experience! They've been very welcoming through the e-mails and very helpful and flexible to accomodate our request regarding checking in and checking out times. The apartment was definitely very spacious, luxury and comfortable and located in this really charming old school building. The area is very quiet especially being so  close to the city centre. The accomodation exceeded our expectations and made our stay in London a very pleasant one. "}, {"date": "2016-03-15", "name": "Catherine", "review": "We stayed at Sally and Olly's flat for 2 nights in March this year. Excellent proximity to the city and great links into central London. The flat itself was gorgeous, very modern and spacious and felt like a little bit of luxury tucked away in a quiet corner of the City.\r<br/>\r<br/>We could not fault anything with regards to the flat - lovely clean bedding and towels and nice little personal touches (flowers on the kitchen table etc). Fab view overlooking the gardens at the back and I can imagine the terrace is lovely in the Spring/Summer! \r<br/>\r<br/>We were out exploring the City most of the weekend but it was fab to be able to return to the comfort of such a lovely space after a busy day sightseeing. \r<br/>\r<br/>I will be highly recommending this flat to friends and family. Thank you for sharing your flat with us! We will be sure to return in the future.\r<br/>\r<br/>Best Wishes,\r<br/>\r<br/>Catherine :) \r<br/>\r<br/>"}, {"date": "2016-03-29", "name": "Matthew", "review": "the flat  was wonderful, felt like home. the flat was just like the  pictures we were not disappointed.would certainly return and very good value for money."}, {"date": "2016-04-16", "name": "Fr\u00e9d\u00e9ric", "review": "L'appartement est r\u00e9cemment r\u00e9nov\u00e9, tr\u00e8s grand et tr\u00e8s confortable, bien situ\u00e9 si vous venez du London City airport. Quelques services \u00e0 proximit\u00e9 et surtout, la ligne DLR, l'Overgroud et une ligne de bus \u00e0 quelques pas. La r\u00e9sidence occupe le b\u00e2timent d'une ancienne \u00e9cole est tr\u00e8s calme et b\u00e9n\u00e9ficie d'une belle vue sur un parc.\r<br/>Sally & Olly sont tr\u00e8s r\u00e9actifs et r\u00e9pondent rapidement \u00e0 toutes les questions.\r<br/>Je recommande cette location."}, {"date": "2016-04-24", "name": "Tim", "review": "Everything was perfect. Can't recommend it enough. \r<br/>"}, {"date": "2016-05-01", "name": "Juan", "review": "The house of Sally and Olly was very pretty. Good location, Underground close, nice neighbourhood, for us we couldn\u00b4t expect something better. Unfourtunatly we couldn\u00b4t meet them cos they were also travelling, but 100% sure that If we go back to London, my family and me will try to stay again in this house. Thanks for these days Sally and Olly\r<br/>"}, {"date": "2016-05-30", "name": "Nick", "review": "Sally and Olly were really helpful in their directions and leaving the keys for us to pick up. The flat is close to the DLR station and easy to find. "}]}