{"id": 10096589, "listing_url": "https://www.airbnb.com/rooms/10096589", "name": "Fantastic Newly Refurbished 1 Bed Garden Flat W12", "description": "My garden flat has been a wonderful home for both my brother and his wife and myself. It's full of character and offers anyone a peaceful and tranquil base whilst being centrally located for many wonderful London hotspots.<br /><br />No parties please.<br /><br /><b>The space</b><br />The flat offers excellent flexibility. Whether you're a couple looking for a weekend away or a family looking for a comfy home for the family, this flat has it all.<br /><br />There is one double bedroom and also an option for a double sofa bed. Access to private garden at the back. Good sized living room and separate kitchen fully equipped for your use. Modern bathroom/shower. Recently refurbished.<br /><br /><b>Guest access</b><br />The entire flat is free to use apart from one cupboard which is locked. All I ask is that you treat the property as you would your own home. Aside from that sit back, relax and enjoy this cosy homely flat.", "host_name": "Sean", "host_id": 7349931, "host_url": "https://www.airbnb.com/users/show/7349931", "host_picture_url": "https://a0.muscache.com/im/users/7349931/profile_pic/1373289131/original.jpg?aki_policy=profile_x_medium", "neighbourhood_cleansed": "Hammersmith and Fulham", "latitude": 51.50677, "longitude": -0.23402, "property_type": "Entire rental unit", "room_type": "Entire home/apt", "accommodates": 4.0, "bathrooms": "1", "bedrooms": 1, "beds": 2, "amenities": ["Essentials", "Wifi", "Washer", "Long term stays allowed", "TV", "Smoke alarm", "Carbon monoxide alarm", "Dryer", "Kitchen", "Heating"], "price": 95.0, "number_of_reviews": 38.0, "number_of_reviews_showed": 5, "review_scores_rating": 4.82, "reviews": [{"date": "2016-01-15", "name": "Ben", "review": "Love this place! Awesome flat with masses of space and lovely furniture. Even though it's right in the heart of Shepherd's Bush we found it really quiet and peaceful. Great local pubs too. "}, {"date": "2016-01-29", "name": "R\u00f3is", "review": "Really enjoyed our stay in Sean's place! The photos online really don't do this lovely apartment justice! It's newly refurbished but with a really homely cosey vibe. The old brick fireplace and refurbished old wardrobes really add character to the place but it still has the modern style kitchen cabinets and bathroom. Lovely little garden to enjoy in the summertime too. Sean made every effort to make our stay enjoyable and was easy to contact. The 24 hour check in was great for us too. "}, {"date": "2016-02-22", "name": "Anna", "review": "We stayed at the flat for almost 3 weeks and its being one of my best experiences on ainbn. It looked good on the pictures,but its even nicer in reality. Its beautiful flat, very cozy and warm, being there is like being at home! Important thing to mention, that whatever u may need, u find it in the property (from the toaster to a nice soap)))) <br/>As i was staying with a child, location its very important for me, and again, it was just perfect!  Very nice and residential street, quite neighbours and few parks within a walking distance, all this just 15 min walking from Westfield!!! <br/>Special, massive thanks to Sean, who is being very nice and helpful host!<br/>Definitely would love to stay again!!!"}, {"date": "2016-03-29", "name": "Susanne", "review": "My friend and I stayed with our children for 3 days and we all enjoyed it very very  much. Sean was very helpful and friendly and always answered right away. His apartment is very beautiful and comfortable. We also loved very much the whole environment and I  would be happy if I could stay there again. Thank you very much for this great experience!"}, {"date": "2016-04-05", "name": "Albert", "review": "Everything was as described . The flat was clean and spacious ."}]}