{"id": 10098679, "listing_url": "https://www.airbnb.com/rooms/10098679", "name": "Cozy 1 Bed Apartment Canary Wharf", "description": "A cozy 1 bedroom apartment located in the central of Canary Wharf with 10 minutes walk to Canary Wharf Station and 7 minutes walk to South Quay DLR. It is perfect for anyone looking for a simple and comfortable place for a short term stay in London.<br /><br /><b>The space</b><br />This is a spacious and bright one bed apartment for professional workers or holiday makers who wants to have some personal space during your stay and a quiet place to rest at night.<br /><br />For professional workers: this apartment is perfect for you. It only takes 15 minutes to walk to the financial services offices in Canary Wharf. If you are working in the City of London, it only takes about 15 minutes from South Quay DLR to Bank DLR station. <br /><br />For holiday makers: this apartment is a great option for you as it will be easy for you to get around in London. Below is the brief description of the commute to different sightseeing places. I'm more than happy to help you on  planning your routes if t", "host_name": "Tami", "host_id": 51823285, "host_url": "https://www.airbnb.com/users/show/51823285", "host_picture_url": "https://a0.muscache.com/im/pictures/user/129ab6a1-ce36-4ce0-94bb-8afe91359b97.jpg?aki_policy=profile_x_medium", "neighbourhood_cleansed": "Tower Hamlets", "latitude": 51.4977, "longitude": -0.02112, "property_type": "Entire rental unit", "room_type": "Entire home/apt", "accommodates": 2.0, "bathrooms": "1", "bedrooms": 1, "beds": 1, "amenities": ["Essentials", "Wifi", "Washer", "Shampoo", "TV", "Elevator", "Smoke alarm", "Hair dryer", "Iron", "Carbon monoxide alarm", "Hangers", "Kitchen", "Heating", "Hot tub"], "price": 80.0, "number_of_reviews": 5.0, "number_of_reviews_showed": 5, "review_scores_rating": 4.0, "reviews": [{"date": "2016-05-23", "name": "Gizem", "review": "The house was quite comfortable located in a quiet neighborhood in Canary Wharf. Close to the Tube station (the Jubilee Line and the DLR). The supplies were nicely thought but not renewed. :( Probably; you should get into contact with Tami during your stay if you want the supplies (breakfast stuff etc.) to be refreshed or the house to get cleaned. Tami was so friendly and helpful. She was really hospital. So; many thanks! The only problem we had was the bad odor in the corridor of the floor of the flat and the never-getting-colder shower water. We had to have showers with too!!! hot water. :( Couldn't quite understand what was wrong but no matter where you turn the handles, the water did not cool down. And there were no bathing towels but only hair and face towelettes. \r<br/>In general, recommended to everyone who will spend one or more weeks in London, especially having friends and/or business around the Docklands area."}, {"date": "2016-05-29", "name": "Eszter", "review": "Tami is trying to be a good host (supplied plenty of breakfast) but she needs to pay more attention to basics like cleanliness and working facilities. There is a bad odour in the kitchenette that even the scents she put out could not disguise (should try a good clean of the sink) and a word of warning for the next guest: make sure the shower is working and that you can control the water temperature :(<br/>Otherwise the flat is great in the sought-after region of Canary Wharf."}, {"date": "2016-06-04", "name": "Viki", "review": "It was easy to contact her any time.\r<br/>She was very helpful from the beginning. "}, {"date": "2016-07-02", "name": "Sarah", "review": "Tami was a really welcoming host, and the apartment was exactly as shown in the picture and much more spacious than I was expecting! "}, {"date": "2016-07-18", "name": "Nigel", "review": "This is a nice flat and it is conveniently located for transport, shopping, etc.  We did not meet Tami as our original flight was cancelled due to strike action in France but she arranged for one of our daughters to pick up the key and there were no real problems."}]}