{"id": 1011983, "listing_url": "https://www.airbnb.com/rooms/1011983", "name": "Cosy 1 bedroom house near River", "description": "A stunning 1 bedroom house with garden set over 2 floors within yards of the River Thames. This is perfect place to stay and explore London. Quiet location. Just 5 minutes away from Canary Wharf and O2 by train. And 6 min from Tower Bridge by tube.<br /><br /><b>The space</b><br />A charming house and in the wonderful Green and Waterside location, with Canada Water, Surrey Quays station close and the Riverbus Service also a short stroll away.<br />A stunning but compact house and garden, within yards of the River Thames, the Greenland Dock Marina, and both Canada Water and Surrey Quays Stations.<br />Greenland Pier is also just yards away, 4-5 minutes.<br />This is perfect place to stay and explore London.<br />Docklands is one of the most exciting new Tourist Attractions in London. A beautiful historic warehouses, old riverside pubs and impressive new developments enchant the wandering visitor. Docklands is a place of discovery. The fascinating past of the Tower of London alone makes ", "host_name": "Maral", "host_id": 5567294, "host_url": "https://www.airbnb.com/users/show/5567294", "host_picture_url": "https://a0.muscache.com/im/users/5567294/profile_pic/1365030569/original.jpg?aki_policy=profile_x_medium", "neighbourhood_cleansed": "Southwark", "latitude": 51.49284, "longitude": -0.04079, "property_type": "Entire home", "room_type": "Entire home/apt", "accommodates": 4.0, "bathrooms": "2", "bedrooms": 1, "beds": 2, "amenities": ["Oven", "Fire extinguisher", "Free washer", "Wine glasses", "Private entrance", "Cleaning products", "Dishes and silverware", "Essentials", "Free street parking", "Cooking basics", "Bed linens", "Clothing storage", "Paid parking on premises", "Bathtub", "Heating", "Coffee maker", "Dishwasher", "Backyard", "Long term stays allowed", "Hot water kettle", "Microwave", "Refrigerator", "Outdoor dining area", "Kitchen", "Drying rack for clothing", "Stove", "Toaster", "Hot water", "Smoke alarm", "Lockbox", "Outdoor furniture", "Freezer"], "price": 100.0, "number_of_reviews": 110.0, "number_of_reviews_showed": 6, "review_scores_rating": 4.56, "reviews": [{"date": "2013-10-01", "name": "Shyam", "review": "Although a different place was given rather than the one advertised, it exceeded the listed one. A very pleasant stay and the hosts were reachable anytime if required.<br/>Good work, Maral and Yuri."}, {"date": "2013-10-10", "name": "Shyam", "review": "A cute little tidy place. We had a pleasant stay. Hosts were very hospitable."}, {"date": "2014-05-24", "name": "Emma", "review": "Very lovely stay in a wonderful apartment. Extremely clean and had everything we needed. Great location, beautiful setting, easy access to public transport. Fantastic hosts, very prompt and timely communication. Thanks for a great stay!"}, {"date": "2014-06-25", "name": "Cinzia", "review": "Maral's house was our first experience of AirBnB, It was positive.\r<br/>\r<br/>The house is very nice, there are two bathrooms and a garden. The \r<br/>neighborhood is quiet.\r<br/>\r<br/>The house is near a shopping center, the house is served by metro and \r<br/>bus within minutes you arrive at the center. \r<br/>Great accommodation for bikes, in the garden was place to fix them. In \r<br/>a short time we reached by bicycle to the city center. \r<br/>Maral's husband was a very kind person, despite our late arrival, we \r<br/>waited until 10.00 pm.\r<br/>\r<br/>Thank you again Maral and Yuri for their hospitality"}, {"date": "2014-08-05", "name": "Deanna", "review": "We were four people in the house and two of us slept in the sofa bed. However  Maral had also provided an armchair you could use as a bed.  Maral and her husband were very kind . They let us drop our luggage at 10.30 a.m even if the check in was at 4 p.m. So we had time to stroll in London while waiting to enter the house which was very clean and provided with all the tools you need for a holiday.  Nearby the house there is a shopping centre (with Tesco inside) opened  until midnight you are not far from the underground and zone 1.  It is a quiet and relaxing zone after sightseeing all day.  There is also a garden if you want to eat or stay outside.   You can easily contact the host when needed.  Thank you Maral for making our stay even more enjoyable than we imagined."}, {"date": "2014-09-30", "name": "Helen", "review": "We stayed at Marals apartment for a couple of nights and loved it. It's perfect for two couples as it has two bathrooms. The premises are clean and tidy and we enjoyed the courtyard due to the sunny and warm weather. The whole renting process went smoothly and Maral answered any questions we had quickly by text or call. \r<br/>A few words about the neighborhood: the apartment is ideally situated for people who want to explore the city because it is just a couple of minutes by foot to the station with two main tube lines that bring you quickly to a lot of the cool neighborhoods. Saying that, there is not much street life going on closer to the apartment, which can be nice as it is very quiet. "}]}