{"id": 10111500, "listing_url": "https://www.airbnb.com/rooms/10111500", "name": "Comfortable, quiet double room", "description": "Spacious room on top floor of private semi-detached house in Chiswick, west London with sole access to shower room and TV on same floor.  Excellent location 3 minutes walk from Gunnersbury tube and overground station; 40 minutes to central London.<br /><br /><b>The space</b><br />You will have sole access to the top floor of the house; a second adjacent double bedroom up there is also available by negotiation.  The second room is shown on the last two pictures at the end of the listing photos. You will have a kettle and small fridge with a variety of teabags and coffee and milk.<br /><br /><b>Guest access</b><br />Access to the top floor of the house via front door and up the main staircase.  Keys will be provided on arrival. Breakfast <br />in kitchen/dining room.  Virgin Active gym and large swimming pool nearby, within 10 minutes walk.<br /><br /><b>Other things to note</b><br />Breakfast (continental and buffet style - tea, coffee, toast, jams, cereal, yogurt) in kitchen/dining roo", "host_name": "Vyvyan", "host_id": 51888286, "host_url": "https://www.airbnb.com/users/show/51888286", "host_picture_url": "https://a0.muscache.com/im/pictures/user/2ea9de63-d7b8-407c-aa9c-2f6f6b7d6958.jpg?aki_policy=profile_x_medium", "neighbourhood_cleansed": "Hounslow", "latitude": 51.4923, "longitude": -0.27695, "property_type": "Private room in townhouse", "room_type": "Private room", "accommodates": 1.0, "bathrooms": "1", "bedrooms": 1, "beds": 1, "amenities": ["Fire extinguisher", "Mini fridge", "Hair dryer", "Hangers", "Cleaning products", "Dishes and silverware", "Luggage dropoff allowed", "Essentials", "Shampoo", "TV with standard cable", "Bed linens", "Carbon monoxide alarm", "Wifi", "Heating", "Safe", "Long term stays allowed", "Hot water kettle", "Refrigerator", "Portable fans", "Host greets you", "Iron", "Body soap", "Paid street parking off premises", "Dedicated workspace", "Hot water", "Private fenced garden or backyard", "Clothing storage: closet and dresser", "Smoke alarm", "Laundromat nearby", "Cable TV"], "price": 60.0, "number_of_reviews": 134.0, "number_of_reviews_showed": 12, "review_scores_rating": 4.97, "reviews": [{"date": "2016-01-21", "name": "Dania", "review": "It was pleasure staying with Vyvyan and Sue, they were considerate and helpful, done their best to ease my stay. the house is clean and quiet with own bathroom. I will stay again next week and highly recommended "}, {"date": "2016-01-29", "name": "Dania", "review": "Vyvyan and sue are amazing host, you have your space and privacy however still feel home. It is highly recommended, this is my second time staying with them and I'm looking forward to return back next week."}, {"date": "2016-02-04", "name": "Dania", "review": "Vyvyan and Sue are great host, do their best to make your stay comfortable and easy. I have stayed with them for 3 weeks and I'm going to stay this week too. Highly recommended "}, {"date": "2016-02-18", "name": "Dania", "review": "Vyvyan and sue are brilliant host, the room is very clean and comfy and I'm regular and look forward to stay with them"}, {"date": "2016-03-13", "name": "Godelieve", "review": "We had a great stay with these wonderful hosts, Vyvyan and Sue couldn't have been more helpful  and hospitable.  The bed was comfortable, the room warm and cosy. We enjoyed the ensuite facilities. This stay offered both privacy and interesting interaction with the friendly hosts. Lovely breakfast too, appreciated Sue's  home made cherry jam! Five star Air b and b!"}, {"date": "2016-03-20", "name": "Lorna", "review": "Vyvyan and Sue were excellent hosts making us feel at home in their beautiful house where we stayed for 3 nights. Breakfast was a delight and they were able to recommend many things for us to do and see locally and in London. The bedroom was spacious and clean with an adjoining bathroom. The house is located on a quiet road but with close access to the underground giving us quick access to West London and London city we were visiting. I would highly recommend a stay here."}, {"date": "2016-03-24", "name": "Dania", "review": "Vyvyan and Sue are brilliant host, the house is cozy and I'm safe neighbor hood, the room is specious and clean, i'd recommend "}, {"date": "2016-04-07", "name": "Dania", "review": "Staying at Vyvyan and Sue house is always pleasure and comfortable. Clean and comfy room and bathroom. "}, {"date": "2016-04-14", "name": "Thomas", "review": "Vyvyan was a great host and the accommodation was everything I'd hoped for. We were made to feel very welcome and it was warm and comfortable.  I would definitely recommend. "}, {"date": "2016-06-25", "name": "Laurine", "review": "La maison \u00e9st superbe, on se sent comme chez sois. Vyvyan et sa femme sont des gens tres accueillant et toujours \u00e0 notre \u00e9coute! J'ai pass\u00e9 un super s\u00e9jour!"}, {"date": "2016-06-30", "name": "Wayne", "review": "I was made to feel very welcome and had a lovely room at the top of the house with a private bathroom.\r<br/>\r<br/>I'm intending to stay there whenever I'm working in the area. Overall, it was a great find and perfect for my stay."}, {"date": "2016-07-04", "name": "Ian", "review": "Vyvian and Sue are a lovely couple, very friendly. Having the entire top floor was great and very private, very nice room and bed. The street and area is really decent also with tube very near. Definitely stay again if I get the chance!"}]}