{"id": 10128245, "listing_url": "https://www.airbnb.com/rooms/10128245", "name": "Studio 17 - A unique and luxurious space", "description": "Unbeatable value for money! Superb apartments located in Croydon, South London famous for its superb transport links- trains 24/7 directly into the heart of central London.<br />East Croydon station -your gateway to the South and Central London. EC to London Victoria in 15 mins, London Bridge 20 mins and St Pancras home of Eurostar trains to Continental Europe in just 25 mins. Gatwick airport a 15 min train ride away, making Croydon the perfect cost effective alternative to sky high London prices.<br /><br /><b>The space</b><br />A delightful self-contained studio apartment in a period residence. This newly refurbished apartment has been completely remodelled but manages to retain all of its period features and charm. From the high ceilings and generous Victorian windows to the original exposed brickwork all combined with concessions for modern living which make any length of stay a pleasure. <br />As with our other apartments great care has gone into choosing the interior fittings and", "host_name": "Gary", "host_id": 30629100, "host_url": "https://www.airbnb.com/users/show/30629100", "host_picture_url": "https://a0.muscache.com/im/pictures/user/ea96a1c0-a553-4789-8566-34b129320d38.jpg?aki_policy=profile_x_medium", "neighbourhood_cleansed": "Croydon", "latitude": 51.38271, "longitude": -0.08178, "property_type": "Entire rental unit", "room_type": "Entire home/apt", "accommodates": 2.0, "bathrooms": "1", "bedrooms": null, "beds": 1, "amenities": ["Extra pillows and blankets", "Oven", "Fire extinguisher", "Hair dryer", "Wine glasses", "Hangers", "Cleaning products", "Dishes and silverware", "Luggage dropoff allowed", "Essentials", "Shampoo", "Baking sheet", "Cooking basics", "Free street parking", "Bed linens", "Clothing storage: wardrobe", "Carbon monoxide alarm", "Shower gel", "Heating", "Wifi", "Coffee maker", "Dishwasher", "Long term stays allowed", "Keypad", "TV", "Hot water kettle", "Microwave", "Portable fans", "Refrigerator", "Room-darkening shades", "Iron", "Body soap", "Drying rack for clothing", "Kitchen", "Stove", "Toaster", "Hot water", "Paid washer \u2013 In building", "Smoke alarm", "Dryer", "Freezer"], "price": 56.0, "number_of_reviews": 146.0, "number_of_reviews_showed": 5, "review_scores_rating": 4.79, "reviews": [{"date": "2016-07-15", "name": "Lindsay", "review": "Exactly as described! Gary was very warm and welcoming and the studio was lovely! Close to the train and shops - easy to get into London\r<br/>This was my first Airbnb trip and I would definitely recommend Gary's place and would love to come back!\r<br/>Thank you again!"}, {"date": "2016-07-30", "name": "Olga", "review": "The apartment was great. Very very clean. Good location near railway station. Thank you Gary."}, {"date": "2016-08-04", "name": "Bob", "review": "Great apartment. We had 6 days here and would have liked to stay longer. Gary was great with the communication beforehand and the lockbox for the keys was easy. Was about 14 mins from Victoria Station and there were trains nearly every 10 mins or so. Also only about 14 mins from Gatwick Airport.Close to shops and town centre.The apartment was spacious, modern and well decorated.Just right for a couple.Kitchen had everything you needed.Highly recomended and if i come to London again i would stay here.\r<br/>                                                         "}, {"date": "2016-08-13", "name": "Noelia", "review": "He provides to us everything needed. The apartment was just as it looked in the ad. Overall, we think that Gary is a good host."}, {"date": "2016-08-18", "name": "Karen", "review": "My parents and I spent an amazing stay in Gary's studio. It is very cosy, functional and well decorated, there was everything we needed. Situated at only 12 minutes of walk from the train station of East Croydon (or 4 minutes if you take the bus 197 just near the studio), it is easy to go to Victoria, in the centre of London. Then Gary's instructions to go to the studio and use the equipments inside were very clear. I definately recommand this studio."}]}