{"id": 1013117, "listing_url": "https://www.airbnb.com/rooms/1013117", "name": "Central, Camden, Hampstead Dbl Room, Bath & Lounge", "description": "<b>The space</b><br />Bright double bedroom, own living room and own bathroom all on your own floor in our Victorian house in leafy West Hampstead. <br /><br />You will have a mini fridge, toaster, and tea & coffee making facilities in your living room. We also provide you with tea, coffee, cereal, bread & milk & therefore won\u2019t need to share any spaces with us during this time however, we are always available to advise on places to visit, restaurant, bars etc. As always the space is incredibly clean and we take extra precautions to keep the space safe, strictly following the Airbnb COVID cleansing guidelines.<br /><br />The bedroom has floor to ceiling wardrobes, a chest of drawers, real wood flooring, decorative fireplace, mirror and wireless internet connection. While your own private bathroom is not en-suite it is just a couple of steps away. It is a recently refurbished modern bathroom with power shower and full sized bath. <br />The living room is large bright with bay windows & ", "host_name": "Sue", "host_id": 1464975, "host_url": "https://www.airbnb.com/users/show/1464975", "host_picture_url": "https://a0.muscache.com/im/users/1464975/profile_pic/1374692320/original.jpg?aki_policy=profile_x_medium", "neighbourhood_cleansed": "Camden", "latitude": 51.55211, "longitude": -0.20361, "property_type": "Private room in townhouse", "room_type": "Private room", "accommodates": 2.0, "bathrooms": "1", "bedrooms": 1, "beds": 1, "amenities": ["Extra pillows and blankets", "First aid kit", "Fire extinguisher", "Mini fridge", "Hair dryer", "Wine glasses", "Hangers", "Luggage dropoff allowed", "Essentials", "Bed linens", "Clothing storage", "Carbon monoxide alarm", "Bathtub", "Wifi", "Heating", "Long term stays allowed", "TV", "Hot water kettle", "Portable fans", "Room-darkening shades", "Kitchen", "Toaster", "Hot water", "Smoke alarm"], "price": 68.0, "number_of_reviews": 412.0, "number_of_reviews_showed": 15, "review_scores_rating": 4.9, "reviews": [{"date": "2013-08-24", "name": "Anna", "review": "We had such a great stay in London and much of this thanks to Sue and her home! For 7 days, I felt like I was truly home and an actual Londoner!\r<br/>The house was exactly as advertised. The room and bed were both large and comfortable, the bathroom was ideal. Sue was flexible in both our check in and check out times, helped us in getting to the airport, and made our stay very easy. The house had a lot of sun and light, and there was good closet storage for our clothes. The house is located in very nice area. The Oxford street, South Kensington and all the places to visit in London are easily accessible by bus, train and underground. Also, there is a perfect connection to reach the airports. \r<br/>Thank you very much for the pleasant stay! I would recommend thoroughly and plan to return soon!"}, {"date": "2013-08-26", "name": "Mathieu", "review": "I was very lucky to stay a Sue's for the weekend. Her house is very charming. It's located in a nice, quiet part of London, close to very practical underground station. Sue and Robert were very kind and generous, always available when I needed a piece of advice and they were great people to talk to. Highly recommended !"}, {"date": "2013-09-15", "name": "Philipp", "review": "I stayed at Sues for 10 days and from the first till the last day I totaly enjoyed staying there. The room itself and my own bathroom were perfect. The whole house was nicely decorated and designed and yet really comfortable (Rooms by the way exactly match the shown pictures). Sue and Robert were allways really helpful and I allways enjoyed talking to them . They helped me a lot during these irst days in London and gave me many useful tips. I allways felt welcome and can totaly recomend this place.\r<br/>\r<br/>The location is also really good Hampstead is a beautiful place to stay. It is near to downton London and useful tube stations but yet quite, safe and not too crowded.\r<br/>\r<br/>Highly recomended!"}, {"date": "2013-10-08", "name": "Paula", "review": "I stayed with Sue and Robert for 3 weeks and had an amazing time. They were welcoming, caring and best of all have become my friends. The accommodation and stay was like being home away from home, their house and everything in it speaks comfort and great times. The room is very comfortable and has everything you could ever need and the bathroom was great, so big!!! I would recommend Sue's air bnb to anyone, you will not be disappointed and so close to everything you need in London. Thank you for a great stay both of you."}, {"date": "2013-10-15", "name": "Lena", "review": "We had a lovely stay at Sue's place as we found her to be a very welcoming and caring host! The room was tidy and beautiful, just as advertised in the pictures. We enjoyed staying there very much and would love to visit in the future again."}, {"date": "2013-10-21", "name": "Tessa", "review": "Our stay in Sue's home was wonderful! The house was beautiful - our private room and toilet were perfect. Sue and Robert were really helpful and gave us useful tips about the places to go in London and how to get there. Me and my friend would definitely come back again next time when visiting London, no doubt! "}, {"date": "2013-10-25", "name": "Faiz", "review": "This trip to West Hampstead was my first official trip via airbnb.com, and I have to say I was blown away, and my bar set high. The Ellisons were the most engaged and respectful hosts I have had the pleasure of having, leaving me a high degree and balance of autonomy and friendship throughout my stay. They are definitely my first choice for a future visit. Accoutrements were all spotless and well-kept, the layout indicative of clear experience hosting and being hosted. They will not disappoint. Their house is a good vantage point to experience London, well-removed from the fast and abrasive, but still well-connected by transport."}, {"date": "2013-10-29", "name": "Paz", "review": "La estancia perfecta,magn\u00edficos anfitriones , tal cual aparece en las fotos, la zona tambi\u00e9n es muy bonita y c\u00f3moda. Totalmente recomendado "}, {"date": "2013-10-31", "name": "Tim", "review": "Great place, lovely host."}, {"date": "2013-11-01", "name": "Kamelia", "review": "Sue and Robert were perfect host, very helpful and very nice !\r<br/>We had a perfect stay at they house, which is very nice and confortable. The bedroom is perfect for a stay with all the equipment we could need for the night, with also a private bathroom just near the room.\r<br/>\r<br/>Sue prepared us cofee and tea in the bedroom in case we need it and Robert gave us wonderful instructions to use the underground.\r<br/>If we ever come back to London i'll choose them again !!\r<br/>"}, {"date": "2013-11-06", "name": "Hannah", "review": "My stay at Sue and Roberts home couldn't have been more comfortable! They were very accommodating with my check in and check out, the room was beautiful and easy to settle into. The bathroom was perfect for an evening of relaxation, and the location was an easy walk from the tube.\r<br/>I'd highly recommend their home as a place to stay in the future - would love to come again!"}, {"date": "2013-11-09", "name": "Simon", "review": "Staying at Sue and Robert's double bedroom was a privilege. It was lovely chatting to them, and the room - just like the rest of the house - is very cosy, clean and beautifully decorated. \r<br/>\r<br/>We had a good night's sleep and the use of the amazing private bathroom. Being able to have a quick breakfast in the kitchen was very handy too. \r<br/>\r<br/>The house is about 10 -15 mins walk from the West Hampstead rail, overground and tube stations, so it was equally easy to get to the Hamstead Heath park, Central London and the St Pancras station from there. \r<br/>\r<br/>We really enjoyed the experience, and wouldn't hesitate to recommend this room to anyone."}, {"date": "2013-11-11", "name": "Lucienne", "review": "We had a great stay at Sue's. She was very welcoming and she made us feel at home. The room was very cosy and clean, with a tv and tea-making facilities. We had our own bathroom which was also very clean. The whole house is beautiful and we would love to stay with Sue again when we visit London. "}, {"date": "2013-11-18", "name": "Kelly", "review": "Welcoming and friendly couple with a beautiful clean house! Would highly recommend :)"}, {"date": "2013-11-19", "name": "Amandine", "review": "Great place, great hosts, great neighborhood! Probably the best place I ever found on Airbnb! Thanks again, Sue"}]}