{"id": 10149001, "listing_url": "https://www.airbnb.com/rooms/10149001", "name": "Single bedroom.", "description": "Cosy and quiet room.  Light and bright.   Home working desk available in communal area with plenty of light, space and high ceilings.      Wifi included. Girls only please<br /><br /><b>The space</b><br />The room is on the third floor of the house.  Small balcony overlooking the neighbourhood and gardens.      There is a bathroom up here and large light open plan living area with desks and chairs etc.  Space or working from home.  Also a small fridge to keep your drinks cool.  Kettle and toaster in case you want tea and toast !<br />Girls only.<br /><br /><b>Guest access</b><br />Large and light communal area for guests outside of the bedrooms.<br /><br /><b>Other things to note</b><br />Small supermarket within 5 minutes walk of the house.  <br />Also walking distance to the High street for more supermarkets,  pharmacy, banks, post office, train station  etc etc.", "host_name": "Janne", "host_id": 6233575, "host_url": "https://www.airbnb.com/users/show/6233575", "host_picture_url": "https://a0.muscache.com/im/users/6233575/profile_pic/1367754798/original.jpg?aki_policy=profile_x_medium", "neighbourhood_cleansed": "Barnet", "latitude": 51.56175, "longitude": -0.21203, "property_type": "Private room in home", "room_type": "Private room", "accommodates": 1.0, "bathrooms": "1", "bedrooms": 1, "beds": 1, "amenities": ["Extra pillows and blankets", "Hair dryer", "Hangers", "Dishes and silverware", "Essentials", "Patio or balcony", "Free parking on premises", "Cooking basics", "Bed linens", "Carbon monoxide alarm", "Indoor fireplace", "Wifi", "Heating", "Dishwasher", "Backyard", "Long term stays allowed", "Microwave", "Refrigerator", "Iron", "Stove", "Lock on bedroom door", "Hot water", "Washer", "Paid parking off premises", "Smoke alarm", "Dryer"], "price": 28.0, "number_of_reviews": 50.0, "number_of_reviews_showed": 15, "review_scores_rating": 4.92, "reviews": [{"date": "2016-07-10", "name": "Olivia", "review": "Janne hat alles wunderbar gemanagt. Die Zimmer sind sehr sauber und im Haus ist eine absolute Wohlf\u00fchlatmosph\u00e4re.  Die Ausgangslage, um London kennen zu lernen, ist perfekt. Jederzeit wieder gerne."}, {"date": "2016-09-20", "name": "Nady", "review": "Janne was very welcoming and helpful. She provided everything that I forgot to bring with me. The room was clean and comfortable. Janne has a really beautiful house and I would definitely recommend staying there! Easy access to public transport and Central London, shops and the train station are less than 10 min walk away. "}, {"date": "2016-10-19", "name": "Laura", "review": "Nice and homey little room in a beautiful house. The location is great since it has easy access to public transport and shops. The family is lovely and I would definitely recommend staying at Janne's."}, {"date": "2017-04-02", "name": "Charlot", "review": "Very nice and clean place. Lovely host!"}, {"date": "2017-05-05", "name": "Kc", "review": "Very warm and welcoming to herguests. She attends to your need. Great transport links and good neighbourhood. Janne's home is a really beautiful and cozy home, and everyone is very friendly. Much beautiful than the pictures! "}, {"date": "2017-05-15", "name": "Jonathan", "review": "Close to transport links to central London. Janne communicated all I needed to know on check-in. Would definitely recommend this place to a friend. "}, {"date": "2017-07-07", "name": "Alice", "review": "Janne was a great host, good with communication and the house was lovely. Perfect for me to walk to my internship nearby. "}, {"date": "2017-08-02", "name": "Tosin", "review": "Mum liked Janne's place very much but it wasn't quite right because of the stairs. Janne proved flexible and supportive in helping to find an alternative arrangement."}, {"date": "2017-12-17", "name": "Elisabeth", "review": "Janne is a really nice person and very accommodating. The house is very well located with transport nearby. I would highly recommend this host to anyone who has a short or very long stay. In addition Janne always responds when you need it.<br/>A big thank you for this stay and I will be back as soon as possible."}, {"date": "2018-03-26", "name": "Mirella", "review": "I chose to stay at Janne\u2019s because of the positive reviews and it turned out i did the right thing!  <br/>Janne is an amazing host, the rooms are clean not too spacious but fine to accommodate one person. <br/>She\u2019s very helpful and respect your privacy. <br/>I would definitely stay again! <br/>Thank you Janne !"}, {"date": "2018-06-01", "name": "Olga", "review": "A lot of freedom and a very nice family :)"}, {"date": "2018-07-27", "name": "Axelle", "review": "Lovely place, we feel so comfortable a bit as at home <br/>Jane\u2019s family is just so nice, sweet and warm "}, {"date": "2018-07-30", "name": "Silvia", "review": "Janne was absolutely welcoming and very amicable.  She is very kind an easy going person. She made everything really easy and comfy and went the extra mile to help. Her home is very stylish with a lot of good taste. The neighborhood is quiet but close enough to public transport, shops and restaurants. Super thumbs up for Janne and her home."}, {"date": "2018-08-12", "name": "Eliza", "review": "I have had a very nice first airbnb experience as I was staying with Janne. It\u2019s very tidy and comfortable. I highly recommend booking one of her rooms!"}, {"date": "2018-09-22", "name": "Doyin", "review": "Janne's hospitality and efficiency are second to none. She is always ready to help. Had a very relaxing 3 week stay."}]}