{"id": 10161069, "listing_url": "https://www.airbnb.com/rooms/10161069", "name": "Spacious 1-bedroom flat in London Fields", "description": "Nestled on the corner of Navarino Road and the idyllic Wilton Way, and minutes away from London Fields and the cafes and bars of Broadway Market, this spacious and bright flat is the perfect base for your East London stay.<br /><br /><b>The space</b><br />Located on the first floor of a Victorian conversion, this one-bedroom flat has everything you'll need for a comfortable stay in East London. <br /><br />The fully-equipped kitchen includes a 5 range hob, modern appliances, and a view directly onto picturesque Wilton Way, whilst the bedroom comes with a king size bed and ample storage. The living space comes with Wifi-enabled TV with access to all popular streaming apps, a Sonos One sound system, shelves full of books at your disposal, and a separate dining area illuminated with pendant lighting. There is also a dedicated workspace, complete with ergonomic office chair and 24 inch wide screen Samsung monitor.<br /><br />The flat comes with period features including fireplace, cornicin", "host_name": "Gabriele", "host_id": 27882070, "host_url": "https://www.airbnb.com/users/show/27882070", "host_picture_url": "https://a0.muscache.com/im/pictures/user/5f2cbd08-3011-4f6d-b243-538c39d61a56.jpg?aki_policy=profile_x_medium", "neighbourhood_cleansed": "Hackney", "latitude": 51.54630152621435, "longitude": -0.0622220862524095, "property_type": "Entire condo", "room_type": "Entire home/apt", "accommodates": 2.0, "bathrooms": "1", "bedrooms": 1, "beds": 1, "amenities": ["Wine glasses", "Dining table", "Hangers", "Piano", "Cleaning products", "Dishes and silverware", "Essentials", "Clothing storage: closet", "Cooking basics", "Single level home", "Bed linens", "Paid parking on premises", "Carbon monoxide alarm", "Bathtub", "Central heating", "Wifi", "Smeg gas stove", "Coffee maker", "50\\ HDTV with Amazon Prime Video", "Netflix", "Hot water kettle", "Microwave", "Portable fans", "Refrigerator", "Room-darkening shades", "Iron", "Kitchen", "Drying rack for clothing", "Toaster", "Smeg oven", "Paid street parking off premises", "Dedicated workspace", "Hot water", "Sonos Bluetooth sound system", "Smoke alarm", "Free washer \u2013 In unit", "Laundromat nearby", "Freezer"], "price": 195.0, "number_of_reviews": 0.0, "number_of_reviews_showed": 4, "review_scores_rating": NaN, "reviews": [{"date": "2022-10-01", "name": "David", "review": "Such a fantastic location! Very spacious, tidy. I really enjoyed my stay here. Gabriele is a great host, responsive and helpful. Highly recommended for anyone looking for a place in London. It\u2019s a nice, big space so also perfect for longer stays."}, {"date": "2022-10-09", "name": "Cate", "review": "Lovely and spacious classic London apartment in an excellent location. Easy access to overground, cafes, bars, restaurants, and shops. Everything you need to pretend you live in a gorgeous London flat during your stay! Gabriele was a super accommodating host. Only note is that you can hear absolutely everything from the apartment above including but not limited to an infant who wakes through the night. That being said I would definitely stay again - with ear plugs!"}, {"date": "2022-10-18", "name": "Lindsey", "review": "The quintessential London experience! Whether you\u2019re in London for a short time or an extended stay- I can\u2019t recommend Gabriele\u2019s place enough! The location is absolutely perfect. Close  (like 2 minutes) to plenty of amazing cafes, pubs, and some of the best restaurants in East London. As well as two of the best parks and food markets.   Less than 10 minutes to the nearest train and a bus stop right outside to make accessing central London or other sight seeing extremely easy.  Despite being in a bustling area the neighborhood is quiet at night which is always a worry in cities for sleeping. The flat itself is extremely spacious and comfortable with everything you need. The pictures truly don\u2019t do the space justice. He also has a great collection of cookbooks! I enjoyed coffee every morning overlooking the quaint corner and neighborhood from the kitchen. Gabriele was extremely helpful + responsive and even left a guide for the local area. I will definitely be booking again in the future. Thank you!"}, {"date": "2022-11-14", "name": "Vendela", "review": "This flat is on one of the loveliest streets in East London. It's an easy walk to London Fields, and the living room is as pretty as it is in the photos. Very spacious, too.  Owner is great with communication."}]}