{"id": 10161678, "listing_url": "https://www.airbnb.com/rooms/10161678", "name": "Single bedroom, fully furnished.", "description": "A single bedroom, fully furnished, internet available. Other amenities (kitchen,  bathroom, ironing board, etc) shared with living in landlords (nice, very friendly retired couple of Polish origin).<br />Use of washing machine : \u00a3 5 per load<br />Very good connections with central London.<br />Minimum stay ; 2 nights<br /><br /><b>The space</b><br />Nearest tube stations Willesden Green and Kilburn. Bus stop opposite the house.<br /><br />Large park nearby. Possibility of storing goods in the large double garage if needed.<br />No visitors allowed.<br /><br /><b>Guest access</b><br />Internet, bathroom,kitchen, ironing board, washing machine, garden, extra storage space in the garage<br /><br /><b>Other things to note</b><br />Nice retired couple, very friendly and happy to give advice on surrounding area and events in London.", "host_name": "Janusz", "host_id": 51566788, "host_url": "https://www.airbnb.com/users/show/51566788", "host_picture_url": "https://a0.muscache.com/im/pictures/user/0265c3d6-4c83-4640-a49e-04a977fdf01a.jpg?aki_policy=profile_x_medium", "neighbourhood_cleansed": "Brent", "latitude": 51.56425, "longitude": -0.23773, "property_type": "Private room in home", "room_type": "Private room", "accommodates": 1.0, "bathrooms": "1", "bedrooms": 1, "beds": 1, "amenities": ["Essentials", "Wifi", "Hot water", "Free parking on premises", "Long term stays allowed", "Shampoo", "Microwave", "Refrigerator", "Smoke alarm", "Paid washer", "Hair dryer", "Bed linens", "Carbon monoxide alarm", "Hangers", "Dryer", "Kitchen", "Heating"], "price": 30.0, "number_of_reviews": 74.0, "number_of_reviews_showed": 8, "review_scores_rating": 4.88, "reviews": [{"date": "2016-04-20", "name": "David", "review": "I rate this experience as Five Stars. Thanks to my hosts I had an awesome first time visit to London. They picked me up from the train station and drove me to Windsor castle. Their home is very warm and inviting; located in a quiet, clean and safe residential area in the county of Brent. There is a bus stop across their and you are only ten minutes away from the nearest underground station.  From there everything is very close. I highly recommend that you rent from this very lovely couple. "}, {"date": "2016-04-24", "name": "Graham", "review": "Janusz was very welcoming and fetched me by car from the station. He was also concerned when I came back late one evening and texted me to see that I was OK. His wife was welcoming also."}, {"date": "2016-04-28", "name": "Matt", "review": "Very welcoming and a very nice house. One of the best I've stayed in and if they weren't away next week id be booking again! Highly recommend it and wouldn't look elsewhere "}, {"date": "2016-05-01", "name": "Rachel", "review": "The hosts were absolutely amazing! On my last morning, I had to take the National Express to Luton and the host drove me to the closest bus station (seeing as the busses were not running at 05.00 in the morning). They made me feel extremely welcomed, and their description online perfectly matched the accommodation. In addition, the neighborhood was fine and I felt extremely safe (they have a security system). I was only in London for three days, attending a conference at Wembley Arena. This location is PERFECT - you literally walk out the door, hop on the bus, and it takes you directly to Wembley. "}, {"date": "2016-05-23", "name": "Veysel", "review": "Janusz and his wife were very helpful and cheerful to me. I would like to thank them once more. It was a good experience even it was a short time. The house has very good connections to the city center. "}, {"date": "2016-06-17", "name": "Ludovic", "review": "Les h\u00f4tes \u00e9taient tr\u00e8s gentils, \u00e0 l'\u00e9coute et toujours pr\u00eat \u00e0 m'aider en cas de besoin."}, {"date": "2016-06-20", "name": "Mikhail", "review": "I think that was one of the best stays of me via airbnb. Janusz is a really nice, helpful and cheerful person, he and his wife have definitely made me feel at home! Everything was very cozy and nice. I would highly recommend."}, {"date": "2016-07-08", "name": "Bobby", "review": "The host are lovely; very helpul couple. I needed to print a few pages, which they willingly accepted. Gave me full access to their kitchen. The locality is good easy access to bus service, and a corner shop 200 yards away. May God help them to tide over the present difficult time that they are going through."}]}