{"id": 10173939, "listing_url": "https://www.airbnb.com/rooms/10173939", "name": "Cosy room,Greenwich , 3minsDLR/Rail way station.", "description": "The room is in a two bedroom ground floor flat. It has a real double bed and while not too spacious it is cosy with a good mattress, a desk,chair, night stand  and wardrobe.<br />The view from the window is like you are in the country surrounds by a communal garden.<br /><br /><b>The space</b><br />Greenwich is a vibrant place full of things to do. Near Greenwich pier and get any of the boats to go to Westminster, Tower of London one of the gems of London or get off at Charing Cross pier to see Trafalgar Sq , National Gallery and Covent Garden great places to visit in London.<br /><br />At 3 minutes from Greenwich station you can get on Dlr or Rail way to go to Cannon station, 10minutes away and visit the stunning Pauls Catedral a superb and  one of the greatest building of this city.<br />If you are travelling around Europe,Novotel is a short walk from my place to catch the wonderful Tour operator<br />\"EXPAT EXPLORER \".<br />Have a great time in the green Greenwich!! Where the time s", "host_name": "Joanna", "host_id": 34005471, "host_url": "https://www.airbnb.com/users/show/34005471", "host_picture_url": "https://a0.muscache.com/im/pictures/user/5d395677-680f-49a8-ba54-32c882f1c662.jpg?aki_policy=profile_x_medium", "neighbourhood_cleansed": "Greenwich", "latitude": 51.4804, "longitude": -0.01371, "property_type": "Private room in rental unit", "room_type": "Private room", "accommodates": 2.0, "bathrooms": "1", "bedrooms": 1, "beds": 2, "amenities": ["Extra pillows and blankets", "First aid kit", "Oven", "Hair dryer", "Private entrance", "Hangers", "Dishes and silverware", "Luggage dropoff allowed", "Essentials", "Free parking on premises", "Shampoo", "Free street parking", "Cooking basics", "Single level home", "Bed linens", "Paid parking on premises", "Carbon monoxide alarm", "Heating", "Children\u2019s books and toys", "Wifi \u2013 34 Mbps", "Coffee maker", "Free dryer \u2013 In unit", "Long term stays allowed", "Host greets you", "Microwave", "Refrigerator", "Iron", "Kitchen", "Stove", "52\\ TV with Netflix", "standard cable", "Hot water", "Private fenced garden or backyard", "Smoke alarm", "Free washer \u2013 In unit", "Cable TV"], "price": 45.0, "number_of_reviews": 297.0, "number_of_reviews_showed": 10, "review_scores_rating": 4.8, "reviews": [{"date": "2016-01-11", "name": "Maurizio", "review": "I can suggest to anybody. People very extralarge could be some little problems because the size of bathroom is standard."}, {"date": "2016-01-25", "name": "Morgan", "review": "Although I was more out than about, Joana made me feel very much at home. It was a very nice experience and I would recommend it to anyone"}, {"date": "2016-02-14", "name": "Francesco", "review": "Joanna has been a very welcoming host, she has always been willing to help and give advice. The room is cosy and perfect for a couple. The accommodation is just 5 minutes far from the DLR which makes it very comfortable to travel around London. \r<br/>Nonetheless, the cat is very cute and extremely friendly."}, {"date": "2016-03-17", "name": "Natalina", "review": "Joana has been the sweetest host! The location is perfect, just 3min from Greenwich station, it's very quiet but still central. I can only recommend staying at Joanas! "}, {"date": "2016-03-26", "name": "Rosie", "review": "Joana was a very lovely and welcoming host. The room was a comfortable size and very clean. I would recommend to anyone who needed somewhere to stay. Her cat is also friendly!"}, {"date": "2016-04-06", "name": "Peter", "review": "It is a wonderful location for visiting Greenwich and the Laban Center. Joana was traveling so we did not get to meet her but her daughter was there to meet us. We came by car which is not recommended. There are few places to park and it can be expensive. Much simpler to travel by train or boat."}, {"date": "2016-04-13", "name": "Sergio", "review": "Great location and great host. Joana is very friendly and the flat is literally less than 5 minutes away from cutty sark."}, {"date": "2016-04-16", "name": "Tamas", "review": "We made an early check in but Joanna was very flexible and we got a real warm welcome with a hot tea.\r<br/>We've been to Greenwich already though she explained where we can find shops etc. Moose-her cat-is also a friendly host:)\r<br/>We had a cosy room, we shared the kitchen and the nice living room.\r<br/>Its a perfect spot to spend a couple of days in a city, easy to reach public transport. \r<br/>Thanks for all your effort Joanna!\r<br/>TamasK"}, {"date": "2016-04-18", "name": "Chris", "review": "My experience of staying with Joana was great! She was very helpful to me and came to meet me so I didn't struggle to find the location on arrival.She is a very nice woman and made me feel most welcome :)<br/>The room was very comfortable and I would definitely consider staying there again whenever I return to Greenwich. <br/>It is very close to the train station (as stated) so there was no problem for me leaving promptly to get back to the airport.<br/>Top marks ....Thanks Joana x "}, {"date": "2016-04-20", "name": "Claire", "review": "We were only there for a quick overnight stay but Joana was very friendly and helpful putting us on the right track for pubs and food, and the apartment is very close to the station "}]}