{"id": 10171444, "listing_url": "https://www.airbnb.com/rooms/10171444", "name": "Sunny Architect & Artist\u2019s Flat in Shoreditch", "description": "We have a spare double room available in our sunny apartment with balcony. Located in the heart of Shoreditch, between Columbia Road, Brick Lane and London's Tech City, with the Shoreditch nightlife next door. It's new, very cosy and well, next to everything!<br /><br />You may like to know that both of us are vaccinated against Covid-19.<br /><br /><b>The space</b><br />Inviting Guests to our beautiful flat, a few moments from the Silicon Roundabout , the City and Spitalfield's. It's a big, bright and airy apartment in a quiet residential block.<br /><br /><b>Guest access</b><br />WiFi is available for you to use and the kitchen is available for tea & coffee making. There is a lounge area and a balcony for you to relax...<br /><br /><b>Other things to note</b><br />A cleaner comes once a week but can come more often if needed.", "host_name": "Alberto & Yao", "host_id": 24017150, "host_url": "https://www.airbnb.com/users/show/24017150", "host_picture_url": "https://a0.muscache.com/im/pictures/user/397c1647-c96e-457b-88b6-6b0d835a9a40.jpg?aki_policy=profile_x_medium", "neighbourhood_cleansed": "Tower Hamlets", "latitude": 51.52804, "longitude": -0.07253, "property_type": "Private room in rental unit", "room_type": "Private room", "accommodates": 2.0, "bathrooms": "1", "bedrooms": 1, "beds": 1, "amenities": ["Extra pillows and blankets", "First aid kit", "Oven", "Hair dryer", "Hangers", "Cleaning products", "Dishes and silverware", "Essentials", "Shampoo", "Clothing storage: closet", "Cooking basics", "Single level home", "Bed linens", "Carbon monoxide alarm", "Shower gel", "Wifi", "Heating", "Coffee maker", "Dishwasher", "Host greets you", "Refrigerator", "Portable fans", "Room-darkening shades", "Private patio or balcony", "Kitchen", "Drying rack for clothing", "Stove", "Security cameras on property", "Hot water", "Washer", "Paid parking off premises", "Smoke alarm", "Outdoor furniture"], "price": 88.0, "number_of_reviews": 263.0, "number_of_reviews_showed": 9, "review_scores_rating": 4.86, "reviews": [{"date": "2016-01-13", "name": "Michael", "review": "We really enjoyed our stay. Alberto gave us great tips for dinner and other great places. The room was clean and everything worked out really well. What more to say... we highly recommend that place!"}, {"date": "2016-02-16", "name": "Barbora", "review": "It was a pleasure to stay in Alberto and Yao place... Alberto took care about us via sms - we need to help with the transport and he did his best to help. Unfortunately we didn\u00b4t have chance to meet Alberto, just Yao. We woke up early and walk in London whole day and Alberto was at work. But we met Yao and he helped us with everything we needed - he show us where to eat, where to go etc...\r<br/>I highly recommend this location and this flat - is very clean and comfortable! Hope to be back soon :)"}, {"date": "2016-02-20", "name": "Cheyne", "review": "Yao and Alberto were excellent hosts and had, honestly, one of the nicest places that I've stayed in via Airbnb. Clean, bright, stylish and spacious and in one of London's most vibrant neighborhoods. The place is conveniently located between two tube stops, so moving around was never an issue. The guys were happy to provide suggestions on dining and sightseeing and I enjoyed chatting with them as they are just really nice and down to earth guys."}, {"date": "2016-02-26", "name": "David", "review": "En general la estancia en la casa de Alberto y Yao fue muy buena. Ellos son muy amables y siempre est\u00e1n dispuestos para ayudarte y responder dudas. El departamento est\u00e1 en perfecto estado y lo mantienen muy limpio. La zona donde est\u00e1 ubicado es muy c\u00e9ntrica para conocer caminando la zona y acceder f\u00e1cilmente al transporte p\u00fablico pero en una zona muy tranquila. Llegas r\u00e1pido al centro, en 15 minutos llegas en bus a la city."}, {"date": "2016-02-28", "name": "Jonas", "review": "Alberto & Yao are great hosts! I really enjoyed my short stay at their beautiful apartment and they made me feel very welcome. Also the location was perfect for me. All in all I can really recommend this apartment and the hosts."}, {"date": "2016-03-06", "name": "Liana & Hans", "review": "Alberto and Yao are so friendly and easygoing, and their flat is absolutely gorgeous! The room is simple and clean with a window overlooking the park, a little wardrobe for storage, and a desk where you can work. It was very comfortable and a nice place to rest after a long day of roaming the city. \r<br/>\r<br/>We stayed over the weekend and the area was definitely buzzing--there was no shortage of food and drink to be had. Their building is nicely situated on a quiet little side street, so you're close to the action, but not right on top of it--perfect!\r<br/>\r<br/>I definitely recommend staying here :)"}, {"date": "2016-03-11", "name": "Karlie", "review": "Can't say enough great things about these guys! Yao was a gracious host - very welcoming and easygoing, so helpful with directions, suggestions in the area, etc. The space was quite convenient and perfectly comfortable for one. Highly recommend! "}, {"date": "2016-03-20", "name": "Nick", "review": "Alberto and Yao were great hosts, their apartment was perfect for my week in London.\r<br/>\r<br/>Will be staying again and have recommended to them to my friends and colleagues."}, {"date": "2016-03-30", "name": "Ilaria", "review": "Great room and location. Really close to Shoreditch high street. Big room and big bathroom, both clean and confortable. Albert & Yao were so kind. Hope I could be back soon. "}]}