{"id": 1022977, "listing_url": "https://www.airbnb.com/rooms/1022977", "name": "Charming Double Room in Kings Cross", "description": "A home away from home in Central London<br /><br /><b>The space</b><br />Located within 12 minutes walk from Kings Cross station, the Eurostar at St Pancras , Central Saint Martins University and the British Library, this is a generously proportioned room in a tastefully decorated two bed flat on the third floor of a modern building. The room is comfortable and bright with a double bed, a desk and space to hang clothes.  <br /><br />There is shared use of the bathroom and breakfast making facilities in the kitchen, free Wi-Fi, a hairdryer and all sheets and towels are provided, along with tea and coffee and breakfast foods. I have a cleaner who comes once a week.   <br /><br />As I am out at work from 9am-6pm each week day guests have the flat to themselves during this time and can relax in the large and airy living room/diner.  <br /><br />This flat is in a brilliant location - a short walk away from shops, restaurants and cafes and well served by public transport.  It is in an area w", "host_name": "Gail", "host_id": 5631643, "host_url": "https://www.airbnb.com/users/show/5631643", "host_picture_url": "https://a0.muscache.com/im/pictures/user/d8ea0a32-dc9b-4341-98a3-89731246ed26.jpg?aki_policy=profile_x_medium", "neighbourhood_cleansed": "Islington", "latitude": 51.53939, "longitude": -0.12102, "property_type": "Private room in rental unit", "room_type": "Private room", "accommodates": 1.0, "bathrooms": "1", "bedrooms": 1, "beds": 1, "amenities": ["Extra pillows and blankets", "Oven", "Hair dryer", "Wine glasses", "Dining table", "Private entrance", "Hangers", "Cleaning products", "Dishes and silverware", "Essentials", "Shampoo", "Cooking basics", "Bed linens", "Clothing storage", "Bathtub", "Wifi", "Heating", "Coffee maker", "Dishwasher", "TV", "Hot water kettle", "Microwave", "Refrigerator", "Host greets you", "Iron", "Body soap", "Drying rack for clothing", "Kitchen", "Stove", "Toaster", "Breakfast", "Conditioner", "Hot water", "Washer", "Elevator", "Smoke alarm", "Freezer"], "price": 65.0, "number_of_reviews": 122.0, "number_of_reviews_showed": 15, "review_scores_rating": 4.84, "reviews": [{"date": "2013-04-29", "name": "Vivianne", "review": "I spent a wonderful week at Gail's Bright double room near St Pancras. It was my first experience with Airb&b and it couldn't be better. It was Gail's first time too but it felt like she is used to it 'cause everything was so perfect. Gail is a great host and so is her cat, Toots! She was very friendly and made me feel at home!\r<br/>The entire flat is very neat, quiet and cosy. My room was big, very confortable and very well decorated. \r<br/>Another great thing about her place is the location. It's very close to King's Cross tube station and there's the bus 390 available to take you to many destinations in London.\r<br/>"}, {"date": "2013-05-06", "name": "Kylee", "review": "Gail was a terrific host. Great location - a 10 minute walk to the station. Thanks for having me. I look forward to returning."}, {"date": "2013-05-19", "name": "Nikita", "review": "Was really enjoying to stay with Gail. Nice person with such a wonderful cat! I definitely recommend this room! Very clean and very nice bed:) I will stay there again if I have to go to London.\r<br/>\r<br/>Thanks Gail\r<br/>\r<br/>Nikita"}, {"date": "2013-05-21", "name": "Marco", "review": "Gail is a charming host, she makes you feel very comfortable, we had an excellent communication and she is always willing to help. The room is great, clean, bright , warm, the wifi worked perfectly , it is located in a quiet neighborhood , it is close to the train station or bus stop, you can find restaurants and everything you may need at a walking distance. I would stay there again definitely. Thanks Gail."}, {"date": "2013-05-23", "name": "Achim", "review": "I felt very comfortable at Gail's place. She is an easygoing host and I would definitely recommend the room to anyone who is going to stay in the King's Cross area. Thanks a lot, Gail!"}, {"date": "2013-05-24", "name": "Steve", "review": "Ver friendly host.Comfy bed\r<br/>Great location to get to Kings Cross and St Pancras"}, {"date": "2013-06-15", "name": "Cynthia", "review": "Gail's flat and the room are comfortable, attractive, clean and offer enough privacy. She is a warm, welcoming hostess and went out of her way to make me feel welcome."}, {"date": "2013-06-17", "name": "Jakob", "review": "Even before getting there, I got good advice from Gail: buy an Oystercard she recommended. This I did and it made my travels in London so much easier and hassle free.\r<br/>\r<br/>Check-in couldn't be before 6pm which was fine with me as it allowed me to spend some time wandering through London. Once I arrived (a bit late, due to works at King's Cross/St Pancras), Gail was already there, and so was Toots the cat. Gail explained the few idiosyncrasies of how to work the key, how to connect to the Wifi etc, and then let me discover the room I'd be sleeping in for the next two night. It was more spacious than many hotel rooms, clean, fresh towels, and a bottle of water and a glass on the nightstand; very thoughtful!\r<br/>\r<br/>Breakfast was included and uncomplicated (just help yourself to whatever you find in the fridge). Access to public transport is just three or four minutes away (the 390 bus). However, at least at the time of writing, don't trust Google maps which wants you to catch the bus at Randall's street bus stop (which is closed due to road works in York way), but the York Way Railway Bridge stop.\r<br/>\r<br/>Weather was mostly pleasant (yay!), and my stay at Gail's \"bright room near St. Pancras\" and very first Airbnb experience was friendly, uncomplicated and easy-going.\r<br/>"}, {"date": "2013-06-25", "name": "Anthony", "review": "This was a very comfortable and enjoyable stay. Gail has a lovely home and makes you feel well, at home. I couldn't recomend it more. her apartment is close to public transport, and a bonus is not being far from St Pancras Interational and Kings Cross Stations.  I have no hesitation in recommending, 'Bright double room near St Pancras'. Cheers Tony"}, {"date": "2013-06-26", "name": "Friederike", "review": "Very friendly and cosy accommodation close to St. Pancras and Kings Cross. I enjoyed my time!"}, {"date": "2013-06-29", "name": "Marjorie", "review": "I stayed with Gail for 3 nights. Her flat is comfortable and she is a friendly and helpful hostess.  I was able to come and go as I pleased.   My room had everything in it that I needed. In particular there were 4 empty sockets which made it easy to charge my camera batteries, iphone, Kindle and to use the laptop. I also enjoyed the company of Gail's cat, Toots. The flat is about 15 minute walk from Kings Cross and is also near the lively shopping area in the Caledonian Road.\r<br/>"}, {"date": "2013-07-08", "name": "Renata", "review": "I had a great time at Gail's place, where I stayed almost 10 days. She is very nice, friendly, helpful, uncomplicated and open, her cat is also lovely. Gail was very flexible to let my boyfriend stayed with me at her flat over the weekend what saved us time and money. \r<br/>The flat is very central, cosy and well decorated, internet worked always perfectly and I always felt safe in the neighborhood. King's Cross/St. Pancras is 10-15 minutes walk from her place, but you can also take the bus, that stops around the corner if you don't feel like walking. She always asked me how I felt and if I needed anything - she also gave me recommendations on what to do in London or where to go. \r<br/>The last day I was there, she saw that my luggage was pretty heavy from shopping in London and I was running out of time for the airport and she was so nice to take me to Paddington Station where I could take the Heathrow Express directly. Thank you very much for that and for the nice time at your place! I recommend Gail's place to anyone who wants to visit London, she is a great host. "}, {"date": "2013-07-23", "name": "Luc\u00eda", "review": "It was my first experience with Airbnb and it couldn't have been better. Gail is an excellent host. She is very kind and helpful. She was always willing to give me information about how to get to somewhere I wanted to go or about some places I should visit in London.\r<br/>She also invited me one time to have dinner with her family, so I can say that she  also has a beautiful family. All of them are really kind and friendly people, and they are really funny too! \r<br/>She also has a cute cat!\r<br/>The house is really clean and tidy, with a beautiful bedroom and a comfortable bed.\r<br/>The neighborhood was really calm. Very close to the house you can find some bus stops. St. Pancras Station is a few minutes walk from the house, so you can get to wherever really easily and quickly.\r<br/>Thanks for everything Gail! I hope I can go back there soon."}, {"date": "2013-07-31", "name": "Yakshi", "review": "Gail was a very friendly person who made the stay very comfortable, she also offered breakfast which was very kind. The room was really nice and cozy with a little set of bits and bobs of creams included. The location is very good for the price, it is situated only 10-15 minutes away from the station. In addition, Tootsie the cat is very cute to be around! I would definitely recommend this to anyone!"}, {"date": "2013-08-18", "name": "Martina", "review": "This was the first time that I used Air B&B. I had a gret time at Gail's place. I stayed in a very nice room with everything I needed to feel confortable such as a spacious bed, an efficient wifi system and plenty of room for my clothes. The room was clean and tidy as well as the bathroom. Breakfast was very good and served in the confortable kitchen. Gail is the host that anyone wish to have. She is fiendly, kind and a very accomodating person. She helped me a lot dealing with language, road directions and transportation. Considering that I stayed two weeks and that it was my first time alone in London this was much appreciated. I recomand strongly Gail's place for any tipe of stay in London. "}]}