{"id": 10222320, "listing_url": "https://www.airbnb.com/rooms/10222320", "name": "Leafy Urban Retreat in SW London (near Wimbledon)", "description": "Our 3 bed apt. sits on the edge of extensive parkland, but is minutes from Putney Village and Putney High Street. Bus, tube and train links make Central London, Wimbledon and Twickenham easily accessible, making it a great retreat in a great city.<br /><br />The All England Lawn Tennis & Croquet Club (the venue for the Wimbledon tournament) is less than 2 miles away and can be reached by walking (35 minutes), cycling (10 minutes) or bus (20 minutes).<br /><br /><b>The space</b><br />Fully equipped kitchen, with dining area within the main living room which extends out to the balcony overlooking the Heath. Two double beds and a single bed room.<br /><br /><b>Guest access</b><br />The flat will be all yours for the duration of your stay.", "host_name": "William", "host_id": 52493867, "host_url": "https://www.airbnb.com/users/show/52493867", "host_picture_url": "https://a0.muscache.com/im/pictures/user/1971e8b8-fe02-40e7-bbeb-11a7d6d9e0ee.jpg?aki_policy=profile_x_medium", "neighbourhood_cleansed": "Wandsworth", "latitude": 51.45434, "longitude": -0.2262, "property_type": "Entire rental unit", "room_type": "Entire home/apt", "accommodates": 5.0, "bathrooms": "1", "bedrooms": 3, "beds": 3, "amenities": ["Wifi", "Washer", "Shampoo", "TV", "Fire extinguisher", "Smoke alarm", "Carbon monoxide alarm", "Kitchen", "Heating"], "price": 75.0, "number_of_reviews": 13.0, "number_of_reviews_showed": 6, "review_scores_rating": 4.54, "reviews": [{"date": "2016-02-21", "name": "Kevin", "review": "Nice clean tidy flat, close to amenities and rail networks.  William left clean bedding and towels. The description was as stated and contact before the stay was fantastic. "}, {"date": "2016-05-09", "name": "Vanessa", "review": "The flat was nice and tidy. There is a 24 hour bus that stops in front of the flat and there Are many shops in Putney high street that is Not far from William's flat. The flat was as it said in the description and the comunication with the host was really fantastic. "}, {"date": "2016-05-15", "name": "Geraldine", "review": "William was very helpful, great communication. Flat as described, good links into London, and a short walk into Putney with plenty of bars and restaurants. "}, {"date": "2016-05-22", "name": "Aur\u00e9lien", "review": "William a \u00e9t\u00e9 tr\u00e8s sympa et arrangeant, son appartement est bien situ\u00e9 (pas loin du m\u00e9tro et des bus). A 5 personnes, nous avons pass\u00e9 un tr\u00e8s bon s\u00e9jour !"}, {"date": "2016-07-03", "name": "Paul", "review": "A great location for Wimbledon (a 20 minute walk, or bus right outside.)\r<br/>Putney is a great area with lots to do balanced with the river and heath for walks etc.,"}, {"date": "2016-07-25", "name": "Jens", "review": "Eine tolle Unterkunft! Sehr gut gelegen und ein sehr netter Gastgeber!\r<br/>Thanks William!!! "}]}