{"id": 10244394, "listing_url": "https://www.airbnb.com/rooms/10244394", "name": "One Bedroom Flat in Bethnal Green", "description": "Located near Bethnal Green and Hackney, this gorgeous flat includes master bedroom with king size bed, spacious open plan reception room with dining table and double sofa bed. It has abathroom with over-bath shower and a free off road parking space!<br /><br /><b>The space</b><br />A quirkily designed and perfectly sized space with high quality furnishings, and all the amenities you might want! It is a second floor flat in a small block of six. Free off road parking space! There is a king-size master bed and double sofa bed, both with memory foam mattresses. Fully fitted kitchen with washer/dryer and dishwasher. Spacious bathroom with an over bath shower.<br /><br /><b>Guest access</b><br />Everywhere apart from the attic!", "host_name": "Jenny", "host_id": 51859325, "host_url": "https://www.airbnb.com/users/show/51859325", "host_picture_url": "https://a0.muscache.com/im/pictures/user/34f0b0ac-46e1-4ed0-b46d-c1b758609e37.jpg?aki_policy=profile_x_medium", "neighbourhood_cleansed": "Tower Hamlets", "latitude": 51.53388, "longitude": -0.05162, "property_type": "Entire rental unit", "room_type": "Entire home/apt", "accommodates": 2.0, "bathrooms": "1", "bedrooms": 1, "beds": 2, "amenities": ["Essentials", "Wifi", "First aid kit", "Washer", "Free parking on premises", "Shampoo", "TV with standard cable", "Smoke alarm", "Hair dryer", "Dryer", "Hangers", "Kitchen", "Cable TV", "Heating"], "price": 95.0, "number_of_reviews": 24.0, "number_of_reviews_showed": 14, "review_scores_rating": 4.78, "reviews": [{"date": "2016-01-15", "name": "Bert", "review": "It was great staying there, it was just a pity that I had not more time to enjoy these rooms which are furnished in a good style! The flat is very spacious and clean, the kitchen perfectly equipped, seduces one, to start cooking!  The heating,hot water, bathroom, shower: everything fine! The bedroom has a perfect big size bed. And a very friendly and quick responding host! Absolutely recommendable! "}, {"date": "2016-01-31", "name": "Tristan", "review": "Really nice clean and tidy flat. Jenny was very friendly and helpful when we needed to change our arrival time. Definitely would recommend."}, {"date": "2016-02-12", "name": "Becky", "review": "Jenny was really helpful and welcoming - she took a last minute booking for us and was flexible with check-in and check-out times which was really good for us. The flat was exactly as shown in the photos - clean, comfortable and stylish. I would definitely recommend staying here."}, {"date": "2016-02-15", "name": "Vincent", "review": "Appartement parfait, tout \u00e0 fait fid\u00e8le \u00e0 sa description.\r<br/>Jenny nous a tr\u00e8s bien accueilli.\r<br/>De nombreux \u00e9changes avec Jenny avant notre visite, elle a toujours r\u00e9pondu \u00e0 nos questions tr\u00e8s rapidement."}, {"date": "2016-02-17", "name": "Zaira", "review": "Lovely flat and very spacious living room. The location is nice to discover east London and enjoy victoria park and jenny was a helpful and welcoming guest. Recommended!"}, {"date": "2016-02-28", "name": "B\u00e9n\u00e9dicte", "review": "Jenny nous a tr\u00e8s bien accueilli, le logement \u00e9tait tr\u00e8s propre, agr\u00e9able et bien situ\u00e9 (20 min du centre de Londres en m\u00e9tro)"}, {"date": "2016-03-08", "name": "Yves-Marie", "review": "Jenny's appartment was the perfect place to stay in London : well located (near all the nice spots to go out) and perfectly clean and as described on the add. \r<br/>Jenny's brother welcomed us nicely and even if we didn't see her, the communication with her was great and she had left us nice tips about the neighbourhood. \r<br/>\r<br/>Definitely a place I recommand !"}, {"date": "2016-03-29", "name": "Mike", "review": "Jenny's apartment was perfect for our stay, clean and 2 mins walk from train station. Would recommend if staying this side of London.  Jenny was helpful and always contactable"}, {"date": "2016-04-17", "name": "Sophia", "review": "Four of us stayed at this perfect modern apartment last weekend, perfect location for easy access into London, very comfortable & everything needed was provided. The area has many nearby shops & pubs close by, Jenny as a host was amazing always responded quickly to any of the questions we had, would stay her every time we visit London, highly recommended! Thanks for an amazing stay Jenny."}, {"date": "2016-04-24", "name": "Olivier", "review": "First of all, Jenny was really kind, helpful and flexible, especially with the problems we had with our train to get to London. She's a wonderful host  and very easy to correspond with. The flat is very well located in a quiet neighborhood, 2 minutes away from the overground which can take you to Liverpool Street Station in 5 minutes and a 10 minutes walk from Bethnal Green Tube Station which gives you access to the Central Line; pretty neat if you ask me! There are also a bunch of buses going pretty much in every direction and stopping just around the corner. <br/>The appartment was cosy, decorated with great taste and had everything one could need to enjoy London. It even has Netflix! The sofa bed was comfortable enough for 2 grownups. I would totally recommend that place! Thanks again Jenny!"}, {"date": "2016-05-15", "name": "Daliah", "review": "Jenny was a friendly and helpful host. We changed our arriving date shortly before our travel which was no problem at all. The apartment is super cozy and Jenny has a good taste when in for to decoration :) there is a bus and subway station only a few minutes walking away. We were very happy with the place!"}, {"date": "2016-05-21", "name": "Simon", "review": "We had a lovely stay in Jenny's apartment. The flat is bright, comfortable and matches the description given on Airbnb. It's a perfect location for exploring London's east end. Jenny was very friendly, helpful and prompt to respond to any queries. Highly recommended. "}, {"date": "2016-06-12", "name": "Lidia", "review": "Lovely stay in jenny's apartment. Cozy and comfortable flat. Bus and tube a few minutes to walk. Near to victoria park and located in a quiet neighborhood. <br/>She was kind, helpful and always contatable."}, {"date": "2016-07-17", "name": "Sam", "review": "Great flat in good location, Victoria Park at the end of the road. Good transport links to central London in no time at all. Would recommend and stay again"}]}