{"id": 10245161, "listing_url": "https://www.airbnb.com/rooms/10245161", "name": "Luxury studio in Streatham Hill", "description": "Newly refurbished to high standard. Suitable for 2 people sharing bed. This area is a vital hub of bus/underground and trains links to the city center.<br /><br /><b>The space</b><br />Newly refurbished to high standard, so everything is perfect and brand new. The studio is suitable for 2 people. Great design with all necessary amenities for a comfortable stay. Short walk to Streatham Hill station, shops, restaurants, while still being quiet as situated on a residential road.<br />The flat comes fully equipped: washing machine, clothes dryer, wifi, fridge/freezer, oven/hobs, microwave, kitchenware, toaster, kettle, kitchenware. All brand new.<br />Furthermore we provide bed linen, towels, hairdryer, toiletries, iron and ironing board.<br /><br /><b>Guest access</b><br />Nothing to share with anyone. The flat is for exclusive use of the guests.<br /><br /><b>Other things to note</b><br />No party. <br />No smoking.<br />Please be willing to show the passport. Thanks", "host_name": "Stefano & Maria", "host_id": 1908992, "host_url": "https://www.airbnb.com/users/show/1908992", "host_picture_url": "https://a0.muscache.com/im/users/1908992/profile_pic/1332260170/original.jpg?aki_policy=profile_x_medium", "neighbourhood_cleansed": "Lambeth", "latitude": 51.4364, "longitude": -0.11771, "property_type": "Entire rental unit", "room_type": "Entire home/apt", "accommodates": 2.0, "bathrooms": "1", "bedrooms": null, "beds": 1, "amenities": ["Extra pillows and blankets", "Oven", "Hair dryer", "Hangers", "Dishes and silverware", "Essentials", "Shampoo", "Free street parking", "Cooking basics", "Single level home", "Bed linens", "Carbon monoxide alarm", "Wifi", "Heating", "Coffee maker", "Free dryer \u2013 In unit", "Long term stays allowed", "TV", "Microwave", "Refrigerator", "Iron", "Kitchen", "Stove", "Dedicated workspace", "Hot water", "Washer", "Smoke alarm"], "price": 61.0, "number_of_reviews": 90.0, "number_of_reviews_showed": 8, "review_scores_rating": 4.89, "reviews": [{"date": "2016-04-25", "name": "Ver\u00f3nica", "review": "\u00a1Todo perfecto! C\u00f3mo lleg\u00e1bamos muy tarde, Maria & Stefano tuvieron el detalle de dejarnos unos snack para la noche y algo para desayunar al dia siguiente, cosa que me encant\u00f3. El apartamento estaba limpio, en perfectas condiciones y con una cocina completamente equipada. Fant\u00e1stica ubicaci\u00f3n: Sin perder la tranquilidad de una zona m\u00e1s residencial pero a menos de 10 minutos a pie de la estaci\u00f3n de tren o varias lineas de bus hacia el centro de Londres y  en una zona comercial con supermercados, fruter\u00edas, caf\u00e9s y restaurantes. Si te cansas de las atracciones m\u00e1s tur\u00edsticas del centro, se puede tener un poco de sabor local ya que est\u00e1 a s\u00f3lo un par de paradas de tren/bus de Crystal Palace, una de las nuevas zonas \"up-and-coming\" de Londres con varios restaurantes, pubs, tiendas y mucho verde. \r<br/>\r<br/>Maria & Stefano estuvieron muy disponibles para responder a mis dudas y preguntas en cada momento de la preparaci\u00f3n del viaje (antes, durante y despu\u00e9s) cosa que agradec\u00ed enormemente, ya que es mi primera vez usando esta web.\r<br/>\r<br/>\u00a1Seguro que quedar\u00e1n marcados entre mis favoritos de ahora en adelante y volver\u00eda a quedarme aqu\u00ed con los ojos cerrados! \r<br/>\r<br/>\u00a1Gracias otra vez Maria & Stefano!"}, {"date": "2016-05-24", "name": "Maja", "review": "Wir hatten eine unvergesslich sch\u00f6ne Zeit in London. Dazu hat nat\u00fcrlich auch unsere Wohnsituation beigetragen. Das kleine Apartment ist ein richtiger Geheimtipp, mit allem was man braucht. Maria & Stefano haben f\u00fcr uns Lebensmittel zur Verf\u00fcgung gestellt (Kaffee, Tee, Milch, Butter, Marmelade, Zucker, Salz....) Man hat sich von Anfang an sehr wohl gef\u00fchlt. Unsere Gastgeber waren sehr zuvorkommend, hilfsbereit und au\u00dferordentlich aufmerksam. Das wundersch\u00f6ne Apartment liegt in einer ruhigen Gegend von London, mit \u00f6ffentlichen Verkehrsmitteln einfach zu erreichen, die Lebensmittelgesch\u00e4fte sind in unmittelbarer N\u00e4he, \r<br/>alles in einem GRANDIOS!!!\r<br/>Wir w\u00fcnschen f\u00fcr die Zukunft nur das Beste und bis bald!\r<br/>Sonnige Gr\u00fc\u00dfe aus M\u00fcnchen Sarah & Maja."}, {"date": "2016-06-09", "name": "Sorina", "review": "Everything was great ! The host was very nice. The studio was very clean and we had everything we needed in the kitchen and in the bathroom. You can use all the things in the house without being scared that maybe are not clean.The room is very cozy and you can sleep really well. You feel like at home, so this is a very important thing in a house. Good internet connection, Direct train to airport, 15-20 min to the centre, 7 min away supermarket, so you have all you need. Sure we will come back! I recommend!"}, {"date": "2016-06-15", "name": "Maitane", "review": "Todo estupendo!"}, {"date": "2016-07-14", "name": "Christoph", "review": "Schon im Vorfeld eine sehr nette Kommunikation. In ruhiger Wohngegend gelegenes Appartement. Parken vor dem Haus problemlos m\u00f6glich. Das Bad war sehr sch\u00f6n und geschmackvoll. Im Appartement ist alles n\u00f6tige vorhanden. Sehr nett, das Kaffee, Tee, Milch, Kekse und Chips als \"Erstausr\u00fcstung\" vorhanden waren."}, {"date": "2016-07-20", "name": "Saari", "review": "Maria & Stefano's home is absolutely lovely! I wouldn't change a thing! I love how peaceful it is and I felt like it was my own home. The location is so close to Brixton and around 20 min from Central London. \r<br/>I loved the little treat of coffee and milk which was left for my stay. I would honestly love to stay here when I return to London! Maria & Stefano are such fabulous hosts and I am so thankful for their amazing communication and hospitality!"}, {"date": "2016-09-21", "name": "Saari", "review": "Stefano & Maria have made their home as welcoming as can be! This is my second time staying here and I absolutely adore their home. The flat is clean and cozy like a private paradise in a large cityscape. The location is so close to everything and is in a quiet neighbourhood. I would definitely return to this lovely home of theirs! "}, {"date": "2016-10-19", "name": "Marion", "review": "This flat is perfect ! Good place, with Streatham Hill train station at 10 min walking. It's lovely and convenient. Stefano and Maria are very nice, available all time and provident ! Thanks again for your welcome. "}]}