{"id": 10275317, "listing_url": "https://www.airbnb.com/rooms/10275317", "name": "Ensuite double by Colindale tube", "description": "I host females only<br /><br />Dear guests<br />You are looking at a large double bedroom with own bathroom, access to the shared lounge and kitchen in a 3-bed apartment.<br /><br />There are no locks on the doors within the apartment, including this guest room.<br /><br />Please ask any questions<br /><br />PS: I host females only. Sorry guys.<br /><br /><b>The space</b><br />The key benefits are the fact that this is a spacious new build (built in October 2015) with tube station on your doorstep. Easy access to London on Northern Line (15min. Euston Station, 30 min. Leicester Square, etc.)<br /><br /><b>Guest access</b><br />Guests have access to the entire apartment (except for my room :)). The guest room is quite separate from the rest of the flat therefore allows full privacy. Access to lounge (TV with Netflix and BT channels), balcony, kitchen with fridge, freezer, wash machine, kettle, toaster, and condiments.<br /><br /><b>Other things to note</b><br />I host females only", "host_name": "Alexandra", "host_id": 52842414, "host_url": "https://www.airbnb.com/users/show/52842414", "host_picture_url": "https://a0.muscache.com/im/pictures/user/70b5bc2e-5cf7-4af2-bc31-00648188b0e3.jpg?aki_policy=profile_x_medium", "neighbourhood_cleansed": "Barnet", "latitude": 51.59565, "longitude": -0.25131, "property_type": "Private room in rental unit", "room_type": "Private room", "accommodates": 1.0, "bathrooms": "1", "bedrooms": 1, "beds": 1, "amenities": ["First aid kit", "Fire extinguisher", "Hair dryer", "Hangers", "Luggage dropoff allowed", "Essentials", "Shampoo", "Paid parking on premises", "Carbon monoxide alarm", "Wifi", "Heating", "Long term stays allowed", "TV", "Host greets you", "Iron", "Kitchen", "Security cameras on property", "Hot water", "Washer", "Elevator", "Smoke alarm", "Dryer"], "price": 40.0, "number_of_reviews": 25.0, "number_of_reviews_showed": 9, "review_scores_rating": 4.92, "reviews": [{"date": "2016-03-23", "name": "Gok", "review": "Alexandra was an absolute brilliant host ! Her place is fantastic . The apartment is ideally located right by the Tube station ( right next door) with quick 15-20 mins ride to central London. The flat is in a very safe neighbourhood! The room is as per the pictures, large en-suite room, and very clean . It felt like living with a friend. Also please note , the cab from the airport was arranged by Alex for a great price ! I would highly recommend this place and I am def going to book on my next visits to London."}, {"date": "2016-04-21", "name": "Philip", "review": "Great apartment in a great location. Alex was very accommodating with good communication."}, {"date": "2016-04-24", "name": "David", "review": "Lovely en suite room, very comfortable bed and a lovely apartment. Easy access to the underground and parking, and Alexandra is a lovely generous host. "}, {"date": "2016-05-19", "name": "Samir", "review": "Alex was a great host and the flat is perfectly located less than 2 minutes to the tube. It is a luxurious flat and I had an excellent stay. Everything you need is provided and you have full use of kitchen and there is cable tv and Netflix. \r<br/>\r<br/>I highly recommend this place and will definitely be staying there again. "}, {"date": "2016-06-05", "name": "Jasmin", "review": "Alex is kind and welcoming. The flat is airy, spacious and light. It is right next door to Colindale tube. I would definitely recommend it!"}, {"date": "2016-07-05", "name": "Belinda", "review": "Alex was very friendly and helpful. Enjoyed our chats. The location is perfect because it's only 2 mins from the tube station. Room with ensuite was big and clean and very comfortable. The wifi does cut in and out though. Will definitely come back again!"}, {"date": "2016-07-16", "name": "Rajat", "review": "Alex is a superb host. She is very cooperative, understanding and warm. I throughly enjoyed my stayed for two weeks and would soon be staying again."}, {"date": "2016-11-02", "name": "Stefan", "review": "My wife stayed here and she was very satisfied with everything. She recommends the host and the room."}, {"date": "2017-11-10", "name": "Gabriella", "review": "I have felt very comfortable and happy at Alex's flat. She made me feel like I was on my own home, always willing to help me and make my stay and days in London very nice. I will recommend Alex's house 100%. <br/>I'd like to thank you for everything Alex, and I hope to see you again soon."}]}