{"id": 10288282, "listing_url": "https://www.airbnb.com/rooms/10288282", "name": "Charming 1BD Flat in Trendy Hoxton", "description": "Stylish good size 1 bedroom flat just a stones throw away from Shoredtich, Columbia Flower Market, Broadway market & restaurants and night life of Kingsland road, the flat benefits from a prime location while still being amazingly quiet<br /><br /><b>The space</b><br />Stylish, good size apartment, with a living room fitted with sofa, easy chair and dining table and separate bedroom with king size bed (160cmx200cm). Light and spacious living room space, modern kitchen and bathroom/shower.<br /><br />Fully equipped kitchen with oven, microwave, dishwasher and Nespresso machines (with enough capsules for your caffeine fixes!)<br /><br />Internet with wifi and cable TV for all your entertainment needs as well<br /><br />Linen and towelling are provided.<br /><br />The flat is on the 2nd floor accessed by stairs. The flat building entrance is in a side alley.<br /><br /><b>Guest access</b><br />Guests have full access to the entire flat.", "host_name": "Veronica", "host_id": 28820321, "host_url": "https://www.airbnb.com/users/show/28820321", "host_picture_url": "https://a0.muscache.com/im/users/28820321/profile_pic/1444330784/original.jpg?aki_policy=profile_x_medium", "neighbourhood_cleansed": "Tower Hamlets", "latitude": 51.5281, "longitude": -0.07435, "property_type": "Entire rental unit", "room_type": "Entire home/apt", "accommodates": 2.0, "bathrooms": "1", "bedrooms": 1, "beds": 1, "amenities": ["Essentials", "Wifi", "Washer", "Long term stays allowed", "Shampoo", "TV", "Smoke alarm", "Hair dryer", "Iron", "Carbon monoxide alarm", "Dryer", "Hangers", "Kitchen", "Heating"], "price": 70.0, "number_of_reviews": 31.0, "number_of_reviews_showed": 15, "review_scores_rating": 4.81, "reviews": [{"date": "2016-02-05", "name": "Mikey", "review": "Really great apartment I enjoyed my stay. Very central and was easy to walk to loads of interesting places around hoxton / shoreditch / whitechapel. Unfortunately did not meet Veronica but im sure she is lovely :) Met Elonore who shoed me around and got me settled. Overall great place to stay."}, {"date": "2016-03-20", "name": "Kal", "review": "Veronica made sure the flat was in good order and accommodated all our needs. We would stay there again. Thanks Veronica"}, {"date": "2016-04-02", "name": "Benoit", "review": "Very comfortable place, fitted with everything self caterers need.\r<br/>Veronica was very responsive and flexible regarding arrival / departure. Shops and sights nearby, also convenient if you arrive from Stanstead airport, barely 20 min walk from Liverpool Street station. All in all a perfect location for a perfect short holiday. The outdoors terrace was the cherry on the pie !\r<br/>\r<br/>Benoit & Heidi , Hasselt, Belgium"}, {"date": "2016-04-18", "name": "Boaz", "review": "This was my first time in London, and I was looking for an AirBnb specifically in Shoreditch which is a very trendy neighborhood with good restaurants and bars. \r<br/>\r<br/>The apartment itself is amazing, exactly as in the pictures except they added seating furniture to the little patio outside, just very well done and comfortable. The bathroom is super nice and clean as well which is always important to me. Check-in/out is well managed.\r<br/>\r<br/>The location is great and central. It's not *right* on top of transportation but the stations you'll use are close enough to not be a consideration. I mainly went to either Hoxton for overground, right around the corner, or Old Street for underground, a quick 10ish minute walk towards the larger streets and buildings of Shoreditch past lots of restaurants and shops. If you end up in a cab or an Uber, they will know where Hackney road is.\r<br/>\r<br/>Price was pretty good, too. I definitely recommend the listing."}, {"date": "2016-05-04", "name": "Nilfa", "review": "Apartment was perfect, very clean, all amenties we needed and more, perfectly located with Hoxton and Shoreditch on your doorstep! Quick friendly response to all our queries!"}, {"date": "2016-05-07", "name": "Melody", "review": "Veronica's apartment was perfect for our week's stay in London. The area is up and coming with a cool vibe. The flat is nicely decorated, clean and comfortable. Love that skylight and the terrace! Veronica has been helpful and accommodating, would certainly recommend. "}, {"date": "2016-05-12", "name": "Tamar An Shamir", "review": "Great and efficient response time that continued throughout check in.  Thanks for accommodating our needs for late check out etc. Apartment was very comfortable and clean. Loved the terrace!"}, {"date": "2016-05-15", "name": "Masha", "review": "The place is very comfortable and clean. The terrace is shared with neighbours from next door appartment. Veronica left some basic products such as salt and shampoo, etc which is very convenient, i always wonder why other owners don't leave it as well:)\r<br/>couple of important notes for guests: (1) very important to double check the exact address and direction details. it may happen one gives you wrong address  and you'll be standing under the rain trying to reach anybody by provided phone numbers  (2) if you were asked to leave the keys inside be sure you would be able to leave the place without keys, there are locked gates there:) good for us the backpacks were not that heavy so we could climb over the gate:)"}, {"date": "2016-06-02", "name": "Drew", "review": "This is a cozy, clean, and well appointed flat in a great location. Veronica is very helpful and I would most certainly book this flat again. "}, {"date": "2016-06-06", "name": "Sascha", "review": "Amazing apartment in very cool East London district. The place is very comfy, you can even spin some records on the great vintage HiFi equipment. Nice terrace too. Communication was easy, service was great. Would recommend this apartment to anyone who wants to visit London. Great places to eat around in the area. We had a wonderful time. Thanks, Veronica & Eleanore!"}, {"date": "2016-06-15", "name": "Hans-Dieter", "review": "The flat is well appointed, tastefully decorated and very clean. I felt at home immediately. It is very close to the Hoxton and Shoreditch nightlife, yet very quiet. Check in and check out went as previously agreed. Veronica's information is very precise, and she answers very fast. I would stay at this flat again."}, {"date": "2016-07-12", "name": "Robyn", "review": "I had a great stay in this apartment in Hoxton - it was very easy to access via the 55 bus and a 90 minute walk to the city. I was met by someone at the venue who let me in - there is intercom access but its through a security gate. The rooms are lovely and well done up as the pictures say. I had a very comfortable 10 day stay here and Veronica was in contact with me the whole time. A very good stay in london thank you. "}, {"date": "2016-07-22", "name": "Mio", "review": "We didn't get to meet Veronica personally but communicated with her several times via email and whatsapp. We arrived at her flat close to midnight and she glady arranged Richard to meet us with a Fee for late check-in<br/>Her flat was spotless and clean, and just as the photographs in Airbnb; The Tesco downstairs was very convenient, as well as the Sainsbury down the road. It was also great that the Hoxton overground station was two short blocks away and that the bus stop was just across the street. <br/>The neighborhood seemed a bit dodgy at first, when we arrived late night--as there were bums sitting outside the gates, and there is a \"striptease\" bar just around the corner, but during the daytime we found the neighborhood ok and peaceful <br/>We would stay again at this flat, and recommend this property with limited reservations due to the dodgy neighborhood at late nights<br/>"}, {"date": "2016-07-31", "name": "Jacob", "review": "I had a nice stay in Veronica's apartment. With a bus stop right outside, an Overground station just around the corner, a grocery store in the next building, and many restaurant options a short walk away; just about anything you'd want is easily accessible. The apartment itself is well furnished, with a nice bathroom, and a big bed. Veronica was very responsive, and easy to communicate with."}, {"date": "2016-08-09", "name": "Mathew", "review": "Very nice flat , well equipped . Nice to have an outside space too . Great location  , great transport links . Very good communication with Veronica , a pleasure to deal with . Would happily stay again . "}]}