{"id": 1028784, "listing_url": "https://www.airbnb.com/rooms/1028784", "name": "double garden bedroom with ensuite", "description": "<b>The space</b><br />This is a very light spacious basement double bedroom with an ensuite bathroom and private exit to the backyard. The flat is a converted launderette and I live upstairs so the bedroom is very private <br />The flat is located in London Eastend, 5 minute walk to Columbia Flower market and 5 minute walk in the other direction to Broadway market. Brick Lane market is 15 minute walk away. Close to all ammenities, bars, restaurants, galleries,etc but in a very quiet street. <br /> <br />Many buses go pass almost from outside the flat and Bethnal Green tube station is 7 minute walk away which takes you in 15 minutes to the westend. <br />I have a very shy cat<br /><br /><b>Guest access</b><br />The kitchen is for minimal use only. Basic food requirements only. Not suitable for the preparation and cooking of main meals.", "host_name": "Amaia", "host_id": 3651202, "host_url": "https://www.airbnb.com/users/show/3651202", "host_picture_url": "https://a0.muscache.com/im/users/3651202/profile_pic/1348420731/original.jpg?aki_policy=profile_x_medium", "neighbourhood_cleansed": "Tower Hamlets", "latitude": 51.5268, "longitude": -0.05791, "property_type": "Private room in rental unit", "room_type": "Private room", "accommodates": 1.0, "bathrooms": "0", "bedrooms": 1, "beds": 1, "amenities": ["Essentials", "Wifi", "Coffee maker", "Oven", "Washer", "Patio or balcony", "Shampoo", "TV", "Backyard", "Refrigerator", "Free street parking", "Cooking basics", "Smoke alarm", "Long term stays allowed", "Carbon monoxide alarm", "Kitchen", "Heating", "Breakfast"], "price": 70.0, "number_of_reviews": 167.0, "number_of_reviews_showed": 14, "review_scores_rating": 4.91, "reviews": [{"date": "2013-04-16", "name": "Valerie", "review": "Amaia is just a super host.. very available, very generous and very nice! \r<br/>On top of that the flat was super !!! the room is very private and you can leave and go as you wish ; the flat is great and in a super trendy area .. Amaia will explain you properly all the great places, the history and everything (such as the markets, the great bars and restos).. we lived in London for 5 years but were very happy to discoer Amaia's London!\r<br/> \r<br/>"}, {"date": "2013-04-22", "name": "Natasha Marie Lyall", "review": "I would highly recommend a stay with Amaia. I never got to meet her, since whe was away that week, but her place was so comfortable and we had everything we needed."}, {"date": "2013-04-30", "name": "Elena", "review": "Amaia and her friend have been very kind and helpful to us giving us many useful advices and she also created us a map with highlighted what to do and what to see in the neighborhood that is very cute. She provided us a lot of things to prepare breakfast and she was not at all invasive. I'm sorry that we could not see them much since we saw the principal attractions in the city center but it was nice to talk a bit with them. The location is good being close to the central line and very close to the bus stop. Good choice."}, {"date": "2013-05-06", "name": "Rodrigo", "review": "Amaia was a great host, we enjoy her company too. It\u2019s a lovely house, place, neighbourhood,... We had everything that we could need. Amaia told us about best places to visit or go out for dinner, included a map that she did, it was very kind of her. The house is quite good located in the East End, actually you can go on foot to Brodway market, Bick Lane, Art galleries \u2026and so on. We were very comfortable."}, {"date": "2013-05-11", "name": "Saffron", "review": "Amaia is a fantastic host - I can't recommend her and her property enough.  The room was lovely and comfortable, and the location fantastic, with the heart of the city a short bus/tube away. But what really made the stay was Amaia's hospitality.  She is the best host I've ever experienced.  Generous and thoughtful, and so keen to make sure your stay is the best it can be.  Both she, and her friends and family, made me feel most welcome. I loved listening about her London adventures and the characters and places she has experienced.  But if you wish to be left alone and have your own space she will respect that also.  I felt totally at home.  The only problem was leaving, as it felt like saying goodbye to an old friend and I didn't want to go!  I'll definitely be visiting again :)"}, {"date": "2013-05-16", "name": "Iro", "review": "Amaia was an excellent host and she provided anything we wanted in order to enjoy London as much as possible! We highly reccommend Amaias' place, its lovely, peaceful and in a very nice place.."}, {"date": "2013-05-28", "name": "Fion", "review": "First time using Airbnb and found a very nice place 5 mnts from my house for my family within reasonable price and the host was very helpful. "}, {"date": "2013-06-20", "name": "Valentina", "review": "Our stay at Amaia was just PERFECT, I can't say anything less than that! She's totally easy going but very careful at the same time. Her home is very nice and warm, with all the comforts you might need. The neighborhood is perfect for anybody who wants to experience a more \"real\" part of the city, and there are a lot of nice and trendy markets and art galleries just a walk away. The room is spacious, the bathroom clean, and the bread she had baked for us really yummy ;)\r<br/>We really can't recommend her enough!"}, {"date": "2013-06-30", "name": "Arjan", "review": "Amaia is very friendly and supportive host. The accommodation clean and spacious in a quiet neighbourhood. I can really recommend staying with Amaia as well as at her accommodation. She made me feel at home in London and will certainly try to visit her place again when I am next time in London. "}, {"date": "2013-07-05", "name": "Gerrit", "review": "Amaia has a great place to stay while in london. she makes one feel very welcome. the room + en-suite are clean, comfortable, well designed and quiet. the breakfast is a feast.\r<br/>it was nice talking to Amaia and she loves to tell more about the area.\r<br/>highly recommended."}, {"date": "2013-08-10", "name": "Giovanni Battista", "review": "Amaia's house is less than ten minutes from the Central Line, in a lively area. The room (ensuite) is very clean, and the bed confy. Her house is nice with vintage forniture and there is a small garden as well. It's very quiet during the night: we slept very well.\r<br/>We stayed there for several days, and she was a great host: she greeted us with warmth, and gave us a very useful map and precious tips for the area. She was more than helpful and we are very happy to meet her and stay in her house. We only regret we couldn't spend more time with her!\r<br/>"}, {"date": "2013-08-14", "name": "Sandrine", "review": "Amaia was an excellent host, very friendly, uncomplicated and welcoming. The bedroom we stayed in was spacious and nice, Bathroom next door was very comfortable. Cereals, Milk, Toast, Tea  coffee, juices .. WIFI, Towels....everything was there. . Very close to subway and to downtown.  Amaia is very kind and helpful. Would reccomend it to anyone. We would definitely stay at her home, when we return to london.\r<br/>Thank you so much!!!"}, {"date": "2013-08-15", "name": "Vijit", "review": "This was my first Airbnb experience and what an experience! I have just been telling my wife and friends at my local pub in Devon. Amaia was so helpful from the very beginning... from offering to drop her keys around to me, to her cool, helpful neighbours and making me feel at home. Amaia's home is a work of art.... it is absolutely beautiful with every attention to detail. I could not recommend Amaia's place highly enough and I look forward to staying with Amaia again and sharing a nice glass of wine."}, {"date": "2013-08-27", "name": "Adriana", "review": "Big room with access to the backyard and excelent bed and bathroom. Lots of privacy in an amazing house, full of art and a great atmosphere. The neighbourhood is awesome as well, a good place to stay, near the tube station and easy to get around using buses or even walking, if you plan to go to the east part of the city. Thanks for everything during our stay, Amaia, it was perfect!"}]}