{"id": 10290133, "listing_url": "https://www.airbnb.com/rooms/10290133", "name": "Sunny Southwark Place", "description": "A very nice apartment perfect for two, 10 minutes walk to Tate Modern, Borough Market, Millenium Bridge, Imperial War Museum etc. <br /><br />Most convenient location - close to everything, very good for tube and buses, but away from touristy hustle in a lively neighborhood in a beautiful modern building. There is a grocery store and a post office on the ground floor, a very quiet restaurant in the building, four tube stations (Southwark, Borough, Waterloo and Lambeth North) all within 10-minute walk.<br /><br /><b>The space</b><br />A very nice spacious and full of light apartment on the first floor of a modern building. One bedroom with a comfortable double bed and a big closet, living/dining/fully equipped kitchen (big fridge, dishwasher, washing and drying machine, stove, oven, kettle etc), bathroom with a tub and big mirrors. A balcony with a view of a building's inner garden and a tiny playground (kids are very rarely there :) Books, music, TV<br /><br /><b>Guest access</b><br />", "host_name": "Tatiana", "host_id": 8339001, "host_url": "https://www.airbnb.com/users/show/8339001", "host_picture_url": "https://a0.muscache.com/im/users/8339001/profile_pic/1377246167/original.jpg?aki_policy=profile_x_medium", "neighbourhood_cleansed": "Southwark", "latitude": 51.5002, "longitude": -0.10078, "property_type": "Entire rental unit", "room_type": "Entire home/apt", "accommodates": 2.0, "bathrooms": "1.5", "bedrooms": 1, "beds": 1, "amenities": ["Oven", "Hair dryer", "Hangers", "Dishes and silverware", "Essentials", "Patio or balcony", "Shampoo", "Cooking basics", "Wifi", "Heating", "Coffee maker", "Dishwasher", "Long term stays allowed", "TV", "Microwave", "Refrigerator", "Iron", "Kitchen", "Stove", "Hot water", "Washer", "Elevator", "Smoke alarm", "Dryer"], "price": 92.0, "number_of_reviews": 70.0, "number_of_reviews_showed": 7, "review_scores_rating": 4.67, "reviews": [{"date": "2016-09-19", "name": "Quentin", "review": "Modern flat perfectly located, just a few minutes walk from Southwark or Borough tube stations.<br/>My parents stayed over and found everything they needed.<br/>As for myself I can't fault Tatiana. She promptly answered all my messages and was available throughout the stay for any question.<br/>Would definitely recommend"}, {"date": "2016-10-02", "name": "Jean-Luc", "review": "Tatiana met us and gave us a brief tour of flat. It was exactly as seen in pictures ."}, {"date": "2016-10-13", "name": "Gina", "review": "Tatiana was always very prompt in replying, really helpful and accommodating. The apartment was in a wonderfully convenient location, within a 15-minute walk from King's College/London Bridge/Borough Market. It was clean with all the amenities (just the wifi was a bit spotty -- but the apt description already forewarns you that). The doorman was also always super friendly! Great experience!"}, {"date": "2016-10-17", "name": "Callie", "review": "Tatiana was so friendly! She personally greeted me with water and snacks! The apartment was very clean.  It is close to train stations and Globe theater. Table cafe near by was very good as well! Would definitely stay again! "}, {"date": "2016-10-21", "name": "Jonathan", "review": "Tania gave me all the direction to reach the property and she left the keys at the 24-hour reception so it was easy to enter the apartment.\r<br/>The flat is very spacious and there is plenty of space to relax. It is located between Southwark and Borough so it is a very nice part of the city to go sightseeing as several attractions are a short distance away.\r<br/>The internet connection was not as fast as I exptected but all in all I reccomend it."}, {"date": "2016-11-06", "name": "Eliza", "review": "<br/>Great place for a short stay in London. Spacious, great location, easy to communicate with Tatiana, who was helpful and very responsive.<br/>All in all, an excellent stay! Thank you for everything, Tatiana!<br/>"}, {"date": "2016-11-08", "name": "Megan", "review": "Tatiana's place was great, exactly like the pictures. It was very nice having the Co op on site for snacks and drinks to enjoy at the flat. Good location, easy walk to sights and to the underground to get all over the city. Would stay again."}]}