{"id": 10356018, "listing_url": "https://www.airbnb.com/rooms/10356018", "name": "Very clean, comfortable room in Shoreditch flat", "description": "\u2022 Disinfected surfaces, and minimal interaction between us.<br />\u2022 The room is for one person only, and the booking has to be for your own stay.<br />\u2022 Very close to the financial district (The City), Moorgate, WeWork (Old Street), Shoreditch, Old Street, Hoxton, Brick Lane.<br />\u2022 Quiet street close to Tube, buses, nightlife.<br />\u2022 Clean bathroom shared with me.<br />\u2022 No kitchen but you get a mini fridge, kettle, plates and cutlery.<br />\u2022 High ceiling, quality double bed, dark curtains.<br /><br /><b>The space</b><br />THE ROOM \u2013 MORE DETAILS:<br />\u2022 Fast WiFi.<br />\u2022 Bright and airy bedroom with high ceiling, large windows, full length curtains that shut out all light, full length mirror, double glazing, central heating.<br />\u2022 2 Pillows, duvet/comforter, 100% cotton bed linen.<br />\u2022 Towels, toiletries, hair dryer.<br />\u2022 Clothes rail with bathrobe.<br />\u2022 Mini fridge, kettle, plates and cutlery.<br />\u2022 Small table for laptop or eating.<br />\u2022 Iron and ironing board.<br />\u2022 UK an", "host_name": "Margaret", "host_id": 14921467, "host_url": "https://www.airbnb.com/users/show/14921467", "host_picture_url": "https://a0.muscache.com/im/pictures/user/3d09b880-fa0c-40e6-8ac6-7db31543e94f.jpg?aki_policy=profile_x_medium", "neighbourhood_cleansed": "Hackney", "latitude": 51.52704, "longitude": -0.08631, "property_type": "Private room in rental unit", "room_type": "Private room", "accommodates": 1.0, "bathrooms": "1", "bedrooms": 1, "beds": 1, "amenities": ["Essentials", "Extra pillows and blankets", "Security cameras on property", "Hot water", "Washer", "Wifi", "Shampoo", "Paid parking off premises", "Refrigerator", "Fire extinguisher", "Smoke alarm", "Bed linens", "Hair dryer", "Ethernet connection", "Iron", "Carbon monoxide alarm", "Dryer", "Hangers", "Heating", "Dishes and silverware"], "price": 57.0, "number_of_reviews": 167.0, "number_of_reviews_showed": 7, "review_scores_rating": 4.84, "reviews": [{"date": "2016-01-26", "name": "\u704f", "review": "Brilliant landlord! Sweeeeet place!"}, {"date": "2016-02-07", "name": "Parks", "review": "Great host. Very convenient location and easy travel on the Northern Line. Grete was quite helpful and was available if needed. Cozy and enjoyable. "}, {"date": "2016-02-26", "name": "Tom\u00e1\u0161", "review": "Had a very good time staying at Grete\u00b4s flat. Very clean flat of an artist and you get exactly what you paid for and more. Had a nice chat with Grete too, very kind and welcoming person. Definitely worth a stay. "}, {"date": "2016-03-08", "name": "Eddy", "review": "Staying with Grete was a real pleasure, she is the perfect host!"}, {"date": "2016-03-18", "name": "Gerardo", "review": "Very nice flat, centrally located, and only two stops away from Kings Cross/St Pancras. The neighborhood was very young with lots of options for food, drink, entertainment as well<br/>Grete was a great host and very willing to chat regarding neighborhood options but was likewise very respectful of privacy. Would definitely return if I'm back in London!"}, {"date": "2016-03-23", "name": "Shafinaz", "review": "The flat is a few minutes' walk from the tube and is close to many shops, but as it is off the main road, it is peaceful and quiet even in the daytime - something I desperately needed after a 14-hour flight that arrived at 6am! The room is as described - large and airy - and the huge windows are great for natural light. The bed was extremely comfortable and the duvet kept me warm and cosy. The bathroom is shared but always clean and the water always nice and hot. Grete also provided some snacks and an assortment of teas and a kettle in the room - very useful since I woke up the next morning absolutely famished! Grete herself was a fantastic host. Very friendly and chatty - I enjoyed a lively conversation with her over a similar life experience. ;) And then she invited me to hang out with her and her friend at a bar, which was great! I love it when I get to bond with my hosts and they become my friend instead. :) I highly recommend Grete's place. I'm coming back to London in June, and unless my company chooses a hotel for me, I am highly likely going to try to stay here again! "}, {"date": "2016-04-02", "name": "Kenza", "review": "I highly recommend this place. The location is great and Grete is lovely. The flat was clean, comfortable and corresponds perfectly to the pictures. 5 stars airbnb place!"}]}