{"id": 10353709, "listing_url": "https://www.airbnb.com/rooms/10353709", "name": "Double bed in luminous Notting Hill", "description": "A great large double bedroom with private bathroom in this light, comfortable, airy flat in Maida Hill/Notting Hill and in close proximity of London's West End in 10 minutes. The furnishings are eclectic and comfortable and the shared main room measures more than 40 sq.m.<br /><br /><b>The space</b><br />The flat is huge, total in excess of 120sqm. We really are lucky to have such a big space to live in and while we do have some artifacts from our travels it remains very sleek and modern with plenty of light from the huge arched windows looking East. Your bedroom itself is of a good size and comes with its own bathroom. It is quiet and secluded from the remainder of the flat and has a very comfortable sofa bed that sleeps one but can also easily unfolds into a double bed.", "host_name": "Caterine", "host_id": 18008470, "host_url": "https://www.airbnb.com/users/show/18008470", "host_picture_url": "https://a0.muscache.com/im/users/18008470/profile_pic/1430468265/original.jpg?aki_policy=profile_x_medium", "neighbourhood_cleansed": "Westminster", "latitude": 51.52585, "longitude": -0.2036, "property_type": "Private room in rental unit", "room_type": "Private room", "accommodates": 2.0, "bathrooms": "1", "bedrooms": 1, "beds": 1, "amenities": ["Essentials", "Wifi", "First aid kit", "Washer", "Long term stays allowed", "Shampoo", "TV with standard cable", "Fire extinguisher", "Smoke alarm", "Hair dryer", "Heating", "Carbon monoxide alarm", "Indoor fireplace", "Dryer", "Kitchen", "Cable TV", "Air conditioning"], "price": 59.0, "number_of_reviews": 7.0, "number_of_reviews_showed": 7, "review_scores_rating": 5.0, "reviews": [{"date": "2016-07-31", "name": "Anastasia", "review": "Thank you very much Allard & Katerine for:\r<br/>\r<br/>Excellent hospitality and very welcoming, well mannered hosts. Comfortable home located near central and most exciting parts of London! We would love to come back to stay with you again in the future."}, {"date": "2016-10-11", "name": "Janine", "review": "For me and my daughter it was the first time to stay over AirBnB in someones home. And to be the guest of Caterine and Allard was amazing. We both, my daughter and I felt very, very welcomed and like home in this beautiful apartment. We had a nice guestroom, very quiet, everything was clean and we had our own bathroom. The apartment is located in a street with supermarket and little shops and cafes, one bus station is direct in front of the house and the next tubestation is in very short walking distance. So to find our way to the center of London was very easy. We have to thank Caterine and Allard for let us being your guests and these wonderful days in London. We can highly recommend Caterines and Allards home and if we come next time to London it would be a pleasure to stay there again. "}, {"date": "2016-10-18", "name": "Anna", "review": "meine Gastgeberin hat mehrfach nachgefragt , ob alles in Ordnung sei und hat eine n\u00fctzliche und liebenswert zusammengestellte Mappe auf den Esstisch gelegt um mich gut orientieren zu k\u00f6nnen."}, {"date": "2016-11-28", "name": "Za", "review": "Stayed a few nights in this cosy bed well-designed home, located in an exotic neighbourhood area, with eateries and supermarkets nearby. The tube station is less than 15 minutes' walk, and there are  buses taking you straight into the heart of town. There is a short flight of stairs, just outside the house, as well as in the bedroom itself, but it was not much of a problemThe sofa bed was comfortable, with good heating and wifi in the room. Although it was not an Ensuite bathroom, I had a whole lovely toilet to myself. Caterine and her husband were very friendly and welcoming. We had great conversations. Totally appreciate them for allowing us to cook and use the fridge and washer. Complete privacy despite the hosts staying at this place too. Would love to stay here if I am in London again. "}, {"date": "2016-12-11", "name": "Shevie", "review": "This was our first Airbnb experience and both Caterine and Allard were such wonderful hosts (and very lovely people too). They were both very warm, accommodating, and welcoming, and we instantly felt right at home there.\r<br/>\r<br/>Communication with Caterine was brilliant - she kept us updated constantly and was more than happy to answer all our queries.\r<br/>\r<br/>The flat is as described and even better actually - it's such a beautiful space with lots of charm and character, and the bedroom we got was extremely cosy and more than warm enough for the wintertime. We even got our own private bathroom, which was extremely spacious and had a nice, modern bath - lovely to come home to after a long day!\r<br/>\r<br/>The kitchen is well-equipped and spacious, and they have a beautiful long table where you can have your meals or use your laptop at.\r<br/>\r<br/>The neighbourhood itself is very colourful and eclectic, and very safe as well. Plenty of good ethnic food around if you're feeling adventurous. The flat is just opposite a bus stop, where buses can take you right to the centre of London, or even to the well-connected underground stations like Baker Street. The location was incredibly convenient and we had no qualms taking the bus and tube every day.\r<br/>\r<br/>All in all, a fantastic experience and we would definitely love to stay with them again should we return to London. We stayed for two weeks and would highly recommend their place to anyone!"}, {"date": "2016-12-18", "name": "Chavin", "review": "Cool place\uff0cnot far from the Notting Hill Market in Sat., with extremely large and charming living room. And Allard is really helpful, he recommended us very good restaurants around the neighborhood. Clean room, as well as the bathroom, highly recommended!"}, {"date": "2016-12-29", "name": "Gabriel", "review": "Caterine and Allard were great hosts. The flat is clean and nice, great bathroom. The flat is not too far of a walk from Portobello Road and the tube. Lots of bus options right in front of the flat. We had a great stay!"}]}