{"id": 10362333, "listing_url": "https://www.airbnb.com/rooms/10362333", "name": "Entire house in London SE23", "description": "15 Minutes by train to London Bridge Station. Open Plan Living Room, Dining Room, Kitchen. 3 Bedrooms. Forest Hill Station is 5 minutes walk from the house. Beautiful Terraced, landscaped garden and deck with swings<br /><br /><b>The space</b><br />Open plan, clean, spacious, modern design with attention to details<br /><br /><b>Guest access</b><br />Access to garden, deck, swings and utility room<br /><br /><b>Other things to note</b><br />This house is our family home, not a commercial Airbnb venture. So we hope it will feel like a real home in London during your stay. It's a nice place in a quiet street, we know all the neighbours and you could always knock next door if you had a question or needed a hand.<br /><br />Please be aware we have a cat! Tashi is our resident independent and friendly short haired black cat who is out most of the time. Tashi has Independent cat flap access and we can arrange for someone to come in and feed or you can feed once per day if you would like to? ", "host_name": "Amelia", "host_id": 12661312, "host_url": "https://www.airbnb.com/users/show/12661312", "host_picture_url": "https://a0.muscache.com/im/users/12661312/profile_pic/1438975305/original.jpg?aki_policy=profile_x_medium", "neighbourhood_cleansed": "Lewisham", "latitude": 51.44152, "longitude": -0.0544, "property_type": "Entire home", "room_type": "Entire home/apt", "accommodates": 6.0, "bathrooms": "2", "bedrooms": 3, "beds": 3, "amenities": ["Oven", "Fire extinguisher", "Hair dryer", "Hangers", "Essentials", "Patio or balcony", "Shampoo", "Free street parking", "Cooking basics", "Bed linens", "Carbon monoxide alarm", "Indoor fireplace", "Wifi", "Heating", "Coffee maker", "Dishwasher", "Backyard", "Long term stays allowed", "TV", "Refrigerator", "Iron", "Kitchen", "Stove", "Washer", "Smoke alarm", "Dryer"], "price": 150.0, "number_of_reviews": 6.0, "number_of_reviews_showed": 7, "review_scores_rating": 4.83, "reviews": [{"date": "2017-08-11", "name": "Alison", "review": "A beautiful, well appointed family home. Stylish, comfortable and a treat to spend time in. The area is extremely convenient for London with great transport links and Forest Hill itself has some wonderful attractions, St David's Coffee House and the excellent Horniman being highlights for us. A home from home - though much nicer than mine!!! Thanks Amelia x"}, {"date": "2017-08-20", "name": "Anne", "review": "Our stay at Amelia's was very excellent. Very limited but good communication with Amelia, that we didn't meet in person. The house is spacious, calm and zen, the backyard is amazing. Perfect for a family of 5. It takes about 30-45 minutes to reach downtown London (walk + overground or bus), so it's a fact to take into consideration when visiting London, but the good thing is that the neighborhood is quiet, safe and pleasant. Grocery stores close-by.  I recommend."}, {"date": "2018-08-21", "name": "Linda", "review": "Amelia's home is absolutely beautiful and provided everything we could have wished for. We had a wonderful stay. Getting into central London was easy and Forest Hill is a very nice location with lots to keep kids and parents entertained. We'll definitely be back."}, {"date": "2019-07-20", "name": "Simmy", "review": "Nice home with a beautiful backyard in a safe area.  It is a bit far from the main attractions, so make sure to familiarize yourself with the transportation system.   Very responsive and kind host."}, {"date": "2019-07-30", "name": "Karin", "review": "Gem\u00fctliches, sehr famili\u00e4res Haus mit liebevoller Einrichtung und phantastischen Garten. Etwas au\u00dferhalb der City, aber gerade deswegen entspannter. Gute Verbindung zur Stadt und auch ein paar gute Pubs und Restaurants in der N\u00e4he."}, {"date": "2021-08-06", "name": "James", "review": "A lovely and comfortable house with garden on a quiet street in Forest Hill. The location was ideal for us being close to family but with the station 5 mins walk from the house central London is only 30-40 minutes away. Good comms with Amelia and some lovely welcome treats on arrival."}, {"date": "2022-10-26", "name": "Andreas", "review": "Wir als  k\u00f6pfige Familie waren zufrieden mit unserem Aufenthalt! Empfehlen es gerne weiter!"}]}