{"id": 1044356, "listing_url": "https://www.airbnb.com/rooms/1044356", "name": "Modern Luxury flat", "description": "A Stylish ONE BEDROOM GROUND FLOOR FLAT in the heart of Camden Town. The perfect combination of the comfort of a home on the doorstep of the quiet and atmospheric Regent's canal and a 6 min walk from the vibrant Camden Town High Street.<br /><br />PLEASE NOTE:<br />The flat is currently being redecorated and some elements of decoration might have been altered. Photoshoot is on the way.<br /><br /><b>The space</b><br />A superb ONE BEDROOM GROUND FLOOR FLAT in the heart of Camden town. The perfect combination of the comfort of a home on the doorstep of the quiet and atmospheric Regent's canal and 6 min walk from the vibrant Camden Town High Street. This entire 1-bedroom (with high quality mattress), 1 bathroom apartment with large living room, dining area, and kitchen is newly renovated with unique furnishings and decor. It includes WIFI Internet, cable TV, Universal Multi Plug Adapter US / AUS / EU to UK 5 pin, fully equipped kitchen with dishwasher, washer/dryer, and automatic central", "host_name": "Marcus", "host_id": 1920828, "host_url": "https://www.airbnb.com/users/show/1920828", "host_picture_url": "https://a0.muscache.com/im/users/1920828/profile_pic/1441172361/original.jpg?aki_policy=profile_x_medium", "neighbourhood_cleansed": "Camden", "latitude": 51.54117, "longitude": -0.13793, "property_type": "Entire rental unit", "room_type": "Entire home/apt", "accommodates": 5.0, "bathrooms": "1", "bedrooms": 1, "beds": 1, "amenities": ["First aid kit", "Fire extinguisher", "Hair dryer", "Dishes and silverware", "Essentials", "Shampoo", "Cooking basics", "Bed linens", "Carbon monoxide alarm", "Wifi", "Heating", "Coffee maker", "TV", "Microwave", "Refrigerator", "Iron", "Kitchen", "Stove", "Hot water", "Washer", "Smoke alarm", "Dryer"], "price": 196.0, "number_of_reviews": 36.0, "number_of_reviews_showed": 15, "review_scores_rating": 4.29, "reviews": [{"date": "2013-08-04", "name": "Judith", "review": "Overall, the Camden apartment was everything I wanted and needed during a short term business trip.  It's very close to the tube and the overground and made my morning commute so easy.  The apartment is clean and the appliances and furniture are modern and in very good condition.  One slight negative is that you can hear the overground a little bit, but it's nothing too disturbing.  The neighborhood has plenty of restaurants and shops that are very convenient.  Marco and his staff were super accommodating to all my needs, and I'd be happy to stay there again.  Thank you!"}, {"date": "2013-12-27", "name": "S\u00e9bastien", "review": "Nice flat in a great area : Camden Town, which has to be seen. Marco and his team are very helpful, available and answer quickly. Everything is done to have a great stay."}, {"date": "2014-01-02", "name": "Madge", "review": "We had a great experience with the flat. It is in a very convenient location, and we enjoyed exploring Camden Town. The apartment is close to the tube and a grocery store. It's clean, comfortable, and well-appointed. It worked very well for our visit to London."}, {"date": "2014-06-27", "name": "Julie", "review": "We really enjoyed staying in this apartment in Camden. It was clean and quiet and really close to underground and British rail. There is also a large supermarket just 5 minutes walk from the apartment. Marco was very prompt to reply to our emails and very willing to cater to our extra requirements. We stayed here with our two young children and felt that the apartment served all our needs. We would happily stay again."}, {"date": "2014-07-25", "name": "Carlos", "review": "Marco and his team are very professional and courteous. Marco answered to all emails and inquires within 24-hours.\r<br/>\r<br/>The flat is nice, like the picture. On the other hand the neighborhood is very noisy. If you have a toddler or want to rest a bit; I wouldn't recommend this place. There were workers working on the roof on a Friday night at 9pm making a lot of noise; additionally the flat is on front of the main street; so you can hear everything that's happening outside. Believe it or not; there is people outside up to 1-2am\r<br/>\r<br/>If you are on your 20s; this place may fit you."}, {"date": "2014-10-27", "name": "Matthieu", "review": "L appartement est tr\u00e8s bien situ\u00e9 dans camden<br/>Au calme , super restaurant juste \u00e0 c\u00f4t\u00e9 qui fait de tres bon brunch "}, {"date": "2015-03-04", "name": "Linda", "review": "The apartment was great, very clean, great location, close to both the underground and rail stations. Supermarket only a few minutes away.<br/>Bed was very comfortable - this was important as my husband gets a sore back very easily when the bed is not right.<br/>Marco was always very prompt to respond to emails, and easy to deal with. <br/>We had no trouble finding the flat and were able to collect the keys without any problem - a representative was on site at the arranged time. She was knowledgeable about the workings of the apartment and all the things we needed to know. <br/>Camden was a very interesting ace to stay, would recommend the flat definitely"}, {"date": "2015-12-12", "name": "Chris", "review": "The listing was just as posted.. rally clean and great location. The apt had everything you need to make yourself at home. Looking forward to going back soon!"}, {"date": "2016-02-15", "name": "Antoine", "review": "Nous avons pass\u00e9 une tr\u00e8s agr\u00e9able semaine \u00e0 Londres. Le camp de base dans ce quartier de Camden est id\u00e9ale pour parcourir l'ensemble de Londres (ligne Northen du m\u00e9tro ou bus) et profiter de la proximit\u00e9 du canal et de Camden Road (Camden Market). Malgr\u00e9 la ligne de l'overground juste \u00e0 c\u00f4t\u00e9, l'appartement est situ\u00e9e dans une rue tr\u00e8s calme.\r<br/>"}, {"date": "2016-04-11", "name": "Thierry", "review": "Joli appartement situ\u00e9 proche du metro et du train. Tout le confort est la, peut \u00eatre un peu bruyant pour nous, mais nos journ\u00e9es harassantes nous aidaient bien \u00e0 dormir. Le quartier de Camden vaut vraiment le coup d'oeil."}, {"date": "2016-05-09", "name": "Jenny", "review": "Our stay in Marco's Camden apartment was very enjoyable.  The apartment was as described and handy to everything.  Marco was quick to assist with a minor hiccup to fix the hot water/heating.  We also had a glorious week of sunny weather!  \r<br/>Jenny and Michael"}, {"date": "2016-06-26", "name": "Cat", "review": "My friends and I stayed here in June, the apartment was in a great location with accessible transport just a minute walk away. The apartment was very clean and fully equipped to create a meal on a night in. Linen, towels and cleaning equipment were all provided. Wifi was excellent and apartment owners were always available to contact. <br/>We really enjoyed our stay and will be returning back in the future. Thank you to Marco & the team also for an easy transition to arriving in London. <br/>"}, {"date": "2016-08-23", "name": "Paula", "review": "The house was very pleasant, clean and central. You can find in the house all you need for a short stay"}, {"date": "2017-05-13", "name": "F\u00e1tima", "review": "The place was great overall, clean and well located. I was a bit irritated by how we were asked to pay an extra 25 pounds after all the payment for the people waiting for us to open the door. If those extra costs had been mentioned in the description of the Airbnb, I would not have had any problem paying it. This way it felt a bit like a scam. Nevertheless, Marco acknowledged this and didn't make us pay the extra costs. So overall I can recommend the stay here but please mention those extra costs in your description."}, {"date": "2017-09-19", "name": "Eva Maria", "review": "Todo muy bien. Muy bien comunicado. Se acoge a la descripci\u00f3n. La zona de Camden  con su Camden Market es un imprescindible en una visita a Londres. Marco ha atendido a mis mail con mucha rapidez contestando a todas mis dudas. <br/>Es posible que repitamos en nuestra pr\u00f3xima visita a Londres."}]}