{"id": 10464607, "listing_url": "https://www.airbnb.com/rooms/10464607", "name": "2 bedroom apartment in a terrace house", "description": "Lovely and quiet 110 sq m apartment on the 1st and 2nd floors of a terraced house with a private rear garden. Approx 3 mins from the Southfields tube station (District Line) and 15 mins walk from Wimbledon Tennis.<br /><br /><b>The space</b><br />Open-plan kitchen and living room on the second floor with great views around Wimbledon.<br />The 2 bedrooms are located on the first floor<br />One bedroom has an en-suite bathroom.<br />There is a  2nd bedroom and a separate bathroom along with a laundry room with washing machine and dryer.<br /><br />The back garden is equipped with a table with 4 chairs, sun deckers, BBQ, a trampoline and a tennis table.", "host_name": "Emma & C\u00e9dric", "host_id": 6383626, "host_url": "https://www.airbnb.com/users/show/6383626", "host_picture_url": "https://a0.muscache.com/im/pictures/user/3fcf5bee-1a68-4e48-9103-8a7f9db09d06.jpg?aki_policy=profile_x_medium", "neighbourhood_cleansed": "Wandsworth", "latitude": 51.44284, "longitude": -0.20999, "property_type": "Entire rental unit", "room_type": "Entire home/apt", "accommodates": 4.0, "bathrooms": "1", "bedrooms": 2, "beds": 3, "amenities": ["Extra pillows and blankets", "First aid kit", "Oven", "Barbecue utensils", "Hair dryer", "Wine glasses", "Baby bath", "Dining table", "Private entrance", "Hangers", "Piano", "Cleaning products", "Children\u2019s books and toys for ages 0-2 years old", "2-5 years old", "5-10 years old", "and 10+ years old", "Rice maker", "Dishes and silverware", "Essentials", "Ping pong table", "Baking sheet", "Clothing storage: closet", "Cooking basics", "Bed linens", "Baby safety gates", "Bathtub", "Heating", "Wifi", "Coffee maker", "Dishwasher", "Long term stays allowed", "TV", "Hot water kettle", "Sound system with Bluetooth and aux", "Refrigerator", "Room-darkening shades", "Outdoor dining area", "Changing table", "Iron", "Kitchen", "Drying rack for clothing", "BBQ grill", "Toaster", "Paid street parking off premises", "Dedicated workspace", "Hot water", "Washer", "Board games", "Private fenced garden or backyard", "Crib - always at the listing", "Children\u2019s dinnerware", "Smoke alarm", "Game console: Nintendo Wii", "High chair", "Dryer", "Lockbox", "Outdoor furniture", "Freezer"], "price": 200.0, "number_of_reviews": 2.0, "number_of_reviews_showed": 4, "review_scores_rating": 5.0, "reviews": [{"date": "2020-01-02", "name": "Uche", "review": "Fantastic hosts and very responsive. We really enjoyed our stay"}, {"date": "2022-08-07", "name": "Eduardo", "review": "Una casa preciosa y muy bien equipada, a 5 minutos andando del metro, que en 30 minutos te deja en el centro de Londres. Si vas con ni\u00f1os la casa es inmejorable por el jard\u00edn y los juguetes que los due\u00f1os tienen en la casa."}, {"date": "2023-04-10", "name": "Kevin", "review": "We had a wonderful stay at Emma and Cedric\u2019s place. Our children just loved everything. Highly recommended to family stay with children. We definitely will come back and stay again.  Thank you for being a super host, Cedric:)"}, {"date": "2023-08-11", "name": "Arvind", "review": "Beautiful place, spacious and peaceful. Would stay again!"}]}