{"id": 10463410, "listing_url": "https://www.airbnb.com/rooms/10463410", "name": "Cosy double room in Victorian house", "description": "The room offered is my spare - it's a two bedroom house. It has a very comfortable double bed, with a wardrobe, a desk, and two small drawers set into the chimney breast. It's warm, bright, and all the lodgers I have had have  enjoyed staying there.<br /><br />Please note - I have recently had a lot of enquiries from couples, but the room offered is just available for one guest, sorry. I'm afraid Airbnb don't seem to make this clear enough. Thanks!<br /><br /><b>The space</b><br />Hallo! So, let me give you the facts...<br /><br />The space on offer is a bright, inviting double room in my home, which is a two bedroom mid-terrace Victorian house. The room looks down on my back garden. Polished floorboards downstairs, carpet upstairs.<br /><br />I have been told on numerous occasions that the home I have created is warm, welcoming, and has a lovely calm, tranquil feel about it. The house has a lot of character and everyone who has stayed here, for however long, has had nothing but good t", "host_name": "Jonathan", "host_id": 53916238, "host_url": "https://www.airbnb.com/users/show/53916238", "host_picture_url": "https://a0.muscache.com/im/pictures/user/a603ec70-e22f-45f5-aa8e-5f198c99b945.jpg?aki_policy=profile_x_medium", "neighbourhood_cleansed": "Lewisham", "latitude": 51.42916, "longitude": -0.04138, "property_type": "Private room in townhouse", "room_type": "Private room", "accommodates": 1.0, "bathrooms": "1", "bedrooms": 1, "beds": 1, "amenities": ["Essentials", "Extra pillows and blankets", "Wifi", "Hot water", "Washer", "Long term stays allowed", "Shampoo", "Host greets you", "Free street parking", "Fire extinguisher", "Bed linens", "Hair dryer", "Iron", "Dryer", "Hangers", "Kitchen", "Heating"], "price": 39.0, "number_of_reviews": 16.0, "number_of_reviews_showed": 14, "review_scores_rating": 4.81, "reviews": [{"date": "2016-01-16", "name": "Alison", "review": "Jonathan was a star: he accepted my request to stay with only a few hours' notice. He was very welcoming and helped me feel very much at home.\r<br/>I didn't need guidance re things to do/how to get around etc but he did offer to give me as much information as I wanted. \r<br/>The bedroom was clean and tidy and had everything I needed, plus some lovely thoughtful extras (wee chocolate bars and mints) - I hope he will forgive me for the countless cups of tea I had.\r<br/>Thank you Jonathan, and I hope to see your novel in print before long!"}, {"date": "2016-03-04", "name": "Andrea", "review": "Very cozy room, looks exactly like it did in picture. The host was very flexible with arrival time, my plane was delayed by 30 minutes and I arrived in the late evening.  The host was very accommodating!"}, {"date": "2016-03-25", "name": "Trish", "review": "Was very welcoming. The house is lovely and a very convenient location."}, {"date": "2016-04-04", "name": "Gillian", "review": "A lovely, warm, clean home to which I was made most welcome. Jonathan was helpful throughout from directions from the train station to putting out bubble bath. A comfortable double bed and extra little touches like water, hairdryer, extra pillows, extra blankets, chocolates and mints made the stay delightful. Great location - walking distance to the high street and train station. Jonathan was a friendly, interesting host - I had a great stay!"}, {"date": "2016-09-10", "name": "Arnaud", "review": "Very special thanks to Jonathan, who was very helpful, I really enjoyed my stay in his lovely house.<br/>The room and the house were perfectly clean as on pictures.<br/>Many thanks !! "}, {"date": "2016-10-01", "name": "Jonathan", "review": "Jonathan was a very welcoming host, I had everything I needed from him. Jonathan's home is situated ideally for a short commute into London. The accommodation is exceptionally clean and tidy.<br/>Jonathan is very house proud. "}, {"date": "2016-11-13", "name": "Phil", "review": "I'm afraid I'm a bit of a recluse,  not only was I tired but had loads of work to do ready for the next days training,  s apologies to Jonathan,  but everything I could want was left out for me and for the first time in weeks I slept solid so five stars for that,  which is exactly what I wanted,  I will be returning I g I. The new year for more coarses hopefully I will get more time next time as it will be three days,  thank you Jonathan for all your hospitality"}, {"date": "2016-12-03", "name": "Geraldine", "review": "Jonathan responded straight away and put me up at very short notice, which was really kind. Communication was really easy and he gave great instructions on how to get there. He was very welcoming, considerate and helpful. The house was really quiet, clean and I slept soundly. I also had a good hot shower in the morning and found a parking spot on the street with ease. All in all it was everything I wanted. Thanks!"}, {"date": "2016-12-11", "name": "Donatella", "review": "I was so impressed with the standard of cleanliness throughout. The bed was comfortable and the street was quite, all in all a good night sleep away from home. <br/>Thank you Jonathan for being so welcoming and organised. <br/>I would definitely recommend it to anyone. "}, {"date": "2017-04-16", "name": "Carrie", "review": "Jonathan is a welcoming and friendly host. His house is clean and well presented, and conforms entirely to the description in his listing. I would not hesitate to recommend Jonathan and his house to anyone looking for a place to stay in this area. "}, {"date": "2017-04-30", "name": "Gillian", "review": "Another great stay! Great location for the workshops that I was taking part in. Clean, comfortable and with a friendly helpful host my return visit was warm and welcoming. Thank you Jonathan! "}, {"date": "2017-08-19", "name": "Ivan", "review": "The room is cosy, quiet and very bright with a window overlooking the garden at the back of the house. The bathroom and kitchen facilities are excellent. The location was very convenient for me as I was visiting my daughter who was doing an internship in the area. It is also quite easy to reach the centre of London. The house oozes with character and the original wooden floorboards are so beautiful. Cat-lovers will adore Ginger., playing around in the garden. The biggest plus during my stay was undoubtedly Jonathan himself. He is the excellent host. Charming and articulate, which is not surprising since he is an actor and a writer. He nevertheless gave me all the space and quiet I needed. He was always very generous with his advice whenever I requested it. I have no hesitation in recommending the place to other persons needing a place to stay in the area."}, {"date": "2017-09-13", "name": "Cecile", "review": "Jonathan was very friendly and helpful, and his house is charming and comfortable - good bed, great shower, everything provided with no fuss. Ginger the cat is much like his housemate - affable, calm and easy-going. I was too tired to make the most of my stay, so Jonathan left me to my own devices and, frankly, my stay couldn't have been better."}, {"date": "2017-11-05", "name": "Roger", "review": "A pleasant and friendly place to stay for the night. Single occupation in a smallish room, up a double set of Victorian stairs. Comfortable small double bed with duvet and extra coverings if required. Very adequate bathroom on the half landing. Very quiet. Jonathan managedmy world traveller bag up the stairs for me. Room doubles as a study, so is a bit cluttered. Bedside water carafe and makings for a morning coffee."}]}