{"id": 10473390, "listing_url": "https://www.airbnb.com/rooms/10473390", "name": "Single room in friendly family home", "description": "A small cosy single room available in our Edwardian period home in a quiet and leafy part of Southfields, South West London close to Wimbledon tennis club and a few minutes walk to bus or Southfields tube zone 3. Get to Central London in 35 mins. Bus stop at the end of the road which is a 10 min ride to Clapham Junction, from Clapham Junction it\u2019s 10mins by train into Waterloo or Victoria.<br />Please note this room is only suitable for people who are out during the day. No working from our home.<br /><br /><b>The space</b><br />Comfortable, clean and quiet home from home in delightful Southfields village<br /><br /><b>Guest access</b><br />Kitchen, dining space for eating, one shared bathroom, and some outside space available to guests if owners are not using the space<br /><br /><b>Other things to note</b><br />We have a friendly little French bull dog called Napoleon. So dog lover essential. <br />We also rent a double room out through Air BnB <br />Please note the bathroom is share", "host_name": "Amanda", "host_id": 53974091, "host_url": "https://www.airbnb.com/users/show/53974091", "host_picture_url": "https://a0.muscache.com/im/pictures/user/fe37ff3b-37b7-49f1-a2e6-34ebdb89563f.jpg?aki_policy=profile_x_medium", "neighbourhood_cleansed": "Wandsworth", "latitude": 51.44949, "longitude": -0.20558, "property_type": "Private room in home", "room_type": "Private room", "accommodates": 1.0, "bathrooms": "1.5", "bedrooms": 1, "beds": 1, "amenities": ["Extra pillows and blankets", "Oven", "Paid washer \u2013 In unit", "Hair dryer", "Hangers", "Dishes and silverware", "Luggage dropoff allowed", "Essentials", "Cooking basics", "Bed linens", "Carbon monoxide alarm", "Indoor fireplace", "Wifi", "Heating", "Dishwasher", "Backyard", "Long term stays allowed", "Host greets you", "Refrigerator", "Iron", "Kitchen", "Stove", "Hot water", "Paid parking off premises", "Smoke alarm", "Paid dryer \u2013 In unit"], "price": 30.0, "number_of_reviews": 193.0, "number_of_reviews_showed": 12, "review_scores_rating": 4.92, "reviews": [{"date": "2016-04-25", "name": "Ali", "review": "Amanda and Stephen helped me to feel very welcome from the start, just like being part of the family.  It was great fun with Rex and Napoleon, their dog and puppy, too!  They were both knowledgeable about the local area and incredibly good hosts, being naturally sociable and providing all that I needed to make my stay enjoyable.  \r<br/>There was a generous amount of fridge space available, which I really appreciated.  Also good storage space in the bedroom. \r<br/>I look forward to staying with them again when I'm in the area!"}, {"date": "2016-05-07", "name": "Martin", "review": "Thank you Amanda and Chef Steve for a most heart welcoming and enjoyable stay at their home. What a wonderful experience: warm comfortable home, I felt like I was at home away from home, excellent value for money, and wait for it - the most beautiful garden that lights up at night. The bad ..... No fault of their own - Just couldn't extend my stay for a third time due to being fully booked till August!  No wonder why......"}, {"date": "2016-06-17", "name": "Dawn", "review": "Amanda and Stephen were warm, helpful hosts and the household, just as described, was relaxed and friendly.  The neighbourhood was quiet, pleasant and convenient.  I would definitely stay again."}, {"date": "2016-06-22", "name": "Karen", "review": "Amanda was an excellent host. I arrived very late and she accommodated me very generously giving me good directions. The room is quite cozy and it was everything I needed for my short stay. I even had my own bathroom for most of the time. The house is clean and well equipped. The neighborhood is very quiet, safe, and convenient to the tube. Nice central location for both Heathrow and Gatwick and getting to city center. This was perfect for a single woman traveling alone. I feel lucky to have found this place and highly recommend!"}, {"date": "2016-07-03", "name": "Tania", "review": "Amanda and Stephen are the best. The room is small but comfortable. The house is clean and has everything you need. The location is perfect. Safe neighbourhood, supermarkets and tubes around the corner, close to London and very convenient for wimbledon tennis. I highly recommend this place and would love to come back. The dogs stole my heart!"}, {"date": "2016-07-11", "name": "Kat", "review": "Amanda & Stephen are very lovely hosts and will help you with anything you need. The room is cozy and the bed is comfortable. I'm really grateful that they were able to accommodate us for our Wimbledon adventure. Their dogs are really sweet too. I would stay here again & I would highly recommend this place to others. "}, {"date": "2016-07-18", "name": "Mari", "review": "Amanda and Stephen were lovely, amazing hosts! They were friendly, helpful and very welcoming. They made sure I had everything I needed and were willing to help and give advice if needed. The atmosphere in the house was indeed friendly and I felt very safe and relaxed. The room and the house in general was tidy and well equipped. The Southfields tube station is really close and there are also some shops and nice places to eat at the station. The dogs were really cute, especially little Napoleon! If I need a place to stay again in London Amanda's and Stephen's place would be my first choice. Thank you so very much!"}, {"date": "2016-07-20", "name": "Sarah", "review": "I only stayed for a couple of nights whilst working in London. Amanda and her partner were really friendly and welcoming. I was able to store my bike in their garden and that was really handy for me. The bed was comfortable and everything was as expected. Their dogs are adorable & I'd defintiely recommend staying here."}, {"date": "2016-07-23", "name": "Ruben", "review": "Both Amanda and Stephen were great hosts. The house and room are very clean. It has everything you need. The dogs are very sweet.\r<br/>Amanda and Stephen could help me with any questions I had."}, {"date": "2016-08-12", "name": "Nadia", "review": "Mi sono trovata molto bene, casa molto pulita e ordinata, la famiglia molto accogliente e disponibile per qualsiasi cosa!<br/>Simpatici e ospitali.<br/>La casa era a esattamente 7 minuti dalla metro e la fermata del bus era molto vicina.<br/>Il quartiere era ben abitato, pulito e signorile.<br/>Tornerei domani, sicura al 100%."}, {"date": "2016-09-04", "name": "Diana", "review": "Excellent, good location for transport, good bed, shower and wifi. Lovely people and friendly dogs. I slept well."}, {"date": "2016-09-06", "name": "Chan", "review": "Lovely home and hosts. Highly recommended!"}]}