{"id": 10524591, "listing_url": "https://www.airbnb.com/rooms/10524591", "name": "MODERN DOUBLE BEDROOM W/PRIVATE BATHROOM", "description": "Ground floor of a beautiful re-converted Victorian House built in 1906. The flat has been completely refurbished to very high standards.<br /><br />I am offering a private bedroom facing garden(double queen bed) and private bathroom (not ensuite but exclusive use).<br /><br />House is located 4 min from Kilburn Station on Jubilee Line ! Notting Hill, Baker Street (10min), Hyde Park (15min), Selfridges (13min), Oxford Street (13min), Westminster (15min), London Eye/London Bridge (20min), Canary Wharf (30min)<br /><br /><b>The space</b><br />My flat :<br /><br />I really enjoy its location. Only few minutes to Kilburn Tube Station. It doesn\u2019t feel like living in London - as it\u2019s very quiet - however so close to everything ! <br /><br />My flat is on the gound floor of a Victorian House built in 1906. It has been completely refurbished last year and is very modern and comfortable. <br /><br />The flat features 2 bathrooms and 2 bedrooms which are well separated. I occupy the bedroom facin", "host_name": "Gregoire", "host_id": 1278653, "host_url": "https://www.airbnb.com/users/show/1278653", "host_picture_url": "https://a0.muscache.com/im/users/1278653/profile_pic/1396313047/original.jpg?aki_policy=profile_x_medium", "neighbourhood_cleansed": "Brent", "latitude": 51.54641, "longitude": -0.2071, "property_type": "Private room in rental unit", "room_type": "Private room", "accommodates": 2.0, "bathrooms": "1", "bedrooms": 1, "beds": 2, "amenities": ["Essentials", "Wifi", "Hot water", "Paid parking off premises", "Long term stays allowed", "Shampoo", "Fire extinguisher", "Smoke alarm", "Bed linens", "Hair dryer", "Lockbox", "Iron", "Carbon monoxide alarm", "Hangers", "Kitchen", "Heating", "Lock on bedroom door"], "price": 44.0, "number_of_reviews": 48.0, "number_of_reviews_showed": 5, "review_scores_rating": 4.83, "reviews": [{"date": "2017-03-01", "name": "Hans", "review": "Small room, no bedside table, but apart from that good."}, {"date": "2017-03-05", "name": "Rachel", "review": "We spent 2 nights in this place! I have to tell you that it's behind expectation! The room and the house are very clean ! Modern designed! You have a very nice back yard view from the window of the room !! Gregoire helped us to feel at home ! Took care of the small details like towels, water etc ...  I recommend this place 100% ! The price is amazing too !!! You get much more !! "}, {"date": "2017-12-01", "name": "Sandra", "review": "Nice and clean flat with a beautiful, stylish living room. Small, but perfectly fine bed room - exactly what I expected. Large window overlooking the garden. The bed was really comfy and I had my own bathroom. Gregoire was really helpful and lovely too."}, {"date": "2017-12-04", "name": "Kas", "review": "Great place and lovely Host!"}, {"date": "2017-12-19", "name": "Elsa", "review": "Our stay was brief (1 night) so we didn't meet Gr\u00e9goire, but he was a quick responder and checking-in was super simple. The room was comfortable and the bathroom was very clean and modern. The neighborhood is quiet and residential and not to far outside of everything you want to see in London."}]}