{"id": 10535508, "listing_url": "https://www.airbnb.com/rooms/10535508", "name": "Comfy room, King-size bed - Riverside location!", "description": "// N.B. This is for solo guests only //<br /><br />Room with comfortable king-size bed in gorgeous brand new flat. Flat has beautiful waterside views and is in a safe, pretty and peaceful area of London with brilliant transport links:<br /><br />- One tube stop to Canary Wharf <br />- V quick direct tube journey to Waterloo, Green Park, Oxford St<br />- Great bus links to Greenwich<br />- River boat at end of street<br /><br />Bedding, towel, tea, coffee provided. Don't take a chance with you host - check our reviews...! :)<br /><br /><b>The space</b><br />Top Tip for the travellers:You might get a cheaper room but you have to factor in the costs incurred whilst you travel from zone 3-5 or outside to central London for all the tourist places - it is more expensive to travel from these zones to the heart of London and hence wise to chose an accomodation which is not far from the city.<br />A nice cosy  double bedroom to let in zone 2 location,very close to transport links and ideal for ", "host_name": "Siara", "host_id": 504150, "host_url": "https://www.airbnb.com/users/show/504150", "host_picture_url": "https://a0.muscache.com/im/pictures/user/10cd7993-6a22-43d5-b9fc-c01d8aa3a96d.jpg?aki_policy=profile_x_medium", "neighbourhood_cleansed": "Southwark", "latitude": 51.49462, "longitude": -0.03925, "property_type": "Private room in rental unit", "room_type": "Private room", "accommodates": 1.0, "bathrooms": "1", "bedrooms": 1, "beds": 1, "amenities": ["Essentials", "Wifi", "Hot water", "Washer", "Oven", "Long term stays allowed", "TV", "Elevator", "Microwave", "Refrigerator", "Smoke alarm", "Bed linens", "Hangers", "Dryer", "Kitchen", "Heating", "Waterfront"], "price": null, "number_of_reviews": 33.0, "number_of_reviews_showed": 6, "review_scores_rating": 4.97, "reviews": [{"date": "2016-03-06", "name": "Raghav", "review": "Centrally located.excellent view of the riverside..all basic amenities in closed proximity,complete personal space and the cherry on top ;fantastic host. I really enjoyed my stay .Thank you Sarika for such a warm welcome and all your recommendations. I just found a home away from home while being with you guys :).See you next time ;)<br/>Highly recommended!!<br/>Cheers!!"}, {"date": "2016-03-26", "name": "Angel", "review": "I can live one thousand lives and I wouldn't have enough words to express how AWESOME Sara and Oli are. If there were more people like them, we would live in a perfect world. I think I shall go for the facts, and the kind reader, can judge by himself/herself. As I was moving to London, and BA lost all luggage, I was stuck at the airport for almost 3 hours, totally discouraged. Arriving at 11:30 pm, Sara and Oli were waiting for me. When having a nice cup of tea, I told Sara and Oli my situation, they kindly chatted and comforted me. Afterwards, they explained me everything and Sarah accompanied me to a nearby supermarket to buy the things I needed most. During the rest of my stay, Sarah provided me with thousands of good and wise advices that significantly improved my situation. Given my circumstances, they made me feel like at my own home, treated me like a friend and made me feel the luckiest man on Earth. Furthermore, my luggage was delivered to Sara home by her request to BA. That's an awesome host. \r<br/>\r<br/>The home is absolutely amazing. You have everything you need, brand new, in a perfect central location (just 6 minutes walking to Jubilee line, the fastest line in London), surrounded by supermarkets, shops and buses going everywhere. The bed is really huge, confortable (I think the best bed I\u00b4ve ever slept in) in a room with an brand new TV and everything you will ever need. But what I loved more is the Surrey Dock's view from the living room. In a city like London, having the chance to see the Docks early in the morning meanwhile taking your coffee/tea is an unique experience. Did I mention they have a terrasse?\r<br/>\r<br/>If you want to be hosted by a nice and lovely couple in an centrical location London, and sleep in a confortable bed with nice views to the docks, what are you waiting for? TOTALLY RECOMMENDED !! :) "}, {"date": "2016-04-02", "name": "Arjun", "review": "Sara is an exceptionally kind and caring host. She kept in touch, offered travel help and made sure I was comfortable during my stay. Her place is on the dock side just behind the Surrey Quays fitness and water sports centre. Daily pass for the gym is 8.50 or you can just jog along the dockside. It's beautiful. From Sara's living room balcony you have a beautiful view of the water body. From the room's window you have a roadside view towards the back of the building. It's a beautiful apartment newly built. My overall experience was a 10 on 10 thanks to Ollie and Sara."}, {"date": "2016-04-08", "name": "Roxanne", "review": "Sara was absolutely amazing! Very comforting and nice. The apartment is brand new, modern, and clean. The view is great and relaxing and Sara and her partner are very hands off giving you your privacy, but also there if you want to chat or need anything. "}, {"date": "2016-04-11", "name": "Luke", "review": "This place is awesome! Sara and Oli was exceptional as hosts and alway make sure I have a comfortable stay at their house. The place itself situated in a very peaceful surrounding (which is a gem in London) several minutes walk to the supermarket and tube station. There isn't nothing more comforting than having a very reassuring hosts like Sara and Oli. Very recommend :)"}, {"date": "2016-04-15", "name": "Francisco", "review": "Sara was very cordial, very friendly, very predisposed to find out about places to visit, the facilities were excellent and the cleanliness, order. Simply spectacular!!! I recommend it 110% !!!"}]}