{"id": 10538223, "listing_url": "https://www.airbnb.com/rooms/10538223", "name": "Beautiful 2 bed flat Central London", "description": "This luxury 2 bed 2 bath flat is located in the heart of Central London. Technically located in the lovely, chic area of Marylebone, the flat is only 10 minutes walk to Marble Arch, Hyde Park, Bond Street and Baker Street. Professionally cleaned.<br /><br /><b>The space</b><br />Spacious luxury in the heart of London! If you are looking for a place to call home while you explore all the glorious offerings of London then look no further! This flat is perfect - luxuriously large and is located on a quiet street yet walking distance from many attractions. <br /><br />The best thing about the flat is its location - you can walk to Marylebone station in 5 minutes and to Baker Street station or Marble Arch in 10. From these stations you can catch a variety of tube lines taking you to all parts of London. <br /><br />Alternatively, you can hire a cycle or walk to Bond Street, Oxford Street, Marylebone High Street and Hyde Park. The streets are really nice in this part of town! <br /><br />The", "host_name": "Caroline And Ilan", "host_id": 54342950, "host_url": "https://www.airbnb.com/users/show/54342950", "host_picture_url": "https://a0.muscache.com/im/pictures/user/bd54c355-7c7a-4e34-8709-8f206430134e.jpg?aki_policy=profile_x_medium", "neighbourhood_cleansed": "Westminster", "latitude": 51.51772, "longitude": -0.15979, "property_type": "Entire rental unit", "room_type": "Entire home/apt", "accommodates": 4.0, "bathrooms": "2", "bedrooms": 2, "beds": 2, "amenities": ["Essentials", "Wifi", "Washer", "Long term stays allowed", "Shampoo", "TV with standard cable", "Smoke alarm", "Hair dryer", "Iron", "Carbon monoxide alarm", "Dryer", "Hangers", "Kitchen", "Cable TV", "Heating"], "price": 140.0, "number_of_reviews": 5.0, "number_of_reviews_showed": 5, "review_scores_rating": 4.8, "reviews": [{"date": "2016-04-25", "name": "Abdulrhman", "review": "The best falt i ever have been in, great place and it's located in heart of london. Everything is near and it's next to Baiker street. Thanks for everything."}, {"date": "2016-05-07", "name": "Dalia", "review": "Caroline and IIan's home was absolutely lovely! Very spacious, clean and it had everything we needed under one roof, exactly as described. The neighbourhood was very peaceful and safe and it was easy to get to anywhere in London from there. \r<br/>We had a great welcome, where everything in the house was described to us and there were helpful little notes left to guide us on how to operate equipment, etc.\r<br/>\r<br/>Kim (Caroline and IIan\u2019s host maker) was very helpful, accommodating and always responded very quickly whenever we had an inquiry. I would definitely stay there again if I\u2019m in London!"}, {"date": "2016-12-23", "name": "Lisa", "review": "We originally stayed at this apartment from 15-23 November, but because we liked it so much we requested to stay for another month and we are already thinking that we may return in the New Year. \r<br/>Caroline and Ilan have been so helpful and friendly. They were always very quick to respond to our emails, etc. \r<br/>The apartment was very clean and has been pretty much home from home. I would definitely recommend this accommodation to anyone wishing to stay central London, it's been a pleasurable stay and we thank the hosts for being so attentive. "}, {"date": "2017-02-08", "name": "Cynthia", "review": "The place is very well kept, comfortable and the hosts were very forthcoming with information and any assistance we needed. "}, {"date": "2017-03-10", "name": "Stewart", "review": "Great location, great place, and Caroline and Ilan were great hosts.  "}]}