{"id": 10549215, "listing_url": "https://www.airbnb.com/rooms/10549215", "name": "Relaxing ensuite room in exciting home!", "description": "Welcome to our beautiful apartment in the heart of London 2012 Olympics!<br />Unique area of Olympic Village with green parks, cosy restaurants, sport venues and shopping paradise Westfield!<br />Modern and super spacious home with balcony!<br />Tourist hints from experienced Londoner!<br />Friendly and caring hosts :)<br /><br /><b>The space</b><br />Re-energize yourself for sightseeing in relaxing and refreshing home atmosphere\u2026 Experience living like Olympic heroes of London 2012 Olympics\u2026 enjoy the vast greenery of Olympic park\u2026 or even go for a swim in the architecturally acclaimed Aquatics Centre\u2026 Loose yourself in fashion brands in the largest London shopping centre Westfield\u2026 Live in exciting location and easily explore all famous London sights!<br /><br /><b>Guest access</b><br />-Massive living room, sofa, coffee table, proper dining table,<br /><br />-Spacious balcony area with outdoor lights, table and chairs,<br /><br />-Large guest bedroom with wardrobe, bedside chest of ", "host_name": "Sergei", "host_id": 5974887, "host_url": "https://www.airbnb.com/users/show/5974887", "host_picture_url": "https://a0.muscache.com/im/users/5974887/profile_pic/1366238078/original.jpg?aki_policy=profile_x_medium", "neighbourhood_cleansed": "Newham", "latitude": 51.54966, "longitude": -0.01074, "property_type": "Private room in rental unit", "room_type": "Private room", "accommodates": 2.0, "bathrooms": "1", "bedrooms": 1, "beds": 1, "amenities": ["Extra pillows and blankets", "Oven", "Hair dryer", "Hangers", "Dishes and silverware", "Essentials", "Patio or balcony", "Shampoo", "Cooking basics", "Bed linens", "Carbon monoxide alarm", "Wifi", "Heating", "Coffee maker", "Dishwasher", "Long term stays allowed", "Host greets you", "Microwave", "Refrigerator", "Iron", "Kitchen", "Stove", "Hot water", "Washer", "Paid parking off premises", "Elevator", "Smoke alarm", "Dryer"], "price": 70.0, "number_of_reviews": 66.0, "number_of_reviews_showed": 7, "review_scores_rating": 4.92, "reviews": [{"date": "2016-02-04", "name": "Alex", "review": "Sergej is a great host! He was very nice , welcoming and helpful. He gave me really good tips on things to do and see around London. \r<br/>His house is just FANTASTIC! It is very well located: the biggest shopping center in Europa (Westfield Stratford) and the train station (Stratford International) are just 2 min walk from his flat. \r<br/>\r<br/>I definitely would come back and I definitely recommend Sergej's flat! Thank you so much Sergej."}, {"date": "2016-04-10", "name": "Dave", "review": "Great flat, super tidy and clean. Would definitely book again"}, {"date": "2016-05-19", "name": "Rachel", "review": "Warmly recommended. Friendly and straight-forward host who made me feel welcome, large en-suite room that accurately reflected pictures and came with unexpected bowl of fresh strawberries and bottle of wine. Great location - five minute walk from Olympic stadium and park but also six minute express train to St Pancras. Thanks Sergei!"}, {"date": "2016-05-27", "name": "Pieter", "review": "This is a great room in a great location near transport and Westfield Stratford.  Everything in the room and the flat looked new and was spotlessly clean.  Sergei was very welcoming and very helpful during the stay."}, {"date": "2016-05-30", "name": "Paolo", "review": "Beautiful apartment, clean and tidy, it has fulfilled all expectations as ad. It's located 5 minutes from the underground and the high speed, very comfortable. Sergei is a very helpful and friendly."}, {"date": "2016-07-09", "name": "Tom", "review": "Great flat in a great location. We had pleasure to stay at Sergei's place. Sergei is very friendly and willing to help host, gave us precise transport tips and help us with local trains booking. Everything matches the description, we really appreciated the botlle of wine and chocolate candies at the day of arrival - thank you :) "}, {"date": "2016-08-01", "name": "Fred", "review": "Sergei is a nice guy. We feel comfortable, free and welcome to stay here. We used the living, dining room and the kitchen. At night, it is very quiet so we got good sleep. The location is great if you want to take the tube or if you have a rental car. You can park the car in the car park which is very close to the stratford station. This is my first airbnb experience. Highly recommended!"}]}