{"id": 10542994, "listing_url": "https://www.airbnb.com/rooms/10542994", "name": "Big Private En-Suit Room in Chiswick", "description": "Detached En-suit room with separate entrance and garden space. <br />Very Large Room with King Size Bed, 32inch TV, DVD player, Freeview, Wi-Fi, Sofa, Fridge, Microwave, Kettle, Toaster, en-suit bathroom with very big shower.<br /> <br />4 min walk to Chiswick Park Underground St, 10min walk to Chiswick Business Park, very close to supermarkets, shops, pubs, cafe's and restaurants. 12min bus journey to Westfield Shopping Centre. Very easy and quick to connect to Central London.<br /><br /><b>The space</b><br />Perfect for short stays, whether you're a couple, family or a business person, this guest room has been equipped with everything you need to have a comfortable and enjoyable stay :)<br /><br /><b>Guest access</b><br />This room has separate entrance, and it is completely detached from the house. Once you here, you will get your own key, so that you can come and go as you wish.<br /><br /><b>Other things to note</b><br />If you coming with a baby, we do supply a travel cot.<br />I", "host_name": "Agee & Smith", "host_id": 54367304, "host_url": "https://www.airbnb.com/users/show/54367304", "host_picture_url": "https://a0.muscache.com/im/pictures/user/a956b589-cbb9-4ff9-95ae-b332617e5f60.jpg?aki_policy=profile_x_medium", "neighbourhood_cleansed": "Hounslow", "latitude": 51.49435, "longitude": -0.26395, "property_type": "Private room in home", "room_type": "Private room", "accommodates": 2.0, "bathrooms": "1", "bedrooms": 1, "beds": 1, "amenities": ["Essentials", "Wifi", "First aid kit", "Backyard", "Shampoo", "TV with standard cable", "Microwave", "Refrigerator", "Hair dryer", "Iron", "Hangers", "Crib", "Cable TV", "Heating"], "price": 45.0, "number_of_reviews": 101.0, "number_of_reviews_showed": 10, "review_scores_rating": 4.62, "reviews": [{"date": "2016-02-07", "name": "Stefano", "review": "Perfect location, wonderful and large  refurbished independent space with all amenities. Picture perfect and woderful also the hosting family, very attentive and responsive. Definitely back next time I am in London!"}, {"date": "2016-02-19", "name": "Simon", "review": "All good ... very good value and would come back again"}, {"date": "2016-03-17", "name": "Kieran", "review": "It was decent. Good location, nice people. More ideal for short stay. "}, {"date": "2016-03-19", "name": "Jordan", "review": "Lovely flat located very close to tube station! Very handy to get to the city centre. The room was clean, comfortable and toiletries were provided! Great pubs and restaurants within walking distance as well. Will definitely recommend to friends visiting London! "}, {"date": "2016-04-11", "name": "Gina", "review": "Lovely little place to stay in London- very close to a tube station, lots of amenities including a grocery store nearby. Enough space for 2 to comfortably spend some downtime. There was a bit of noise from the trains, but otherwise great spot. Thanks guys!"}, {"date": "2016-04-16", "name": "Ruben", "review": "Dtrongly recommended. We had a great stay at Agee and Smith's guests house. Both of them were very friendly and they were pround to help us at any time! A really nice experience!"}, {"date": "2016-04-20", "name": "Dian", "review": "We loved Agee and Smith's space. It was comfortable and clean. It is also in a swell neighborhood offering everything we needed as well as an easy walk to the tube or the bus. We would happily stay here again."}, {"date": "2016-04-24", "name": "Michela", "review": "Lovely flat, comfortable and very close to a tube station. The hosts were very kind and helpful. Wonderful journey! We will come back again!"}, {"date": "2016-04-29", "name": "Laura", "review": "Lovely couple, made me feel very welcoming. Pictures are accurate and decent location, very close to the station which is efficient especially if you would like to go into the central areas via District Line. "}, {"date": "2016-05-08", "name": "Benjamin", "review": "Convenient location near Chiswick Park tube station and nice neighbourhood. Cosy place. There's a supermarket and many restaurants nearby. Smith is friendly and responsive to our requests."}]}