{"id": 10560783, "listing_url": "https://www.airbnb.com/rooms/10560783", "name": "Double Room Central London- Angel", "description": "Lovely room in a 40m2 flat located in zone 1 of London (Angel). <br />Angel Station and Barbican Station are 10 min walks, many buses around.<br />Supermarkets are 5 to 10 min walk.<br /><br /><b>Guest access</b><br />Access to the kitchen where you can make your own breakfast and meals. <br />One bathroom to share with the flatmate (often at school)<br /><br /><b>Other things to note</b><br />My lovely French flatmate will be here to welcome you.", "host_name": "Elisa", "host_id": 18489268, "host_url": "https://www.airbnb.com/users/show/18489268", "host_picture_url": "https://a0.muscache.com/im/pictures/user/bc01b1fc-31ce-4ec0-8ea1-ad45a21a88b8.jpg?aki_policy=profile_x_medium", "neighbourhood_cleansed": "Islington", "latitude": 51.52816, "longitude": -0.10003, "property_type": "Private room in rental unit", "room_type": "Private room", "accommodates": 2.0, "bathrooms": "1", "bedrooms": 1, "beds": 1, "amenities": ["Wifi", "Washer", "Long term stays allowed", "Fire extinguisher", "Smoke alarm", "Dryer", "Kitchen", "Heating"], "price": 44.0, "number_of_reviews": 10.0, "number_of_reviews_showed": 10, "review_scores_rating": 4.7, "reviews": [{"date": "2016-01-25", "name": "Michael", "review": "A nice flat in central London with good transport links which was ideal for what we needed for the stay.<br/>I would recommend this place to someone or a couple looking for a weekend trip where they just need a bed to sleep in."}, {"date": "2016-03-08", "name": "Momo", "review": "It's a very lovely flat, nice, warm, convenient location, close to everything. IT's our first time being in London and we really enjoyed the stay at Elisa's place. Hopefully we csn get a chance to meet her next time, she has been really helpful throughout our contact! Thank you for having us again!"}, {"date": "2016-03-12", "name": "Iain", "review": "I stayed at Elisa's place for two nights and was helpfully welcomed by her flatmate Celia. The flat is ideally located near the bars and restaurants of Clerkenwell and Old Street. The room was clean, spacious and just what I needed for a business trip to the city."}, {"date": "2016-03-13", "name": "Sergio", "review": "Everything was perfect, home to come back soon!"}, {"date": "2016-04-18", "name": "Alexis", "review": "L'appartement d'Elisa est parfait pour ceux qui veulent passer un long week-end \u00e0 Londres \u00e0 2 ou 3 ! Il est tr\u00e8s bien situ\u00e9, tr\u00e8s calme et pratique. De plus, Elisa est une h\u00f4te tr\u00e8s r\u00e9active qui ne manquera pas de vous aider ou conseiller pour votre s\u00e9jour ! Une r\u00e9ussite !"}, {"date": "2016-04-20", "name": "Robert", "review": "The flat was conveniently located. I was welcomed and shown around.<br/>It was clean and tidy . Was perfect for my needs"}, {"date": "2016-04-24", "name": "Pepe", "review": "The room was good, great attention. Thank u Elisa"}, {"date": "2016-05-08", "name": "Tiphaine", "review": "Super s\u00e9jour chez C\u00e9lia et Elisa ! Disponibles, elles nous ont donn\u00e9 de bons conseils pour visiter les quartiers sympas de Londres. La chambre \u00e9tait parfaite et tr\u00e8s propre (idem pour l'appart), juste le matelas un peu trop mou \u00e0 notre go\u00fbt "}, {"date": "2016-05-22", "name": "Joshua", "review": "I had a wonder stay at Eliza's place! The host made me feel very welcome in their lovely home."}, {"date": "2016-06-17", "name": "Ann", "review": "The room is clean and spacious, and the kitchen is fully furnished that I could cook my meals. The place is so convenient to everywhere, and quite and safe as well. \r<br/>\r<br/>Elisa is so kind and generous. I had such a great time staying in her place, definetely would stay again in the future.  "}]}