{"id": 10562528, "listing_url": "https://www.airbnb.com/rooms/10562528", "name": "Period house, zone 2, near Regen't Canal", "description": "We offer our Victorian three-storey family home when we are away. The house comprises a large sitting room and a kitchen diner with a large table; 2 bathrooms (one on the ground floor and one on the second floor); garden with a table tennis and three upstairs double bedrooms (one bedroom has an ensuite basin and WC and access to a lovely roof terrace); a fourth bedroom is available upon request and for an additional fee. 7 minutes' walk from the tube in zone 2 (Circle, District/Hammersmith)<br /><br /><b>The space</b><br />The house has been recently refurbished with the addition of a new storey at the top. We can also make a fourth bedroom available, for an additional fee (this additional bedroom has a brand new comfortable futon bed that is raised from the floor). One of the other three bedrooms has a bunk bed and would be ideal for two children (or young adults to share). However the size of the bunk beds is standard (i.e two adults could also sleep there)<br /><br /><b>Guest access", "host_name": "Marialuisa", "host_id": 38358803, "host_url": "https://www.airbnb.com/users/show/38358803", "host_picture_url": "https://a0.muscache.com/im/users/38358803/profile_pic/1437063337/original.jpg?aki_policy=profile_x_medium", "neighbourhood_cleansed": "Tower Hamlets", "latitude": 51.52921, "longitude": -0.0338, "property_type": "Entire home", "room_type": "Entire home/apt", "accommodates": 6.0, "bathrooms": "2.5", "bedrooms": 3, "beds": 4, "amenities": ["Oven", "Cleaning before checkout", "Hair dryer", "Dishes and silverware", "Essentials", "Patio or balcony", "Cooking basics", "Bed linens", "Carbon monoxide alarm", "Indoor fireplace", "Wifi", "Heating", "Coffee maker", "Dishwasher", "Backyard", "Long term stays allowed", "TV", "Microwave", "Refrigerator", "Iron", "Kitchen", "Stove", "Hot water", "Washer", "Smoke alarm", "Lockbox"], "price": 190.0, "number_of_reviews": 8.0, "number_of_reviews_showed": 9, "review_scores_rating": 4.63, "reviews": [{"date": "2019-07-29", "name": "Niccola", "review": "This is a nice, spacious house in a pleasant location with the real bonus of a pretty garden and roof terrace. Our hosts were super helpful in organising parking permits for us as we were staying in this specific location because of a nearby wedding and needed to come and go a lot. Mile End tube station is a pleasant walk away and there are great parks and canal walks, and lots of nice cafes, pubs and restaurants nearby. It worked really well for us."}, {"date": "2020-01-04", "name": "Melissa", "review": "We had a comfortable, cozy stay at Tom and Marialuisa's house. Much bigger and better value than a lot of other places for this price. Easy walk to the tube, and lots of fun things to do in the area. It was a very quiet neighborhood, and we walked home from the tube several times at night with no problems."}, {"date": "2021-08-20", "name": "Sue", "review": "Nice comfortable home with good amenities for a long term<br/>stay. convenient cool neighbourhood location 10mins walk to Mile End tube."}, {"date": "2021-10-29", "name": "Fabien", "review": "Maison tr\u00e8s confortable avec Le m\u00e9tro, le bus et une station de v\u00e9lo \u00e0 moins de 10 mn \u00e0 pied.<br/>Marialuisa et Tom sont vraiment tr\u00e8s gentils et sont tr\u00e8s r\u00e9actif et vous faciliterons votre s\u00e9jour.<br/>Je recommande vivement cette location.<br/>Fabien"}, {"date": "2022-04-10", "name": "Peter", "review": "A lovely place to stay, very homely and surprisingly quite considering the location.  Beds are comfortable with quality bedding.<br/>Accommodation is over three levels with lots of stairs, may not be ideal for people with mobility issues. Otherwise a very nice place to stay.<br/>Communication with host is excellent and host is supportive"}, {"date": "2022-04-19", "name": "Florian", "review": "We stayed as a family with 2 kids plus the kids' grandfather. It was a perfect stay.the house is impeccably clean, very comfortably located, and a great base to explore london's east end. highly recommend for families."}, {"date": "2022-08-16", "name": "Claire", "review": "Cosy house in a quiet neighborhood that is very accessible to touristy London.  The tube is 11 minutes away (according to online maps, my mother walks slower).  Some buses stop 3 minutes away.  Great house for families, unless someone has mobility issues.  Checkin was easy. <br/> <br/>Marialuisa answered all of our questions quickly, even though she was on vacation with her family (which is when she makes the house available on AirBnB)."}, {"date": "2022-08-23", "name": "Damien", "review": "La maison de Mairialouisa est tr\u00e8s bien situ\u00e9e, dans un quartier calme et \u00e0 une vingtaine de minutes du centre de Londres. nous avons appr\u00e9ci\u00e9 de rentrer dans la maison apr\u00e8s de longues journ\u00e9es de visite. la petite cour est tr\u00e8s agr\u00e9able et la maison est conforme aux photos. nous y avons pass\u00e9 une tr\u00e8s bonne semaine avec nos 2 enfants."}, {"date": "2023-04-11", "name": "Melanie", "review": "I will be forever indebted to Marialuisa for listing her home on airbnb. It is exactly what the core strength of Airbnb is: People who share their homes with others so that they can \"live like a local\" while on a vacation. Her home is cozy, well appointed and she has every detail covered to let guests know the 'house rules' (where items are, what areas to respectfully leave alone, how to work the stove, how the water heater works... all those nuances that a homeowner knows that a guest would not). <br/>She has a wonderfully detailed guide in the kitchen that outlined everything and more, plus little sticky notes around the home to help guide you. She left space in the fridge for us to use as well as a pantry area for other goods. There are shops nearby to stock up, pubs nearby and a tube station not far. You will absolutely adore this home as my family did."}]}