{"id": 10571604, "listing_url": "https://www.airbnb.com/rooms/10571604", "name": "Homely, bright double room in garden home", "description": "This bright and clean room is in a home with a garden, shared by two friendly cousins and our cat. Available while our other cousin is working abroad for a few months. Available to female guests only please.<br /><br />In a quiet residential area, 10mins walk from Kennington tube (5min tube journey from Waterloo).<br /><br /><b>The space</b><br />This bright, clean room is on the first floor of a very homely home to two cousins and a Tabby cat called Kevin. Available for female (single occupancy) guests only. <br /><br />This light double room includes a chest of drawers and clothing rail space for your things. There's also lots of storage under the bed and large shelves for anything you need. It has a large window looking out onto a quiet, residential street. <br /><br />The bathroom is shared by you, my cousin Rhian and me. It has a great power shower. Rhian and I work full-time so would use it between 7 and 8am and just before bed and typically never for very long. The toilet is a s", "host_name": "Hannah", "host_id": 1596330, "host_url": "https://www.airbnb.com/users/show/1596330", "host_picture_url": "https://a0.muscache.com/im/pictures/user/89d30bf6-f275-464a-aa0f-203b9ba08edd.jpg?aki_policy=profile_x_medium", "neighbourhood_cleansed": "Southwark", "latitude": 51.48416, "longitude": -0.10051, "property_type": "Private room in home", "room_type": "Private room", "accommodates": 1.0, "bathrooms": "1.5", "bedrooms": 1, "beds": 1, "amenities": ["Essentials", "Wifi", "First aid kit", "Washer", "Long term stays allowed", "Shampoo", "Fire extinguisher", "Smoke alarm", "Hair dryer", "Iron", "Carbon monoxide alarm", "Hangers", "Kitchen", "Heating"], "price": 17.0, "number_of_reviews": 17.0, "number_of_reviews_showed": 9, "review_scores_rating": 4.76, "reviews": [{"date": "2016-01-28", "name": "Ned", "review": "Hannah was very welcoming and completely reliable.  The room is a small double, but big enough and very cozy.  It was clean and tidy and came with a massive, soft towel.  Her house is just a few minutes' walk from Kennington tube, which whizzes you into town super fast.  Excellent value for money - especially for London.  Highly recommended."}, {"date": "2016-03-23", "name": "Jenny", "review": "Hannah and her sister India were very welcoming and friendly and I absolutely enjoyed my stay. Their house and the bedroom are small but there's everything you need. I found the bed very comfortable and warm, it was perfect for getting a good night's sleep after a long day in the city. I got a nice towel and Hannah was so kind to lend me her hair dryer as I hadn't brought my own. And if you like cats you will love their cat Kevin! It was the perfect accomodation for my 5-day-trip to London :).\r<br/>\r<br/>Hannah and India, thank you again for a lovely time!"}, {"date": "2016-04-02", "name": "Sarah", "review": "Hannah is very nice, and help you if you need informations.\r<br/>Small room but big enough with everything we need. \r<br/>Home with great localisation, close to the tube and the tower. \r<br/>Thank you Hannah."}, {"date": "2016-04-08", "name": "Corinne", "review": "I had a great time at Hannah's - she's a really thoughtful and relaxed person who treated me like an old friend. The house is very comfortable and I felt welcome to use the kitchen and living spaces. Hannah and I even went out one evening despite her being really busy with her job and own life! I loved the location as I was able to use the underground, buses and even the London bike hire scheme. It's close to central London, so all up it was a great success, thanks to Hannah!"}, {"date": "2016-04-16", "name": "Daniela", "review": "I stayed at Hannah\u2019s place for a week while I was on a brief research stay in London. Both Hannah and her sister India are very kind, welcoming, and helpful. The house is in a great location, so it is very easy to get to and from central London. Also, their place is in a very peaceful neighborhood, which was very suitable for me who needed to get a good night\u2019s sleep\uf04a! Hannah let me use the kitchen and other living spaces and made me feel at home from the first day. I also have to say Kevin, the cat, is very lovely. In short, this is a superb place if you visit London, so I really recommend it. If I go back to London I wouldn\u2019t mind staying at Hannah\u2019s again. Thank you very much, Hannah, you\u2019ve been very friendly!"}, {"date": "2016-04-27", "name": "Marina", "review": "\u042f \u043e\u0441\u0442\u0430\u043d\u0430\u0432\u043b\u0438\u0432\u0430\u043b\u0430\u0441\u044c \u0443 \u0425\u0430\u043d\u043d\u044b \u043d\u0430 \u043d\u0435\u0434\u0435\u043b\u044e. \u041e\u043d\u0430 \u043e\u043a\u0430\u0437\u0430\u043b\u0430\u0441\u044c \u043e\u0447\u0435\u043d\u044c \u043e\u0442\u0437\u044b\u0432\u0447\u0438\u0432\u043e\u0439 \u0438 \u0434\u043e\u0431\u0440\u043e\u0436\u0435\u043b\u0430\u0442\u0435\u043b\u044c\u043d\u043e\u0439 \u0445\u043e\u0437\u044f\u0439\u043a\u043e\u0439. \u041a\u043e\u043c\u043d\u0430\u0442\u0430 \u043c\u0430\u043b\u0435\u043d\u044c\u043a\u0430\u044f, \u043d\u043e \u0435\u0441\u0442\u044c \u0432\u0441\u0435 \u043d\u0435\u043e\u0431\u0445\u043e\u0434\u0438\u043c\u043e\u0435, \u0432\u043a\u043b\u044e\u0447\u0430\u044f 2 \u043e\u0442\u043b\u0438\u0447\u043d\u044b\u0445 \u043c\u044f\u0433\u043a\u0438\u0445 \u043f\u043e\u043b\u043e\u0442\u0435\u043d\u0446\u0430. \u0425\u0430\u043d\u043d\u0430 \u0442\u0430\u043a \u0436\u0435 \u043e\u0434\u043e\u043b\u0436\u0438\u043b\u0430 \u043c\u043d\u0435 \u0441\u0432\u043e\u0439 \u0444\u0435\u043d. \u041a\u043e\u0442\u0438\u043a \u0441\u043f\u043e\u043a\u043e\u0439\u043d\u044b\u0439 \u0438 \u0437\u0430\u043c\u0443\u0440\u0447\u0430\u0442\u0435\u043b\u044c\u043d\u044b\u0439. \u0420\u0430\u0441\u043f\u043e\u043b\u043e\u0436\u0435\u043d \u0434\u043e\u043c \u043e\u0447\u0435\u043d\u044c \u0443\u0434\u0430\u0447\u043d\u043e, \u0432 \u0442\u0438\u0445\u043e\u043c \u0440\u0430\u0439\u043e\u043d\u0435 \u043c\u0435\u0436\u0434\u0443 \u0441\u0442\u0430\u043d\u0446\u0438\u0435\u0439 \u043c\u0435\u0442\u0440\u043e \u0438 \u043e\u0436\u0438\u0432\u043b\u0435\u043d\u043d\u043e\u0439 \u0443\u043b\u0438\u0446\u0435\u0439, \u043f\u043e \u043a\u043e\u0442\u043e\u0440\u043e\u0439 \u0445\u043e\u0434\u0438\u0442 \u043c\u043d\u043e\u0433\u043e \u0430\u0432\u0442\u043e\u0431\u0443\u0441\u043e\u0432 \u0432 \u0446\u0435\u043d\u0442\u0440 \u0433\u043e\u0440\u043e\u0434\u0430 \u0438 \u043d\u0435 \u0442\u043e\u043b\u044c\u043a\u043e. \u0415\u0434\u0438\u043d\u0441\u0442\u0432\u0435\u043d\u043d\u044b\u043c \u043c\u0438\u043d\u0443\u0441\u043e\u043c \u0441\u0442\u0430\u043b\u043e \u0442\u043e, \u0447\u0442\u043e \u0432\u043e \u0432\u0440\u0435\u043c\u044f \u043c\u043e\u0435\u0433\u043e \u043f\u0440\u0435\u0431\u044b\u0432\u0430\u043d\u0438\u044f \u0432 \u041b\u043e\u043d\u0434\u043e\u043d\u0435 \u0431\u044b\u043b\u043e \u0434\u043e\u0441\u0442\u0430\u0442\u043e\u0447\u043d\u043e \u0445\u043e\u043b\u043e\u0434\u043d\u043e, \u0430 \u043e\u0442\u043e\u043f\u043b\u0435\u043d\u0438\u0435 \u0432 \u0434\u043e\u043c\u0435 \u0440\u0430\u0431\u043e\u0442\u0430\u043b\u043e \u0442\u043e\u043b\u044c\u043a\u043e \u043f\u043e \u0432\u0435\u0447\u0435\u0440\u0430\u043c, \u043a\u043e\u0433\u0434\u0430 \u0445\u043e\u0437\u044f\u0439\u043a\u0438 \u0431\u044b\u043b\u0438 \u0434\u043e\u043c\u0430. \u041f\u043e \u0443\u0442\u0440\u0430\u043c \u0436\u0435 \u0438 \u0432\u0435\u0447\u0435\u0440\u0430\u043c, \u043a\u043e\u0433\u0434\u0430 \u0438\u0445 \u043d\u0435 \u0431\u044b\u043b\u043e, \u0431\u044b\u043b\u043e \u043e\u0447\u0435\u043d\u044c \u0445\u043e\u043b\u043e\u0434\u043d\u043e. \u0422\u0430\u043a \u0447\u0442\u043e \u0441\u043e\u0432\u0435\u0442 \u0431\u0443\u0434\u0443\u0449\u0438\u043c \u043f\u043e\u0441\u0442\u043e\u044f\u043b\u044c\u0446\u0430\u043c - \u0435\u0441\u043b\u0438 \u0432\u044b \u043f\u043b\u0430\u043d\u0438\u0440\u0443\u0435\u0442\u0435 \u043e\u0441\u0442\u0430\u043d\u043e\u0432\u0438\u0442\u0441\u044f \u0432 \u044d\u0442\u043e\u043c \u0434\u043e\u043c\u0435 \u043a\u043e\u0433\u0434\u0430 \u043d\u0430 \u0443\u043b\u0438\u0446\u0435 \u043c\u0435\u043d\u044c\u0448\u0435 10 \u0433\u0440\u0430\u0434\u0443\u0441\u043e\u0432, \u0431\u0435\u0440\u0438\u0442\u0435 \u0441 \u0441\u043e\u0431\u043e\u0439 \u0442\u0451\u043f\u043b\u044b\u0435 \u043f\u0438\u0436\u0430\u043c\u044b :D \u0438 \u043d\u043e\u0441\u043a\u0438. \r<br/>I've  stayed at Hannah's place for 1 week. She was very helpful and friendly. The room is small but all-you-need is in. Nice big towel and a small one is included. Also Hannah lend her hairdryer as I had not brought my own. The cat is very calm and nice. The house is good located, not far from underground station and bus stop. Only one thing was not that great - it was rather cold during my stay in London, but the heating in the house was on only at evenings, when Hannah was at home. So, as for me, it was too cold in the house  in the mornings, and at the evenings when she and her sister were out. Small tip for the future guests - if you are going to stay at Hannah's place in a cold time of year, take warm pyjamas with you :D "}, {"date": "2016-05-28", "name": "Louise", "review": "I stayed with Hannah for 4 weeks when I first arrived in London. I found the house to have good facilities, and the cat is well behaved. I would not hesitate to recommend staying here. "}, {"date": "2016-06-11", "name": "Valentina", "review": "The host Hannah and her sister India  are so kindly .Its quite smoothly living in the house.You could use their kitchen freely cooking by yourself and sharing the washing machine with them.Hannah's sister India also gave me perfect suggestion on shopping and travel. Thus  the transpotation nearby is convenient.Nice  to live in their estate."}, {"date": "2016-06-19", "name": "Shayda", "review": "I loved staying here! Hannah was a great host, the place was adorable and just as described, and there was plenty of storage space too which is always nice. Very easy to get around too."}]}