{"id": 10570839, "listing_url": "https://www.airbnb.com/rooms/10570839", "name": "Modern apartment over looking the river in Hackney", "description": "My apartment is the perfect stay for anyone visiting London looking for a bit of tranquility in the city, whilst being extremely well connected to all the best sites and attractions London has to offer.<br /><br /><b>The space</b><br />I would like to welcome you to our lovely flat which overlooks the Lea River and Millfields Park in Clapton, Hackney. The Flat is perfect for anyone who wishes their stay in London to be peaceful whilst still having all of access and excitement of the city. <br /><br />The flat benefits from a 10 metre terrace with stunning views over the Lea River and Millfields Park and is a short walk to the near by marshes which offer a rare natural respite from the city. <br /><br />On that note, the city is very easy to access. Clapton overground station is a 10 minute walk from the flat and takes 15 minutes (3 stops) to Liverpool street which is one of the best access points for the city.<br /><br />I also own a coffee shop and a workspace in Hackney and would inv", "host_name": "Matt", "host_id": 22203565, "host_url": "https://www.airbnb.com/users/show/22203565", "host_picture_url": "https://a0.muscache.com/im/users/22203565/profile_pic/1412620227/original.jpg?aki_policy=profile_x_medium", "neighbourhood_cleansed": "Hackney", "latitude": 51.56347, "longitude": -0.0471, "property_type": "Entire rental unit", "room_type": "Entire home/apt", "accommodates": 4.0, "bathrooms": "2", "bedrooms": 2, "beds": 2, "amenities": ["Extra pillows and blankets", "Hangers", "Dishes and silverware", "Essentials", "Free parking on premises", "Shampoo", "Bed linens", "Carbon monoxide alarm", "Bathtub", "Wifi", "Heating", "Air conditioning", "Coffee maker", "Backyard", "TV", "Host greets you", "Microwave", "Refrigerator", "Iron", "Kitchen", "Breakfast", "Dedicated workspace", "Hot water", "Washer", "Elevator", "Smoke alarm", "Dryer"], "price": 137.0, "number_of_reviews": 34.0, "number_of_reviews_showed": 11, "review_scores_rating": 4.97, "reviews": [{"date": "2016-08-20", "name": "Alex", "review": "Great flat, awesome hospitality. "}, {"date": "2016-10-03", "name": "Liz", "review": "Matt was fantastic. Responded immediately and was most helpful. The apartment was terrific. Just perfect for us. We loved watching the river and park from the balcony. The beds were so comfortable and we had everything we needed. The bath was very luxurious. Our daughter lived near by so the area was perfect for us. Buses at your doorstep the train station ten minutes away and a park opposite.  To park in the complex was a real bonus. We definitely would stay there again. Thanks Matt "}, {"date": "2017-02-03", "name": "Michele", "review": "Matt has a lovely home. Communicating with him was very easy. He was there to meet me when I arrived and his apartment is really wonderful. Will definitely try and book it again. Thanks Matt."}, {"date": "2017-03-07", "name": "Robert", "review": "Matt's place is well fitted out, very clean and tidy with modern facilities. Matt was a great host, friendly and always available to assist us in all aspects of the local area. "}, {"date": "2017-03-17", "name": "Michele", "review": "This was the second time I have stayed at Matts lovely apartment and hopefully there will be many more times. Thanks Matt "}, {"date": "2017-04-17", "name": "Amanda", "review": "Loved Matt'said flat and would love to use again."}, {"date": "2017-07-06", "name": "Sue", "review": "Matt's apartment is ideally located in a modern secure complex with a delightful outlook. Adjacent buses provide efficient access to the centre of London, and the secure parking is an added bonus."}, {"date": "2017-07-20", "name": "David", "review": "Matt's place is exactly as advertised - clean, spacious, comfortable, well organized, with a terrific view of the river and all of its traffic."}, {"date": "2017-08-14", "name": "Sally", "review": "Matt's place is lovely, and just as described. We felt privileged to stay in his home for a long weekend. It is very comfortable, great location and wonderful views from the windows and balcony. Matt is great at communicating and rang us after we arrived to make sure we had got there and could find everything. The check in was well described and straightforward. Definitely recommended!"}, {"date": "2017-08-25", "name": "Joe", "review": "Matt's place was fantastic. It overlooks the beautiful River Lea and that is a great way to start your day.  The host was helpful and explained everything on checkin.  Would stay again in a heartbeat. Thanks"}, {"date": "2018-04-21", "name": "Kaushal", "review": "Amazing for the money you pay ,Easy to find and Matt is amazing in responses"}]}