{"id": 10585370, "listing_url": "https://www.airbnb.com/rooms/10585370", "name": "Architect designed 2-bed house in Stoke Newington", "description": "- 2 good double bedrooms with double beds (1 with spacious dressing table area)<br />- Fantastic location<br />- Architect designed home with beautiful designer furniture, polished concrete and wooden floors, well equipped kitchen<br />- Large bathroom with bath and shower<br />- Wonderfully light and airy - flooded with light<br />- Has a Sonos sound system <br />- Bifold doors opening onto private patio with table & chairs for guest use<br /><br /><b>The space</b><br />This 2 bedroom house was designed by the famous architect Elsie Owusu as an eco home, with glass murals by pop artist Peter Blake. <br /><br />The house is furnished with beautiful one off pieces by up and coming designers. The house has incredible light even on the greyest of days with amazing large windows and skylights throughout.<br /><br />Both very good sized bedrooms have double beds, one with a dressing area. There is a large bathroom with a bath and shower. <br /><br />Downstairs, the lounge, dining and kitche", "host_name": "Amy", "host_id": 22017672, "host_url": "https://www.airbnb.com/users/show/22017672", "host_picture_url": "https://a0.muscache.com/im/users/22017672/profile_pic/1412201760/original.jpg?aki_policy=profile_x_medium", "neighbourhood_cleansed": "Hackney", "latitude": 51.55422, "longitude": -0.08549, "property_type": "Entire home", "room_type": "Entire home/apt", "accommodates": 4.0, "bathrooms": "1", "bedrooms": 2, "beds": 2, "amenities": ["Essentials", "Wifi", "Washer", "Long term stays allowed", "Shampoo", "TV", "Smoke alarm", "Hair dryer", "Lockbox", "Iron", "Carbon monoxide alarm", "Dryer", "Hangers", "Kitchen", "Heating"], "price": 129.0, "number_of_reviews": 8.0, "number_of_reviews_showed": 8, "review_scores_rating": 5.0, "reviews": [{"date": "2016-03-10", "name": "Pablo", "review": "We really enjoyed our time there. Pretty nice house, two bedrooms, tons of light, easy instruction to get there and do the check-in and check-out. Fully equiped kitchen. Can't say a bad thing about it. Bus number 73 direct to downton is just 2 min away."}, {"date": "2016-03-16", "name": "Marc", "review": "Beautiful light filled flat, exactly as advertised.  Made for a perfect first time in London.  Thank you for hosting me Amy!"}, {"date": "2016-04-04", "name": "Ehud", "review": "Tha apartment is beautifully designed and furnished. Practically brand new . Equipped with the best appliances one can think of , and TV and sound system. Full two comfortable bedrooms upstairs with very spacious living room stylishly furnished at the entrance level.<br/>All cookware one may need is in place.<br/>For Stoke Newington lovers the location is perfect . Quiet street near everything that matters in Stoke Newington.<br/>The apartment is remotely managed and guests should rely on the very detailed instructions that Amy the host prepared and are available upon entry to the apartment. Amy the host is available by mail via Airbnb and respond promptly to all questions.<br/>We were two and we had the most pleasant experience we ever had with Airbnb before.<br/>Needless to say , next time we will first try Amy.<br/>Ilana and Ehud Kaufman <br/>"}, {"date": "2016-04-11", "name": "James", "review": "Amy's house was perfect for us whilst we were in London.  Her house is beautiful and natural light floods in through the many windows making the downstairs light and airy. We loved the open plan feel which let's you flow from one room to the next.  She left clear instructions for everything which helped us relax during our stay.  Fresh towels and bedding made us feel at home and her note for us to help ourselves to her tea and coffee made us feel very welcome.  We would love for Amy to host us next time we are in London."}, {"date": "2016-06-30", "name": "Linda  (Sieglinde)", "review": "We had a wonderful 4 week stay in Amy's beautiful, light, clean house, which is in a charming and convenient location in Stoke Newington. Amy welcomed us and during our stay responded immediately to any questions we had. The spiral staircase might not be suitable to everybody, but I can highly recommend the house and I am looking forward to return in the future."}, {"date": "2016-07-21", "name": "Caoimhe", "review": "Amy was extremely welcoming and amenable on the day of my parents arrival. We messaged briefly before also and Amy couldn't have been friendlier or more accessible. We arrived at the house and were thrilled with the layout and the location. The flat itself is beautifully decorated and it was the perfect place for my parents to stay. We even managed to have a couple of family dinners with my sister and 2 brothers (all grown-ups, most of the time) and it was a wonderful space to use as a base while we all were in town. I would absolutely recommend Amy's house and hospitality. We had a wonderful experience and I am sure that we will book again."}, {"date": "2016-09-18", "name": "Mark", "review": "We had a lovely 4 night stay at Amy's house. It's amazingly bright with daylight, very clean and tastefully furnished. It's in a great neighbourhood in walking distance to lovely shops, restaurants and a plethora of cafes. Amy was very attentive and responsive despite being away during our stay. Everything was very easy and smooth from checkin to checkout. I can highly recommend Amy's place!"}, {"date": "2016-09-29", "name": "Hunter", "review": "Amy's flat was wonderful, very comfortable and clean. The place is excellently situated in one of the best areas of London, surrounded by great restaurants an beautiful parks. I highly recommend a stay here whenever its free, Amy is an excellent host and very responsive with any questions. "}]}