{"id": 10609252, "listing_url": "https://www.airbnb.com/rooms/10609252", "name": "St Peter's Close - Near St. George's Hospital", "description": "Quality Accredited by The Association of Serviced Apartment Providers. Short term to medium term housing in a serviced apartment at Clapham South with fast wifi.Suitable for corporate housing and alternative accommodation for insurance relocation. Near St. George's Hospital, Madison Hill provides emergency accommodation in south west London.<br /><br /><b>The space</b><br />\u2022 Professionally managed<br />\u2022 Reliable guest support<br />\u2022 Telephone assisted  24/7 check-in using a key-safe<br />\u2022 Professionally cleaned with hotel-quality bed linen and towels<br />\u2022 Toiletries provided<br />\u2022 Complimentary teas, coffee, milk, sugar and biscuits<br /><br />It has one spacious bedroom with a double bed and good storage space.  <br />There is a second bedroom with a set of single bunk beds.<br />The bathroom has a bath with a shower over it.  <br />The open-plan living area has dining for four and a sofa bed.<br /><br />It has double-glazed window and central heating.<br />There is a well equip", "host_name": "Madison Hill London", "host_id": 54184847, "host_url": "https://www.airbnb.com/users/show/54184847", "host_picture_url": "https://a0.muscache.com/im/pictures/user/3ed82fa3-6e11-438a-bae0-fa229520dd24.jpg?aki_policy=profile_x_medium", "neighbourhood_cleansed": "Wandsworth", "latitude": 51.44048, "longitude": -0.171, "property_type": "Entire rental unit", "room_type": "Entire home/apt", "accommodates": 4.0, "bathrooms": "1", "bedrooms": 2, "beds": 3, "amenities": ["Extra pillows and blankets", "Oven", "Fire extinguisher", "Hair dryer", "Private entrance", "Hangers", "Dishes and silverware", "Essentials", "Outlet covers", "Free parking on premises", "Shampoo", "Baking sheet", "Cooking basics", "Bed linens", "Baby safety gates", "Carbon monoxide alarm", "Bathtub", "Shower gel", "Heating", "Wifi", "Coffee maker", "Dishwasher", "Long term stays allowed", "Pack \u2019n play/Travel crib", "TV", "Microwave", "Refrigerator", "Room-darkening shades", "Iron", "Kitchen", "Stove", "Dedicated workspace", "Hot water", "Washer", "Children\u2019s dinnerware", "Smoke alarm", "High chair", "Dryer", "Lockbox"], "price": 599.0, "number_of_reviews": 15.0, "number_of_reviews_showed": 7, "review_scores_rating": 5.0, "reviews": [{"date": "2016-03-03", "name": "Lorna", "review": "This is a beautifully presented flat. It's very well equipped with everything you could need for a short stay. Parking right outside and a wonderfully quiet location. We could've stayed for a month. We were staying with our two young sons and there was a travel cot, stair gate and high chair, which was super helpful. The host was readily available and helpful. Would highly recommend. "}, {"date": "2016-04-02", "name": "Dale", "review": "Julie was so easy to deal with. Always fast to respond, very helpful and also flexible. \r<br/>\r<br/>The house itself is very cute, particularly the loft master bedroom. It has four windows/skylights that allow you to look up at the stars from bed and also open to let in the night air and sounds of birds chirping. \r<br/>\r<br/>The location is great, easy walking distance to the common and village. We were on foot the entire time and it was never a problem...even for our 5 year old. The commute to the city was simple, which is surprising when you consider the fact you can hear farmyard animals in the distance. \r<br/>\r<br/>We required accommodation for one week before our lease in North London started...we seriously considered finding an alternative place in and around the common. We plan to visit the area regularly. \r<br/>\r<br/>The only potential downside to the house itself would be the tight stairs to the loft. This was a none issue for us (or anyone able bodied), however should be considered if mobility is a problem. "}, {"date": "2016-06-01", "name": "Heather", "review": "This is a great AirBnb!! First, a nice cute garden to sit in during the day to take in some sun (I enjoyed the people watching), however it is nestled in a close (I equate this to a cul-de-sac), so very little street traffic comes back, but there is a nice walking path near the home. Up the stairs on the first floor is the kitchen/living room combination. The couch is nice and comfy, and the tv is big enough to enjoy a nightly movie with the family. There is also a dinning table for four available in the room. The kitchen is full service (all accessories you could dream of are available for use). The bathroom has a nice shower/tub combo. The first bedroom has roomy bunk beds for two. The final bedroom is up in a beautiful loft. Lots of space for luggage/clothes in the wardrobes. The flat is close to the tube (10 min walk), but closer to the underground/buses is you prefer these transportation options. Finally, the hosts of this flat are kind, welcoming, and friendly to newbies to the area:) Would stay again, and again."}, {"date": "2017-02-20", "name": "Magda", "review": "Fantastic flat, exactly as described. Easy communication with Julie, who made sure the heating was on when we arrived, late on a freezing night, and offered to put up a stair gate for the children. Check in was very easy and flexible.  The parking space is very close to the front door. It was a great base for 2 adults and 2 small children to spend half term visiting local friends and family, and also for Neil to commute to work on the Northern Line. The main bedroom is stunning, with 4 skylights. The flat is extremely well equipped."}, {"date": "2017-03-12", "name": "Liam", "review": "Lovely accommodation. Well looked after. My team were really happy with the accommodation\u200b and the size of the place."}, {"date": "2017-06-19", "name": "Juan", "review": "We enjoyed our experience in Madison's place. It is a nice, cozy, and clean apartment in a quiet neighorhood. Would love to stay again when we visit London again."}, {"date": "2017-07-14", "name": "Kathryn", "review": "Comfortable place in quiet location. Excellent response and assistance from owners"}]}