{"id": 10623801, "listing_url": "https://www.airbnb.com/rooms/10623801", "name": "Beautiful home-PERFECT FOR FAMILY!", "description": "Stunning place super close to central London. 3 spacious bedrooms and 3 bathrooms, big kitchen and sunny leaving room. Plenty of toys for children and a cot for a baby. Shops and parks minutes from home. Leafy street. Victorian property. Close to Westfield shopping centre, Kew Gardens, Notting Hill, hydepark<br /><br /><b>The space</b><br />We live in a Edwardian purpose build maisonette. We have converted the loft space to create two on suite bedrooms. The flat is architectural designed and is light and airy. The character and furnishings are sympathetic to the period property. It feels like a house with its own entrance open plan kitchen diner and a separate living room. It is a comfortable space for large groups and families. Lots of toys for all ages and even lego for grown ups! Lovely quiet area with great amenities and local restaurants on our doorstep.<br /><br /><b>Guest access</b><br />We have our own south east facing Garden for sunny days and a gas BBQ should you want to do ", "host_name": "James", "host_id": 32391288, "host_url": "https://www.airbnb.com/users/show/32391288", "host_picture_url": "https://a0.muscache.com/im/pictures/user/87e6f138-8bd6-41d9-a852-3263de1d3276.jpg?aki_policy=profile_x_medium", "neighbourhood_cleansed": "Ealing", "latitude": 51.49885, "longitude": -0.26705, "property_type": "Entire rental unit", "room_type": "Entire home/apt", "accommodates": 6.0, "bathrooms": "3", "bedrooms": 3, "beds": 4, "amenities": ["Oven", "Hair dryer", "Private entrance", "Hangers", "Crib", "Dishes and silverware", "Luggage dropoff allowed", "Essentials", "Patio or balcony", "Shampoo", "Cooking basics", "Bed linens", "Paid parking on premises", "Carbon monoxide alarm", "Bathtub", "Wifi", "Heating", "Children\u2019s books and toys", "Coffee maker", "Dishwasher", "Long term stays allowed", "Pack \u2019n play/Travel crib", "TV", "Host greets you", "Microwave", "Refrigerator", "Room-darkening shades", "Iron", "Kitchen", "BBQ grill", "Stove", "Dedicated workspace", "Hot water", "Washer", "Private fenced garden or backyard", "Children\u2019s dinnerware", "Smoke alarm", "High chair"], "price": 280.0, "number_of_reviews": 41.0, "number_of_reviews_showed": 15, "review_scores_rating": 4.85, "reviews": [{"date": "2016-08-08", "name": "Agathe", "review": "Karolina and James are very pleasant people and took the time to explain everything. They were also available on the phone during the stay for any questions. Their house is lovely; recently renovated with lots of natural light and a garden. Both the kitchen and the living room are good spaces for a group to hang out (along with the garden of course). There are 2 double bedrooms and 1 bedroom with bunk-beds, and 3 bathrooms - which is quite rare, and convenient. The neighbourhood is quiet in a good way - there are also cafes and restaurants within walking distance. We would rent their house again."}, {"date": "2016-10-23", "name": "Deb", "review": "We loved James' family home. It was really spacious and light and spotlessly clean. The beds were really comfortable. The kitchen was lovely.  It felt just like a home from home. The great shops and restaurants on Chiswick High Road are less than a ten minute walk away. Communication was great and straightforward. \r<br/>I highly recommend it.\r<br/>"}, {"date": "2016-12-28", "name": "Raffaella", "review": "James and Karolina have been perfect hosts, extremely kind and welcoming. Their apartment is exactly as described, large, well-equipped,  very nice and clean. The neighborhood is quiet but also full of pubs and shops. The house is very near the terminus of bus 94, perfect for several metro stations and the city center. We definitely recommend it."}, {"date": "2017-04-23", "name": "Matthew", "review": "James was a great host and communicated and responded brilliantly.  The house was just what we needed and we aren't the easiest family to accomodate with 4 children of varying ages."}, {"date": "2017-06-18", "name": "Wes", "review": "Lovely home, excellent communication. Thanks! "}, {"date": "2017-07-07", "name": "Loren", "review": "This house will suit a family who is keen to have an authentic 'living in London' experience.  A wonderful classic pub at the end of the street in a nice suburban area - not too far to get into London, and wonderful to come home and escape the crowds and chaos.  House has lovely decor, a dvd player in every room and great wifi!   It very much has an authentic 'lived in' feeling - you feel more like you live there the moment you arrive, rather than being a tourist.  "}, {"date": "2017-07-11", "name": "Amy", "review": "Stayed in James house with our 2 young boys. Quite spacious which was good when you have young kids. Easy to walk to nearby train station"}, {"date": "2017-07-20", "name": "Val", "review": "We had a great stay at James and Karolina's place. It was on a lovely quiet leafy street but less than a ten minute walk to the underground station. James and Karolina were both really helpful with all of our queries. We had a great time staying there and would happily stay there again, really felt like home from home! "}, {"date": "2017-09-02", "name": "Ivone", "review": "It's a very spacious family home with everything you need, situated in a very nice area, close to public transport, parks, restaurants and cafes.<br/>James and Karolina were very helpful and friendly. I would recommend staying at their place if you want somewhere nice and quiet after a busy day in Central London."}, {"date": "2017-09-19", "name": "Ivone", "review": "This is the second time my family and I stayed at James and Karolina's place. As mentioned before, it's a very nice house and we would definitely stay there again."}, {"date": "2017-10-01", "name": "Simon", "review": "James is a fantastic host and you find everything excacely as advertised. I'd go there again anytime :-)"}, {"date": "2017-10-15", "name": "Jilly", "review": "Fantastic house and super hosts. Amazing for families and the house is just beautiful, in excellent location and lovely area. Definitely highly recommend!"}, {"date": "2017-10-30", "name": "Agathe", "review": "This was the second time I was renting out this lovely home for friends/family visiting. Communication was great and my relatives had a good stay. It was very comfortable and conveniently located. I would recommend this home to family and groups."}, {"date": "2017-12-28", "name": "Joy", "review": "James always gave quick responses to our inquiries. His home was lovely and comfortable, and in a quiet neighborhood. Easy to walk to the train, bus, parks, shopping. We really enjoyed our stay!"}, {"date": "2018-06-18", "name": "Tom And Sarah", "review": "We had a wonderful stay at James' house. He met us on arrival and was most helpful. The house had great amenities and was well equipped for our 2 young kids. The street was quiet but a short stroll to 2 fantastic foodie pubs and the high street shops. Chiswick is a great place to base yourself in London. Would highly recommend."}]}