{"id": 10624568, "listing_url": "https://www.airbnb.com/rooms/10624568", "name": "Double bedroom in Lovely House", "description": "<b>The space</b><br />Great Ealing Location. Completely modernised house with all appliances, stunning new kitchen & bathroom. Great location perfect for both tourists and business users. 20 mins from Heathrow and on both Central and Picadilly tube lines (5min walk).", "host_name": "Myron", "host_id": 53948860, "host_url": "https://www.airbnb.com/users/show/53948860", "host_picture_url": "https://a0.muscache.com/im/pictures/user/7b20d36b-1328-458e-8669-97a40feb3c59.jpg?aki_policy=profile_x_medium", "neighbourhood_cleansed": "Ealing", "latitude": 51.50923, "longitude": -0.29491, "property_type": "Private room in home", "room_type": "Private room", "accommodates": 2.0, "bathrooms": "1", "bedrooms": 1, "beds": 1, "amenities": ["Essentials", "Wifi", "First aid kit", "Washer", "Long term stays allowed", "Shampoo", "TV with standard cable", "Fire extinguisher", "Smoke alarm", "Hair dryer", "Iron", "Carbon monoxide alarm", "Dryer", "Hangers", "Kitchen", "Cable TV", "Heating", "Lock on bedroom door"], "price": 30.0, "number_of_reviews": 5.0, "number_of_reviews_showed": 5, "review_scores_rating": 5.0, "reviews": [{"date": "2016-02-01", "name": "Natalia", "review": "Myron was a great host and very accommodating. He met us to check in at the absolutely gorgeous house that has just been completely rebuilt. We were literally the first people to stay at the house since it was done. Everything was completely new and the house was immaculately clean as you would expect. The decorating was tastefully done and I especially liked the kitchen and bathroom. Again both brand new and both with under floor heating, a very pleasant surprise indeed!<br/> Additionally the house is in a great location very close to both Ealing common on the Picadilly line and Ealing Broadway on the Central line which came in very handy with travel plans. <br/> Also it's a stones throw from the Grange pub and Charlotte's Place resturant which we popped into as despite the enticing kitchen we didn't feel like cooking.  Both were absolutely lovely with the food in the resturant great and the pub beautifully decorated with a lovely relaxed atmosphere. All in all absolutely great stay and only a shame it was so short. This will now be my go to place when in London. Fingers crossed it will be available next time!"}, {"date": "2016-02-08", "name": "Ruben", "review": "Indeed a lovely house, with a modern kitchen, bath room, living room and bedrooms (entire place was newly refurbished). Located in a small, quiet street and still a short walking distance from Ealing Common as well as Ealing Broadway. Would love to stay there again some time!"}, {"date": "2016-02-09", "name": "Yulia", "review": "Absolutely lovely house. Everything was so new and clean. Great hosts, will definitely request to stay there again when visiting London. Thanks for the great trip."}, {"date": "2016-04-20", "name": "Gareth", "review": "House was stunning. All done to the highest standards. Room was great and bed very comfortable. Location was great to. "}, {"date": "2016-04-27", "name": "Andrew", "review": "Great place, really good communication. Thanks guys. "}]}