{"id": 1063188, "listing_url": "https://www.airbnb.com/rooms/1063188", "name": "Beautiful quiet house in London's finest location!", "description": "This lovely, artsy home is in a private road in Primrose Hill, just a few steps from trendy caf\u00e9s & shops. It combines elegance, exclusivity, and a casual, relaxed feel with all the quirky charm of an old, historic property. Right next to Regents Park, the Roundhouse (where the Apple Music Festival happens), Camden Market, London Zoo and perfect for art and culture lovers. Great for public transport. Bedroom, bathroom, kitchen, study, huge double-height living space - all for you!<br /><br /><b>The space</b><br />This exceptional home was historically an artist's studio, one of twelve houses specially built for British artists to live and work in, in the mid-19th century. Accessed through a private road and charming courtyard, the Primrose Hill Studios enclave is one of London\u2019s hidden jewels, rich in cultural history. Many of Britain\u2019s leading artists have lived here, including J.W. Waterhouse, Arthur Rackham, and \u2013 more recently \u2013 John Hoyland and Patrick Caulfield.<br /><br />Once i", "host_name": "Sara", "host_id": 5852153, "host_url": "https://www.airbnb.com/users/show/5852153", "host_picture_url": "https://a0.muscache.com/im/users/5852153/profile_pic/1365544551/original.jpg?aki_policy=profile_x_medium", "neighbourhood_cleansed": "Camden", "latitude": 51.53955, "longitude": -0.15455, "property_type": "Entire home", "room_type": "Entire home/apt", "accommodates": 4.0, "bathrooms": "1", "bedrooms": 1, "beds": 3, "amenities": ["Extra pillows and blankets", "First aid kit", "Barbecue utensils", "Aesop body soap", "Mosquito net", "Fire extinguisher", "Hair dryer", "Wine glasses", "Baby bath", "Dining table", "Private entrance", "Hangers", "Table corner guards", "Cleaning products", "Dishes and silverware", "Luggage dropoff allowed", "Essentials", "Stainless steel oven", "Outlet covers", "Patio or balcony", "Shampoo", "TV with standard cable", "Outdoor furniture", "Baking sheet", "Cooking basics", "Sound system", "Bed linens", "Pour-over coffee", "Carbon monoxide alarm", "Bathtub", "Shower gel", "Clothing storage: dresser", "closet", "and wardrobe", "Indoor fireplace", "Free driveway parking on premises \u2013 1 space", "Heating", "Wifi", "Children\u2019s books and toys", "Coffee maker", "Free dryer \u2013 In unit", "Dishwasher", "Backyard", "Pack \u2019n play/Travel crib", "Long term stays allowed", "Hot water kettle", "Microwave", "Portable fans", "Refrigerator", "Room-darkening shades", "Outdoor dining area", "Iron", "Kitchen", "Drying rack for clothing", "Stove", "Toaster", "Conditioner", "Paid street parking off premises", "Dedicated workspace", "Hot water", "Board games", "Children\u2019s dinnerware", "Smoke alarm", "Free washer \u2013 In unit", "Ethernet connection", "High chair", "Laundromat nearby", "Lockbox", "Cable TV", "Freezer"], "price": 400.0, "number_of_reviews": 97.0, "number_of_reviews_showed": 6, "review_scores_rating": 4.97, "reviews": [{"date": "2015-09-28", "name": "Amelia", "review": "We had a wonderful week in Sara's beautiful home! It is exactly as the pictures show - stylish, impeccably designed & with all the comforts of home.\r<br/>A magical location in a fantastic area - we very much enjoyed staying here & exploring the local area as well as the usual London tourist sights.\r<br/>Sara is a great host - arrival instruction were easy & straightforwrd, all features of the home well explained in welcome handbook, and when required Sara was easily contacted & a good communicator. \r<br/>We would definitely stay here again! "}, {"date": "2016-02-10", "name": "Michael", "review": "Five stars!\r<br/>Absolutely fantastic. A beautiful and (very) spacious one bedroom apartment in a great location \u2013 with lots of light and high ceilings. Great kitchen with everything you need. Large living area and a very comfortable bedroom. \r<br/>And quiet. Located at the end of a mews-style lane I heard nothing in three days. Something I really appreciate when travelling and perhaps needing a lie-in!\r<br/>Ample linen and towels, crockery, etc. And a washing machine. Wifi was great.\r<br/>Sara stayed in contact throughout \u2013 another plus for me. She was extremely helpful which I always appreciate with an Air BnB stay.\r<br/>I really can't recommend this one highly enough. Having done many Air BnBs in the last two years, this one immediately slips into my top three! \r<br/>If you want a truly elegant and comfortable stay, this a perfect choice.\r<br/>Thanks Sara!"}, {"date": "2016-02-22", "name": "Sofka", "review": "Sara's house is an exceptional and beautiful place, tucked away in a wonderful area of London. Sara was always helpful and we immediately felt at home in this elegant Victorian artist's studio. The house is stylish and comfortable with attention to detail that make it a pleasure to stay in."}, {"date": "2016-03-01", "name": "Catherine", "review": "Tres joli quartier, tr\u00e8s calme et charmant, lieu propre et accueillant"}, {"date": "2016-03-17", "name": "Anne", "review": "This is a lovely flat very comfortable very close to Regent Park and 5 minutes walk to Camden Town. We enjoy very much our stay and Sara is a very good host who has a lot of attention and kindness.  Five stars."}, {"date": "2016-03-22", "name": "Elizabeth", "review": "We arrived to a warm welcome at Sara's beautiful, light-filled Primrose Hill studio. Every need and comfort was anticipated. After hectic days of sight-seeing, it was such a joy to retreat to this beautiful space and restore our energy with a fantastic night's sleep on the most comfortable beds ever! High-quality linens, pillows, and towels, plenty of space, beautiful architecture, and a village-y neighborhood: we couldn't have been happier and more at home!\r<br/>\r<br/>PS just blocks from the underground, shops, cafes & restaurants, and beautiful Regent's Park"}]}