{"id": 10645950, "listing_url": "https://www.airbnb.com/rooms/10645950", "name": "1 bed balcony flat in the heart of Hackney", "description": "Beautiful spacious 1 bedroom flat close to Hackney Downs park in the heart of London's vibrant Hackney.<br />Amenities include parks and canal ways, Broadway market and Dalston restaurants and bars. Only half an hour from the centre of London.<br /><br /><b>Guest access</b><br />The whole flat is available for your stay and the space will be yours entirely, you won't be sharing with anyone. Please note that I live here and offer it for accommodation when I'm away, so you're very much staying in a home.<br /><br />Keys are to be collected and returned from a local pub \u2013 a few mins walk from the flat and great spot for a beer! The manager will know to expect you.", "host_name": "Katie", "host_id": 30822785, "host_url": "https://www.airbnb.com/users/show/30822785", "host_picture_url": "https://a0.muscache.com/im/pictures/user/5f39f146-09e5-4b03-9e9c-08c8913a99ec.jpg?aki_policy=profile_x_medium", "neighbourhood_cleansed": "Hackney", "latitude": 51.55035, "longitude": -0.06087, "property_type": "Entire rental unit", "room_type": "Entire home/apt", "accommodates": 2.0, "bathrooms": "1", "bedrooms": 1, "beds": 1, "amenities": ["Oven", "Hair dryer", "Hangers", "Dishes and silverware", "Essentials", "Cooking basics", "Single level home", "Bed linens", "Wifi", "Heating", "Coffee maker", "Long term stays allowed", "TV", "Refrigerator", "Private patio or balcony", "Iron", "Kitchen", "Stove", "Dedicated workspace", "Hot water", "Washer", "Paid parking off premises", "Elevator", "Smoke alarm"], "price": 125.0, "number_of_reviews": 23.0, "number_of_reviews_showed": 15, "review_scores_rating": 5.0, "reviews": [{"date": "2016-02-21", "name": "Vicki", "review": "Katie was a lovely host and the flat is just perfect. It's compact in size but really well designed so you have everything you need close to hand. Real good shower and the bed is super comfy, the balcony is also a real bonus. Love all the funny little touches all around the house, lots to look at!\r<br/>Great area in funky Hackney although slightly terrifying trying to cross the road! 5 mins to the overland which is really regular.\r<br/>Katie showed us round and gave us some recommendations for the local area which was great. Would definitely come back. "}, {"date": "2017-03-27", "name": "Annabel", "review": "We really enjoyed our stay in Katie's apartment. It is a lovely space, clean and tidy, with everything you need. Katie was excellent at communicating with us and flexible with check in/ check out arrangements which was much appreciated. Thank you Katie"}, {"date": "2017-04-02", "name": "Filip", "review": "A really lovely little hideaway in the middle of Hackney. Made our stay in London so comfortable and cosy. And Katie made sure we felt superwelcome and at home straight away. She also made sure we had all the info needed to enjoy our stay to the fullest! Such a great host :) "}, {"date": "2017-09-16", "name": "Trudi", "review": "Great location for getting in to the city every day. Nice little sunny balcony to relax on at end of the day. Good supermarkets etc near by."}, {"date": "2018-07-01", "name": "Maria", "review": "Katie\u2019s home was everything we expected and so much more. We felt so welcomed during our stay and truly felt like a local. The neighborhoods nearby offered so many great places to eat, shop and drink. Would highly recommend and stay here again!"}, {"date": "2019-04-21", "name": "Maggie", "review": "Great in every way! Definitely going back!"}, {"date": "2019-05-26", "name": "Stephen", "review": "Katie couldn't have been more hospitable or welcoming and her flat is gorgeous. <br/>Anyone booking will not be disappointed!"}, {"date": "2019-08-27", "name": "Bronwyn", "review": "The space is brilliant, I just loved this flat.  Very clean and such a cool place.  It is also a surprising oasis and calm amongst the 'busy-ness' of Hackney.   Katie was so accommodating and provided lots of local tips too.  Would highly recommend!"}, {"date": "2019-08-31", "name": "Sif", "review": "Cosy flat in an excellent location in the heart of Hackney. Katie was a fantastic host, and responded promptly to our requests. Highly recommended."}, {"date": "2019-09-15", "name": "Mark", "review": "Katie's place is a really lovely home. Everything is very well thought out and the overall effect is very relaxing."}, {"date": "2019-10-11", "name": "Shagita", "review": "Katie\u2019s place is exactly as described in the pictures. It is cosy, comfortable and charming. The location is ideal-close to transport routes and the area is great. Katie was very responsive to queries, made sure we checked-in without issues and was flexible with check-in and check-out times. Great stay!"}, {"date": "2019-12-28", "name": "Jennifer", "review": "We stayed at katie\u2019s flat over christmas and loved it so much. The flat is lovely and cosy with such beautiful design it had everything we needed.<br/>We found the area close to where we wanted to be - london fields, dalston etc.<br/>We would love to stay again. <br/>Katie was very helpful in providing all the info needed, would definitely recommend.<br/>Thank you!"}, {"date": "2020-02-16", "name": "Rachael", "review": "What a treat! Ideal location, so homely and comfortable. It has everything you could need and Katie was fantastic to communicate with - super speedy and always helpful replies.<br/>Despite being located right next to a busy junction, the flat (and the bedroom) is nice and quite. The bed is super comfortable and the shower pressure is soooo good. Couldn't fault our stay at all.<br/>Highlight was how beautiful the flat is. I wanna live here! Would definitely stay again."}, {"date": "2021-06-24", "name": "Gal", "review": "Katie was great, very available and helpful. The apartment is lovely and in a cool place of hackney full of vegan and eco-friendly choices. we will definitely want to come back!"}, {"date": "2021-09-19", "name": "Polly", "review": "Gorgeous flat. Immaculately clean. Homely but not cluttered. A real delight. <br/>Hackney downs station on doorstep. Would stay again."}]}