{"id": 10646763, "listing_url": "https://www.airbnb.com/rooms/10646763", "name": "Lovely room in HerneHill with private bathroom", "description": "Female guests only.  Bright and calm loft room with super comfortable double sofa-bed, exclusive use of recently renovated bathroom. In large and lovely family house (2 adults, 2 children: aged 14 and 17 years old, plus Casper, the most elegant cat in London). Located in Herne Hill, near central London  (only a 10 mins train journey to Victoria station or 15 mins train journey to London Bridge). Great travel links into the city (tube/train/bus).<br />Continental breakfast and yoga mat included.<br /><br /><b>The space</b><br />The house was built in 1900 and is a gorgeous  Victorian terraced house, it has 3 floors, 5 bedrooms and a garden. Comfortable and modern house with all amenities. Our guest room, with a super comfy double sofabed is located on the top floor with a lovely view of Herne Hill and a  private bathroom.<br /><br /><b>Guest access</b><br />You will have exclusive access to the bathroom next door, the kitchen, the garden and lounge areas. Plus laundry facilities (washin", "host_name": "Anamaria", "host_id": 17282737, "host_url": "https://www.airbnb.com/users/show/17282737", "host_picture_url": "https://a0.muscache.com/im/pictures/user/d245c359-e822-453a-b815-afb8af651810.jpg?aki_policy=profile_x_medium", "neighbourhood_cleansed": "Southwark", "latitude": 51.45471, "longitude": -0.09492, "property_type": "Private room in home", "room_type": "Private room", "accommodates": 1.0, "bathrooms": "1", "bedrooms": 1, "beds": 1, "amenities": ["Extra pillows and blankets", "First aid kit", "Oven", "Fire extinguisher", "Hair dryer", "Clothing storage: dresser", "Wine glasses", "Dining table", "Hangers", "Cleaning products", "Dishes and silverware", "Luggage dropoff allowed", "Essentials", "Shampoo", "Cooking basics", "Bed linens", "Paid parking on premises", "Bathtub", "Trash compactor", "Wifi", "Heating", "Coffee maker", "Dishwasher", "Backyard", "Hot water kettle", "Microwave", "Refrigerator", "Host greets you", "Iron", "Body soap", "Kitchen", "Stove", "Toaster", "Breakfast", "Dedicated workspace", "Hot water", "Washer", "Smoke alarm", "Dryer", "Freezer"], "price": 58.0, "number_of_reviews": 66.0, "number_of_reviews_showed": 9, "review_scores_rating": 4.95, "reviews": [{"date": "2016-02-13", "name": "Ina", "review": "Anamaria made me feel very welcome and always helped me out whenever I needed anything. She and her family are really friendly, open minded, very easygoing and helpful people. \r<br/>They\u00b4re living in a big house with garden and the guest room is on the top floor.\r<br/>The room is spacious, with enough storage space and a separate bathroom which I could use for my own. Everything is very clean and stylish furnished. There\u00b4s a bus stop very close by, also a train station and everything else you need is not far.\r<br/>I did enjoy my stay in Herne Hill very much and can only recommend staying at Anamaria\u00b4s house. I can guarantee you\u00b4re going to have a great time!"}, {"date": "2016-04-29", "name": "Kate", "review": "I had an absolutely amazing experience staying with Anamaria and her family. The room is stylish and modern and I had use of my own private bathroom with a bath! The place is located in a nice neighbourhood close to the bus and overground. I felt welcomed into their home the minute I walked in. I can't thank Anamaria, her husband and her two beautiful children enough for their hospitality. "}, {"date": "2016-06-14", "name": "Katie", "review": "Anamaria, Bernie, Daniel and Isabella are such a wonderful family to stay with! I felt very welcome and a part of the family as soon as I arrived. The house was not only beautiful but very clean and had very easy access to a variety of London/greater London areas via transit. Bernie and Anamaria were especially helpful to during my first time in London by suggesting food, sightseeing and festivals throughout the city. Couldn't have been happier with the room and my own private bath. The family interactions only made the stay more enjoyable! Would highly recommend staying with this family and their wonderful AirBnB!"}, {"date": "2016-06-25", "name": "Jen", "review": "I have never felt more welcome at an AirBnB! And left feeling lucky to have been Anamaria and Bernie's guest.  They have a gorgeous home and the guest space is perfectly arranged and private.  The room and sofa bed (better than many \"real\" beds) were clean and comfy, the dedicated guest bathroom a treat.  Great internet, a lovely breakfast, kind hosts, a cool neighborhood with a park -- this AirBnB is an absolute gem!  Thank you for a great stay!     "}, {"date": "2016-07-21", "name": "Po Yee", "review": "It is a good experience staying with a lovely family. They are kind, nice and welcomed. The house is tidy and beautiful.<br/>Thank you suggesting me to download and use Citymapper, which is very useful for me to take the transports. That's why, I can use my time well. The transportation is easy to access. The location of house is  safe, quiet and convenient. The house is really same as the photos. It is really tidy and clean. I love it! They also prepared space in fridge although I didn't use it. The bed is good. Don't worry about it is a sofa bed.<br/>I love this family because they are really nice and caring. They also gave me some suggestions and shared a lot with me. Of course, they provided privacy to me as well. And, their children are lovely and polite. I really appreciated their attitude.<br/>Thanks for all preparation, welcome and sharing!"}, {"date": "2016-09-15", "name": "Bronwyn", "review": "I was made very welcome by Anamaria and her family.  Directions to and from the city were easy with convenient local shopping.  The room was great and I enjoyed sharing my London experience with such a wonderful family.  The room was comfortable and private.  Perfect hosts who made the trip so much more enjoyable.  \r<br/>"}, {"date": "2016-09-25", "name": "Anna", "review": "I had a very nice and restful stay at Anamaria's. Having a private bathroom is very convenient, there's a cat who purrs as you come in the door, and the house and street are beautiful. Thanks for a lovely stay!"}, {"date": "2016-10-05", "name": "Man Yi", "review": "Anamaria\u8ddf\u5979\u7684\u5bb6\u4eba\u90fd\u5f88\u53cb\u5584 :-D! \u5979\u77e5\u9053\u6211\u662f\u7b2c\u4e00\u6b21\u7368\u81ea\u51fa\u9580\u65c5\u884c\uff0c\u6240\u4ee5\u5f88take care\u6211\uff0c\u5373\u4f7f\u665a\u4e0a11\u6642\u591a\u90fd\u9858\u610f\u5728\u8eca\u7ad9\u63a5\u6211\uff0c\u9084\u5728\u96fb\u8a71\u6559\u6211\u5982\u4f55\u7528\u5feb\u4e00\u9ede\u7684\u65b9\u6cd5\u4e58\u8eca\u5230\u5979\u7684\u5bb6\u3002\r<br/>\u623f\u9593\u548c\u79c1\u4eba\u6d74\u5ba4\u90fd\u5f88\u4e7e\u6de8\uff0c\u6574\u5e62\u623f\u5b50\u90fd\u5f88\u53ef\u611b\uff0c\u518d\u4f86London\u7684\u8a71\u6211\u6703\u518d\u5165\u4f4f\u7684\u3002"}, {"date": "2016-10-23", "name": "Kathleen", "review": "I had a thoroughly lovely time staying with Anamaria and her beautiful family. They were welcoming, greeted me everyday with a smile, and offered assistance and suggestions to aid my stay in London. The house and room are just as lovely as shown in the pictures, I loved staying there. I would recommend them to anyone."}]}