{"id": 10666636, "listing_url": "https://www.airbnb.com/rooms/10666636", "name": "White Hill House 5 - Serviced Apartment Clapham", "description": "Family friendly short term home in a serviced apartment at Clapham South with fast wifi, comfortable networked workspaces and flexible bedding configuration. Large sunny roof-top terrace with gas BBQ.<br />Suitable for corporate housing and insurance relocation accommodation. Near St. George's Hospital, Madison Hill provides emergency accommodation in south west London.<br /><br /><b>The space</b><br />Madison Hill London is a member of The Association of Serviced Apartment Providers (ASAP) and have operated in the Balham and Clapham area for 10 years. We\u2019ve held our membership since 2016.<br /><br />The International Serviced Accommodation Accreditation Process (ISAAP) is the leading global provider of quality assessment for serviced accommodation. We have been accredited since inception.<br /><br />You can Stay with Confidence, knowing we meet legal and safety standards and have achieved ISAAP 2020 Infection Control accreditation.<br /><br />\u2022 Professionally managed<br />\u2022 Reliable g", "host_name": "Madison Hill London", "host_id": 54184847, "host_url": "https://www.airbnb.com/users/show/54184847", "host_picture_url": "https://a0.muscache.com/im/pictures/user/3ed82fa3-6e11-438a-bae0-fa229520dd24.jpg?aki_policy=profile_x_medium", "neighbourhood_cleansed": "Wandsworth", "latitude": 51.45142, "longitude": -0.14732, "property_type": "Entire serviced apartment", "room_type": "Entire home/apt", "accommodates": 6.0, "bathrooms": "2", "bedrooms": 3, "beds": 4, "amenities": ["Extra pillows and blankets", "Oven", "55\\ HDTV with standard cable", "Barbecue utensils", "Fire extinguisher", "Hair dryer", "Baby bath", "Private entrance", "Hangers", "Crib", "Dishes and silverware", "Essentials", "Outlet covers", "Patio or balcony", "Shampoo", "Baking sheet", "Cooking basics", "Bed linens", "Baby safety gates", "Carbon monoxide alarm", "Bathtub", "Shower gel", "Heating", "Wifi", "Coffee maker", "Free dryer \u2013 In unit", "Dishwasher", "Backyard", "Pack \u2019n play/Travel crib", "Long term stays allowed", "Microwave", "Portable fans", "Refrigerator", "Room-darkening shades", "Iron", "Body soap", "Kitchen", "BBQ grill", "Stove", "Conditioner", "Dedicated workspace", "Hot water", "Washer", "Paid parking off premises", "Children\u2019s dinnerware", "Smoke alarm", "Lockbox", "High chair", "Portable air conditioning", "Nespresso machine", "Cable TV", "Freezer"], "price": 720.0, "number_of_reviews": 31.0, "number_of_reviews_showed": 10, "review_scores_rating": 4.87, "reviews": [{"date": "2016-01-26", "name": "Andrew", "review": "I booked this for my sister and family to stay in and it was great. The flat is lovely.  It's very bright, airy and clean.  It is furnished to a very high standard, and is quite trendy. The place looks just as it does in the pictures.\r<br/>It is thoroughly equipped; we wanted for nothing.\r<br/> \r<br/>We definitely would like to book again for a longer period this summer to make use of the fantastic roof top terrace.\r<br/> \r<br/>The property managers were extremely helpful and professional.\r<br/> \r<br/>Highly recommended\r<br/>"}, {"date": "2016-05-28", "name": "Jamie", "review": "Perfect haven away from the hustle and bustle, but perfectly located for everything London has to offer!"}, {"date": "2016-07-15", "name": "Sarah", "review": "Lovely flat , beautifully appointed and in a great location. Only 2 mins from tube so perfect for visiting sites in and around London. Lots of nice restaurants and facilities close by too. Julie at Madison Hill was fabulous and went out of her way to help us find accommodation for our dates . Would definitely recommend and use again.  <br/>"}, {"date": "2016-07-23", "name": "Ulrich", "review": "Im Juli 2016 war ich Gast bei Madison Hill, London. Das Apartment war sehr stylisch und alle Ger\u00e4te waren top in Ordnung. Auch die K\u00fcchenger\u00e4te funktionierten alle - sogar die Messer waren scharf.\r<br/>Madison Hill war zu jeder Zeit erreichbar, gab wunderbare Tips und war sehr freundlich und hilfsbereit.\r<br/>Die Betten waren sehr gut, wie ich es sonst nur aus der 5-Sterne Kategorie in Hotels kenne. Ich habe sehr gut geschlafen. Alles ist frisch renoviert, nichts ist irgendwie heruntergewohnt. Der Aufenthalt war rundum gelungen.\r<br/>In 2 Minuten war ich an der underground Station und es gibt 3 Superm\u00e4rkte innerhalb von 2 Gehminuten.\r<br/>Ich w\u00fcrde mich jederzeit wieder f\u00fcr dieses Apartment entscheiden.\r<br/>Danke Madison Hill"}, {"date": "2016-11-01", "name": "Ioannis", "review": "Julie was an amazing and very helpful host. The house was great and I would definitely book it again!"}, {"date": "2016-11-21", "name": "Virginia", "review": "This apartment was fantastic.  We stayed here with our family of six and could not have been happier.  It is very centrally located and near everything you need.  We went into the city center everyday easily.  The hosts are very responsive and accommodating.  It was also very clean and well appointed.  Highly recommend.  "}, {"date": "2016-12-20", "name": "Arielle", "review": "We spent 3 nights in the apartment in December 2016. We actually were kindly upgraded from another Madison Hill property as this one was available.<br/>The apartment was very well arranged and clean, hosts up to 5. It is well equipped with everything we needed, towels, kitchen stuff etc. Everything feels new and prepared to welcome you. There isn't much more you could expect from an airbn'b really.<br/>The Location is perfect, 3 min of the northern line station that gives access to London central in about 20 min of tube. there's coffee shops, small supermarkets, and restaurants around.<br/>Julie is very available before, and during the stay. we exchanged e-mails and calls and she was always nice and helpful. We will definitely check Madison Hill's properties when we come back to london :)<br/>This stay definitely helped making our week-end in London a great experience :)"}, {"date": "2017-03-25", "name": "Kevin", "review": "This was a great location to pop on the tube and go anywhere in London. If you wanted to eat or drink locally there were plenty of good options. Very safe area, and the local grocery store Tesco was VERY convenient for all food and drink items. The unit was top of the line and we felt very much at home away form home. We would stay again next time for sure. Thank you!"}, {"date": "2017-05-01", "name": "Alessandra", "review": "Very cosy and new apartment, very well furnished and equipped, quiet and sunny. Description exactly like pictures shown. Close to underground. Bars, groceries and restaurants just behind the corner."}, {"date": "2017-05-30", "name": "Stephen", "review": "The gentleman who met us at the door was fantastic and helped us to carry our suitcases up all those stairs! The place was very clean and had all the necessities that we needed. The host responded quickly to our concerns- we really enjoyed our stay!"}]}