{"id": 1070928, "listing_url": "https://www.airbnb.com/rooms/1070928", "name": "Spacious, friendly en-suite Apartment", "description": "Welcome to your, spacious self-contained apartment.<br /><br />*The entrance to your apartment is through the host family home's hallway* <br /><br />Our family (mum Kathy) and (dad Kevin) along with our children (Honor 22yrs and Calum 15yrs) love to host and have welcomed over 200 guests over the last decade.<br /><br /><b>The space</b><br />Your Apartment is inclusive of a en-suite shower room and fully kitted kitchen. It is located on the base of a large Victorian house (where the host family live) on a quiet neighbourly road. The house is close to transport and is fitted with a TV and high speed WIFI.<br />The Apartment comfortably sleeps 3 and has been used on a number of occasions for an extra guest or a family of 4.<br /><br /><b>Guest access</b><br />We hope that you feel right at home. Some guests like their private space. Some guests love to get involved, and join us for dinner, a cup of tea, a walk down by the river. It's completely up to you. <br />Access to the Apartment i", "host_name": "Kevin", "host_id": 119983466, "host_url": "https://www.airbnb.com/users/show/119983466", "host_picture_url": "https://a0.muscache.com/im/pictures/user/da87c3b2-520a-4b5c-8107-4b8765dbfead.jpg?aki_policy=profile_x_medium", "neighbourhood_cleansed": "Wandsworth", "latitude": 51.45421, "longitude": -0.20318, "property_type": "Private room in rental unit", "room_type": "Private room", "accommodates": 3.0, "bathrooms": "1", "bedrooms": 1, "beds": 2, "amenities": ["Extra pillows and blankets", "Hair dryer", "Wine glasses", "Baby bath", "Portable heater", "Dining table", "Hangers", "Piano", "Cleaning products", "TRESemme conditioner", "Rice maker", "Dishes and silverware", "Luggage dropoff allowed", "Essentials", "Baking sheet", "Cooking basics", "Bed linens", "Clothing storage: dresser and closet", "Babysitter recommendations", "Carbon monoxide alarm", "Shower gel", "Central heating", "Wifi", "Children\u2019s books and toys", "Coffee maker", "Backyard", "Long term stays allowed", "Pack \u2019n play/Travel crib", "Hot water kettle", "Microwave", "Portable fans", "Refrigerator", "Host greets you", "Room-darkening shades", "Panasonic Combination (Oven", "Grill & Microwave) stainless steel oven", "High chair - available upon request", "Iron", "Kitchen", "Drying rack for clothing", "Stove", "Lock on bedroom door", "Toaster", "Breakfast", "TRESemme shampoo", "32\\ HDTV", "Paid street parking off premises", "Hot water", "Board games", "Crib - available upon request", "Children\u2019s dinnerware", "Smoke alarm", "Free washer \u2013 In unit", "Dryer", "Freezer"], "price": 80.0, "number_of_reviews": 75.0, "number_of_reviews_showed": 9, "review_scores_rating": 4.96, "reviews": [{"date": "2015-09-06", "name": "Stephen", "review": "I had an absolutely wonderful experience staying here! The Mains are a lovely, welcoming family with many years' experience hosting guests from all over the world. They're very happy for you to join them for breakfast, lunch and dinner (for a little extra \u00a3) in case you don't feel like cooking or have the time.\r<br/>\r<br/>The only downside staying here is that you will, at some point, have to leave and say goodbye. Highly recommended. "}, {"date": "2015-11-20", "name": "Marie", "review": "Fantastic large studio flat in very homely and quiet house.\r<br/>I really enjoyed my staying at the Mains. They are a warm family who lives in a lovely quiet area of London near the Thames.\r<br/>The studio is great to stay in if you want a bit of privacy. There is all that is needed to cook, a private bathroom, a washing machine so you really feel you have your own little space. The Mains happily welcome you to share their lunch which makes the house really social and welcoming. I will definitely come back."}, {"date": "2015-12-20", "name": "Aaron", "review": "My stay with the Mains really enriched my trip to London. The studio flat was spotless and had every amenity you could want, but what really sold the place were its occupants. I was treated very much like a member of the family and I had become so comfortable in the place that I found it sad to leave!  \r<br/>\r<br/>Hands down, the best airbnb I have ever stayed at."}, {"date": "2016-01-17", "name": "Glen", "review": "A fantastic stay in a lovely family home. The location was perfect for my commute to work and the basement room was essentially a self contained flat. The highlight for me was being welcomed into the family dynamic and having some lovely conversations and meals with them.  I would highly recommend staying at this lovely bnb!"}, {"date": "2016-03-04", "name": "Colin", "review": "Philippa and her family were extremely hospitable, inviting me to join them for dinners and respecting my private space, which I really appreciated. \r<br/>\r<br/>The place is clean and everything is readily available - from basics like towels to unexpected perks like the cosy basement where the room is located. \r<br/>\r<br/>It is also close to amenities like the underground (10 minutes walk from East Putney station), bus stops (2 minutes walk to the main road) and eateries (numerous takeaways nearby). This makes it easy to travel quickly to the city centre and other attractions. Southside shopping centre (with a cinema and gym) is a 10 minute walk away, with numerous grocers (Tesco, Sainsbury etc) also nearby. \r<br/>\r<br/>It was a home away from home in the 3 weeks I was there, and I would highly recommend it as a great place to stay regardless of your purpose in London. "}, {"date": "2016-03-20", "name": "Barbara", "review": "I was on business I the UK for two weeks and decided on this Airbnb . It was perfect for my needs: nice full bath, large bed, kitchen to prepare my early breakfast and tea or to heat a quick dinner. 8 min walk to the tube  to central London, good shops within walking and delightful family. I would definitely stay here again. And would invite the family to stay with me. Very nice people."}, {"date": "2016-05-24", "name": "Chia-Huei", "review": "My parents in law, who cannot speak English, stayed in this studio room for a month. This is their first time in UK and they are very satisfied with the room (with excellent facilities) and the warm welcome from the host family. Big \"Thank you\" to Philippa and the family. "}, {"date": "2016-06-04", "name": "Nina", "review": "A great host !!!! After we arrived early we were very warmly welcomed and invited to breakfast. The apartment is very large, everything was exactly as described, we even get an extra bed :-)\r<br/>The entire family makes you feel so welcome, and always has some insider tips  what you can do. I would always come back. \r<br/>Thanks a lot."}, {"date": "2016-06-12", "name": "Libby", "review": "On arrival I was  very warmly welcomed by Philippa and her family.  Their hospitality was exceptional and the Studio was absolutely perfect for my needs.  The location was very convenient, with the option of buses & trains almost at the doorstep."}]}