{"id": 10715548, "listing_url": "https://www.airbnb.com/rooms/10715548", "name": "Lovely flat in ZONE 1 - Shoreditch", "description": "It is situated in the most excited part of London: Shoreditch. Between bars, creator shops, unique restaurants, vintage and food markets + you will find the typical London's nightlife. <br />+ It is only at 25' from the centre. <br />4 bedroom's flat", "host_name": "Natacha", "host_id": 11268355, "host_url": "https://www.airbnb.com/users/show/11268355", "host_picture_url": "https://a0.muscache.com/im/pictures/user/def9e5d9-ab99-4eee-9815-f22e4dfbffa0.jpg?aki_policy=profile_x_medium", "neighbourhood_cleansed": "Tower Hamlets", "latitude": 51.51928, "longitude": -0.07097, "property_type": "Private room in rental unit", "room_type": "Private room", "accommodates": 2.0, "bathrooms": "1", "bedrooms": 1, "beds": 1, "amenities": ["Essentials", "Wifi", "Long term stays allowed", "Fire extinguisher", "Smoke alarm", "Dryer", "Kitchen", "Heating"], "price": 35.0, "number_of_reviews": 5.0, "number_of_reviews_showed": 4, "review_scores_rating": 4.25, "reviews": [{"date": "2016-02-08", "name": "Juliane", "review": "We had a really good time :)  hosts are very nice, the area is awesome and the price is reasonable!"}, {"date": "2016-02-28", "name": "Stella", "review": "We had a very nice stay in Natacha's room and the location is also adorable. \r<br/>Thank you so much! "}, {"date": "2016-03-22", "name": "Hakim", "review": "The flat is very well located in London. Very easy to go everywhere.\r<br/>The neighborhood is great. We loved it.\r<br/>Natacha is very freindly.\r<br/>We have a very good weekend :) "}, {"date": "2016-04-06", "name": "Celine", "review": "We loved staying at that flat. It's an overwhelming part of the city there. The room was very comfortable and lovely. very kind people. :-) "}]}