{"id": 10749542, "listing_url": "https://www.airbnb.com/rooms/10749542", "name": "Family Friendly House in Ealing", "description": "Sit back and unwind in this spacious, modernised Victorian house of four floors. It's not perfect, it's a family home that's ideal for families looking for a cosy and comfortable space that's easy to settle into - open the French doors from the living room onto the lush, green garden or gather around the welcoming dining table for a home cooked meal.<br /><br />On the lower ground floor - kitchen, living area, toilet<br /><br />On the upper ground floor - sitting room, bedroom<br /><br />On the first floor - two bedrooms and family bathroom<br /><br />On the second floor - bedroom with en-suite bathroom", "host_name": "Dan", "host_id": 557814, "host_url": "https://www.airbnb.com/users/show/557814", "host_picture_url": "https://a0.muscache.com/im/pictures/user/2b22c1a0-33b5-4f65-8f69-7a6cd3975733.jpg?aki_policy=profile_x_medium", "neighbourhood_cleansed": "Ealing", "latitude": 51.50958, "longitude": -0.31792, "property_type": "Entire home", "room_type": "Entire home/apt", "accommodates": 8.0, "bathrooms": "2", "bedrooms": 4, "beds": 6, "amenities": ["Wifi", "Coffee maker", "Free parking on premises", "Washer", "Dishwasher", "Backyard", "TV", "Free street parking", "Full kitchen", "Smoke alarm", "Hair dryer", "Bathroom essentials", "Iron", "Dryer", "Carbon monoxide alarm", "Self check-in", "Heating", "Bedroom comforts"], "price": 200.0, "number_of_reviews": 30.0, "number_of_reviews_showed": 12, "review_scores_rating": 4.8, "reviews": [{"date": "2016-08-08", "name": "Verity", "review": "Dan made us very welcome and was there to show us how everything worked on day one. The property is a brilliant size for a family and my boys enjoyed playing with the toys.  The neighbourhood is very busy and can be noisy as you would expect from such a convenient location, close to loads of public transport, shops and amenities.\r<br/>The garden is a lovely place to sit out as a family."}, {"date": "2016-08-22", "name": "Theo", "review": "Dan was there the morning we arrived, lovely basket of essentials and a wonderful, warm welcome."}, {"date": "2016-10-29", "name": "Gus", "review": "A nice family home."}, {"date": "2016-12-27", "name": "Carole", "review": "The house was perfect, we had family from around the world visiting and it couldn't have been better. Dan was excellent in giving instruction on how to access the house and left us a hamper of goodies as a welcome present. Everything was great will definitely book again!!! Thanks again."}, {"date": "2017-01-02", "name": "Feras", "review": "First of all the communication with Dan was very easy, he replies quickly. Before I arrive to the house he asked me if I need anything or I have any question. Second, once I arrived to his house and checked it all I was impressed with house and its huge spaces, nice garden, decorations and adding to all that the house was very clean. To be honest one I get in the house I felt welcomed and reading the notes left in the printed guid from him and his family I felt more than welcome and I felt I'm at my house. The house has everything you could need such as wifi, TV, extra towels, extra beddings and  speakers and anything you could need. The kitchen is loaded with everything that you might think to use to cook. The location is great it's located in Zone 3 in London the underground is within walking distance, and anything you need is very close such ad shops,gym, restaurants, supermarkets and any type of shops you need is just next to the house. Adding to all this the area was nice and safe as well as very quite no noises at all. Finally, Dan was very understandable as I asked him to leave my bags at the house after the check out time and come back later to pick them up as my bookings was a bit late at night and couldn't go around in the city with luggages, as soon as I asked him and explained to him he replied straight away with no problem for him and was very kind. Overall, I enjoyed my stay in the house and to be honest it was the best part in my trip to London. Actually I would recommend this house to any family or any couples want to visit London and for the families with Kids go for his house as Dan has all the games you could need to entertain your kids. I don't feel I have described everything nice in the house I just wanna keep this review small so everyone can read it.<br/>Thanks to Dan and his Family, it's been a great experience we had in your house. Happy new year and all the best to you and to your family.<br/>Best regards <br/>Feras"}, {"date": "2017-02-18", "name": "Melissa", "review": "Dan's place was lovely. It was big and spacious and family friendly. They left us a basket of goodies which was wonderful after a long flight from Canada. We couldn't have asked for more; it exceeded our expectations and made our time in Ealing very enjoyable! "}, {"date": "2017-04-12", "name": "Saeed", "review": "Warm family house, close to the city and everything around the properety. Private car park, space and locatin."}, {"date": "2017-06-04", "name": "Zhe", "review": "Nice house, easy to find, very convenient to go to city center. There are Tessco and Sainsbury close to the house. very good"}, {"date": "2017-08-05", "name": "Tessa", "review": "We stayed at dan's place for two weeks while visiting family in London. Fantastic place for families. Lovely open kitchen that leads on to a green garden which my children enjoyed. Really close to buses, shops and transport into central London. Walpole park was a short walk which has fantastic playground for kids and open space. Dan left a great hamper to welcome us with and his communication was clear and prompt. I would recommend for anyone who has children!"}, {"date": "2017-08-10", "name": "J.G.", "review": "Great accommodations for 5 adults staying a week in London. Very clean and roomy. This was our first experience to use Airbnb and Dan made the process so easy. Great detailed information before and during our stay. All the comforts of home. Really enjoyed the beautiful garden!  Even got a fresh ripe tomato. <br/>Some travel tips for Americans - England's homes have lots of stairs - this was 4 stories. Also no electrical outlets in the bathrooms so we picked up mirrors for hair care requiring electric hair dryers & other. Finally no bathroom wash clothes - glad we brought our bath scrubbers. <br/>We really appreciated the \"welcome basket\"'with coffee, cookies, etc. Made good use of the clothes washer/dryer."}, {"date": "2017-10-24", "name": "Sian", "review": "Spacious, immaculately clean and homely. Hamper goodies and a personal written welcome awaited us.  We loved the <br/>chalk board and the kitchen was very well appointed.  Parking was a bonus!<br/>Really recommend Dan and his family\u2019s house."}, {"date": "2017-12-26", "name": "Ben", "review": "Lovely space with thoughtfull touches such as the hamper. We had  a lovely relaxing stay here. It's close to local shops and buses and rail"}]}