{"id": 10740459, "listing_url": "https://www.airbnb.com/rooms/10740459", "name": "Private King Size Studio Apartment", "description": "A king size bed, private bathroom, kitchenette, washing machine and dryer, fridge with freezer box, cooker, kettle and microwave. <br /><br />Offers easy access to Buses, Gatwick Airport, Croydon University Hospital and transport into Central London and Croydon.<br /><br /><b>The space</b><br />You will have:<br />- king size bed<br />- kitchenette with kitchenware eg pots and pans, cutlery, crockery, tin opener etc<br />- cooker<br />- microwave<br />- washing machine and dryer<br />- iron and ironing board<br />- ensuite bathroom with heated towel rack<br />- table and chairs<br />- double wardrobe with hangers <br />- chest of drawers<br />- bed side chest<br />- heated towel rack<br />- wifi <br />- key to the apartment<br /><br /><b>Guest access</b><br />The property comes with free parking for 1 car.<br /><br /><b>Other things to note</b><br />Bins are to the left of the property.<br /><br />Electricity Pre-pay Meter:<br />You'll be given a credited key for the electricity meter,", "host_name": "Marcel", "host_id": 55524347, "host_url": "https://www.airbnb.com/users/show/55524347", "host_picture_url": "https://a0.muscache.com/im/pictures/user/1f2d6eaf-6519-4348-94a4-46e91efcad7a.jpg?aki_policy=profile_x_medium", "neighbourhood_cleansed": "Croydon", "latitude": 51.39321, "longitude": -0.11187, "property_type": "Entire rental unit", "room_type": "Entire home/apt", "accommodates": 2.0, "bathrooms": "1", "bedrooms": 1, "beds": 1, "amenities": ["Essentials", "Extra pillows and blankets", "Wifi", "Hot water", "Washer", "Free parking on premises", "Long term stays allowed", "Host greets you", "Fire extinguisher", "Smoke alarm", "Bed linens", "Iron", "Hangers", "Dryer", "Kitchen", "Heating"], "price": 63.0, "number_of_reviews": 11.0, "number_of_reviews_showed": 8, "review_scores_rating": 4.33, "reviews": [{"date": "2016-03-28", "name": "Sonia", "review": "Pleasant"}, {"date": "2016-04-07", "name": "Leesa", "review": "This was a great stay! Marcel kept in contact to ensure check-in went smoothly, and went above and beyond to make sure that someone was available 24/7 in case issues arose. The room was exactly as advertised - the washing machine is also a dryer so that was super useful for English weather! I was sceptical of the geographical location, but it was completely fine - no concerns noted and the neighbours were nice too. The flat is on the bottom floor just inside the door so that made moving luggage in and out very easy. It is April in England and yet I did not need to turn the heater on at all as the room stays at a nice temperature. "}, {"date": "2016-04-16", "name": "Kim & Gregg", "review": "A very good stay in a nice place; light and airy, well-equipped, clean, and a good location for transit to central  \u2013 plus  quick communication as well. "}, {"date": "2016-05-02", "name": "Meredith", "review": "Good basic flat with everything you need for a short stay, was very clean and tidy. Thornton is a little far out but linked to public transport for getting into London.  Marcel was lovely and really easy to deal with."}, {"date": "2016-05-06", "name": "Marie-Jeanne", "review": "Marcel was such a great host. He was very nice and made my daughter and I feel welcome right away! Always available if we needed help! The flat matched the description perfectly and is truly like the photos. Its location was very convenient, only a ten-minute walk from the station, and then the train takes less than half an hour to get to central London. A very pleasant stay!"}, {"date": "2016-06-30", "name": "Melaina & Graham", "review": "We stayed in this apartment for two months. Marcel was a fantastic host and responded to any questions and the one small issue that arose very quickly. <br/>The flat is a fifteen minute walk to a train station that is well connected to London and there are buses 2 minutes from the door. <br/>It is pretty far out of London, we had our 2 year old with us and it is a long way in with her but fine for a couple. <br/>There are 2 huge malls a 25 minute walk into croydon and lots of places to eat. <br/>The kebab shop and Caribbean take aways were really nice and there is a greggs up the road if you need a coffee.<br/>Overall we would recommend this place and it is really well priced for london."}, {"date": "2016-07-03", "name": "Shahram", "review": "Great host"}, {"date": "2016-07-16", "name": "Ajith", "review": "Nice and big place nice host... Highly recommended."}]}