{"id": 10742335, "listing_url": "https://www.airbnb.com/rooms/10742335", "name": "Beautiful Large Flat Muswell Hill", "description": "1 minute from Muswell Hill Broadways restaurants and shops, this family sized flat come well equipped and beautifully decorated. Ten minute walk to Highgate Tube for central London.  Alexandra Palace is minutes walks away for spectacular London Views", "host_name": "Chris", "host_id": 1329297, "host_url": "https://www.airbnb.com/users/show/1329297", "host_picture_url": "https://a0.muscache.com/im/users/1329297/profile_pic/1408289753/original.jpg?aki_policy=profile_x_medium", "neighbourhood_cleansed": "Haringey", "latitude": 51.59227, "longitude": -0.145, "property_type": "Entire home", "room_type": "Entire home/apt", "accommodates": 8.0, "bathrooms": "2.5", "bedrooms": 4, "beds": 4, "amenities": ["Essentials", "Wifi", "First aid kit", "Washer", "Free parking on premises", "Shampoo", "Long term stays allowed", "TV with standard cable", "Fire extinguisher", "Smoke alarm", "Hair dryer", "Iron", "Indoor fireplace", "Hangers", "Carbon monoxide alarm", "Kitchen", "Cable TV", "Heating"], "price": 185.0, "number_of_reviews": 5.0, "number_of_reviews_showed": 5, "review_scores_rating": 5.0, "reviews": [{"date": "2016-04-02", "name": "Eb", "review": "Chris was very warm, easy to deal with and a good communicator. He opened his doors to my large family without hesitation. His home was very homely and was well kept.  Staying there made our Easter holidays in London worthwhile."}, {"date": "2016-04-23", "name": "Fiona", "review": "Chris offered me his home to become mine for three weeks during a disastrous sequence of events in my life. \r<br/> I moved in on a Friday morning and stayed for three weeks.  The flat is lovely, homely and welcoming.  I felt like Chris was an old friend I had known for years and he restored my faith in humanity.  \r<br/>The flat has been my home for the past three weeks and I have thoroughly enjoyed and recuperated in it.  Thank you so much Chris.  \r<br/>I would recommend Chris as a host and his home as a home from home.  It is ideally situated for the buzzy Muswell Hill Broadway full of shops and restaurants.  The buses take you to either the City or the West End and run all night.  All in all a fantastic stay.  Again thanks Chris and I owe you a drink at the Mossy Well!"}, {"date": "2016-05-07", "name": "Fiona", "review": "A great place to stay home from home.\r<br/>"}, {"date": "2016-09-07", "name": "Rob", "review": "The apartment was great and in a fantastic location - very convenient for Muswell Hill.\r<br/>\r<br/>Chris could not have been more helpful or flexible. An excellent first Air BnB experience."}, {"date": "2016-12-29", "name": "Matthew", "review": "Large hi-tech apartment with good amenities. Comfortable beds. Quiet. Great neighborhood with shops and restaurants close by and useful busses going through. Host was always available to answer questions by text."}]}