{"id": 10779673, "listing_url": "https://www.airbnb.com/rooms/10779673", "name": "38 Nevill Court, Chelsea, SW100TL.", "description": "London, England. The apartment, which is situated in Chelsea just off the Kings Road, has ash wooden flooring and carpeting in the bedrooms. It is on the third floor of the purpose built block known as Nevill Court with access via a lift.<br /><br /><b>The space</b><br />The apartment faces south east and therefore benefits from most of the sun during the day. It is a nice bright and airy apartment. It is ideally located within a one minute walk to the bus stop just around the corner. No:11 takes you to Victoria station and the Houses of Parliament etc. while No:22 takes you to the West End/Picadilly Circus via Knightsbridge (Harrods). The nearest tube stations are Sloan Square at the top of the King's Road and Fulham Broadway. The apartment has all the facilities you require with WiFi, ipod docking station, 50ins tv with  cinema sound, DVD player and DVDs, TVs in bedrooms, you can even watch TV while having a bath.  <br />One large double bed per bedroom. Two toilets, one Jacuzzi bath", "host_name": "Ian", "host_id": 55766663, "host_url": "https://www.airbnb.com/users/show/55766663", "host_picture_url": "https://a0.muscache.com/im/pictures/user/0b790984-0d84-4177-b0e5-c1269e30fa50.jpg?aki_policy=profile_x_medium", "neighbourhood_cleansed": "Kensington and Chelsea", "latitude": 51.48195, "longitude": -0.18231, "property_type": "Entire rental unit", "room_type": "Entire home/apt", "accommodates": 4.0, "bathrooms": "1", "bedrooms": 2, "beds": 2, "amenities": ["Essentials", "Wifi", "First aid kit", "Washer", "Long term stays allowed", "Elevator", "TV with standard cable", "Refrigerator", "Fire extinguisher", "Smoke alarm", "Hair dryer", "Heating", "Iron", "Hangers", "Dryer", "Kitchen", "Cable TV", "Air conditioning"], "price": 230.0, "number_of_reviews": 1.0, "number_of_reviews_showed": 4, "review_scores_rating": 5.0, "reviews": [{"date": "2016-10-25", "name": "Sandro", "review": "Great location, fair price and good indications from Ian."}, {"date": "2022-09-16", "name": "Allen", "review": "It\u2019s lovely and comfortable flat.  Location is perfect for shopping and leisure.  The host is so kind and nice. She replied me any answers in time. Pls don\u2019t miss the flat when it\u2019s available. It\u2019s perfect for one family to live."}, {"date": "2022-10-12", "name": "Irvan", "review": "Nice and cozy place with good host\u2019s hospitality. Worth for money \ud83d\udc4d\ud83d\udc4d"}, {"date": "2022-10-15", "name": "Moritz", "review": "This is a run down flat, smelly even damp and mouldy, and entrance outside the flat very smelly. <br/>The flat was still not cleaned at 20:30<br/>They had only one towel ready for two rooms<br/>Debbie sent us the wrong entrance code and could not be reached <br/>The dryer was broken and nearly exploded<br/>If you want to stay at a. 1* flat.  Go ahead"}]}