{"id": 10781766, "listing_url": "https://www.airbnb.com/rooms/10781766", "name": "Camden Town Flat", "description": "Quiet duplex flat in Kentish Town 10mins walk from Camden market and nearby parks. Situated in quiet residential street. 2 bedrooms + open plan kitchen/living room + Roof terrace overlooking London! Virgin Cable TV, super duper fibre broadband optic mega wifi<br /><br /><b>The space</b><br />1x Bedroom king size (sleeps 2) <br />1x bedroom/office (sleeps 1)<br />1x Bathroom with bath/shower<br />1x Roof terrace with views of local area<br /><br /><b>Guest access</b><br />All access", "host_name": "Jesse", "host_id": 55779524, "host_url": "https://www.airbnb.com/users/show/55779524", "host_picture_url": "https://a0.muscache.com/im/pictures/user/901bf508-b63c-4196-a2e6-f8ddda62bd42.jpg?aki_policy=profile_x_medium", "neighbourhood_cleansed": "Camden", "latitude": 51.54604, "longitude": -0.13868, "property_type": "Entire rental unit", "room_type": "Entire home/apt", "accommodates": 3.0, "bathrooms": "1", "bedrooms": 2, "beds": 2, "amenities": ["First aid kit", "Oven", "Hair dryer", "Hangers", "Dishes and silverware", "Essentials", "Patio or balcony", "Shampoo", "TV with standard cable", "Cooking basics", "Wifi", "Heating", "Coffee maker", "Dishwasher", "Long term stays allowed", "Refrigerator", "Iron", "Kitchen", "Stove", "Hot water", "Washer", "Smoke alarm", "Dryer", "Cable TV"], "price": 299.0, "number_of_reviews": 35.0, "number_of_reviews_showed": 6, "review_scores_rating": 4.8, "reviews": [{"date": "2016-03-16", "name": "Delphine", "review": "My friends stayed at the place and when i asked for a review they only said \"we could live there forever!\"<br/>So i guess it sums it up!"}, {"date": "2016-03-24", "name": "Phillip Fai", "review": "Beautiful airy flat with trendy interior design - some cupboard doors a little loose with a confusion shower valve system. Kitchen is a joy to use and prepare meals with. An additional surprise with the Large TV and Sky was a Playstation 4 that made me very happy. Bathroom was with beautiful warm tiles and brand new basin with candles that really created an atmosphere to properly enjoy a bath. Bed is one of the best beds I've ever encountered and the room was warm with plenty of wardrobe space. My girlfriend and I felt at home and stayed with much pleasure and joy. Thank you Jesse and Kiri and well done to you for creating this home. "}, {"date": "2016-03-30", "name": "Fr\u00e9d\u00e9ric", "review": "We stayed 3 nights at Jesse's apartment in Camden.\r<br/>We were wonderfully surprised by the quality of the area which is very calm and nice. The apartment is really really really beautiful and better than in pictures.\r<br/>The communication with our host was very easy: Jesse answered all our questions very quickly and made our stay as comfortable as possible!\r<br/>\r<br/>Highly recommended. This part of Camden is nice and has many nice restaurants. It is also close from St Pancras's station (10/15 minutes by car; 20 minutes by bus).\r<br/>\r<br/>Probably book it again "}, {"date": "2016-05-08", "name": "Rhona", "review": "A lovely flat , in a pretty, quiet area conveniently close to public transport links to the centre of the city, or a stroll to Camden for the market, or excellent places to eat. The flat was clean, comfortable, and welcoming. Excellent communication from Jesse, the owner. The stairs to the mezzanine bedroom are really a ladder, and steep, which you need to be aware of, and the flat is on the second floor, so lots of stairs. As someone else said, there is a loose cupboard door, but all in all we would definitely recommend this place, and would be happy to stay again."}, {"date": "2016-05-26", "name": "Keefus", "review": "Perfect spot in a perfect location of London.  The flat is cozy and warm and beautifully arranged and outfitted - there is a wonderful second bedroom that opens to the roof top where you can look out onto the whole of London (so it seems) - simply - a perfect place to stay in London and a Favorite of ours."}, {"date": "2016-06-07", "name": "Toby", "review": "Jesse's place is great. Really nicely set up and perfectly placed in the heart of Kentish Town. He was especially flexible about an early check-in due to flight times, which was much appreciated."}]}