{"id": 10794406, "listing_url": "https://www.airbnb.com/rooms/10794406", "name": "1 bed flat with stunning view", "description": "Lovely and bright flat, with a fascinating and dinamic view over the river Thames. <br />Located next to Battersea Square, a cute little square with cafes and restaurants, and right opposite Chelsea. <br />We look forward to meeting you!<br /><br /><b>The space</b><br />Lovely 1 bedroom flat with stunning views over the river Thames.<br />We like to take care of this flat which has all you need to spend a lovely holiday or business trip. <br />If there is anything we can do to make your stay more comfortable, let's get in touch to discuss!<br /><br /><b>Guest access</b><br />You will be allowed to use the whole flat including living room/kitchen, double bedroom and bathroom.<br /><br />For safety purposes, if you are willing to rent the house, we will ask you for an ID.", "host_name": "Jos\u00e8", "host_id": 3137169, "host_url": "https://www.airbnb.com/users/show/3137169", "host_picture_url": "https://a0.muscache.com/im/pictures/user/b7704959-7f42-4a7b-80d1-7b7956b8bd7d.jpg?aki_policy=profile_x_medium", "neighbourhood_cleansed": "Wandsworth", "latitude": 51.47771, "longitude": -0.17487, "property_type": "Entire rental unit", "room_type": "Entire home/apt", "accommodates": 2.0, "bathrooms": "1", "bedrooms": 1, "beds": 1, "amenities": ["Essentials", "Hot water", "Washer", "Paid parking off premises", "Shampoo", "TV", "Elevator", "Host greets you", "Free street parking", "Hair dryer", "Paid parking on premises", "Carbon monoxide alarm", "Bathtub", "Dryer", "Kitchen", "Heating"], "price": 85.0, "number_of_reviews": 14.0, "number_of_reviews_showed": 7, "review_scores_rating": 4.86, "reviews": [{"date": "2016-07-11", "name": "John", "review": "Joselito was welcoming and their flat has AMAZING views. An excellent balance of friendliness and efficiency! You didn't feel you were invading someone else's space because they left the flat clean and uncluttered."}, {"date": "2016-07-17", "name": "John", "review": "Another visit. You can't tire of that view!"}, {"date": "2016-08-08", "name": "Evy", "review": "My parents come to visit me in London for 2 days and I wanted to book a place close to my flat. I found Joselito's flat and it was perfect!! Great host, good location & amazing view!!!! My dad loved the incredible view at day & night :)<br/>I have to say this was my first experience using Airbnb, and now I like it more than hotels. Joselito & his girlfriend were very very nice! They left a very cute manual with instructions about the flat and explained best ways to travel around. <br/>Thank you both!<br/>Evelyn"}, {"date": "2017-01-03", "name": "Alexandros", "review": "Excellent host; very clean and tidy apartment. Faultless communications. "}, {"date": "2017-06-03", "name": "Humber", "review": "Joselito's flat is awesome! Great location, very clean and he's a fantastic host.<br/>During my stay he always checked on me to made sure everything was going ok.<br/>I should say the flat is better than what I was expecting. The view is amazing and it less than 2 blocks away from the Thames River. Also, the Battersea Park is very close to the flat which makes the place perfect for going out for a nice run.<br/>I can't recommend this place enough :)"}, {"date": "2017-07-31", "name": "Kayla", "review": "My friend and I just spent the last 9 nights in Joselito's flat and we couldn't be any happier with it! The location is superb, literally right out the front is a bus stop that will take you to many central locations. A minutes walk up the road and you have even more bus stops, restaurants, bars, cafes, supermarkets and more! So easily accessible. We felt very safe in the flat and the area was nice and quiet. The flat itself was extremely clean, and was equipped with all we needed for our stay. Amazing! From the minute we booked this flat Joselito was always checking up on us making sure our plans were going well - although we did not get to meet Joselito during our stay, he was still always checking to see if all was well, which was lovely. Finally, the view was absolutely incredible. The photos don't do it justice! We could have sat and watched the view all day and been content. Overall we highly recommend Joselito's flat as it was perfect for my friend and I. I will definitely be staying in this flat again for my next visit if it is available!  "}, {"date": "2018-06-24", "name": "Katarina", "review": "Amazing views, never stayed anywhere like this before in London. I was in London for a weekend with my sister and although we didn't spend too much time in the flat as always out, the mornings and evenings with those views were really enjoyable. Would recommend, place is very clean and there was a hairdryer! Thank you to both!"}]}