{"id": 10795727, "listing_url": "https://www.airbnb.com/rooms/10795727", "name": "Cosy double room & private bathroom in Wimbledon", "description": "Cosy homestay in double bedroom and privet bathroom :-) We are happy to welcome couples, two sharing or solo adventure in our split level apartment. <br />We have two cats, so only for pets lovers. <br />All England Club(Wimbledon tennis) is about 30min walk or 12min cycle 5mins taxi or 7min to the Wimbledon main station and then+7min: 2 stops only. <br /><br />Mainly for SHORT LETS, (no long stay requests please, thx).<br />Before you book, please send FULL names of you and your companion.<br /><br /><b>The space</b><br />Our lovely home it's a modern light and airy open plan apartment in the heart of Wimbledon. <br />We do have a 2 cats (10 months and 2years old), that are fun-active & loving soles. <br /><br />The space:<br />- quiet/peaceful room <br />- private bathroom with a shower and door lock<br />- black out and privacy roller blinds <br />- comfortable double bed<br />- handing space, and drawer space<br />- hairdryer available<br />- fresh linen, shower matt and towels <br", "host_name": "Karolina", "host_id": 55869589, "host_url": "https://www.airbnb.com/users/show/55869589", "host_picture_url": "https://a0.muscache.com/im/pictures/user/6dc3ae00-656c-41c0-ad00-6c0a10304bf2.jpg?aki_policy=profile_x_medium", "neighbourhood_cleansed": "Merton", "latitude": 51.42109, "longitude": -0.19754, "property_type": "Private room in rental unit", "room_type": "Private room", "accommodates": 2.0, "bathrooms": "1", "bedrooms": 1, "beds": 1, "amenities": ["Extra pillows and blankets", "First aid kit", "Oven", "Cleaning before checkout", "Hair dryer", "Wine glasses", "Dining table", "Hangers", "Cleaning products", "Rice maker", "Dishes and silverware", "Luggage dropoff allowed", "Essentials", "TV with standard cable", "Cooking basics", "Bed linens", "Clothing storage", "Carbon monoxide alarm", "Shower gel", "Trash compactor", "Heating", "Wifi", "Coffee maker", "Dishwasher", "Hot water kettle", "Microwave", "Refrigerator", "Host greets you", "Room-darkening shades", "Iron", "Body soap", "Drying rack for clothing", "Kitchen", "Stove", "Toaster", "Conditioner", "Security cameras on property", "Dedicated workspace", "Hot water", "Washer", "Smoke alarm", "Dryer", "Cable TV", "Freezer"], "price": 120.0, "number_of_reviews": 27.0, "number_of_reviews_showed": 5, "review_scores_rating": 4.96, "reviews": [{"date": "2016-02-22", "name": "Sun Young", "review": "Excellent!\r<br/>Lovely flat, great location, clean & large space.\r<br/>No doubt! if I will have a chance to visit,\r<br/>I would like to stay again.\r<br/>My son & I had a wonderful time in this flat. "}, {"date": "2016-02-28", "name": "Calea", "review": "Our host Karolina, made us feel very welcome and informed on her place and the neighbourhood. She was an easy text, email or call away for support. The listing was even better than the pictures and the area was ideal. An easy walk to the tube, bus, shops and restaurants. Area was pretty and quiet, felt super safe. The place was very roomy and so cozy! We felt as if we were really loving there. Super clean! Great feel. "}, {"date": "2016-03-03", "name": "Howe", "review": "Fantastic communications and set up.\r<br/>The flat is bar far the best furnished airbnb property I've used.  Excellent for a business trip.  Amazing value for money.  Far superior to any hotel in the area."}, {"date": "2016-07-05", "name": "Joanne", "review": "We had a lovely stay at Karolina's flat and would definitely recommend staying there. It was just as the pictures showed it and was clean, neat and tidy. \r<br/>It is a very quick walk to the station which was great! And Karolina was very welcoming and quick to respond to any messages we sent her.\r<br/>"}, {"date": "2017-02-10", "name": "Teresa", "review": "Very nice place to stay.  Clean, tidy and very cosy.  Nice to stay somewhere like this and not in a hotel.<br/>All information supplied was correct and helpful.  Karolina the host was very helpful and was always in contact to make sure I and everything was ok.<br/>Would definitely recommend it to anyone.  Thank you "}]}