{"id": 10807880, "listing_url": "https://www.airbnb.com/rooms/10807880", "name": "Double bedroom in a cosy house with garden", "description": "25 minute connection to Central London, Victoria station. Cosy and warm double bedroom. Two bedroom house located in a peaceful and tranquil area with nature reserve within 3 minute walk. Private garden, living room, 2 separate toilets and bathroom.<br />We are social and like having chats, but if you don\u2019t we don\u2019t mind and leave you to relax.<br /><br /><b>Guest access</b><br />Access to garden as well.<br /><br /><b>Other things to note</b><br />We have a medium sized dog with us. But, he is friendly and calm. <br />We also have a 2 year old boy. But, very sociable and playful.", "host_name": "George", "host_id": 55949739, "host_url": "https://www.airbnb.com/users/show/55949739", "host_picture_url": "https://a0.muscache.com/im/pictures/user/ed7019ac-403a-4539-8e7b-9c89a8511e21.jpg?aki_policy=profile_x_medium", "neighbourhood_cleansed": "Bromley", "latitude": 51.4019, "longitude": 0.09649, "property_type": "Private room in home", "room_type": "Private room", "accommodates": 2.0, "bathrooms": "1", "bedrooms": 1, "beds": 1, "amenities": ["First aid kit", "Fire extinguisher", "Hangers", "Dishes and silverware", "Essentials", "Free parking on premises", "Shampoo", "Free street parking", "Carbon monoxide alarm", "Indoor fireplace", "Wifi", "Heating", "Backyard", "Long term stays allowed", "Host greets you", "Refrigerator", "Iron", "Kitchen", "Stove", "Hot water", "Smoke alarm"], "price": 56.0, "number_of_reviews": 37.0, "number_of_reviews_showed": 15, "review_scores_rating": 4.53, "reviews": [{"date": "2016-04-09", "name": "Fran", "review": "George and Alessa were very welcoming. I can't eat anything that contains wheat flour  and they had provided wonderful alternatives for my breakfast.\r<br/>\r<br/>The house is very clean with two separate toilets - one downstairs and one upstairs and a bathroom. I had clean towels, a very comfortable bed and space for my things.\r<br/>\r<br/>It was very quiet and peaceful,   with birdsong the loudest noise. "}, {"date": "2016-04-17", "name": "Valerie", "review": "Wir hatten 2 wundervolle Tage bei George und Alessa! Man f\u00fchlt sich sehr heimelig und das leckere Fr\u00fchst\u00fcck am Morgen macht den Aufenthalt perfekt. Auch f\u00fcr die Sightseeing Planung waren die beiden sehr hilfsbereit und konnten uns viele Tipps f\u00fcr den \u00f6ffentlichen Transport und Verg\u00fcnstigungen geben.\r<br/>Ich kann einen Aufenthalt bei den beiden nur w\u00e4rmstens empfehlen! "}, {"date": "2016-05-27", "name": "Charlotte", "review": "George and Olesja made us feel so welcome when we arrived and this continued throughout our stay. The room was clean and the bed was comfortable. We had a lovely evening sharing, food, wine and stories. \r<br/>We would recommend this stay to everyone. \r<br/>"}, {"date": "2016-05-30", "name": "Nat", "review": "George and Alessa are both super friendly, welcoming people, and their home is lovely. The room is pretty well appointed, and it was an absolute pleasure to spend the night there!"}, {"date": "2016-06-13", "name": "Alexandra", "review": "George and Alessa were both very friendly and we felt really welcomed. The room is very comfortable and clean. The location is nice and quiet. They were really nice hosts and helped us with anything we needed. I recommend them and if we visit London next time, I believe we'll go there again. "}, {"date": "2016-06-21", "name": "Julien", "review": "George and Alesja were really great host. They give us really good advices to see the real London. Spending time with them was really pleasant; they are really open minded people and love to share their stories! A visit in London without them would'nt have been so fun!"}, {"date": "2016-06-22", "name": "Leon", "review": "Hello , I want the refound of the night.I m staying in the road this night beceause he has not reaponded."}, {"date": "2016-06-25", "name": "Steven", "review": "It was my first time using Airbnb, George and Alessa couldn't have made me feel more comfortable or relaxed during my stay. The room was clean and tidy in a quiet location. Thanks for the experience, kind regards Steve."}, {"date": "2016-07-26", "name": "Francis", "review": "It really was a beautiful experience as George and Alysha were a wonderful couple to live with. Keep on keeping on. They were so patient even with a delayed flight."}, {"date": "2016-07-29", "name": "Ghania", "review": "Georges m'a tr\u00e8s bien accueillie malgr\u00e9 mon arriv\u00e9e tardive. <br/>Bien qu'il travaillait le lendemain matin de bonne heure, il a pris le temps de me montrer les pi\u00e8ces et me donner quelques indications. <br/>Il poss\u00e8de une belle petite maison avec un jardin dans un quartier tr\u00e8s calme mais un peu loin du centre de Londres. <br/>En effet, il faut quand m\u00eame prendre en consid\u00e9ration qu'on est oblig\u00e9 de prendre un train de Victoria Station pour arriver chez lui, soit 7\u00a3 de plus par trajet. Par ailleurs, c'est un quartier r\u00e9sidentiel, donc aucun magasin \u00e0 proximit\u00e9. <br/>Dans l'ensemble, le s\u00e9jour \u00e0 \u00e9t\u00e9 agr\u00e9able mais un peu plus cher que pr\u00e9vu. <br/>"}, {"date": "2016-09-02", "name": "Siddharth", "review": "George is very accommodating and helpful. Had good sleep without any disturbance. "}, {"date": "2016-09-12", "name": "Nikos", "review": "Just great! kind and good host"}, {"date": "2016-09-30", "name": "Nikos", "review": "Absolutely great stay, would recommend definitely!!"}, {"date": "2017-04-19", "name": "Susan", "review": "Great stay, thanks! Great dog too. "}, {"date": "2017-05-19", "name": "Susan", "review": "George and Olesja are lovely little and made us very welcome again."}]}