{"id": 10807878, "listing_url": "https://www.airbnb.com/rooms/10807878", "name": "2 bedrooms flat @ London Sutton Station Zone 5", "description": "This is a large two bedroom flat in a newly built lift service apartment block. Wooden floor throughout the bedrooms and living rooms, complete with HD Smart TV, WIFI, full use of fitted kitchen complete with all mod cons' and bathroom with bath and power shower. 25 Minutes public transport to central London<br /><br /><b>The space</b><br />You will be staying in this place by your own, it is sunny and spacious two bedroom flat, complete with HD Smart TV, WIFI, full use of fitted kitchen complete with all mod cons' and bathroom with bath and power shower. The flat is in secured apartment building, the public train/bus station(London borough of Sutton) is just a stone's throw away. There are lost of  great local pubs/ restaurants which are literally round the corner.  The big supermarket(Morrison) is just next to the apartment building, it opens from 7am to 11pm.<br /><br />Public transport to central London.<br /><br />Fast Train to London Victoria  25 mins<br />Semi Fast Train to Lond", "host_name": "Z", "host_id": 9792509, "host_url": "https://www.airbnb.com/users/show/9792509", "host_picture_url": "https://a0.muscache.com/im/pictures/user/028edae5-e022-45a1-95ad-de85cacc7aa3.jpg?aki_policy=profile_x_medium", "neighbourhood_cleansed": "Sutton", "latitude": 51.35987, "longitude": -0.19099, "property_type": "Entire condo", "room_type": "Entire home/apt", "accommodates": 4.0, "bathrooms": "1", "bedrooms": 2, "beds": 2, "amenities": ["Essentials", "Wifi", "Long term stays allowed", "Shampoo", "Elevator", "Shared gym nearby", "Refrigerator", "Fire extinguisher", "Smoke alarm", "Free washer \u2013 In unit", "Carbon monoxide alarm", "Hangers", "HDTV with Amazon Prime Video", "Netflix", "standard cable", "Kitchen", "Cable TV", "Heating", "Private hot tub", "Dishes and silverware"], "price": 138.0, "number_of_reviews": 9.0, "number_of_reviews_showed": 12, "review_scores_rating": 5.0, "reviews": [{"date": "2016-03-30", "name": "Wang", "review": "Modern clean room. Very comfortable. The host is very easy going, fast in response and helpful. Location is excellent, just minutes from major supermarkets and restaurants. Train station is just nearby, with buses to heathrow central available. A home away from home. "}, {"date": "2017-04-29", "name": "Marci", "review": "My brother and I loved how close it was to Sutton Station. Our 7 day travel card was definitely worth the money and convenience. Although we didn't spend much time in the Sutton area, we did go to Morrison's (a grocery store around the corner) and a few of the restaurants nearby including The Friendly Dolphin. Everyone was very kind and friendly! The flat is simple, clean, and exactly what we were looking for. Zhendong was helpful and quick to respond to any of our questions/concerns. We would definitely recommend this place to other travelers who are okay with being a littler further out from the city's center! Great experience!"}, {"date": "2018-04-15", "name": "Elizabeth", "review": "The host was lovely and responded more or less immediately every time I messaged him. He provided a thorough check in and was in contact when check out was being completed. The flat is lovely and very close to lots of ammenaties. Would definitely stay there again"}, {"date": "2022-01-16", "name": "Ching Kei", "review": "Nice place, good location, convenient to transport, shopping area."}, {"date": "2022-01-24", "name": "Mila", "review": "\u623f\u4e1c\u4eba\u5f88\u597d\uff0c\u623f\u95f4\u5f88\u5e72\u51c0\uff0c\u4ea4\u901a\u4fbf\u5229"}, {"date": "2022-04-24", "name": "Grantley (Grant)", "review": "Clean, tidy, & very convenient location. Less than 5 minutes walk to trains and buses, and shopping."}, {"date": "2022-05-15", "name": "L", "review": "Great stay. All our needs were met and the host was very responsive."}, {"date": "2022-07-23", "name": "Yat Hin", "review": "The place is super convenient right next to the high street, the flat is tidy and clean.<br/> <br/>Zhen Dong is a very good and helpful host, very responsive and he even provided recommendations on personal issues.<br/>Thank you!"}, {"date": "2022-08-25", "name": "Annette", "review": "Me and my family had a such a lovely stay and Z was an amazing host . Quick to answer phone calls and texts. Always ready to help. The location is fantastic. Close to Rail station and loads of bus stops to take you to different locations. 1 min walk to high street , super markets, restaurants and takeaways. The flat had all that a family would require. Would definitely use again. Thank you Z. Wish you all the best."}, {"date": "2022-09-07", "name": "Lisa", "review": "I didn\u2019t stay at the property, I only booked it but I am told it was a very nice in a great location"}, {"date": "2022-10-17", "name": "Yanjun", "review": "\u5730\u7406\u4f4d\u7f6e\u5f88\u597d\u751f\u6d3b\u5f88\u65b9\u4fbf\uff0c\u623f\u4e1c\u4eba\u5f88\u597d\uff0c\u6709\u673a\u4f1a\u518d\u6765Sutton\u8fd8\u4f1a\u4f4f\u54d2"}, {"date": "2022-11-04", "name": "Joanne", "review": "Wonderful stay! Z is a very nice host."}]}