{"id": 10860216, "listing_url": "https://www.airbnb.com/rooms/10860216", "name": "**Luxury One Bed** with private parking", "description": "A new build with secure parking, great transport links into central London, close to Heathrow and walkable to the London Underground. This apartment offers ample space and a high quality finish throughout with all the facilities needed for a comfortable stay. Walkable to The National Archives and The Royal Botanic Gardens at Kew.<br /><br /><b>The space</b><br />There is ample space in the apartment to enjoy a relaxing and comfortable stay.  Ideal for city professionals, long-term stays or couples looking to get some time away being close enough to the city yet far enough away to be able to enjoy Richmond Park, the River Thames, the countryside and country pubs. This ground floor apartment has an unconventional layout and high spec finish which offers a luxury 'hotel' feel with the advantage of having a separate kitchen and lounge area. <br /><br />Kitchen - Fully equipped with oven, induction hob, dishwasher, washing machine, dryer, integrated spacious fridge/freezer, Nespresso machin", "host_name": "Megan & Leonie", "host_id": 56248983, "host_url": "https://www.airbnb.com/users/show/56248983", "host_picture_url": "https://a0.muscache.com/im/pictures/user/2eef22d1-4e98-43bf-a44b-e7404efafdef.jpg?aki_policy=profile_x_medium", "neighbourhood_cleansed": "Richmond upon Thames", "latitude": 51.46851, "longitude": -0.28208, "property_type": "Entire rental unit", "room_type": "Entire home/apt", "accommodates": 2.0, "bathrooms": "1", "bedrooms": 1, "beds": 1, "amenities": ["Extra pillows and blankets", "First aid kit", "Oven", "Hair dryer", "Wine glasses", "Private entrance", "Hangers", "Cleaning products", "Dishes and silverware", "Luggage dropoff allowed", "Essentials", "Free parking on premises", "Shampoo", "TV with standard cable", "Free street parking", "Cooking basics", "Single level home", "Bed linens", "Carbon monoxide alarm", "Shower gel", "Central heating", "Wifi", "Safe", "Coffee maker", "Free dryer \u2013 In unit", "Dishwasher", "Long term stays allowed", "Hot water kettle", "Microwave", "Portable fans", "Refrigerator", "Bose Bluetooth sound system", "Iron", "Body soap", "Drying rack for clothing", "Kitchen", "Stove", "Toaster", "Breakfast", "Conditioner", "Security cameras on property", "Hot water", "Washer", "Elevator", "Smoke alarm", "Laundromat nearby", "Lockbox", "Nespresso machine", "Cable TV", "Freezer"], "price": 112.0, "number_of_reviews": 88.0, "number_of_reviews_showed": 7, "review_scores_rating": 4.98, "reviews": [{"date": "2016-02-19", "name": "Imran", "review": "Great stay and great host. <br/>Megan was really helpful and was so attentive to any questions I had. Really wanted me to enjoy my stay and very grateful. <br/>Really went out of her way to help. Thank you Megan. "}, {"date": "2016-02-28", "name": "Rahim", "review": "Megan was in hand to answer any questions/queries - amazing apartment. Will use again."}, {"date": "2016-03-23", "name": "Amy", "review": "Megan was great - really helpful on arrival and flexible about arrival times which was brilliant given flights and public transport! We really enjoyed our stay and would recommend this to anyone looking to stay in Richmond. "}, {"date": "2016-04-04", "name": "Stuart", "review": "Megan was there to great us, she showed us around and explained everything brilliantly. There was a useful information folder. It was a very smart apartment, which was ideal for access to all areas of transport links. "}, {"date": "2016-04-11", "name": "Angela", "review": "We thoroughly enjoyed our stay at Megan's flat<br/>She was the perfect host met us at property and was really flexible. Location was perfect a 15 min walk to Mortlake station train going to Waterloo and Richmond also bus stop out door<br/>One of the best things was free parking gate guarded at flat.<br/>Walk to Thames and Kew gardens.<br/>The flat was modern safe clean and very comfortable better than any hotel around the area and a great price.<br/>Especially the bed and pillows lovely fresh white linens.<br/>The bathroom and shower modern and clean. <br/>Wifi worked great too<br/>Highly recommend staying here<br/>Thanks for your hospitality <br/>"}, {"date": "2016-04-17", "name": "Leah", "review": "What a lovely stay! I couldn't of asked more of Megan, she was helpful and flexibile and always one call/text away. She also let us check out later than planned which was very kind of her! The area is lovely and my partner and I enjoyed a nice relaxing long weekend. The apartment is new and contains everything you could possibly need for your stay. The designated parking space also came in very handy. I would definitely stay here again. Thank you very, very much Megan."}, {"date": "2016-04-22", "name": "Kaleena", "review": "The photos of the flat were exactly how the unit was in reality. Everything was so clean. The shower was the best one I used in the UK! The host also has a lot of little toiletries and things to make your stay a little easier and feel more like home, it was perfect. She provided fresh eggs, bread and milk which was amamzing! Definitely one of my best AIRBNB experiences."}]}