{"id": 10897236, "listing_url": "https://www.airbnb.com/rooms/10897236", "name": "NEWLYbuilt,Flat-NrWimbledon-24MinsToLondonWATERLOO", "description": "1Sole/ Exclusive Use of Kitchen  ---20 Minutes To London-Central--i.e.-London \"Waterloo\" Rail station.<br />We can only supply bed(s) inside of 2nd Room [only for 3~4th Guest in group], in case that your Group book More than 2 guests[e.g.3~4guests].<br />Kitchen+own fridge/freezer is fitted for private use [not shared] .<br />5 mins walk from APART to  \"Motspur Park\" Rail station.<br />Rebuilt/refurb House. Silent /warm neighbour,huge football ground  amenities of restaurants,Extra Super Market [TESCO ]<br /><br /><b>The space</b><br />Pls find Main Kitchen   for  Host/ Guest who want to use large oven.<br />(URL HIDDEN)<br /><br /><br />(URL HIDDEN)<br /><br />===============================================<br /><br /><b>Other things to note</b><br />airbnb\uc5d0 \uacf5\ud56d\uacfc \uc2dc\ub0b4\uc694\uae08\ub4f1<br />\uacf5\ud56d (\ud788\uc2a4\ub85c \ud130\ubbf8\ub1102 \uc606\uc5d0 central bus station\uc5d0\uc11c \ud3b8\ub3c4 \ubc84\uc2a4 \ud2f0\ud0b7  (\uc57d \u00a36)\uad6c\uc785\ud558\uc2dc\uace0X26\ubc88 \uace0\uc18d \uc9c1\ud589\ubc84\uc2a4\ud0c0\uc2dc\uace0\u3161\u3161> \uc219\uc18c \uc778\uadfc(New Malden, The Fountain)\uc5d0\uc11c \ud558\ucc28\ud574 ------->\ub2e4\uc2dc \ub0b4\ub9ac\uc2e0 \uc815\ub958\uc7a5\uba85\uc778 \ub274\ubab0\ub4e0, \ub354 \ud30c\uc6b4\ud2f4 \uadf8\uc790\ub9ac \uc5d0\uc11c 213\ubc88 \ubc84\uc2a4\ub85c \uac08\uc544\ud0c0\uc2e0\ud6c4 4\ubd84\ud6c4\uc5d0 3\ubc88\uc9f8 bus stop\uc778 \"Motspur Park\"\uc5d0 \ud558\ucc28\ud558\uc154\uc11c 7\ubd84 \uac78", "host_name": "Young \uc601\uc6d0", "host_id": 56469941, "host_url": "https://www.airbnb.com/users/show/56469941", "host_picture_url": "https://a0.muscache.com/im/pictures/user/fd333de6-9df3-4b24-83a1-8125bdeccb36.jpg?aki_policy=profile_x_medium", "neighbourhood_cleansed": "Kingston upon Thames", "latitude": 51.39291, "longitude": -0.24315, "property_type": "Entire rental unit", "room_type": "Entire home/apt", "accommodates": 4.0, "bathrooms": "1.5", "bedrooms": 2, "beds": 4, "amenities": ["Window guards", "Mini fridge", "Hair dryer", "Wine glasses", "Dining table", "Private entrance", "Hangers", "Table corner guards", "Cleaning products", "Dishes and silverware", "Rice maker", "Essentials", "Free parking on premises", "Shampoo", "TV with standard cable", "Ceiling fan", "Cooking basics", "Bed linens", "Clothing storage", "Paid parking on premises", "Shower gel", "Bathtub", "Heating", "Wifi", "Safe", "Long term stays allowed", "Hot water kettle", "Microwave", "Changing table", "Iron", "Body soap", "Drying rack for clothing", "Kitchen", "Toaster", "Conditioner", "Hot water", "Washer", "Ethernet connection", "Laundromat nearby", "Cable TV", "Freezer"], "price": 84.0, "number_of_reviews": 27.0, "number_of_reviews_showed": 5, "review_scores_rating": 4.52, "reviews": [{"date": "2016-03-18", "name": "Stephen", "review": "I stayed here while working in new Malden.  I found the room and house very clean. I really enjoyed my stay her. It's also very close to the train station and shops. And we were made very welcome. I Would much definitely stay here again "}, {"date": "2016-04-24", "name": "Hyeon-A", "review": "\uc219\uc18c\uac00 \ub7f0\ub358 4\uc874\uc5d0 \uc704\uce58\ud558\uc5ec \uad50\ud1b5\uc774 \ubd88\ud3b8\ud560 \uc904 \uc54c\uc558\ub294\ub370, \ub7f0\ub358 \uc6cc\ud138\ub8e8 \uae30\ucc28\uc5ed\uc5d0\uc11c 20\ubd84 \uc815\ub3c4 \uac78\ub9ac\uace0 \uc219\uc18c\uc640 \uc5ed\ub3c4 \uac00\uae4c\uc6b4 \ud3b8\uc774\ub77c \ub7f0\ub358\uc2dc\ub0b4\uc5d0 \uc788\ub294 \uac83\uacfc \ub2e4\ub97c\ubc14\uac00 \uc5c6\uc5c8\uc2b5\ub2c8\ub2e4. One day travel 4\uc874 \ud2f0\ucf13\uc73c\ub85c \ub7f0\ub358\uacfc \uc678\uacfd\uc744 \ub3d9\uc2dc\uc5d0 \uad6c\uacbd\ud560 \uc218 \uc788\uc5c8\ub358 \uac83\uacfc \uc9c0\ud558\ucca0 \ubcf4\ub2e4 \uae30\ucc28\ub97c \ud0c0\uace0 \ub2e4\ub2c8\ub294 \uac83\uc774 \uc6b4\uce58\uac00 \uc788\uc5b4 \uc624\ud788\ub824 \uc7a5\uc810\uc774\uc5c8\uc2b5\ub2c8\ub2e4. \uc219\uc18c \uc704\uce58 \uc124\uba85\uc740 \uc815\ud655\ud588\uc2b5\ub2c8\ub2e4. \uc219\uc18c\ub294 \uc544\uc8fc \uae68\ub057\ud588\uace0, \uc601\uad6d \uc564\ud2f1 \uac00\uad6c\ub85c \uafb8\uba70\uc9c4 \uc219\uc18c\ub294 \uc601\uad6d \uc5ec\ud589\uc758 \uac10\ud765\uc744 \ub354\ud574 \uc8fc\uc5c8\uace0, \uc548\uc8fc\uc778\uc758 \uace0\uc0c1\ud55c \ucde8\ubbf8\ub97c \ud568\uaed8 \uc7a0\uc2dc\ub098\ub9c8 \uacf5\uc720\ud560 \uc218 \uc788\uc5b4 \uae30\uc5b5\uc5d0 \uc624\ub798 \ub0a8\uc744 \uac83\uc774 \ubd84\uba85\ud569\ub2c8\ub2e4. \uc5ec\ud589 \uc911\uc5d0 \ub300\uc811 \ubc1b\uc740 \ud55c\uc2dd\uc774 \ub354\uc6b1 \ub9db\uc788\uc5c8\uc744 \ubfd0\ub9cc\uc544\ub2c8\ub77c \uc601\uad6d \uadf8\ub987\uc5d0 \ub2f4\uae34 \ud55c\uc2dd\uc774 \ud488\uc704\uc788\uc5b4 \ubcf4\uc600\uc2b5\ub2c8\ub2e4. \uce5c\uc808\ud55c \uc11c\ube44\uc2a4\uc640 \uc544\ub291\ud558\uace0 \uae68\ub057\ud55c \uc219\uc18c \ub300\ube44 \uc800\ub834\ud55c \uac00\uaca9\uc740 \ub7f0\ub358 \uc5ec\ud589\uc758 \uc990\uac70\uc6c0\uc744 \ub354\ud574 \uc8fc\uc5c8\uc2b5\ub2c8\ub2e4. "}, {"date": "2016-05-14", "name": "Yutaro", "review": "Young's place is great!<br/>everything was clean!<br/>very good access from Motpoor park station.<br/>if we have a opportunity to visit London, we'd love to come back again!"}, {"date": "2016-09-01", "name": "Nichamon", "review": "Mr. Young and Mrs. Young are very nice, they always give a very good information about how to travel, a nice place to go and good restaurant to eat. Overall, it has been a good experince, me and my family are very happy."}, {"date": "2016-09-11", "name": "Tovie", "review": "The house is clean and looks better than the picture. Kitchen are great ! To bad we cant cook big meal :( \r<br/>\r<br/>BUt we are too tired to cook anyway :) , so didnt ask\r<br/>\r<br/>Too bad the pillow is not enough \r<br/>\r<br/>Overall...  reccomend for family with kids !! \r<br/>Sure will stay here again for the next"}]}