{"id": 10900099, "listing_url": "https://www.airbnb.com/rooms/10900099", "name": "Bright, Renovated Georgian Home in Chelsea", "description": "Open the deep blue front door and step into a world of comfort in this beautiful 18th century Georgian home. Sun-lit rooms are accented with warm, eclectic decor. The sleek, equipped kitchen makes cooking easy while Buddha on the terrace beckons.", "host_name": "Margaret", "host_id": 53415873, "host_url": "https://www.airbnb.com/users/show/53415873", "host_picture_url": "https://a0.muscache.com/im/pictures/user/7be5e9b5-a3b5-466c-9dae-2e0030272623.jpg?aki_policy=profile_x_medium", "neighbourhood_cleansed": "Kensington and Chelsea", "latitude": 51.48574, "longitude": -0.18107, "property_type": "Entire rental unit", "room_type": "Entire home/apt", "accommodates": 4.0, "bathrooms": "2", "bedrooms": 2, "beds": 2, "amenities": ["Wifi", "Coffee maker", "Dishwasher", "Washer", "TV", "Free street parking", "Full kitchen", "Smoke alarm", "Hair dryer", "Bathroom essentials", "Indoor fireplace", "Dryer", "Iron", "Carbon monoxide alarm", "Heating", "Bedroom comforts"], "price": 270.0, "number_of_reviews": 139.0, "number_of_reviews_showed": 6, "review_scores_rating": 4.82, "reviews": [{"date": "2016-04-30", "name": "Gen", "review": "Margaret and her husband are gracious and helpful. Their flat is very stylish and plenty of space and light. Beds are nice and bathroom is modern and spacious (for the main room). Everybody in my party is fully satisfied with what we get. Definitely we want to return. \r<br/>"}, {"date": "2016-05-22", "name": "Sara", "review": "Margaret and her husband were absolutely amazing hosts and the apartment was just perfect. Communication was easy and they really made us feel like home. We will definitely come back here next time we travel to London. "}, {"date": "2016-06-06", "name": "Matt And Julia", "review": "Great London house in fantastic location and easy as well as timely communication with our friendly hosts - I would definitely book this place again. "}, {"date": "2016-06-28", "name": "Emma", "review": "We had a wonderful time. Margaret and her husband were very friendly and helpful and make us feel very welcome. Location is perfect and just off the Fulham road and near many great restaurants and shops. It was also very close to the Kings road so great for access to shops, restaurants and near to South Kensington tube and Sloane Square. My children loved it too and have called it their \"new \" home in London. : )"}, {"date": "2016-06-29", "name": "Kirby", "review": "We had a relaxing and pampered stay at this well appointed house. Sheets are Egyptian cotton and bathrooms are newly remodeled. We will stay here again if we are in the area. Absolutely loved it.  "}, {"date": "2016-07-13", "name": "Zoe", "review": "Wonderful stay - highly recommended!"}]}