{"id": 10918854, "listing_url": "https://www.airbnb.com/rooms/10918854", "name": "Notting Hill Living", "description": "Spacious room in large Notting Hill flat, situated within 2 min walk to portobello road, 5 min walk to Tube (circle line) and local 24 hour buses.<br /><br /><b>The space</b><br />Extra large bedroom for the location<br /><br /><b>Guest access</b><br />Bedroom, bathroom and kitchen<br /><br /><b>Other things to note</b><br />Water in room, also breakfast pastries, juice, tea and coffee provided", "host_name": "Simon", "host_id": 11703805, "host_url": "https://www.airbnb.com/users/show/11703805", "host_picture_url": "https://a0.muscache.com/im/pictures/user/b387e98c-6d3f-4aba-976b-82609d166299.jpg?aki_policy=profile_x_medium", "neighbourhood_cleansed": "Kensington and Chelsea", "latitude": 51.51863, "longitude": -0.20332, "property_type": "Private room in rental unit", "room_type": "Private room", "accommodates": 2.0, "bathrooms": "1", "bedrooms": 1, "beds": 1, "amenities": ["Essentials", "Wifi", "First aid kit", "Washer", "Shampoo", "TV with standard cable", "Smoke alarm", "Hair dryer", "Iron", "Dryer", "Hangers", "Kitchen", "Cable TV", "Heating", "Breakfast"], "price": 49.0, "number_of_reviews": 56.0, "number_of_reviews_showed": 14, "review_scores_rating": 4.63, "reviews": [{"date": "2016-04-11", "name": "Sanjeet Rai", "review": "Simon was an amazing host and lives  in the best neighbourhoods of London. Would recommend his place to anyone. Thank you Simon "}, {"date": "2016-04-24", "name": "Dani Y Nuria", "review": "La casa est\u00e1 a un minuto de la parada del metro y a otro minuto del mercado de Portobello, el barrio es genial. La casa estaba limpia y Simon nos recibi\u00f3 aunque llegamos bastante tarde. Nos dej\u00f3 gel, pasta de dientes y nos ofreci\u00f3 tomar algo. Muy amable y comunicativo. Recomendable."}, {"date": "2016-06-05", "name": "Harvey", "review": "Simon was a fantastic host, upon arriving I was warmly greeted and shown around. I was fortunate to find that he had provided croissants for the following morning and all the essentials that you would receive at a good hotel. The accommodation was fantastic, 5 minutes away from Westbourne Park tube station and Portobello Road. Any problems, Simon sorted them with haste and ensured I was happy with my stay. Great price, highly recommended!"}, {"date": "2016-06-15", "name": "Marco Antonio Torrez", "review": "A estadia na hospedagem de Simon foi \u00f3tima, o local \u00e9 bem situado e pr\u00f3ximo a transporte p\u00fablico, conforme relatado no anuncio. O quarto \u00e9 \u00f3timo e o banheiro excelente, ambos espa\u00e7osos e confort\u00e1veis.\r<br/>Simon foi um excelente anfitri\u00e3o e sempre esteve a disposi\u00e7\u00e3o para tornar a nossa estadia o mais agrad\u00e1vel poss\u00edvel. Nos momentos que necessitamos de sua ajuda fomos prontamente atendidos.\r<br/>Obrigado Simon, e abra\u00e7os Marco e Giselle.\r<br/>"}, {"date": "2016-07-05", "name": "Lucia", "review": "Everything perfect !! Simon was very friendly. Location was very close to lovely Notting hill but the neighborhood was very quiet. Room and bathroom very clean. I can only recommend this accomodation.  "}, {"date": "2016-07-10", "name": "Akshay", "review": "Simon's house was in a great location. Portobello street is just a 3 minute walk with access to literally everything from food and clothes to souvenirs and various other items! Simon was a great host and the room was huge and extremely tidy. Will definitely recommend Simon's place for anyone wanting to stay close to central london and have a relaxing time! Thanks Simon!"}, {"date": "2016-07-17", "name": "James", "review": "My guest stayed at Simon's last weekend and enjoyed the clean and comfortable flat,  Simon's easy going and accessible hosting and the great location. "}, {"date": "2016-08-18", "name": "Priscilla", "review": "We enjoyed our stay at Simon's place a lot. He was very nice and responded quickly to every question and made sure we were ok. The greatest thing is the location, very close to Portobello Road, restaurants and the tube. The room itself was fine, great bed, nice shower, good wifi! (If you need absolute silence at night and darkness in the morning, bring earplugs and an eyemask.) Definately recommended for a trip to London! "}, {"date": "2016-09-03", "name": "Suoyi", "review": "Room is clean, great location, 5 minutes walking to metro station. Simon is a very helpful, kind and generous host. Definitely recommended and we will book again next year when we return to London."}, {"date": "2016-09-18", "name": "Hajar", "review": "Our stay at Simon's room was really good.\r<br/>The room is very cosy, comfortable and clean. The apartment is very well located, in the heart of Portobello Road, very nice spot for tourists in London. \r<br/>Simon was is very pleasant, helpfull and welcoming. \r<br/>Thank u very much!"}, {"date": "2016-10-01", "name": "Ustun", "review": "When I arrived Simon has just moved for Japan . Unfortunately there was no internet and have no chance to get it during my 4 day stay. Simon tried to help but his instructions from Japan failed to fix the problem . Also have no chance to open TV for the news .It was always on \" bad signal \" mode .<br/>Other than above all was OK as described in the web page . The location is perfect and bathroom is clean . Also the Red Lemon Pub just at the opposite corner is an attractive place for relaxing."}, {"date": "2016-10-11", "name": "Adri", "review": "Great host, great location."}, {"date": "2016-11-04", "name": "Suhaila", "review": "My stay at Simon's apartment has been amazing. A really perfect base to start your London trip. The Portobello market strip is just a few minutes' walk. It's really safe if you're travelling to London alone. The room and the bathroom are really clean and tidy. Simon, the host himself has been pretty amazing too! He's been quick in replying. Will definitely want to stay at Simon's apartment again! "}, {"date": "2016-11-25", "name": "Marjolein", "review": "Simon is very helpful, welcoming and friendly. Wonderful host. Location is excellent. Would stay again."}]}