{"id": 10920533, "listing_url": "https://www.airbnb.com/rooms/10920533", "name": "NewSTUDIO-nearWIMBLEDON-25Mins to London Waterloo", "description": "5 min walk to British Rail \"Motspur Park station   from STUDIO [=Apartment] you will rent .<br />PLS FIND MY STUDIO'S VIDEO URL AS BLWS:<br />== belows========<br />(URL HIDDEN)<br />==============<br />Newly refurbished House.<br />(URL HIDDEN) \"--YouTube.<br /> Football ground is opposite Amenities for Various restaurant, food, pub , take-away restaurant ,hair shop, Laundry &news agent nearby<br />Pls find Main Kitchen   for  Host/ Guest who want to use large oven<br />(URL HIDDEN)<br /><br /><b>The space</b><br />Please refer to<br />  ---  belows  ---<br /><br />https://www.airbnb.co.uk/rooms/10953949<br /><br /><br />Airbnb room number  registered / identified  ;      airbnb.co.uk/rooms/10953949<br /><br /><br />Thanks<br />Young<br /><br />(URL HIDDEN)<br /><br />========================<br />(URL HIDDEN)     ----->  VIDEO ON  YOUR AIRBNB [=STUDIO]<br /><br /><b>Guest access</b><br />(URL HIDDEN)     ----->  VIDEO ON  YOUR AIRBNB [=STUDIO]<br /><br /><b>Other things to note</b><b", "host_name": "Young \uc601\uc6d0", "host_id": 56469941, "host_url": "https://www.airbnb.com/users/show/56469941", "host_picture_url": "https://a0.muscache.com/im/pictures/user/fd333de6-9df3-4b24-83a1-8125bdeccb36.jpg?aki_policy=profile_x_medium", "neighbourhood_cleansed": "Kingston upon Thames", "latitude": 51.39176, "longitude": -0.24488, "property_type": "Entire rental unit", "room_type": "Entire home/apt", "accommodates": 2.0, "bathrooms": "1", "bedrooms": 1, "beds": 2, "amenities": ["Essentials", "Wifi", "Hot water", "Washer", "Free parking on premises", "Shampoo", "Long term stays allowed", "TV with standard cable", "Cooking basics", "Hair dryer", "Private entrance", "Iron", "Bathtub", "Hangers", "Kitchen", "Cable TV", "Heating"], "price": 54.0, "number_of_reviews": 49.0, "number_of_reviews_showed": 11, "review_scores_rating": 4.71, "reviews": [{"date": "2016-02-27", "name": "Laetitia", "review": "This appartment is very useful, with all what we need. We spent a very nice moment, thanks Young !"}, {"date": "2016-03-05", "name": "Pei", "review": "It was truly great and pleasant stay with Young's. Young and his wife are really friendly and nice to us,  they have attended to us whenever we needed them, they helped us to receive our parcels many times during the stay and even treated us with some tasty Korean noodles. And of course we enjoyed the privacy as the room is separated from the main house with Bathroom, Kitchen and all, it is decorated in lovely style spacious, clean and tidy, and you will have essentials, utilities and everything you need there as described. The place is located in a peaceful community, 2 minutes walk distance away from Railway Station, easy access to centre London. And around the station there are many restaurants, take away and grocery shops, very convenient. I definitely recommend Young's place, hope next time we could still book here. "}, {"date": "2016-03-24", "name": "Lisa", "review": "Lovely clean and tidy accommodation.  Compact but all amenities as described and very quiet.  Welcoming hosts even when we arrived early due to lack of traffic on the M25.  Communication good and booking easy.  We've already booked again."}, {"date": "2016-03-27", "name": "Mathieu", "review": "Le logement \u00e9tait propre et fonctionnel, les h\u00f4tes \u00e9taient discrets et tr\u00e8s gentils & serviables. Rien \u00e0 redire si ce n'est qu'on ne peut pas utiliser la baignoire pour prendre de bain en raison d'une grille non amovible plac\u00e9e sur le trou."}, {"date": "2016-04-07", "name": "HoonJae", "review": "First of all when i arrived at their place they greeted very kindly and friendly. It was quite late time. But they are really nice People. Even we didn't have a dinner so they provided many delicious food. It was scrumptious. The room was very clean and orderly. Also it was very warm and cozy.\r<br/>There is famous restaurant and TESCO near the house. If you are interested in Korean Food you can go there. There is very famous restaurant in there. It calls Jingogae and \ud55c\uad6d\uad00. In addition it takes about 7 minutes to the train station by foot. And from here to the Central London(Waterloo staion) just takes about 20minutes. It was very memorable and good time during my travel in UK. If i go to London again i want to go there again. Thank you for hosting us and i wish meeting again someday. It was wonderful time in my spring break in Europe.\r<br/>\r<br/>\ub2a6\uc740 \uc2dc\uac04\uc5d0 \ub3c4\ucc29\ud588\uc74c\uc5d0\ub3c4 \ubd88\uad6c\ud558\uace0, \ud55c\uad6d\uc774 \uc0dd\uac01\ub0a0\ub9cc\ud07c \ub9db\uc788\ub294 \uc800\ub141\uc2dd\uc0ac\ub97c \ub300\uc811\ud574\uc8fc\uc2dc\uace0 \uce5c\uc808\ud558\uac8c \ub9de\uc544\uc8fc\uc154\uc11c \ub108\ubb34\ub098 \uac10\uc0ac\ud588\uc2b5\ub2c8\ub2e4. \ub108\ubb34\ub098 \uae54\ub054\ud558\uace0 \uc815\ub3c8\ub418\uc5b4\uc788\ub294 \ubc29\uc5d0\uc11c \ub530\ub73b\ud558\uac8c \uc9c0\ub0bc \uc218 \uc788\uc5c8\uc2b5\ub2c8\ub2e4. \ud558\ub8e8\ub97c \uc54c\ucc28\uace0 \ud798\ub4e4\uac8c \uc5ec\ud589\ud558\uace0 \uc624\uba74 \ub298 \ud3b8\uc548\ud558\uac8c \uac71\uc815\uc5c6\uc774 \uc274 \uc218 \uc788\uc5b4\uc11c \ub108\ubb34\ub098 \uc88b\uc558\uace0 \uad50\ud1b5\ube44\uac00 \ub2e4\uc18c \ub9ce\uc774 \ub4e4\uc5c8\uc9c0\ub9cc \uc219\uc18c \uc704\uce58\ub098 \uac00\uaca9\uc774 \uc800\ud76c\uc5d0\uac8c \ud569\ub9ac\uc801\uc774\uace0 \ud3b8\uc548\ud558\uac8c \uc9c0\ub0bc \uc218 \uc788\ub2e4\ub294 \uc810\uc5d0\uc11c \uc815\ub9d0 \uc88b\uc740 \uc7a5\uc18c\uc600\uc2b5\ub2c8\ub2e4. \uc911\uac04\uc911\uac04 \ubb34\uc5c7\uc774\ub4e0 \ubd80\ud0c1\ub4dc\ub9ac\uba74 \uce5c\uc808\ud558\uac8c \uc6c3\uc73c\uc2dc\uba74\uc11c \ub2e4 \ub4e4\uc5b4\uc8fc\uc2dc\uace0 \ub9db\uc788\ub294 \uac83\ub3c4 \uc8fc\uc154\uc11c \uac10\uc0ac\ud588\uc2b5\ub2c8\ub2e4. \ub9c8\uc9c0\ub9c9\ub0a0 \uc544\uce68\uc5d0 \ubc14\uc058\uac8c \uc774\ub978\uc2dc\uac04\uc5d0 \ub098\uac00\uac8c \ub418\uc11c \uc815\ub9ac\uc815\ub3c8\uc744 \uc81c\ub300\ub85c \ud558\uc9c0 \ubabb\ud588\uace0 \uc778\uc0ac\ub3c4 \uc81c\ub300\ub85c \ub4dc\ub9ac\uc9c0 \ubabb\ud55c \uac83 \uac19\uc544\uc11c \uc8c4\uc1a1\uc2a4\ub7fd\uac8c \uc0dd\uac01\ud569\ub2c8\ub2e4. \uc9c0\ub0b4\ub294 \uc77c\uc8fc\uc77c \ub3d9\uc548 \ub108\ubb34\ub098 \uac10\uc0ac\ud588\uc73c\uba70 \ub098\uc911\uc5d0 \uc5b8\uc820\uac00 \ub7f0\ub358\uc5d0 \uc5ec\ud589\uac00\uac8c \ub41c\ub2e4\uba74 \uadf8\ub54c\ub3c4 \uc5ec\uae30\uc11c \uc9c0\ub0bc \uc218 \uc788\uc5c8\uc73c\uba74 \ud558\ub294 \uacf3\uc774\uc5c8\uc2b5\ub2c8\ub2e4. \uc77c\uc8fc\uc77c \ub3d9\uc548 \uac10\uc0ac\ud588\uc2b5\ub2c8\ub2e4."}, {"date": "2016-04-22", "name": "Lisa", "review": "Accurate listing for clean, easy to book accommodation.  Found a great chippy up the road"}, {"date": "2016-04-28", "name": "Celine", "review": "My boyfriend and I stayed at Mr Young's studio and had a wonderful time! The studio was as described: neat and clean, enough towels, operating kitchen and bathroom. Both Mr Young and his wife were very accommodating: they wanted to make sure we had everything we needed. We will definitely come back to this place when we visit London again!"}, {"date": "2016-05-07", "name": "Sarah", "review": "Le studio est super, tr\u00e8s propre et agr\u00e9able, mon mari et moi en sommes tr\u00e8s satisfait! A deux pas de la station de train. Vraiment c'\u00e9tait un tr\u00e8s bon s\u00e9jour! Young et sa femme son tr\u00e8s serviable. Je recommande vivement! "}, {"date": "2016-05-31", "name": "Flora", "review": "Nous sommes arriv\u00e9es assez tardivement et l'h\u00f4te est tout de m\u00eame venu nous chercher en voiture \u00e0 la gare et nous a propos\u00e9 de manger avec sa femme et nous a donn\u00e9 le wifi. Accueillant et sympathique. \r<br/>L'appartement ind\u00e9pendant de la maison est tr\u00e8s pratique, id\u00e9al pour 2 et encore mieux que sur les photos. Propre dans l'ensemble. Nombreuses serviettes de bains fournis, ainsi que le dentifrice et shampooing/gel douche. \r<br/>Dommage qu'il n'y ai pas eu le n\u00e9cessaire pour faire un petit repas (sel, beurre,...) ni de volets aux fen\u00eatres.\r<br/>L'appartement est tr\u00e8s proche de la gare o\u00f9 les trains passent tr\u00e8s r\u00e9guli\u00e8rement (20min des attractions touristiques). \r<br/>Tr\u00e8s bon s\u00e9jour donc dans l'ensemble. "}, {"date": "2016-06-07", "name": "Lauren", "review": "Myself and my boyfriend had a wonderful trip in this home in New Malden. Mr Young was kind enough to pick us up from the station, we made the mistake of going to New Malden station instead of Motspur Park station (which is must closer to the propery). Mr Young drove from this station to New Malden after making this mistake which was very kind! \r<br/>\r<br/>When we arrived at the property, he gave us the key and we were able to let ourselves in. It's a house within a house almost. This was absolutely fine, as it provided a bed, a bathroom and and a kitchen. It does not have an oven but has an electric hob and fridge which was perfect. I contacted Mr Young to ask if there was a hairdryer, and he brought one in for us.\r<br/>\r<br/>On our first day Mr Young rang us to check we knew where we were going and offered directions which was nice. It's a short few minute walk to Mostpur Park station, and as it says 20 minutes to Waterloo. We also explored the town of New Malden, where there are plenty of shops including boots, Iceland, wait rose and a lot of restaurants. Lovely area and a great stay! Would recommend and stay here again."}, {"date": "2016-06-10", "name": "Vincent", "review": "Tr\u00e8s bon s\u00e9jour chez Young. Le studio est comme sur les photos et la propret\u00e9 est exemplaire. Centre de Londres facile \u00e0 rejoindre avec le gare de train \u00e0 5 min. <br/>Great stray at Young's spot. The studio was as well as the photos and very clean. Train station really close. "}]}