{"id": 10976789, "listing_url": "https://www.airbnb.com/rooms/10976789", "name": "A great one bedroom garden flat", "description": "This is a lovely one bedroomed, self contained garden flat, which has recently been refurbished. It is light and airy and has a open plan living area and brand new kitchen. The bedroom has a double bed and  a comfortable sofabed in the living room.<br />NB Please note that at present I am only taking bookings for a max 5 nights stay, thanks.<br /><br /><b>The space</b><br />The flat is self contained so you have all amenities in one living space and use of a private garden.<br /><br /><b>Guest access</b><br />You will have the use of the whole flat to yourself.", "host_name": "Clare", "host_id": 56951683, "host_url": "https://www.airbnb.com/users/show/56951683", "host_picture_url": "https://a0.muscache.com/im/pictures/user/6550bc46-c779-43ac-9305-521e14a92e2b.jpg?aki_policy=profile_x_medium", "neighbourhood_cleansed": "Southwark", "latitude": 51.45423, "longitude": -0.09209, "property_type": "Entire rental unit", "room_type": "Entire home/apt", "accommodates": 2.0, "bathrooms": "1", "bedrooms": 1, "beds": 1, "amenities": ["Extra pillows and blankets", "Oven", "Fire extinguisher", "Hair dryer", "Hangers", "Dishes and silverware", "Essentials", "Shampoo", "Baking sheet", "Cooking basics", "Bed linens", "Shower gel", "Wifi", "Heating", "Coffee maker", "Dishwasher", "Backyard", "Pack \u2019n play/Travel crib", "TV", "Long term stays allowed", "Microwave", "Refrigerator", "Iron", "Kitchen", "Hot water", "Washer", "Smoke alarm", "High chair", "Lockbox"], "price": 100.0, "number_of_reviews": 156.0, "number_of_reviews_showed": 8, "review_scores_rating": 4.97, "reviews": [{"date": "2016-04-09", "name": "Camilla", "review": "Very welcoming and friendly host. Lovely flat, warm  and homely. Would defiantly stay again!"}, {"date": "2016-04-10", "name": "Aisling", "review": "The one bed flat was perfect for our<br/>My night stay. Me and my partner needed a place to stay that wasn't too near the city centre but had good transport and Clare's place was just that. A 10 minute walk from a main line train station and 2 minute walk from a 24 running bus. The flat was lovely, it had everything we needed and you could tell it had just been refurbished as everything was very clean and worked perfectly. "}, {"date": "2016-04-25", "name": "Cathy", "review": "We were welcomed into Clare's flat by her partner, Peter. The flat was lovely, with a nice garden in the back for us to enjoy. After a long trip from the states, it was great to see that Clare had provided us with bread and butter, tea and coffee, milk and orange juice for our stay. The neighborhood is fantastic--very quiet yet close to buses and the train station offering a quick trip to Victoria station. Our daughter's family lives close by and we would definitely stay again at Clare's when we are next in London."}, {"date": "2016-05-04", "name": "Amanda", "review": "Stepping out of a London cab fresh after landing from a long haul flight from Australia (via Singapore - 8 hours + 14 hours all up, with a toddler) we were met by Clare who showed us into the lovely, comfortable place we were to call home for the next 9 days. The place is in a super location walking distance to coffee shops, parks, supermarkets and transport links via Herne Hill station as well as buses. The place was very quiet along a charming Edwardian street and fully renovated with everything one could want. This was our first airbnb experience and we were absolutely delighted with the stay. Highly recommended!"}, {"date": "2016-05-11", "name": "Kate", "review": "Clare was lovely, very quick to communicate with me and very accommodating; setting up a travel cot for my son too. Their flat is truly wonderful, so calm, clean, spacious, lovely design, and lovely and light. My son and I had a lovely two night stay there. It was great that Clare had some essentials there too; milk, lurpak butter and fresh bread. I love the area too, it's very homely, relaxing and safe with great local shops and cafes, and the transport links are great too. I'd definitely stay here again and would highly recommend this wonderful flat to others too. Thanks Clare. "}, {"date": "2016-05-15", "name": "Daisy", "review": "Clare was an excellent host and the flat was immaculate and very comfortable we would thoroughly recommend it. "}, {"date": "2016-05-22", "name": "Dan", "review": "The neighbourhood is a good one for accessing London central and south, and a really lovely place to stay for visiting the city - and for visiting relatives who live near here as we did. Local amenities plentiful. Clare was really welcoming, and flexible too. A great host. The flat is exactly as it appears in pictures. Well equipped, comfortable, on a quiet street and walking distance from one of the nicest Italian restaurants London has to offer. Great stuff. thank you!"}, {"date": "2016-05-29", "name": "James", "review": "Prompt greeting. Clare was nice and brief. The place was great.\r<br/>\r<br/>Clare is living upstairs so it's really handy if you need anything. \r<br/>\r<br/>The garden was nice in the sun with a bench. Clare left milk, coffee, bread with Lurpak butter. There was a helpful 'guide to city' leaflet Clare had made.\r<br/>\r<br/>Thanks"}]}