{"id": 1099836, "listing_url": "https://www.airbnb.com/rooms/1099836", "name": "Lovely double room with en suite shower room", "description": "This room is on the first floor (second if you're from the US). It's light and airy and has extensive views of London (best in the winter). The double bed is comfortable and the bathroom has a spacious walk-in shower. The bathroom also has a seaside/nautical theme.<br /><br /><b>The space</b><br />This is a decent-size double bedroom with private en-suite shower room. There are good views from the window on a clear day, but the area is so full of trees that the amount you can see of London's landmarks is fairly limited until the autumn!<br /><br /><b>Guest access</b><br />Guests will be given their own key. There is also a key safe to which I can give you access if I can't be there to greet you.<br /><br /><b>Other things to note</b><br />There is wi-fi which you're welcome to use.<br /><br />There is a washing machine you can use. An iron and ironing board are also available.", "host_name": "Paul", "host_id": 3455498, "host_url": "https://www.airbnb.com/users/show/3455498", "host_picture_url": "https://a0.muscache.com/im/users/3455498/profile_pic/1351349112/original.jpg?aki_policy=profile_x_medium", "neighbourhood_cleansed": "Lewisham", "latitude": 51.46998, "longitude": -0.0407, "property_type": "Private room in rental unit", "room_type": "Private room", "accommodates": 2.0, "bathrooms": "1", "bedrooms": 1, "beds": 1, "amenities": ["Extra pillows and blankets", "Oven", "Barbecue utensils", "Hair dryer", "Wine glasses", "Private entrance", "Hangers", "Piano", "Cleaning products", "26\\ TV with Chromecast", "Netflix", "DVD player", "Dishes and silverware", "Essentials", "Shampoo", "Free street parking", "Cooking basics", "Bed linens", "Clothing storage", "Carbon monoxide alarm", "Shower gel", "Central heating", "Wifi", "Coffee maker", "Dishwasher", "Backyard", "Hot water kettle", "Refrigerator", "Room-darkening shades", "Iron", "Body soap", "Drying rack for clothing", "Kitchen", "BBQ grill", "Stove", "Lock on bedroom door", "Toaster", "Dedicated workspace", "Hot water", "Washer", "Shared patio or balcony", "Smoke alarm", "Laundromat nearby", "Freezer"], "price": 55.0, "number_of_reviews": 137.0, "number_of_reviews_showed": 9, "review_scores_rating": 4.9, "reviews": [{"date": "2014-10-07", "name": "Neal", "review": "Paul is a charming host and went out of his way to make me feel welcome. His flat is large, clean and tidy. The double bed was very comfortable and I had a good nights sleep. I would certainly be happy to stay at Paul's place again."}, {"date": "2014-10-23", "name": "Kathrin", "review": "Paul made us feel so welcome and he is such a lovely person. The flat is lovely and room is very nice and clean. The window faces out onto a garden and it is so peaceful for being so close to the city and great transport links. The en-suite was excellent. We really enjoyed our stay and would certainly stay again when we are in London. "}, {"date": "2014-10-26", "name": "Laurence", "review": "It was a pleasure to stay Paul's flat when visiting New Cross. The room was clean and comfortable and our host was hospitable."}, {"date": "2014-11-07", "name": "Michael", "review": "My visit to Lorna and Glenn's was my second AirBnB experience, after a stay in Venice in September. And it was absolutely brilliant - I don't think I could have had a better first AirBnb stay in the UK!\r<br/>\r<br/>Lorna and Glenn are quite simply lovely and generous people. They were incredibly welcoming and made me feel at home straight away. I arrived late on the Wednesday evening after travelling down from Manchester and they went out of their way to make me a nice dinner.\r<br/>\r<br/>The house itself is easy to find - 5-10mins walk maximum from New Cross tube station, around the back of Goldsmiths University. The house\u2019s interesting and modern design make it stand out on the street.\r<br/>\r<br/>The room was just perfect for my needs \u2013 a comfy, clean bed with easy access to the bathroom. There\u2019s a desk in the room too which came in extremely handy as I had to finish off my presentation for a conference at Goldsmiths the following day. The wifi worked perfectly too.\r<br/>\r<br/>The bathroom was great \u2013 nice hot shower \u2013 and Lorna and Glenn also provided crisp, clean towels which I wasn\u2019t expecting but were much appreciated.\r<br/>\r<br/>There was also fresh water and biscuits in the room (lovely touch) and Lorna offered me a host of different things for breakfast the following morning. She was also kind enough to let me leave my bags at the house for the day too so I could pick them up later on after the conference.\r<br/>\r<br/>It was really easy to access Goldsmiths from the back entrance (literally a few meters from the house), thus it is perfect if you are visiting the university.\r<br/>\r<br/>All in all, I had a fantastic experience and would be very happy to stay at Lorna and Glenn\u2019s again. Thanks guys!"}, {"date": "2014-11-23", "name": "Silvia", "review": "All was perfect and all as you can see in the pictures. Big and clean room with a nice bathroom"}, {"date": "2014-11-25", "name": "Nick", "review": "Paul made us very welcome and was very helpful about the arrangements for getting access. The flat was lovely, in a lovely area, the bed was comfortable and the view from the bedroom amazing. We hope to stay there again."}, {"date": "2014-11-27", "name": "Patricia", "review": "Paul is an ideal host, very friendly and helpful. The room is lovely, with an extraordinary view and a very nice on-suite bathroom with bathtub etc. The location is also very convenient, with a bus-stop just outside, and the train station (New Cross Gate, very convenient to Gatwick and London Bridge) just a short walk away. The neighborhood, Telegraph Hill, is leafy and pleasant. Highly recommended!"}, {"date": "2014-12-07", "name": "John", "review": "Paul was very welcoming as host and easy to get along with. The location was handy for all services and the en-suite was a bonus. We would definitely like to return. Good value.  "}, {"date": "2014-12-27", "name": "Catherine", "review": "Paul was a very welcoming and gracious host.  The room was large and very comfortable and the private bath was very nice.  Paul was wonderful and helpful with advice about getting around and even invited us to the neighborhood pub for a Christmas Eve caroling sing-along.  The neighborhood was nice and public transportation was convenient.  "}]}