{"id": 10992563, "listing_url": "https://www.airbnb.com/rooms/10992563", "name": "Bright garden flat", "description": "Bright, homely garden flat in Walthamstow, 5 minutes from Walthamstow village, 10 from Walthamstow Central so you can get into central London in 30 minutes. The flat has 2 bedroom. Walthamstow is a really lovely part of London with a great mix if things to do for families or if you want to party!!", "host_name": "Jane", "host_id": 6250237, "host_url": "https://www.airbnb.com/users/show/6250237", "host_picture_url": "https://a0.muscache.com/im/pictures/user/98567af9-132a-4600-9928-7e3b5375fe4b.jpg?aki_policy=profile_x_medium", "neighbourhood_cleansed": "Waltham Forest", "latitude": 51.58841, "longitude": -0.00867, "property_type": "Entire rental unit", "room_type": "Entire home/apt", "accommodates": 4.0, "bathrooms": "1", "bedrooms": 2, "beds": 2, "amenities": ["Extra pillows and blankets", "First aid kit", "Oven", "Fire extinguisher", "Hair dryer", "Private entrance", "Hangers", "Dishes and silverware", "Essentials", "TV with standard cable", "Free street parking", "Cooking basics", "Single level home", "Bed linens", "Wifi", "Heating", "Coffee maker", "Backyard", "Long term stays allowed", "Microwave", "Refrigerator", "Iron", "Kitchen", "Stove", "Security cameras on property", "Hot water", "Washer", "Smoke alarm", "Dryer", "Lockbox", "Cable TV"], "price": 75.0, "number_of_reviews": 6.0, "number_of_reviews_showed": 6, "review_scores_rating": 5.0, "reviews": [{"date": "2019-05-26", "name": "Adrian", "review": "Jane was an absolute phenomenal host. Very quick to answer any questions we had and also provided the inside scoop on what to do while in town. Would definitely stay here again."}, {"date": "2019-05-31", "name": "Francesca", "review": "We had a lovely 3 night stay here with my husband and 2 children. We had everything we needed and Jane\u2019s responses were very quick! <br/>Thanks again."}, {"date": "2019-06-09", "name": "Louis", "review": "Such a cosy little flat,  we loved the funky art and indoor plants, it really felt like a home away from home. Only a short walk to high street and the train station. Jane was very quick to respond and had alot of great suggestions for things to do around town,   10/10 would recommend :)"}, {"date": "2019-06-14", "name": "Ian", "review": "Ace"}, {"date": "2019-07-15", "name": "Clara", "review": "Very comfortable apartment and guests concerned about our well-being. We had an excellent stay in London and we recommend Jane and Toby's apartment!"}, {"date": "2019-08-01", "name": "Emmanuel", "review": "Emplacement calme et reposant"}]}