{"id": 11019165, "listing_url": "https://www.airbnb.com/rooms/11019165", "name": "VIAJA PORQUE LA VIDA ES CORTA Y EL MUNDO ENORME", "description": "A bright and very spacious Double bedroom in a music loving gorgeous flat in South <br /><br />London.<br /><br />This is a very peaceful house with a lovely garden!<br /><br />A ten minutes walk from Norwood Junction Station (Fast trains to London Bridge 13 minutes)<br /><br />The house is situated five minutes from Selhurst Station (British Rail) so it's easy to get to town.<br /><br />If you prefer a bus you can hop on the 196 to Brixton, or 157 to beautiful Crystal Palace for a lovely walk in the park, cafes and restaurants!<br /><br /><b>The space</b><br />Full of light and spacious, <br />A perfect place for solo adventurers, dreamers, nature loving photographers or other creatives. <br />If you stay here you will see lots of birds, passing foxes, magpies, squirrels, red robins and more!<br />I have yoga mats here and you are welcome to use them!<br />I am the sole owners of the garden so you will have access and can use it at all times.<br /><br />This flat is not suitable for a", "host_name": "Tsivi", "host_id": 57178598, "host_url": "https://www.airbnb.com/users/show/57178598", "host_picture_url": "https://a0.muscache.com/im/pictures/user/7ecf2f11-de85-4a9a-affa-e36dc63fb594.jpg?aki_policy=profile_x_medium", "neighbourhood_cleansed": "Croydon", "latitude": 51.39481, "longitude": -0.08641, "property_type": "Private room in rental unit", "room_type": "Private room", "accommodates": 1.0, "bathrooms": "1.5", "bedrooms": 1, "beds": 1, "amenities": ["Oven", "Lake access", "Hair dryer", "Hangers", "Dishes and silverware", "Essentials", "Free parking on premises", "Shampoo", "Free street parking", "Cooking basics", "Carbon monoxide alarm", "Shower gel", "Wifi", "Heating", "Coffee maker", "Dishwasher", "Backyard", "Long term stays allowed", "Host greets you", "Refrigerator", "Iron", "Kitchen", "Lock on bedroom door", "Hot water", "Washer", "Smoke alarm"], "price": 44.0, "number_of_reviews": 18.0, "number_of_reviews_showed": 5, "review_scores_rating": 5.0, "reviews": [{"date": "2016-07-12", "name": "Robin", "review": "The room itself was fantastic, great bed and very quiet. On arrival tea/coffee was offered and rolls/cofee etc were available on the kitchen table if wanted.\r<br/>If anything was missing, it was fetched right away. For instance my wife asked if a hair dryer was available... It wasn't but next day a brand new one was sitting in our room.\r<br/>Tsivi herself was very approachable and very friendly.\r<br/>I can recomend this room to everybpdy and would have no problem in staying tere again."}, {"date": "2016-12-12", "name": "Meenu", "review": "Staying with Tsivi was like staying with a dear friend who also happens to be an amazing musician that knows a community of artists and happening world music events any given night!<br/>Tsivi's house is great, you won't have to worry about anything. The garden in the back is peaceful and beautiful. There are two national rail stations nearby one within 2 minutes walk which was great. <br/>I'm so glad I met Tsivi and now she's a friend for life~!! Thank you Tsivi for hosting me!"}, {"date": "2018-07-05", "name": "F\u00e1bio", "review": "Tsivi is a wonderful host, one of the best that I knew since my first booking in Airbnb. Her place is comfortable, well located and has a fantastic garden in the backyard. She has the talent to handle people and make you feel at home. Thanks, Tsivi!"}, {"date": "2018-10-07", "name": "Yinghan", "review": "I have been staying at Tsivi's for a month and Tsivi is an outstanding host! During my stay\uff0cshe made me tea and coffee and tasty meal. The room was great, super comfortable king bed, a large desk for me to study on, superfast wifi and shelves filled with books. The flat is located in a queit area near the Crystal Palace football stadium, it is a 3-minute walk to the nearest train station and the trains bring you to the central London area in 30 minutes. Meanwhile, if you are a fan of garden and music, you shouldn't miss the experience living in here."}, {"date": "2018-12-29", "name": "Klym", "review": "I'm happy that I choose Tsivi's place. Would definitely recommend! Especially if you even a bit into music. <br/>Tsivi is fantastic host. Always helpful and easy to communicate with. Also she always knows some great gigs and places to visit! Which is good) Thanks!"}]}