{"id": 1103795, "listing_url": "https://www.airbnb.com/rooms/1103795", "name": "Comfortable Triple bunk beds & breakfast in London", "description": "Cosy bedroom, ideal for a family of 3 with self service breakfast included! <br />  close to shops and metro.  tourist attractions  (8kms)<br />1 hour by easybus to Bakers St station from either Stanstead or Luton Airport! Then 15 minutes by metro to the house<br /><br /><b>The space</b><br />Hi ya,<br /><br /> I am offering a nice Comfortable Room with Triple Bunk Beds. which is ideal for a family of three, two adults on the Double bed below and a child or adult on the top bed above! <br />The bedroom overlooks the back garden<br />Wifi available,<br />Clean sheets, pillows, towels and toiletries (soap, shampoo & conditioner). Hair Dryer. All provided! Plug transformers.<br />Iron and Ironing board if needed<br />Self serve Basic Breakfast will be provided, (such as Tea, Coffee, bread, milk, and cereals)<br />.Laundry facilities (Washing Powder & conditioner)  <br /> The West End  is just 20 minutes away by metro. The station is just 10 minutes walk from the house. Neasden Station is ", "host_name": "May", "host_id": 2639063, "host_url": "https://www.airbnb.com/users/show/2639063", "host_picture_url": "https://a0.muscache.com/im/users/2639063/profile_pic/1339706339/original.jpg?aki_policy=profile_x_medium", "neighbourhood_cleansed": "Brent", "latitude": 51.54588, "longitude": -0.25292, "property_type": "Private room in townhouse", "room_type": "Private room", "accommodates": 3.0, "bathrooms": "1.5", "bedrooms": 1, "beds": 2, "amenities": ["Window guards", "Extra pillows and blankets", "Fire extinguisher", "Free washer", "Hair dryer", "Wine glasses", "Dining table", "Hangers", "Cleaning products", "Tresame conditioner", "Dishes and silverware", "Luggage dropoff allowed", "Essentials", "Tresame shampoo", "Free street parking", "Cooking basics", "Bed linens", "Clothing storage: dresser and closet", "Carbon monoxide alarm", "Shower gel", "Bathtub", "Central heating", "Wifi", "Children\u2019s books and toys", "Coffee maker", "Hot water kettle", "Microwave", "Refrigerator", "Host greets you", "Iron", "Body soap", "Drying rack for clothing", "Toaster", "Lock on bedroom door", "Breakfast", "Hot water", "Private fenced garden or backyard", "Smoke alarm", "High chair"], "price": 38.0, "number_of_reviews": 276.0, "number_of_reviews_showed": 14, "review_scores_rating": 4.32, "reviews": [{"date": "2013-05-19", "name": "Zhi Rui", "review": "Cosy room with a double decker bed. It was a squeeze for 2 guys on the bottom bed (1 girl was on top) but 3 girls boarding here would be perfect. Our host May was also very helpful with directions, and her kitchen is very well-stocked with ingredients."}, {"date": "2013-05-24", "name": "Drew", "review": "Staying with May was lovely. The room isn't super large but that wasnt a problem for me cause it was mostly just a place to sleep. May was helpful and pleasant. It takes about twenty minutes to a half hour to get into the center of london but the Tube is easy to follow and the Neasden stop is only about 15 min walk from the house."}, {"date": "2013-05-28", "name": "Leighton", "review": "May was a great host.  The house was in a quiet neighborhood.  The room was clean and quite easy to get to from Neasden Tube station.  We enjoyed our stay very much and would stay with her the next time we are in London.\r<br/>\r<br/>Thanks May hope to see you again soon."}, {"date": "2013-06-16", "name": "Steven", "review": "Two of my friends and I stayed at May's place for about 4 days while visiting London.  We were greeted by May at the door on the first day and she provided us with a tour of her nice and comfortable home.  She made herself available beyond the first encounter and it made us feel safe knowing we had someone we could ask questions too. The room was great. The beds were really comfortable and we had a lot of space to store our belongings securely. We were even able to lock our door while we were out and about.  Every morning we had the chance to make tea and toast which was very convenient as we often just wanted to run out the door. May's home is about 20-30 minutes out of the center by metro  and her home was about a 10 minute walk to the metro (even managed to do it with all of our luggage). It was also a safe walk throughout the day and the evening.  Overall we had a great welcome to the city and loved our time at May's place. We will definitely look into using it in the future and hope you all will as well."}, {"date": "2013-06-26", "name": "Yesenia", "review": "My sister and I absolutely loved staying with May. She was very kind and gave us a tour of the place. It was our first time going over seas and knowing that we could lock our door gave us an adding sense of security. Her home is exactly like the pictures she provided. We would definitely recommend her place to others. :)"}, {"date": "2013-07-03", "name": "Ipsita", "review": "Hi\r<br/>\r<br/>we had a wonderful stay at May's Home . May was a lovely host . We enjoyed cooking in her Kitchen . she was extremely warm .\r<br/>I would reccomend people to stay here . However you need to be ready for a Brisk walk to the Neasden station . Thanks a ton May "}, {"date": "2013-07-07", "name": "Sijia", "review": "May is indeed an amazing landlord. She is so considerable and make us really feel home. The house is tidy and cosy, most importantly it is really convenient to get the underground station just by few mins walk. Love it so much, the bed is enough to accommodate three people since two people can sleep in the big one  and one can sleep in the small one. Highly recommend May coz she is soooo nice and give us many free spaces and provide great conveniences. By the way, sorry we are too hurry to leave, my grandpa is too old and can not walk fast, we are really rush at that time so I have no time to clean the room and let it in a mess. Sorry about that. In addition, say hi to Joshua, he is so lovely and hope to see you again."}, {"date": "2013-07-11", "name": "Caroline", "review": "May nous a h\u00e9berg\u00e9 mes enfants et moi pendant 3 nuits. La maison est d'un fonctionnement simple. May nous a indiqu\u00e9 le fonctionnement de la cuisine et les placards o\u00f9 on pouvait se servir.\r<br/>Nous avions l\u2019impression d'\u00eatre chez une amie et en m\u00eame temps nous avions une autonomie totale. Quelques commerces de proximit\u00e9 dont un fish and chips \u00e0 2 pas.\r<br/>Par contre, quand la maison est pleine le salon est occup\u00e9 et il est d\u00e9licat de d\u00e9ranger les h\u00f4tes pour aller au jardin, qui est d'ailleurs tr\u00e8s agr\u00e9able. Nous reviendrons volontiers, les lits \u00e9taient tr\u00e8s confortables et neufs."}, {"date": "2013-07-18", "name": "Marion", "review": "May's house is at 30 minutes from the center, so very well located.\r<br/>The room is clean and comfy and May was a welcoming land lady. \r<br/>Great first experience with bnb!"}, {"date": "2013-07-22", "name": "Christine Et Seraje", "review": "The house is comfortable and clean, being able to cook was good for the budget. It takes about 30/40 mn to get to the city from the house, which is reasonable. "}, {"date": "2013-08-05", "name": "Sara", "review": "Hello! We stayed at May's house for 7 days and we enjoyed very much there. May is a very good host, we recommend you, if you want to spend time in London. \r<br/>The bed is very confortable and clean. The house in not very far to underground.\r<br/>I would like to say \"thank you\" to May for making me feel at home and for speak with us!\r<br/>We hope to see you in Madrid!"}, {"date": "2013-08-15", "name": "Isabelle", "review": "May fut une h\u00f4te tr\u00e8s sympathique. La situation de sa maison par rapport au centre ville nous a convenu. Petit b\u00e9mol, lorsque les 3 chambres sont occup\u00e9es, c'est la course pour obtenir la salle de bain ainsi que la cuisine. En conclusion nous avons pass\u00e9 un agr\u00e9able s\u00e9jour gr\u00e2ce \u00e0 cette formule qui est tr\u00e8s int\u00e9ressante au niveau financier. \r<br/>It's worth it ! ;-)"}, {"date": "2013-08-18", "name": "Ding", "review": "My wife, my son and I stayed at May's lovely house for three nights. She welcomed us warmly and was really hospitable and helpful. It was a very nice stay during our sightseeing of London."}, {"date": "2013-08-30", "name": "Val\u00e9ry", "review": "Mes 2 enfants et moi sommes rest\u00e9s une semaine chez May.\r<br/>Le rappot qualit\u00e9 prix est tout a fait satisfaisant.\r<br/>Le m\u00e9tro est \u00e0 10 mn \u00e0 pied et le bus encore plus pr\u00eat !!!\r<br/>Malgr\u00e9 mon anglais pratiquement nul, May \u00e9tait tr\u00e8s \u00e0 l'\u00e9coute.\r<br/>De plus nous avions tout \u00e0 disposition pour le petit d\u00e9jeuner (jus de fruit, c\u00e9r\u00e9ales,lait, caf\u00e9, pain etc..)\r<br/>La d\u00e9co de la maison est tr\u00e8s sympa.\r<br/>May est une personne acceuillante, souriante et disponible... juste parfaite quoi !! \r<br/>A la prochaine May !!!"}]}