{"id": 11051784, "listing_url": "https://www.airbnb.com/rooms/11051784", "name": "A late Victorian house 1", "description": "A late Victorian house in a very nice and quite area of Southwark. It's a unique property with burgess park two minutes from the property. A very spacious room with a King size bed.<br /><br /><b>The space</b><br />It's a late Victorian house recently renovated to a high stranded, and a very nice park just minutes away.<br /><br /><b>Guest access</b><br />To the kitchen for breakfast only<br /><br /><b>Other things to note</b><br />A very nice family house.", "host_name": "Mo", "host_id": 9455236, "host_url": "https://www.airbnb.com/users/show/9455236", "host_picture_url": "https://a0.muscache.com/im/pictures/user/8b22d129-7b7a-418a-82d1-6d8772b4dd2b.jpg?aki_policy=profile_x_medium", "neighbourhood_cleansed": "Southwark", "latitude": 51.4786, "longitude": -0.09317, "property_type": "Private room in townhouse", "room_type": "Private room", "accommodates": 2.0, "bathrooms": "1", "bedrooms": 1, "beds": 1, "amenities": ["First aid kit", "Oven", "Hair dryer", "Dishes and silverware", "Essentials", "Shampoo", "Cooking basics", "Carbon monoxide alarm", "Indoor fireplace", "Wifi", "Heating", "Long term stays allowed", "TV", "Microwave", "Refrigerator", "Iron", "Kitchen", "Stove", "Lock on bedroom door", "Hot water", "Washer", "Paid parking off premises", "Smoke alarm", "Dryer"], "price": 38.0, "number_of_reviews": 393.0, "number_of_reviews_showed": 6, "review_scores_rating": 4.52, "reviews": [{"date": "2016-02-08", "name": "Emma", "review": "The property is lovely. The bedroom was really clean and I was impressed with the place overall. Great links to the buses and easy to get into the centre. It's a 20 min ride to London Bridge. It suited us that there was no curfew and Mohammed was very welcoming! Would definitely stay again."}, {"date": "2016-02-22", "name": "Agathe", "review": "It's cosy and not expensive ! The host is very kind and helpful ! <br/>The bed is veryyyyy comfortable, go here if you want to spend good nights !"}, {"date": "2016-02-29", "name": "Ayoub", "review": "Mohammad made me feel most welcome in his lovely home which is just as shown in the photos. My room was spacious with a comfortable bed and pleasant environment with a view over an amazing garden. Mohammad will give you plenty of privacy and he is also very helpful If you ever need anything. This is a perfect place for someone busy who needs to feel at home after a long day at work and/or tourism. Buses to all directions are only 3 minutes walk away. It'll take you like 30-35mins in heavy traffic to make it to The center of london and only 20-25mins in light traffic! Thank you. \r<br/>\r<br/>I highly recommend"}, {"date": "2016-03-08", "name": "Peter", "review": "I think this was the best accomodation we have ever been in London. It was spacious, clean, modern, friendly, in good neighborhood, Elephant and Castle underground station is easily reachable by frequent buses, very late check-in was not a problem. We really liked that appartment."}, {"date": "2016-03-10", "name": "Rob", "review": "I arrived after 2300 hours due to difficulties with public transport, yet Mohammad still welcomed me, which was above the call of duty! The house is very clean and well-presented and quiet for that part of south London.\r<br/>The bathroom and bedroom were immaculately clean but rather impersonal - there was just one bedside table (which would make it more difficult for a couple) and no reading material. There did not appear to be any hangers in the cupboards and I had to throw my clothes on the armchair."}, {"date": "2016-03-15", "name": "Erik", "review": "Host puntale e disponibile, ci ha subito accolti mostrandoci la casa e tutto il necessario. La casa \u00e8 come nelle foto. Il quartiere \u00e8 tranquillo, 5 minuti a piedi dalla fermata del bus e dal supermercato. Prima esperienza su airbnb, non ha deluso. Mohammad promosso!!"}]}