{"id": 11056881, "listing_url": "https://www.airbnb.com/rooms/11056881", "name": "Bright, airy Wigmore Street Studio", "description": "Charismatically quirky and stylish, this studio has great big windows, giving an abundance of natural light and a bright, airy atmosphere. You'll feel a part of the Marylebone scene in your cosy, chic home in the heart of the West End.<br /><br /><b>The space</b><br />Gorgeous contemporary design features make this studio a unique and relaxing space for your stay. Perfect no matter what you want to do - duck in, drop off shopping bags & duck out, or spend a rainy day under the covers. You get independence, style, sophistication and more for the same price as a central London hotel room.<br /><br /><b>Guest access</b><br />During your stay you have access to the entire apartment. We'll also leave you a welcome package (with things like cereal, fresh milk, fresh orange juice, sparkling water, crisps, biscuits, tea and coffee).<br /><br /><b>Other things to note</b><br />Key collection would be from our office location in W1.", "host_name": "Globe", "host_id": 4209940, "host_url": "https://www.airbnb.com/users/show/4209940", "host_picture_url": "https://a0.muscache.com/im/users/4209940/profile_pic/1443008205/original.jpg?aki_policy=profile_x_medium", "neighbourhood_cleansed": "Westminster", "latitude": 51.5159, "longitude": -0.15125, "property_type": "Entire rental unit", "room_type": "Entire home/apt", "accommodates": 2.0, "bathrooms": "1", "bedrooms": 1, "beds": 1, "amenities": ["Essentials", "Wifi", "Washer", "Long term stays allowed", "Shampoo", "TV", "Building staff", "Microwave", "Refrigerator", "Cooking basics", "Hair dryer", "Iron", "Dryer", "Hangers", "Kitchen", "Heating", "Dishes and silverware"], "price": 225.0, "number_of_reviews": 13.0, "number_of_reviews_showed": 7, "review_scores_rating": 4.77, "reviews": [{"date": "2016-04-24", "name": "Enrico", "review": "I had a wonderful time in London. Your flat is very clean and cozy. Thanks "}, {"date": "2016-06-12", "name": "Tasos", "review": "Globe is very professional,\r<br/>the apt was very nice and we also had the change to get an upgrade for the same money.\r<br/>The location of the apt was amazing, next to Selfridges and the quality of the house very good.\r<br/>Easy to reach, polite and always quick to answer.\r<br/>Thank you"}, {"date": "2016-10-05", "name": "Andrea", "review": "It has been an amazing experience!\r<br/>The flat is perfect and the host is very polite\r<br/>Thank you so much.\r<br/>Andrea"}, {"date": "2016-12-05", "name": "Grace", "review": "Very nice place and very clean Marta is lovely person"}, {"date": "2016-12-08", "name": "Nikki", "review": "Was made to feel very welcome.  \r<br/>\r<br/>Globe's communication was very clear, helpful and professional. \r<br/>\r<br/>A fab little studio flat centrally located."}, {"date": "2016-12-15", "name": "Houston", "review": "Clean and comfortable studio in Marylebone. Close to all the great shops, restaurants and pubs of the High Street and Oxford Street. I would recommend this for one person or a couple; I don't think the flat could handle more than two people. Otherwise, I'd certainly stay here again."}, {"date": "2017-11-05", "name": "Carlos", "review": "Great flat, great neighborhood! Absolutey good, all equiped, clean. Pay attention about the check-in. Keys must be picked up at the Globe office."}]}