{"id": 11064475, "listing_url": "https://www.airbnb.com/rooms/11064475", "name": "Large bedroom, 2 min from Hyde Park", "description": "Bright and large room with a queen size bed in the heart of London. <br /><br />Top floor of Victorian building.<br /><br />5 minutes away from 2 tube stations(Central, District and Circle line).<br /><br />Many pubs, bars, shops, restaurants and a cinema in the area.<br /><br />We have a cat.<br /><br /><b>The space</b><br />Large bedroom with a queen size bed, a closet with hangers, chest of drawers, leather sofa. Very sunny in the morning (a window has blinds) and bright throughout the day.<br /><br /><b>Guest access</b><br />Guests will have access to fully equipped kitchen and bathroom.", "host_name": "Dina", "host_id": 57423728, "host_url": "https://www.airbnb.com/users/show/57423728", "host_picture_url": "https://a0.muscache.com/im/pictures/user/d507c2f2-494d-4972-ad51-0645d0e23b4a.jpg?aki_policy=profile_x_medium", "neighbourhood_cleansed": "Westminster", "latitude": 51.51196, "longitude": -0.18655, "property_type": "Private room in rental unit", "room_type": "Private room", "accommodates": 2.0, "bathrooms": "1", "bedrooms": 1, "beds": 1, "amenities": ["Essentials", "Wifi", "Washer", "Long term stays allowed", "Shampoo", "Hair dryer", "Iron", "Hangers", "Kitchen", "Heating"], "price": 56.0, "number_of_reviews": 6.0, "number_of_reviews_showed": 5, "review_scores_rating": 4.8, "reviews": [{"date": "2016-10-17", "name": "Sam", "review": "Very honored to be the first guest here. Dina and Tim were incredible hosts. One of my favorite stays of my trip so far. Both of them went way out of their way to make sure I had everything I could possibly need. The room was very spacious, clean and just as described. AMAZING location. Very close to everything you may need and 3 minute walk to public transit. Very highly recommended as hosts and accommodations."}, {"date": "2016-11-04", "name": "Sara", "review": "My friend and I were very lucky to find this room. The location is great, very close to the Bayswater tube station that takes you to all the main sights in ~20 minutes. The room is nice and big and just as described, the couch and bed are comfy, and Dina and Tim were quite accommodating. Their cat is also adorable!"}, {"date": "2016-11-17", "name": "Melody", "review": "This place is a gem! Very cozy and beautiful flat, super hostess and an adorable kitten to boot. The location is great... Nice quiet residential area right near Hyde park and within walking distance of many of the central London touristy sites. Just a couple blocks from the tube as well which was very convenient. And Dina couldn't be more welcoming. When we got there we found she had even bought a couple pairs of slippers for us to use during our stay which made us feel right at home. And did I mention the adorable fluffy kitten?? Couldn't be happier with our stay. Highly recommended."}, {"date": "2016-12-06", "name": "Wengang", "review": "The room is lovely, and Dina is very kind and helpful. Room size is good for couple, and the location is just so good, near to subway and lots of restaurants. Ivy is the most loved guests for our stay\ud83d\ude18<br/>Room is a little bit cold but with heater it is OK."}, {"date": "2017-05-28", "name": "Peter", "review": "Dina is a very helpful and flexible host. Her flat is well equipped and conveniently located near two Tube stations, so getting around is easy. Very good choice for a young couple. "}]}