{"id": 11084371, "listing_url": "https://www.airbnb.com/rooms/11084371", "name": "Nice Neat Single Room", "description": "Pretty warm and neat single room located at a short distance from Wembley Stadium and London Designer Outlet which makes it ideal for those who attending business conference or mega events in Wembley while looking for a quite alternative to busy city centre .<br />Discount rate for over two weeks booking<br /><br /><b>The space</b><br />Quite and welcoming which makes it ideal for those who are looking for a home away from home also ideal for a long term let for a research student.<br /><br /><b>Guest access</b><br />Guest have accesses to kitchen, two toilets and bath in addition to beautiful long garden for those who lucky enough to experience beautiful English summer .<br /><br /><b>Other things to note</b><br />Respecting the house roles is the most important to me and my family .", "host_name": "Ruby", "host_id": 6920641, "host_url": "https://www.airbnb.com/users/show/6920641", "host_picture_url": "https://a0.muscache.com/im/pictures/user/38b48f57-03bf-449c-b5bd-668e92b40dea.jpg?aki_policy=profile_x_medium", "neighbourhood_cleansed": "Brent", "latitude": 51.55435, "longitude": -0.28004, "property_type": "Private room in home", "room_type": "Private room", "accommodates": 1.0, "bathrooms": "1.5", "bedrooms": 1, "beds": 1, "amenities": ["Extra pillows and blankets", "Oven", "Fire extinguisher", "Hair dryer", "Dining table", "Hangers", "Dishes and silverware", "Rice maker", "Luggage dropoff allowed", "Essentials", "Free street parking", "Bed linens", "Clothing storage: dresser and closet", "Paid parking on premises", "Carbon monoxide alarm", "Bathtub", "Trash compactor", "Wifi", "Heating", "Children\u2019s books and toys", "Backyard", "Long term stays allowed", "Hot water kettle", "Microwave", "Refrigerator", "Room-darkening shades", "Outdoor dining area", "Iron", "Drying rack for clothing", "Stove", "Lock on bedroom door", "Toaster", "Breakfast", "Dedicated workspace", "Hot water", "Elevator", "Smoke alarm", "Laundromat nearby", "Free driveway parking on premises \u2013 2 spaces", "Outdoor furniture"], "price": 77.0, "number_of_reviews": 63.0, "number_of_reviews_showed": 15, "review_scores_rating": 4.95, "reviews": [{"date": "2016-02-27", "name": "S", "review": "Ruby was a wonderful and hospitable host. The room was very nicely decorated and the bed was so comfortable. Ruby had very thoughtfully left me some towels, shower gel and shampoo and a bottle of water and fruits at my bedside. For breakfast she woke up so early and made me a tasty and healthy meal. Unfortunately just before I came to stay, I broke my leg and ended up on crutches. Ruby was very kind and offered to drop me off and pick me up from my conference venue which was 10 minutes away. I only stayed 2 days but wish I could have stayed longer to get to know her more. I thoroughly enjoyed my stay and would highly recommend it to anyone considering it :)"}, {"date": "2016-04-21", "name": "Manjeet", "review": "Ruby and her family were wonderful, so warm and welcoming. The room description was accurate and nicely furnished. Ruby has an interest in hospitality management and it clearly showed! She attended to my needs for the duration of my stay and was a superb host. One night I was invited to share an evening meal with Ruby's family, which was really special. I really loved the location of Ruby's place, just a short walk to Wembley stadium station and a short ride into central London."}, {"date": "2016-05-01", "name": "Sophie", "review": "Staying at her place was the best experience I had with air-bnb! \r<br/>Ruby is welcoming, and makes you feel at home. Her place is beutiful and so cozy. The room was amazing and the bed...you just don't want to get out of it in the morning. And you are quite fast in the city centre but can relax in the quiet and lovely wembley area. "}, {"date": "2016-05-23", "name": "James", "review": "What a pleasure, and what a deal! Ruby was an exceptionally welcoming and friendly host. I only spent one night, but I've made a new friend! We talked for ages as I enjoyed the delicious breakfast choices she offered. The listing was just as described and tremendous value for the price: small but well laid out bedroom; comfy single bed with loads of different covers to choose from; clean towels and fresh toiletries; small desk, but perfect for a few hours' work on my laptop (added bonus: WiFi!); and the location was just a stone's throw from Wembley stadium, where I was attending a sporting event. I wouldn't hesitate to stay again next time I'm visiting the Wembley area. Thanks for making it so fun Ruby!"}, {"date": "2016-05-27", "name": "Carlee", "review": "An amazing stay I absolutely loved every minute I was in London and staying with Ruby was so wonderful she is so generous and nice! She told me all of the places I should go see while in London and even brought me to the airport the day I left! Best 4 days in London ever! She had coffee for me and breakfast in the morning!!!"}, {"date": "2016-06-05", "name": "Silke", "review": "Ruby made me feel most welcomed in her home from the moment we first met. I honestly felt more as a family friend in for a visit than a paying guest. I cannot even begin to mention in how many ways Ruby went above and beyond as a host to make sure I had a pleasant stay. From the unexpected and wonderful surprise of breakfast, to a delicious home cooked meal, to our lovely chats over tea. I can\u2019t thank her enough for opening her home to me and letting me stay with her and her lovely family. And in case you are wondering, yes, the room *is* as pretty and as comfortable as it looks in the pictures (also, Ruby\u2019s is walking distance from Wembley Stadium & Arena)."}, {"date": "2016-06-06", "name": "Susannah", "review": "Ruby was so helpful, warm and friendly. She really made me feel comfortable and at home. The room was very nice, better than a of of hotels or b'n'bs I've stayed in!!  She has a lovely cosy home in a quiet, safe neighbourhood, which was perfect for my needs, being so close to Wembley stadium. I would not hesitate to either recommend her to someone else or to stay again. :)"}, {"date": "2016-06-11", "name": "Bernd", "review": "Its a really so nice and amazing Family i have found a really good friends for the Future. the room was great all clean and when i come to the house Ruby say to me what you want drink or you are hungry and in the morning amazing breakfast and allways help in everything for all questions how can i go to the airport this Family is really deep in my Heart and when i come again to London i book again by Ruby. "}, {"date": "2016-06-12", "name": "Leonie", "review": "Ruby is a fabulous host! She and her family are absolutely lovely and I had a very very good time with her!\r<br/>The room is really cozy and has everything you need - a big wardrobe, a desk and a comfy bed.\r<br/>The whole flat is very clean and tidy and has lovely furnishing.\r<br/>From Rubys house you need approximately seven walking minutes to wembley stadion, four minutes to the next busstop, five minutes to the next railwaystation and around half an hour to the next undergroundstation.\r<br/>In general Ruby offers the same standard like a proper hotel and even more! I would give 10 stars if I could (or even more) :)\r<br/>Kind regards,\r<br/>Leonie xx"}, {"date": "2016-06-17", "name": "Ond\u0159ej", "review": "Ruby was an amazing host, she is very friendly and kind, I felt like home for the whole time of my trip :) The single room looks exactly like in photos and the bed is even more comfortable than you can imagine! It was really hard for me, to leave the bed in the morning :). Another big plus is the fact that the place is just 5 minutes walk from the stadium. I would definitely recommend to everyone! :) "}, {"date": "2016-06-19", "name": "Emily", "review": "Ruby was the perfect host and went to all sorts of trouble to make me welcome and comfortable! She was helpful in the lead up to my arrival, staying in good touch, and made sure she was there to greet me with a cup of tea much needed after a stressful journey. My room was spotless, cosy and had everything I needed (even hotel slippers!!).\r<br/>\r<br/>It was great getting to know Ruby over my lovingly-prepared breakfast feast. Ruby does airbnb because she loves people, is warm and has lots to give. I can wholly recommend this airbnb to anyone who appreciates warm and real human contact. I am only sorry I couldn't stay longer!"}, {"date": "2016-06-19", "name": "Aur\u00e9lie", "review": "My stay at Ruby's house was the best experience I've ever had with air bnb! Her house is basically 5 minutes away from the stadium and the London designer outlet, in a very quiet street. The bed is very comfortable and the room very cute, every piece of detail is cute. The rest of the house is also very nice and very clean. \r<br/>Ruby is such a lovely person, she made my stay very comfortable. She knows how to welcome and host guests and she does it because she is open minded and very sociable, we talked for a long time. She is a very generous, warm, passionate and such an interesting person.\r<br/>She prepared me a royal breakfast in the morning which was much appreciated with a lot of choices of fruits, cereals, coffees and teas.\r<br/>Thanks again, I hope I'll see you again!"}, {"date": "2016-06-20", "name": "Courtney", "review": "Ruby was incredibly kind and helpful to me, we had a lovely conversation In the morning before I left to go home and she was even kind enough to give me a lift to the train station! The room was every nice and comfortable and the breakfast choice is great. I only stayed for one night but I will definitely be coming again and staying in touch. "}, {"date": "2016-07-05", "name": "Luiz Fernando", "review": "I felt myself at home while staying at Ruby\u00b4s. She is very kind and helpful. She looked like knowing what I wanted to do. "}, {"date": "2016-07-26", "name": "Tatiana", "review": "The Host and her family showed exclusive hospitality and created family atmosphere in their  private house. You will not feel lonely. The housing is comfortable and fully corresponds to the description. The place - is  quite street with private houses,  in safe area in the neighborhood of Wembley  Park where we find nice modern infrastructure with  big shopping-entertainment zone; there are also many food shops in the area. You have nearby - in 10 min walking - 2  stations of London underground, it is the 4-th zone. But very useful is the railway station Wembley Stadium located very close to the housing; by a train you are in 10 min at Marylebone  Railway Station, it is the Central part of London. So you have several variants of public  transportation including night bus up to the house from Trafalgar Sq.\r<br/>  "}]}