{"id": 11096144, "listing_url": "https://www.airbnb.com/rooms/11096144", "name": "Ladbroke Grove Stylish Portobello Apartment", "description": "Large, bright and contemporary flat located in the heart of Ladbroke Grove. Recently renovated, this Victorian flat offers the perfect city residence just 3 mins walk away from the world famous Portobello Road Market. Perfect city living!", "host_name": "Rosie", "host_id": 28086957, "host_url": "https://www.airbnb.com/users/show/28086957", "host_picture_url": "https://a0.muscache.com/im/pictures/user/a7d1852d-01ab-43fd-b79c-5f1396eb88e5.jpg?aki_policy=profile_x_medium", "neighbourhood_cleansed": "Kensington and Chelsea", "latitude": 51.51832, "longitude": -0.20969, "property_type": "Entire rental unit", "room_type": "Entire home/apt", "accommodates": 2.0, "bathrooms": "1", "bedrooms": 1, "beds": 1, "amenities": ["Essentials", "Wifi", "Washer", "Long term stays allowed", "Shampoo", "TV with standard cable", "Smoke alarm", "Hair dryer", "Iron", "Carbon monoxide alarm", "Hangers", "Kitchen", "Cable TV", "Heating"], "price": 90.0, "number_of_reviews": 84.0, "number_of_reviews_showed": 11, "review_scores_rating": 4.8, "reviews": [{"date": "2016-06-05", "name": "Kate", "review": "Rosie was a lovely host and her apartment was bright, clean and in a great location right near portobello road. Highly recommended "}, {"date": "2016-06-17", "name": "Jared", "review": "Rosie was the perfect host, she was extra accommodating and communicative and had great suggestions for the neighborhood. "}, {"date": "2016-06-20", "name": "Richard", "review": "Great location, nicely decorated, very clean.\r<br/>Rosie was very helpful and flexible, we had a great stay in London"}, {"date": "2016-06-26", "name": "Jeff", "review": "Our host was very friendly and easy to communicate with.  Her place was clean, wonderfully decorated, comfortable, and well worth the value.  Also, was so close to the train and buses, and within a great neighborhood with great food.  We highly recommend staying at Rosie's place!"}, {"date": "2016-06-28", "name": "Erika & Phil", "review": "What. A. Beautiful. Flat. Rosie's flat was such a pleasure to stay in. The bed was incredible, the shower was huge and had great water pressure, it's 2 seconds away from a tube station, and the neighborhood is cute. It even smelled great. If I lived in London, I would want this to be my apartment. "}, {"date": "2016-07-01", "name": "Rebecca", "review": "Rosie was a wonderful host!  She was very accommodating & understanding!The flat was lovely. Spotless and even smelled wonderful!<br/>The bed was super comfy! It was also very nice being right next to the tube station!  Nice place away from the hustle & bustle, but with easy access to everything!<br/>"}, {"date": "2016-07-04", "name": "Giedrius", "review": "Rosie is very nice and friendly! She gave all the information about the apartment which was really great and never interrupted our stay. Everything in the apartment is fully working and had everything we need. Its very cosy and has home feeling atmosphere. My girlfriend and I will definitely come back here for a stay again!  "}, {"date": "2016-07-08", "name": "Charlotte", "review": "We enjoyed our short trip staying in Rosie's flat. The flat was spotless and had everything we needed. The location is great, being seconds away from the Ladbroke Grove tube station, shops and food. Rosie was very friendly and was available to us whenever we needed. Would stay in the apartment again. "}, {"date": "2016-07-11", "name": "Mark", "review": "Rosie Rocks! Book with her if you value your time and happiness "}, {"date": "2016-07-14", "name": "Chelsea", "review": "This was my first time booking with Airbnb and Rosie made it go so smoothly. She was the perfect host, before booking she answers all my questions and was very accommodating to my stay personally. Before arriving and once there she was very helpful and when meeting was welcoming and friendly. The area is lively and nice with lots to do. Portobello market is just opposite and the street is buzzing with places to eat etc. It's not noisy however, you can get a peaceful nights sleep. The flat is situated about a 10 min drive from Westfield and literally a 2 second walk to the tube station from the doorstep, we had a show to watch in Piccadilly which took 20 mins so an ideal location. The flat was as described and true to photos, it was beautifully decorated. All in all I had s brilliant stay, I would recommend staying here to anyone and I will certainly stay again! Thank you "}, {"date": "2016-07-23", "name": "Peggy", "review": "Rosie's flat is exactly as advertised-close to tube, spacious, clean, charming and bright. The bathroom is one of the best I've stayed in-small but great shower/tub! I was afraid it would be noisy because it son a main road, but because the bedroom is in the back, sleeping was not an issue-even with the windows open. Rosie is a lovely hostess and Ladbroke Grove is a great neighborhood if you want to be in the western side of London."}]}