{"id": 11100462, "listing_url": "https://www.airbnb.com/rooms/11100462", "name": "London Notting hill Gate apartment", "description": "Very Clean and spacious 2 bedroom apartment; sleeps up to 6 people comfortably. 2 minutes' walk from Hyde Park and Kensington palace home of Late Princess Diana. The apartment is very bright and offers everything needed.<br />Location: City centre zone 1", "host_name": "Edem", "host_id": 1482955, "host_url": "https://www.airbnb.com/users/show/1482955", "host_picture_url": "https://a0.muscache.com/im/users/1482955/profile_pic/1396377177/original.jpg?aki_policy=profile_x_medium", "neighbourhood_cleansed": "Kensington and Chelsea", "latitude": 51.50947, "longitude": -0.1942, "property_type": "Entire rental unit", "room_type": "Entire home/apt", "accommodates": 8.0, "bathrooms": "1", "bedrooms": 2, "beds": 3, "amenities": ["Record player", "Oven", "Cleaning before checkout", "Mini fridge", "Hair dryer", "Wine glasses", "Hangers", "Crib", "Cleaning products", "Dishes and silverware", "Essentials", "Patio or balcony", "Shampoo", "Cooking basics", "Bed linens", "Carbon monoxide alarm", "Shower gel", "Bathtub", "Heating", "Wifi", "Coffee maker", "Dishwasher", "Long term stays allowed", "TV", "Hot water kettle", "Microwave", "Refrigerator", "Iron", "Kitchen", "Drying rack for clothing", "Stove", "Toaster", "Conditioner", "Security cameras on property", "Hot water", "Washer", "Paid parking off premises", "Smoke alarm", "Ethernet connection", "High chair", "Laundromat nearby", "Lockbox", "Freezer"], "price": 300.0, "number_of_reviews": 34.0, "number_of_reviews_showed": 7, "review_scores_rating": 4.38, "reviews": [{"date": "2016-03-31", "name": "Hannah", "review": "The apartment is very bright and illuminated; \r<br/>Very clean- quiet and much larger than it appears on photos and suited for as many as 6 people to sleep comfortably.\r<br/>The main bedroom has a super king size bed.\r<br/>Perfectly located within walking distance of Kensington Palace, Hyde Park and Portobello Market and the Royal Albert Hall.\r<br/>Notting Hill Gate station is only 5 minute walk away.\r<br/>\r<br/>All rooms have large sash windows. \r<br/>The kitchen has a washing machine and a dishwasher and all other amenities expected.\r<br/>The wifi worked well.\r<br/>Edem is an excellent host; very nice, friendly and helpful.\r<br/>We highly recommend this apartment to anyone visiting London.\r<br/>"}, {"date": "2016-04-30", "name": "Federico", "review": "The apartment is very clean and in a great location, 3 blocks from tube. It was also well equipped.Edem let us leave  our luggage in the apartment after checkout (we had a late flight). We didn't meet him, but he stay in touch through phone and texts. We would definitively rent this place again."}, {"date": "2016-05-26", "name": "Riyadh", "review": "The apartment was at a suitable size, clean, well equipped. the area is nice with a lot of shops nearby and good transportation close by.  \r<br/>The host owner Edem was very helpfull.\r<br/>will come again it is our first choice  in London.\r<br/>\r<br/>Thanks Edem. "}, {"date": "2016-06-03", "name": "Paul", "review": "We really enjoyed our stay. The apartment was very comfortable with everything we needed, and there was plenty of space for all of us. The kitchen was well equipped with a washing machine and dishwasher. The location was perfect, being very close to the Underground station as well as several very useful bus routes for getting right into central London.  Edem was an excellent host, very helpful and friendly. He replied immediately to any questions we had, and we were able to store our bags on leaving as our train was not until later on in the day. We would definitely like to revisit in the future."}, {"date": "2016-06-19", "name": "Ana Paula", "review": "Edem very friendly person. Nice talk and communicate. Help everything. The flat much better then I expected by photos..I really recommend. <br/>Thanks lots."}, {"date": "2016-07-07", "name": "Quintus", "review": "Overall the place was well situated for both Tube station and busses (including Hop on Hop off stops). The apartment is clean and facilities is good. "}, {"date": "2016-11-20", "name": "Kiera", "review": "Edem was very welcoming as it was very short notice but he had everything prepared and ready for us when we got there. Lovely quite relaxing neighbourhood. Would definitely stay again!"}]}