{"id": 11117488, "listing_url": "https://www.airbnb.com/rooms/11117488", "name": "Vintage chic flat Broadway Market", "description": "A spacious comfortable flat full of character and quirky pieces collected over years of foreign travel and antiques markets both home and abroad.<br /><br />Ideally situated just a few yards off Broadway Market with its vibrant cafes shops and restaurants.<br /><br />The perfect base for a few days in Hackney!<br /><br /><b>The space</b><br />Old world charm underpinned with modern luxury.<br /><br />This flat is part of a small development just a few yards off Broadway Market.  It has all the amenities and attributes of a modern stylish apartment but decorated with the colours and textures of a much older property and full of vintage pieces and quirky touches.<br /><br />The main bedroom is large, light and airy, opening onto a private balcony, with an en-suite shower room.  The second bedroom is slightly smaller but still a proper double room.  There is a separate bathroom with a bath and shower.  The kitchen/ living area is a spacious room opening onto a second balcony with a fitted", "host_name": "Sophie", "host_id": 1982017, "host_url": "https://www.airbnb.com/users/show/1982017", "host_picture_url": "https://a0.muscache.com/im/users/1982017/profile_pic/1417885487/original.jpg?aki_policy=profile_x_medium", "neighbourhood_cleansed": "Hackney", "latitude": 51.53677, "longitude": -0.06295, "property_type": "Entire rental unit", "room_type": "Entire home/apt", "accommodates": 4.0, "bathrooms": "2", "bedrooms": 2, "beds": 2, "amenities": ["Oven", "Hair dryer", "Wine glasses", "Dining table", "Hangers", "Dishes and silverware", "Luggage dropoff allowed", "Essentials", "Free street parking", "Cooking basics", "Single level home", "Bed linens", "Bathtub", "Wifi", "Heating", "Coffee maker", "Dishwasher", "Long term stays allowed", "Pack \u2019n play/Travel crib", "TV", "Hot water kettle", "Refrigerator", "Room-darkening shades", "Private patio or balcony", "Iron", "Kitchen", "Stove", "Toaster", "Paid street parking off premises", "Hot water", "Washer", "Elevator", "Smoke alarm", "Dryer", "Freezer"], "price": 195.0, "number_of_reviews": 93.0, "number_of_reviews_showed": 14, "review_scores_rating": 4.81, "reviews": [{"date": "2016-03-30", "name": "Marte", "review": "Leiligheten var delikat innredet og det var satt frem blomster i alle rom. Det var rent og pent og gode senger \u00e5 sove i. Stille og koselig nabolag. Vi kan anbefale \u00e5 bo i Sophies leilighet,  spasere langs den fine kanalen opp til Viktoria park og g\u00e5 p\u00e5 Brodway market l\u00f8rdag formiddag. "}, {"date": "2016-04-12", "name": "Victoria", "review": "Everything was absolutely perfect, Sophie try to provide us with all  necessary information about the flat, and also she replyed to our messages straightaway.  The flat is just amazing, it is in a very quite block of flats it is  situated in a very interesting place with a lot of traditional shops.  "}, {"date": "2016-05-12", "name": "Paula", "review": "My family and I stayed at Sophie's apartment for five nights, and really enjoyed our stay. It's a nice and very well located apartment. We haven't met Sophie in person, but she was very nice and helpful on all her communications. It was a very positive experience. "}, {"date": "2016-05-23", "name": "Mathieu", "review": "The flat was very nice and we had a good experience in London. I had the opportunity to discuss with Sophie at many times during my journey and she has been aware of any questions, answering quickly.\r<br/>The flat was perfect and located in a nice area."}, {"date": "2016-06-20", "name": "Elin", "review": "Sophies apartment was very nice, clean and it was easy to get there. We felt very welcome. We did not meet Sophie, but she was all the time available for answering questions and giving recommandations. We loved the neighbourhood and would like to go back some day. I would really recommend Sophies apartment as a place to stay in London."}, {"date": "2016-07-12", "name": "Caitlin", "review": "We had the most lovely stay at Sophie's apartment. We can't rave about the experience enough - walking distance from great cafes, right near the canal, beautiful London Fields and Victoria Park; it was just perfect."}, {"date": "2016-08-01", "name": "Andrea", "review": "We had a brilliant stay. Gorgeous, clean, homely flat in a fantastic location. "}, {"date": "2016-08-02", "name": "Sophie", "review": "Sophie's flat is absolutely wonderful. It's in a great location off Broadway Market, is beautifully furnished and has a real homely and peaceful feel to it. We loved our stay and highly recommend it to anyone travelling to London. "}, {"date": "2016-08-18", "name": "Anna Felicia", "review": "Il mio host, Sophie, \u00e8 stato molto preciso nella descrizione della casa e nelle indicazioni sull'utilizzo. Ha risposto sempre tempestivamente alle nostre domande. La casa \u00e8 accogliente e arredata con gusto, tutti i servizi funzionano efficientemente. Il quartiere \u00e8 molto interessante, tranquillo, con tanti piacevoli locali per mangiare, un bel parco ed il canale per passeggiare. "}, {"date": "2016-09-05", "name": "Louise", "review": "A really beautiful, comfortable flat in a fantastic area. Sophie was very helpful and the flat has everything you could need. We loved being right on the doorstep of such a vibrant part of the city. The local market kept us well stocked and there is a brilliant variety of bars, shops and restaurants so you won't go hungry. We would definitely go back. "}, {"date": "2016-09-07", "name": "Staci", "review": "Sophie's flat was very quiet, which we really appreciated after a long day travelling.  We didn't meet Sophie personally, but she was available if we had any questions.  I would recommend taking a taxi if arriving with luggage when using the Underground. There's a mini cab station about a block away from Bethnal Green Station and it costs about 6 pounds. If you need to go to Paddington Station, it's about a 45 minute taxi ride, and costs approximately 20 pounds. It costs about 40 pounds to take a taxi from the flat to Heathrow. There's a mini cab station about a five or so minute walk from the flat, and you can advance reserve a taxi."}, {"date": "2016-09-18", "name": "Elizabeth", "review": "She made us feel very welcome and was very accommodating to your needs!! A must stay place !! Thanks forever thing !"}, {"date": "2016-09-28", "name": "Julio", "review": "We spend a very good time at Sophie's place. The flat is exactly as in the pictures very comfy and having everything you need to have a nice stay. Sophie was a very helpful host and she was online all the time for any doubts. Thanks a lot!"}, {"date": "2016-10-07", "name": "David", "review": "Dette var f\u00f8rste gang vi har pr\u00f8vd denne form for leie p\u00e5 ferie og generelt var vi veldig forn\u00f8yd. V\u00e5r st\u00f8rste innvending var for mye personlig ting og lite plass til  gjestenes kl\u00e6r osv...vi f\u00f8lte oss som \"inntrengere\". Ellers var renhold og fasilitetene OK.\r<br/>"}]}