{"id": 11115470, "listing_url": "https://www.airbnb.com/rooms/11115470", "name": "1Bed & spa, 24h check-in, Zone 1", "description": "A modern, spacious one double-bed flat with access to spa, located on the edge of the city , a 3-minute walk from Aldgate East tube station. Walking distance from Brick Lane, Shoreditch, Tower Bridge, Liverpool Street.<br /><br /><b>The space</b><br />A modern, spacious two double-bed flat located on the edge of the city , a mere 3-minute walk from Aldgate East tube station. Whether you are attracted by bars and clubs in Shoreditch, Themes cruises or the Queen\u2019s jewelry in Tower Hill, or using national rail services from Liverpool Street, all are less than a 10 minute walk, making this location ideal regardless of the type of trip you are planning. <br /> <br />The flat is enclosed in a gated complex which boasts a 24-hour concierge and daily access to a fully-equipped gym, jacuzzi, steam room, sauna, changing rooms and even a sun bed. The flat itself contains two double bedrooms, a spacious living room (with a fold-out bed), a kitchen, a bathroom and a patio which French windows open ", "host_name": "Fred", "host_id": 7806337, "host_url": "https://www.airbnb.com/users/show/7806337", "host_picture_url": "https://a0.muscache.com/im/pictures/user/710b7e2c-b515-4527-a7f6-318120a6231f.jpg?aki_policy=profile_x_medium", "neighbourhood_cleansed": "Tower Hamlets", "latitude": 51.51639, "longitude": -0.0659, "property_type": "Entire rental unit", "room_type": "Entire home/apt", "accommodates": 2.0, "bathrooms": "1", "bedrooms": 1, "beds": 1, "amenities": ["Essentials", "Wifi", "Washer", "TV", "Elevator", "Smoke alarm", "Iron", "Kitchen", "Heating", "Hot tub"], "price": 63.0, "number_of_reviews": 4.0, "number_of_reviews_showed": 4, "review_scores_rating": 4.75, "reviews": [{"date": "2017-08-19", "name": "Haixue", "review": "A very nice flat located in a very convenient place with a very secure access. Overall, it was a very good experience!"}, {"date": "2017-09-18", "name": "Katenan", "review": "Dear, you won't be disappointed with Fred's place. His house is cozy, warmth and walkable to metro, therefore, you would be able to go anywhere in town. So 5/5 and make sure to contact him about anything regarding the place and other things. He is very thoughtful and caring toward us and anyone with questions :-)"}, {"date": "2017-11-19", "name": "Isabelle", "review": "Wir waren f\u00fcr ein verl\u00e4ngertes Wochenende in Fred's Apartment. Die Wohnung ist gem\u00fctlich und hat alles was man braucht. Einzig hatten wir das Gef\u00fchl, dass die Reinigung nach den letzten G\u00e4sten etwas hastig erfolgt ist. Die Lage ist gut, man ist schnell im Zentrum und hat in der N\u00e4he Restaurants und Supermarkets."}, {"date": "2019-01-31", "name": "Shinhwan", "review": "Very good location for visiting east london and comfort house."}]}