{"id": 11113935, "listing_url": "https://www.airbnb.com/rooms/11113935", "name": "Cool 2 Bed & 2 Bathroom Banglatown & Whitechapel", "description": "A smart 2 bedroom , 2 bathroom apartment. SUPER FAST 1GB WIFI & outside balcony.<br />The heart of London's Multi Cultural and Dynamic East End. Located in a typical residential area of Whitechapel, yet a short walk to The City,  The London underground Whitechapel or Aldgate East, The Whitechapel Gallery, Brick lane, Spitalfields Market and City of London<br />FREE access to book buy one GET ONE FREE tickets for many of London's Top Tourist Attractions with every booking. (subject to availability)<br /><br /><b>The space</b><br />Exclusive use two bedroom and two bathrooms close to The City<br /><br /><b>Guest access</b><br />Exclusive use of the whole apartment for the number of guests on the booking", "host_name": "Stephen", "host_id": 13770205, "host_url": "https://www.airbnb.com/users/show/13770205", "host_picture_url": "https://a0.muscache.com/im/pictures/user/09e78307-4358-4f33-925e-4840875a42a1.jpg?aki_policy=profile_x_medium", "neighbourhood_cleansed": "Tower Hamlets", "latitude": 51.51524, "longitude": -0.05717, "property_type": "Entire rental unit", "room_type": "Entire home/apt", "accommodates": 4.0, "bathrooms": "2", "bedrooms": 2, "beds": 2, "amenities": ["First aid kit", "Oven", "Hair dryer", "Hangers", "42\\ HDTV with Amazon Prime Video", "Netflix", "standard cable", "Dishes and silverware", "Essentials", "Shampoo", "Outdoor furniture", "Cooking basics", "Carbon monoxide alarm", "Wifi", "Heating", "Coffee maker", "Free dryer \u2013 In unit", "Dishwasher", "Long term stays allowed", "Microwave", "Refrigerator", "Outdoor dining area", "Private patio or balcony", "Iron", "Kitchen", "Stove", "Dedicated workspace", "Hot water", "Private fenced garden or backyard", "Paid parking off premises", "Smoke alarm", "Free washer \u2013 In unit", "Lockbox", "Cable TV"], "price": 188.0, "number_of_reviews": 122.0, "number_of_reviews_showed": 9, "review_scores_rating": 4.85, "reviews": [{"date": "2016-04-04", "name": "Jade", "review": "The flat was well located with the station only five minute walk the hosts instructions for the flat and location were excellent. The decor of the flat was great and the bed was possibly the most comfy I have ever slept in. Really enjoyed my stay 10 out of 10 "}, {"date": "2016-04-10", "name": "Eithne", "review": "This was a lovely flat, bright, newly furnished and exactly as described. The location was perfect for sight-seeing in London, being within easy walking distance of Tower Bridge, the Tower of London, St Katherine Docks and, if you are going further afield, a Zone 1 tube station (Aldgate East). I highly recommend Steven as a host. For me, as a first-time Airbnb-er, he couldn't have made it a more straightforward and stress-free experience."}, {"date": "2016-04-15", "name": "Chantal", "review": "Stephen nous a adress\u00e9 toutes les explications n\u00e9cessaires aussi bien concernant l'appartement que des explications claires pour s'y rendre, des conseils pour aller dans le centre de Londres, des conseils d'excursions. Dans l'appartement d\u00e9cor\u00e9 avec \u00e9norm\u00e9ment de gout, tout est pr\u00e9vu pour rendre le s\u00e9jour le plus confortable possible.Nous avons beaucoup appr\u00e9ci\u00e9 aussi bien le logement que toutes ces attentions.\r<br/>Je recommande vivement cet appartement pour un s\u00e9jour \u00e0 Londres et je lui donne la note maximum (10/10)\r<br/>Chantal Picq "}, {"date": "2016-04-22", "name": "James", "review": "Easy to self check in, very simple to use all facilities. Location superb. Price fantastic."}, {"date": "2016-04-24", "name": "Javi", "review": "The Stephens apartment is wonderful as nice as appears on picture. Is close to London tower, you can do it walking.<br/>We had all we needed from Stephen. I will come back soon   "}, {"date": "2016-04-28", "name": "Sabine", "review": "perfect accomodation, highly Recommended."}, {"date": "2016-05-08", "name": "Yoann", "review": "The flat was great, well-furnished and comfortable, exactly as shown on the pictures. The location is nice (a few minutes away from the tube, shops nearby). The ability to self-checkin is very handy."}, {"date": "2016-05-14", "name": "Ann", "review": "By far the best I've experience with airbnb! Stephen was the loveliest host even though I did not meet him in person. He has been updating us what is going on in London and what are the best routes to take from the airport. We had trouble with the new door (our mistake!) but Stephen was always a call away. Cleanliness was top notch and everything was fully equipped even toiletries! Property is located in a prime area and a few doors down, a really nice turkish restaurant - EFES (a must go) . Easy access to public transport and only 20 mins. Stephen had also provided tips to travel around London and we find that very useful, if only we had more time in London. we had a VERY comfortable stay at the property. Thanks Stephen!"}, {"date": "2016-05-21", "name": "Sarah", "review": "The flat was very well decorated and clean. My only disappointment was that Stephen did not inform me that building works were going on and that there was scaffolding all over the building. The builders started working at 8 am every day and was very noisy and a bit disconcerting when a builder appeared on the balcony whilst I was eating my breakfast in my nightwear ! Stephen offered for me to cancel my booking but this would not have been practical due to me being in London for a training course. There was no other solution . This sadly took away from the fact the flat was lovely, I would ask that Stephen keep future guests updated on building as if you wanted a relaxing break with a lie in , the builders would disturb this.  "}]}