{"id": 11133717, "listing_url": "https://www.airbnb.com/rooms/11133717", "name": "Charming 2Bed Flat in Central London", "description": "This exquisite apartment in Westminster is perfect for guests who wish to experience Central London and all it has to offer.<br /><br /><b>The space</b><br />Inside this apartment, there are two commodious and bright bedrooms - one has a double bed, and one a smaller 'European' sized double (the photo shows a single bed but this has recently been replaced with a double bed). <br /><br />There's a stone bathroom with both a bath and a shower, through the smaller bedroom, and a separate toilet and sink just off the hallway. <br /><br />The living area lets in lots of light across the spacious room, with 2 large sofas, lots of cushions, and a large corner dining table to enjoy your meals at. The open plan space then leads to the kitchen, which is kitted out with all the essentials, including: kettle, microwave, hob, oven and washing machine.<br /><br /><b>Guest access</b><br />You will have private access to the whole of the property for the duration of your stay.<br /><br /><b>Other thin", "host_name": "Rufus", "host_id": 32077124, "host_url": "https://www.airbnb.com/users/show/32077124", "host_picture_url": "https://a0.muscache.com/im/pictures/user/dbc0d73f-83f4-41e7-8578-98008576bbd2.jpg?aki_policy=profile_x_medium", "neighbourhood_cleansed": "Westminster", "latitude": 51.50108, "longitude": -0.13306, "property_type": "Entire rental unit", "room_type": "Entire home/apt", "accommodates": 4.0, "bathrooms": "1.5", "bedrooms": 2, "beds": 2, "amenities": ["Oven", "Hair dryer", "Hangers", "Dishes and silverware", "Essentials", "Shampoo", "Bed linens", "Bathtub", "Wifi", "Heating", "Dishwasher", "Long term stays allowed", "TV", "Microwave", "Refrigerator", "Iron", "Kitchen", "Stove", "Hot water", "Washer", "Elevator", "Smoke alarm"], "price": 340.0, "number_of_reviews": 133.0, "number_of_reviews_showed": 5, "review_scores_rating": 4.4, "reviews": [{"date": "2016-03-01", "name": "Karla", "review": "Flat is nice, great location. Easy access and smooth communication with person managing the place. There was a towel heating radiator that was safety hazard that needs to be made safe. My husband had a horrible burn along his arm by inadvertently touching it. Airbnb are on it to sort it out but not confirmed yet. Large construction going on next door but if you are out all day there is no noise in the evening and weekend.  I would go back once the radiator is fixed."}, {"date": "2016-03-08", "name": "Shane", "review": "Perfect location, very clean and comfy - no issues at all. Host very very helpful giving info on local area. Can't rate this place highly enough "}, {"date": "2016-03-15", "name": "Nadine", "review": "Der Kontakt zum Gastgeber war sehr unkompliziert und freundlich,wir haben uns sehr wohl gef\u00fchlt. "}, {"date": "2016-03-18", "name": "Jean-Baptiste", "review": "Charmant appartement, bien \u00e9quip\u00e9 et bien situ\u00e9, le propri\u00e9taire tr\u00e8s attentif \u00e0 votre bien etre et r\u00e9actif aux eventuels probl\u00e8mes rencontr\u00e9s "}, {"date": "2016-03-22", "name": "Hege", "review": "Veldig hyggelig leilighet med sjarmerende innredning og stil. Omr\u00e5det den ligger i er sv\u00e6rt sentralt, f\u00e5 minutter \u00e5 g\u00e5 b\u00e5de til Big Ben, Buckingham Palace, Picadilly Circus. N\u00e6rmeste t-bane er st. James Park, under ett minutt unna.\r<br/>N\u00f8kkelen er lett \u00e5 finne, meget enkelt og praktisk system!!  \r<br/>Leiligheten er sv\u00e6rt ren og ryddig. Senget\u00f8y og h\u00e5ndkl\u00e6r holder hotelstandard. \r<br/>Leiligheten er godt utstyrt.\r<br/>Det er rolig om natten, ingen st\u00f8y fra gate eller barer. \r<br/>P\u00e5 nabotomten drives omfattende byggearbeid, og det er st\u00f8y fra dette p\u00e5 dagtid, fra ca 8 om morgenen til ca 19 om kvelden. \r<br/>Det lukter litt mugg/gammelt i leiligheten, men det bedres ved lufting.\r<br/>Dusjen er gammeldags og upraktis. H\u00e5nklet\u00f8rker blir sv\u00e6rt varm og man kan lett brenne seg p\u00e5 den! Obs! \r<br/>All kommunikasjon med Rufus var enkel og h\u00f8flig. Han var alltid rask med \u00e5 svare.\r<br/>Det er flere gode spisesteder i n\u00e6romr\u00e5det. \r<br/>Vi bor gjerne i denne leiligheten igjen! "}]}