{"id": 11130017, "listing_url": "https://www.airbnb.com/rooms/11130017", "name": "Bright loft bedroom with ensuite", "description": "Spacious and airy loft bedroom in a large Victorian terraced house near Queens Park. House has a large kitchen and modern garden and has great transport links with Oxford Circus less than 20 mins away. Queen's park and local shops/amenities are a short walk<br /><br /><b>The space</b><br />The house is recently renovated and has been finished with modern fittings.<br /><br /><b>Guest access</b><br />As well as the room with its ensuite you will also have access to the living room (large TV with Netflix & extensive other channels) and also the kitchen and garden.<br /><br /><b>Other things to note</b><br />Please feel free to use anything in the kitchen.", "host_name": "Sylvia", "host_id": 13637475, "host_url": "https://www.airbnb.com/users/show/13637475", "host_picture_url": "https://a0.muscache.com/im/pictures/user/b91386d4-24ac-4ba7-a030-12780aceaf77.jpg?aki_policy=profile_x_medium", "neighbourhood_cleansed": "Brent", "latitude": 51.54261, "longitude": -0.20655, "property_type": "Private room in townhouse", "room_type": "Private room", "accommodates": 2.0, "bathrooms": "1.5", "bedrooms": 1, "beds": 1, "amenities": ["Hair dryer", "Hangers", "Dishes and silverware", "Luggage dropoff allowed", "Essentials", "TV with standard cable", "Outdoor furniture", "Paid parking on premises", "EV charger", "Carbon monoxide alarm", "Indoor fireplace", "Wifi", "Heating", "Children\u2019s books and toys", "Coffee maker", "Long term stays allowed", "Pack \u2019n play/Travel crib", "Refrigerator", "Iron", "Kitchen", "BBQ grill", "Security cameras on property", "Hot water", "Washer", "Private fenced garden or backyard", "Shared patio or balcony", "Children\u2019s dinnerware", "Smoke alarm", "Fire pit", "High chair", "Dryer", "Lockbox", "Cable TV"], "price": 90.0, "number_of_reviews": 74.0, "number_of_reviews_showed": 5, "review_scores_rating": 4.85, "reviews": [{"date": "2016-05-02", "name": "Alessandro", "review": "Sylvia had bern a great host and her house was even better then how it looked in the pictures. Everything was perfect and very clean."}, {"date": "2016-05-25", "name": "Rebecca", "review": "The room was in a beautiful home and located in the perfect spot for us. It was easy to access and so close to Queen's Park and Kilburn. <br/>Sylvia was lovely and incredibly accommodating. It was a pleasure to stay there. "}, {"date": "2016-05-30", "name": "Maria", "review": "Sylvia is an incredible host and her house is amazing. The room itself is huge with its own private bathroom. It has everything you could possibly need and more. The rest of the house is gorgeous - not only is it completely renovated, but it is also huge. The house is located about a 7min walk to the overground and a 2min walk to the bus station. There is a wonderful little organic store nearby and plenty more stores and restaurants within a 5min walk. There are plenty of Uber cars within the vicinity that will arrive in 3min or less. Sylvia was extremely kind and she allowed me to book the room within a couple of hours notice. During our stay she was easily approachable and very relaxed with everything; she made us feel comfortable in her house - not like strangers at all. I would highly recommend her place and would stay there myself again."}, {"date": "2016-06-12", "name": "Tomas", "review": "I rented it for my sister and husband. They found the house very comfortable and tidy, the neighbourhood pretty and well connected, and Sylvia lovely and caring. They felt really at home. "}, {"date": "2016-06-19", "name": "Yvonne", "review": "Sylvia made me feel very welcome, the loft bedroom was exactly as it appeared on the photos. A very comfortable stay in a stylish ensuite room at a good price. The listing is very convenient for Wembley and also for getting into central London."}]}