{"id": 11133793, "listing_url": "https://www.airbnb.com/rooms/11133793", "name": "Edwardian 5 bed house in Clapton", "description": "Beautiful 5 bedroom house in the heart of Clapton, Hackney. Set over seven floors, this is a secure, quiet, bright Edwardian house in one of London's most exciting areas. Walking distance to Dalston, Stoke Newington, Chatsworth Rd & Hackney Central. Great transport links.<br /><br /><b>The space</b><br />Come and rent our large 5 bed Edwardian house in the heart of Clapton, Hackney, London. <br /><br />The house:<br />Spacious, 7 level, high-ceilinged, Edwardian mid-terrace with lots of character and period features<br />Sleeps 10 comfortably via 5 double beds (one of these rooms can be made up as twin beds if requested).  <br />Huge kitchen-diner with cooker, fridge/freezer, dishwasher, table and bench, concertina doors leading to pretty walled garden. For groups of 8+ we do ask for an additional fee per person (please see Pricing). <br /><br />Separate utility room has a washing machine, tumble dryer, iron and ironing board. <br /><br />Double reception with original cornicing, conte", "host_name": "Sophie", "host_id": 3164426, "host_url": "https://www.airbnb.com/users/show/3164426", "host_picture_url": "https://a0.muscache.com/im/pictures/user/35128aa2-b687-4b0d-9b70-fbe8c1687619.jpg?aki_policy=profile_x_medium", "neighbourhood_cleansed": "Hackney", "latitude": 51.55944, "longitude": -0.05175, "property_type": "Entire home", "room_type": "Entire home/apt", "accommodates": 10.0, "bathrooms": "2.5", "bedrooms": 5, "beds": 5, "amenities": ["Essentials", "Wifi", "First aid kit", "Hot water", "Washer", "Long term stays allowed", "Shampoo", "TV with standard cable", "Host greets you", "Smoke alarm", "Hair dryer", "Iron", "Indoor fireplace", "Dryer", "Hangers", "Kitchen", "Cable TV", "Heating"], "price": 299.0, "number_of_reviews": 12.0, "number_of_reviews_showed": 11, "review_scores_rating": 4.92, "reviews": [{"date": "2016-05-29", "name": "Heidi", "review": "Wij hebben het heel erg naar ons zin gehad. Sophie heeft contact met ons gehad en alles was voor ons zeer duidelijk en erg fijn.\r<br/>Leuke buurt dicht bij de bus  zodat je elke richting op kon gaan die je maar wil.\r<br/>Wijzelf hebben fietsen gehuurd."}, {"date": "2016-06-10", "name": "Carrie", "review": "Arriving at this beautiful house in Clapton after a long night of travel was such a treat. The house is exactly as its described and is huge! My local family living in different parts of London were raving about the house and want it for themselves. The garden out back is beautiful and the house easily accommodated my whole family of 4 adults and 2 kids. Sophie and Ranjit left a great welcome package with us with thorough instructions for the home. They also left a ton of storage space in the bedrooms and bathrooms for our things. Sophie also went above and beyond and got me a high chair for my baby and was willing to find a travel cot as well. I was so appreciative of her help! The bedrooms are great. My daughter adored the room with the bunkbeds and didn't want to leave at the end. The whole house is pretty kid friendly, besides all the stairs. Toddlers or new walkers would need some gates or help getting up all the stairs. The top floor suite is lovely and my father really enjoyed having his own space with a bathroom attached. It is up several flights of stairs though-- that's the only drawback. All of the bedrooms were nice-- spacious, pretty, nice decorations. Getting into London was easy-- there are various buses and the overground is not far either. We enjoyed walking around Clapton/Hackney and loved having a park so close by. I would happily stay again if we all returned to London as a family. I highly highly recommend this property! Thank you so much Sophie and Ranjit!!"}, {"date": "2016-06-20", "name": "Rachel", "review": "The house was absolutely perfect and Sophie could not have made our stay any easier. Thank you so much! "}, {"date": "2016-07-03", "name": "Suzy", "review": "House was beautiful;spacious light and airy. Sophie made all the appropriate arrangements for checking in as our arrival was delayed by a day. Even kindly offered for us to stay the extra day to make up!\r<br/>All throughout process of booking, Sophie was extremely helpful.\r<br/>So definitely would use her home again next time a large party needs accommodation in Hackney! Thanks Sophie."}, {"date": "2016-07-18", "name": "Omar", "review": "Our family of 7 had a wonderful stay at Sophie's house. There was lots of room for everyone to have their own space (and there were lots of books to read). It was perfect for our family. The house is located in an up-and-coming location of London, and within walking distance to shops, pubs, and restaurants. We loved the fact that there were parks nearby, and it was close to a running/biking trail near the Lea River. Buses from Clapton Pond (or Wattisfield Rd) will take you to most parts of London. Or you can walk to the Clapton Overground station and catch a train into London. Communication with Sophie was great - she gave us great suggestions and kept in touch with us during our stay. I would definitely recommend staying here if you are a family looking for a house to rent while on vacation in London."}, {"date": "2016-07-28", "name": "James", "review": "Sophie was very responsive to all our questions and we gained access as soon as we arrived despite some uncertainty in our schedule. The house accommodated our 10 people, including 4 children, very well. The large open field nearby and the children's playground was enjoyed by the kids and the short walk to the bus stops made access to our places of interest in London easy despite the tourist traffic congestion that is typical in July and August. Grocery stores and a superb vegan restaurant were within walking distance and we appreciated the multicultural neighborhood with friendly folks who even invited us to join in a criquet game at the park. We tried with limited success to keep the grandkids from making too much noise, but no one complained as far as we know. If we travel to London again we hope to stay there again.   "}, {"date": "2016-08-08", "name": "Heather", "review": "Sophie's house is absolutely wonderful - as is she! She made us feel right at home instantly, was extremely flexible with arrival times, and made sure we had everything we needed. The house itself is absolutely gorgeous - set in a quiet neighbourhood near Hackney and just a bus ride away from central London. There are quite a few sets of stairs so make sure the most spritely of your group gets the top-level bedroom with the en-suite! I can't recommend this home enough for your stay in London.\r<br/>\r<br/>Large groups are totally suited to the property - there were 10 of us, and we never felt in each other's way. The kitchen we had was full to the brim with everything needed for large family meals, the garden a perfect space for a late afternoon wine or two (we even spotted some amazing wildlife!) and the living area was comfortable with lots of things to look at (her book collection is to die for!)\r<br/>\r<br/>Truly a fantastic stay. Thank you Sophie for sharing your home!"}, {"date": "2016-08-23", "name": "Manuel", "review": "We had a magnificent stay at Sophie's home. We were seven adults and two children, and the house had all the facilities to stay all comfortably, even a piano and a PS4! We travelled to the center of London by overground - tube and by bus, and the first are better from Monday to Friday and the second are more convinient diuring the weekends.\r<br/>The neigbourghood, Clapton, is very nice but we didn't enjoy its amusements because we spent most of the time in Central London.\r<br/>I strongly recommend this home for big groups and families, and Sophie has been a very communicative and a friendly host. A great place to visit London. Thank you very much Sophie!"}, {"date": "2017-04-14", "name": "Jane", "review": "Sophie is a great host. She met us after our late arrival and gave us a great introduction including tourist tips which really enhanced our stay. The house was more than comfortable for our group of 8 people and was really well equipped. We would definitely stay here again."}, {"date": "2017-08-04", "name": "Patpimol", "review": "We are a family group of 7 with 3 kids going to London for the first time. We had been in Sophie's place for 8 days 7 nights. Sophie's house is a perfect place for your group. Bedrooms are plenty. Beds are comfortable and cozy to sleep. We all have a very good sleep. The house is clean and have everything that we need even piano for my daughter to practice. The kitchen is well equipped makes cooking a fun activity at home. The house is very close to the park so a great thing for children. The neighbor living next door is very helpful and friendly. Next time I go to London, I will pick Sophie's place. Thanks!"}, {"date": "2017-08-15", "name": "Catherine", "review": "Sophie's house was fantastic \u2014\u00a0clearly lovingly maintained by the family, with a wonderfully eclectic d\u00e9cor that all works together to create a truly warm and welcoming home. The space was ideally suited for our group of 8 ladies, with quiet nooks for those who needed calm and generous common spaces for the larger group. House rules and instructions were impeccably clear, and check-in and check-out was a breeze. Also, meeting Sophie herself was a highlight of my stay! Thanks again!"}]}