{"id": 11131944, "listing_url": "https://www.airbnb.com/rooms/11131944", "name": "Magical House in East London by Victoria Park", "description": "Welcome to our beautiful Victorian maisonette by Victoria Park and Regent\u2019s Canal.<br /><br />While reflecting our love of mid-Century furniture, the apartment contains all you might need. It is clean, spacious, and quiet.<br /><br />This is a one-bedroom property.<br /><br />Ideal for exploring London or working from home with one desk and a printer available.<br /><br /><b>The space</b><br />Downstairs are the entrance hall, lovely living room, and well-stocked kitchen.<br /><br />Upstairs is the large bedroom, and the bathroom (bathtub and shower). The bedroom is stylish and spacious. <br /><br />Perfectly located close to the gorgeous Victoria Park Village and Regents Canal, the apartment is also in walking distance from Broadway Market and Columbia Road Flower Market. This area is filled with lovely coffee shops, independent fashion stores, the best food in London, and cosy pubs! <br /><br />There are good transportation links, particularly from Mile End and Bethnal Green undergro", "host_name": "Lotje", "host_id": 7312521, "host_url": "https://www.airbnb.com/users/show/7312521", "host_picture_url": "https://a0.muscache.com/im/pictures/user/3aa76f27-9a0e-456f-920b-1e013ee3dd12.jpg?aki_policy=profile_x_medium", "neighbourhood_cleansed": "Tower Hamlets", "latitude": 51.53342, "longitude": -0.03831, "property_type": "Entire rental unit", "room_type": "Entire home/apt", "accommodates": 2.0, "bathrooms": "1.5", "bedrooms": 1, "beds": 1, "amenities": ["First aid kit", "Oven", "Fire extinguisher", "Hair dryer", "Dining table", "Hangers", "Crib", "Dishes and silverware", "Luggage dropoff allowed", "Essentials", "Shampoo", "Cooking basics", "Carbon monoxide alarm", "Wifi", "Heating", "Dishwasher", "Long term stays allowed", "Hot water kettle", "Refrigerator", "Portable fans", "Iron", "Kitchen", "Stove", "Toaster", "Hot water", "Washer", "Smoke alarm", "High chair", "Dryer", "Lockbox"], "price": 80.0, "number_of_reviews": 38.0, "number_of_reviews_showed": 12, "review_scores_rating": 4.95, "reviews": [{"date": "2016-02-11", "name": "Jan", "review": "The host was very gracious and very knowledgeable about the area. This is a beautiful, well appointed London town-house, that is very close to the park and its amazing lakeside caf\u00e9 (a loop round Victoria Park provided me with a perfect 5km run). \r<br/>\r<br/>The combination of  a warm host,  a great location, a well appointed interior and  a quiet neighbourhood  make this an A++ for me."}, {"date": "2016-02-19", "name": "Anita", "review": "This place (and Lotje) are gorgeous~! I had such a relaxing and restful stay I could hardly believe how peaceful the apartment is when considering how bustling London was outside. I woke up to the sounds of birds chirping and it was so lovely grabbing morning coffee at the Pavillion in Victoria Park only a few minutes away. The lovely claw foot bath was a real bonus after a long day walking around - I would thoroughly recommend staying at Lotje's if you are looking for a zen like retreat in East London - 5 stars! ;)"}, {"date": "2016-03-05", "name": "Regina", "review": "A place like Lotje's makes you forget that you are in the metropolitan city that is London. Her house is in a residential area, with people from all walks of life and close to a primary school which really gives you the sense of living in a neighborhood, a fact I really liked. \r<br/>\r<br/>Lotje's home has lots of style and character and is very cosy. There are some lovely coffee places around as well, where you can  work or just hang out, and there is a buddhist center as well, where I went to have a look on Lotje's recommendation. I also went for a walk in the area and was surprised at how green it was and to find a canal-I went for a long walk and ended up in Victoria Park and then Hackney.\r<br/>\r<br/>As for public transportation the number 8 bus runs day and night, and is a 5 minutes away from the house. It took me right to places such as Brick Lane and Tottenham Court Rd. There are also two tube stops close in the area, I used Bethnal Green which got me into town very fast.\r<br/>\r<br/>Communication with Lotje was very quick and easy. All in all it was a very positive experience. In the sea of Airb&b homes it can be challenging to find the right place to stay, but I would certainly book to stay here again. \r<br/>\r<br/>Thanks Lotje!"}, {"date": "2016-04-18", "name": "Lucy", "review": "We loved staying here - it\u2019s quiet, clean and boasts delightful interiors. This home is brilliantly located by the lovely Victoria Park and close to all the best bits of East London. We enjoyed canal walks to Broadway Market on Saturday and Columbia Road Flower Market on Sunday, and the local pubs, cafes, and restaurants made us want to stay forever! Highly recommend this spot for a London stint - also for a work / play trip as there\u2019s super fast WiFi and peaceful environment for optimal focus. Thank you Lotje!"}, {"date": "2016-05-08", "name": "Leslie", "review": "Lotje\u2019s house is a very charming and quiet little house. The neighbourhood is our favourite in London, near Victoria Park which is beautiful. Lotje was very kind and welcoming. She had delicate attentions that made us feel welcome at her home. Moreover Lotje was very arranging regarding the times of arrival and departure. "}, {"date": "2016-06-13", "name": "Maisy Bliss", "review": "Beautiful house just round the corner from Victoria Park, could not have been more convenient for our trip to London. The apartment was very clean and Lotje left us with lots of nice food. The place had everything we needed and is located in a very nice area. We will definitely be staying again."}, {"date": "2016-06-20", "name": "Atty", "review": "A very nice place with a very warm host. Very helpful to make our stay as pleasant as possible. Highly recommandabele!"}, {"date": "2016-07-04", "name": "Violeta", "review": "It is indeed a georgeous house on a quiet street and not far from the metro. Lotje was a wonderful host, she left food for me, which was very thoughtful given that I arrived late in the evening and had no time to go grocery shopping. The house is decorated with so much taste and passion, and is very clean. I could not have asked for more during my stay in London!"}, {"date": "2016-07-11", "name": "Desmond", "review": "Lotje is a very generous host. The house and the area are very attractive. A short bus ride to central London,"}, {"date": "2016-07-17", "name": "Genevieve", "review": "Lotje went out of her way to make my parents feel welcome in her stunning home. They loved their stay in her beautiful house and we would highly recommend her property. It's location near the park, restaurants and public transport is ideal and made for a wonderful weekend away. Thank you so much!"}, {"date": "2016-07-25", "name": "James", "review": "Lotje was the perfect host, I would highly recommend staying in her beautiful house. It is located in a beautifully green part of London, where the canal meets Victoria Park. Chisenhale Road is a charming, quiet street plenty of good options nearby for coffee and restaurants. It is also well connected with public transport only a short walk away. The house is bright,  spacious and tastefully decorated with Danish furniture. It is immaculately clean too, with a gorgeous kitchen that Lotje kindly stocked up with breakfast goods.\r<br/>I have already recommended Lotje's house to friends and family as the perfect place to stay for a trip to London."}, {"date": "2016-08-10", "name": "Jenny", "review": "warm and friendly! felt like a meditation cabin in the middle of a bustling city! The energy in the house felt so clear and pure! not to mention the location which was rad. Feel so blessed to have had such a special palce to lay my head at the end of a long day in london."}]}