{"id": 11144215, "listing_url": "https://www.airbnb.com/rooms/11144215", "name": "NOT TAKING BOOKINGS CURRENTLY", "description": "Bright roomy double in a large maisonette with 2 floors, 1.5 baths & a lovely private garden. 5 minutes walk to the high street, with dozens of bars & independant eateries. 10 minutes walk to St George's hospital and 20 mins tube to the centre of London. Friendly, relaxed & helpful.<br /><br /><b>The space</b><br />It's a really private room at the end of a long hallway and the other rooms are upstairs.<br /><br />Tall wardrobe with hangers, chest of drawers, desk & chair, bedside table and a lamp. A luggage rack, warm slippers and a hot water bottle are available and you'll benefit from blackout curtains for a great night's sleep. <br /><br />Lovely light if you're lucky in the daytime (can't predict English weather) and blackout curtains for a good night's sleep.<br /><br /><b>Guest access</b><br />Please let me know your time of arrival and ring the LEFT HAND BELL, otherwise you'll reach my neighbour. <br /><br />Apart from your room, on the ground floor there's the downstairs bathr", "host_name": "Lisa", "host_id": 57921319, "host_url": "https://www.airbnb.com/users/show/57921319", "host_picture_url": "https://a0.muscache.com/im/pictures/user/e18c9401-0994-414b-87a5-b102a3c050f1.jpg?aki_policy=profile_x_medium", "neighbourhood_cleansed": "Wandsworth", "latitude": 51.42472, "longitude": -0.17009, "property_type": "Private room in rental unit", "room_type": "Private room", "accommodates": 2.0, "bathrooms": "2", "bedrooms": 1, "beds": 3, "amenities": ["First aid kit", "Oven", "Hair dryer", "Hangers", "Dishes and silverware", "Luggage dropoff allowed", "Essentials", "TV with standard cable", "Cooking basics", "Bed linens", "Carbon monoxide alarm", "Bathtub", "Wifi", "Heating", "Backyard", "Long term stays allowed", "Host greets you", "Microwave", "Refrigerator", "Kitchen", "Stove", "Hot water", "Washer", "Paid parking off premises", "Smoke alarm", "Cable TV"], "price": 500.0, "number_of_reviews": 47.0, "number_of_reviews_showed": 6, "review_scores_rating": 4.87, "reviews": [{"date": "2016-02-22", "name": "Chris", "review": "Really nice house, very clean and welcoming. Lisa was a great host, explaining lots of things to do in the local area. "}, {"date": "2016-04-02", "name": "Eoghan", "review": "I had an interview at St Georges University and Lisa's house was perfectly located right beside the university, as well as being close to a tube station giving me access to the city centre. Lisa was very welcoming and made me feel at home, which was ideal when preparing for the interview. The house was well equipped, clean and I got a good nights sleep in the bed. The downstairs bathroom is right beside the bedroom so you pretty much have your own en suite. Lisa's two cats are really friendly as well!"}, {"date": "2016-04-04", "name": "Ed", "review": "This was my first time using AirBnB and it was a very positive experience,largely due to my host Lisa. Communication was very prompt throughout the process and she was very flexible about check-in, even when I messed her about a bit. The flat is well located for everything Tooting has to offer and was wonderfully quiet at night (not always a given in London). It's a nice flat and the presence of her two cats was a plus for me! I can't fault the whole experience and will probably stay again if I'm back in this neck of the woods. "}, {"date": "2016-04-20", "name": "Lindsey", "review": "Lisa is incredibly welcoming and friendly and made the stay very enjoyable. The room looks exactly like it does in the photo and is very light and spacious. A lovely room and a fabulous host. "}, {"date": "2016-04-24", "name": "Sue", "review": "Lisa's house was perfect for our three day stay in London. It's near Tooting High Street with all its amenities and easy to get into London on the tube line. Her cats are shy but very sweet and no trouble at all. The bedroom is comfortable and super clean. Lisa has thoughtfully provided a hair drier and even slippers for her guests! <br/>Lisa is an amazing host. We thoroughly enjoyed hearing of her wonderful travel experiences and sharing ours. We will definitely try to stay here again next time we are in the area.  Many thanks, Lisa."}, {"date": "2016-05-01", "name": "Michelle", "review": "We had a lovely stay in Lisa's home. The room was very comfortable and Lisa was helpful and friendly. Lisa was always very quick to reply to communication.  We would recommend staying here and would definitely stay again if we were in the area!"}]}