{"id": 11153869, "listing_url": "https://www.airbnb.com/rooms/11153869", "name": "Penthouse next to Oxford St", "description": "Indulge your London high-life fantasies in this stunning, luxury penthouse flat. Refurbished to perfection & just oozing sophisticated style, you will fall in love with its ritzy-cute elegance. Feature walls, chandelier-style lighting & roof views!<br /><br /><b>The space</b><br />This beautiful, newly-refurbished penthouse apartment has been custom designed, and is fully equipped and furnished to the finest specification.<br /><br />It includes a reception area, two double bedrooms (one with en-suite bathroom) fully equipped open-plan kitchen and guest bathroom.<br /><br />Reception Room: 18'8\" x 16' (5.71m x 4.92m)<br />Bedroom 1: 10'6\" x 6'2\" (3.20m x 1.89m)<br />Kitchen: 18'9\" x 6'5\" (5.72m x 1.92m)<br />Bathroom: 8'7\" x 5'9\" (2.61m x 1.75m)<br /><br /><b>Guest access</b><br />During your stay you have access to the entire apartment.<br /><br /><b>Other things to note</b><br />Key collection would be from office location in W1.", "host_name": "Globe", "host_id": 4209940, "host_url": "https://www.airbnb.com/users/show/4209940", "host_picture_url": "https://a0.muscache.com/im/users/4209940/profile_pic/1443008205/original.jpg?aki_policy=profile_x_medium", "neighbourhood_cleansed": "Westminster", "latitude": 51.51432, "longitude": -0.1514, "property_type": "Entire rental unit", "room_type": "Entire home/apt", "accommodates": 4.0, "bathrooms": "2", "bedrooms": 2, "beds": 2, "amenities": ["First aid kit", "Fire extinguisher", "Hair dryer", "Hangers", "Dishes and silverware", "Essentials", "Shampoo", "TV with standard cable", "Carbon monoxide alarm", "Wifi", "Heating", "Building staff", "Long term stays allowed", "Microwave", "Refrigerator", "Iron", "Kitchen", "Washer", "Elevator", "Smoke alarm", "Dryer", "Cable TV"], "price": 220.0, "number_of_reviews": 6.0, "number_of_reviews_showed": 6, "review_scores_rating": 4.5, "reviews": [{"date": "2016-06-06", "name": "Chifei", "review": "We arrived late that day. But since the instruction for picking up the keys are very clear, we got into the apt with no hassle at all. The whole place was very clean and nicely decorated. Though the neighborhood was very central and a lot of restaurants within walking distance, the apt itself was very quiet. The host even arranged cleaning staff came to apt to clean for us twice.  It was very very nice. "}, {"date": "2016-11-03", "name": "Claire", "review": "Very well located apartment which is very well maintained and serviced. "}, {"date": "2018-05-15", "name": "Ghaidaa", "review": "The location is perfect, and the welcoming grocery bag was just a nice touch \ud83d\udc4d\ud83c\udffb\ud83d\udc4d\ud83c\udffb"}, {"date": "2018-08-16", "name": "Hui Mein", "review": "The location is excellent, right next to Oxford Street and a stone's throw from Bond Street Underground. Lots of food places around too, the unit is right to St Christopher's place where there are lots of food options.<br/>However, we went during a heat wave and the master bedroom window doesn't open thus it was extremely warm, however the host responded quickly by sending someone to assist with air-conditioning units and fans. <br/>"}, {"date": "2018-09-19", "name": "Seyada", "review": "Excellent location,  spotless clean, friendly staff at Globe"}, {"date": "2018-10-14", "name": "Diana", "review": "great location, no fresh air because window can't be opened, noisy floor"}]}