{"id": 11160804, "listing_url": "https://www.airbnb.com/rooms/11160804", "name": "Central flat w/ free parking & close to tube/train", "description": "Lovely two bedroom, first floor flat in a period property in the heart of Brixton, Camberwell and Stockwell.<br /><br />The flat has been newly decorated and offers two double bedrooms, one bathroom, separate kitchen and sitting room.<br /><br />Free street parking<br /><br /><b>Guest access</b><br />Guests have access to all areas apart from the cupboards/ wardrobes where we will store our belongings. Use of wifi is free of charge, and sky TV. There is a dishwasher and washing machine.<br /><br />Please ensure the doors on both internal and external front doors are locked properly at all times.<br /><br />We have lovely neighbours, upstairs and down, so please respect them and the flat as you would your own.<br /><br /><b>Other things to note</b><br />We share our flat with an adorable (and very clean) whippet called Effy. Whilst she won't be there when guests stay, I've  mentioned her here in case there is anyone who has a dog allergy.", "host_name": "Kirsty", "host_id": 28642123, "host_url": "https://www.airbnb.com/users/show/28642123", "host_picture_url": "https://a0.muscache.com/im/pictures/user/577d7231-91b3-427e-97f0-317566b4bfbf.jpg?aki_policy=profile_x_medium", "neighbourhood_cleansed": "Lambeth", "latitude": 51.47, "longitude": -0.10367, "property_type": "Entire rental unit", "room_type": "Entire home/apt", "accommodates": 4.0, "bathrooms": "1", "bedrooms": 2, "beds": 2, "amenities": ["Wifi", "Washer", "Free parking on premises", "Long term stays allowed", "TV with standard cable", "Hair dryer", "Iron", "Kitchen", "Cable TV", "Heating"], "price": 89.0, "number_of_reviews": 9.0, "number_of_reviews_showed": 5, "review_scores_rating": 4.89, "reviews": [{"date": "2016-03-31", "name": "Toni", "review": "Super Wohnung in einem sehr sch\u00f6nem und interessanten Viertel. Kirsty ist sehr entgegenkommend und unkompliziert! "}, {"date": "2016-04-17", "name": "Jen", "review": "Wonderful stay - Kirsty was really helpful and lovely and made us feel very welcome"}, {"date": "2016-06-12", "name": "Ka Ming", "review": "Didn't have the chance to meet Kirsty in person but she is a very responsive, friendly and cool host! my friend picked up the keys at her office and it was totally no sweat! the house is very nice! beds are very comfy and thanks so much for letting us to use the washing machine. Hope to stay in your place again :D"}, {"date": "2016-07-17", "name": "Stella", "review": "Our host was most helpful, the flat is very nice as described and the area clean and tidy. \r<br/>Bath taps a little confusing!\r<br/>We would come again anytime. "}, {"date": "2016-07-29", "name": "Ferry", "review": "We liked  Kirtsy's house. We felt at home very much. So our stay in Londen was very nice. The communication between us was very good. Thank you for the caramel waffles."}]}