{"id": 11160570, "listing_url": "https://www.airbnb.com/rooms/11160570", "name": "Room Double inclusive of 40\" HD TV", "description": "A good size luxury room inclusive of 40\" Smart HD TV, 3 Seater Sofa, Coffee table, Chair and Double Bed. Room is suitable for a single person or a couple. Barking town center is close by for shopping and traveling by bus or train.<br /><br /><b>The space</b><br />There is access to front garden through the room to enjoy sunlight throughout the day.<br /><br /><b>Guest access</b><br />My guests can access to the kitchen for self catering to make themselves feel like there own house.<br /><br /><b>Other things to note</b><br />I hope you will enjoy your stay in a friendly environment.", "host_name": "Babar", "host_id": 58042401, "host_url": "https://www.airbnb.com/users/show/58042401", "host_picture_url": "https://a0.muscache.com/im/pictures/user/505ed233-b1f9-4b4c-bab3-e502259800a1.jpg?aki_policy=profile_x_medium", "neighbourhood_cleansed": "Barking and Dagenham", "latitude": 51.53431, "longitude": 0.08784, "property_type": "Private room in rental unit", "room_type": "Private room", "accommodates": 2.0, "bathrooms": "1", "bedrooms": 1, "beds": 1, "amenities": ["Essentials", "Washer", "Long term stays allowed", "TV", "Host greets you", "Private entrance", "Kitchen", "Heating", "Lock on bedroom door"], "price": 29.0, "number_of_reviews": 47.0, "number_of_reviews_showed": 9, "review_scores_rating": 4.18, "reviews": [{"date": "2016-10-14", "name": "Asleena", "review": "We loved babar place. It's really clean and nice. Very convenient and near to many markets. 5mins walk to lidl and 10mins walk to the shopping mall or asda. Very close to bus stops and 15mins walk to the train station. Room is spacious and comes with sofa, TV and table lamp that switches on by a simple touch (kinda interesting). Overall we loved the place and he made us feel like home. "}, {"date": "2016-10-22", "name": "Pascale", "review": "Mon s\u00e9jour a \u00e9t\u00e9 agr\u00e9able. j'ai bien dormis. Le logement se trouve \u00e0 10 minutes \u00e0 pieds du station Barking. Il y a des commerces et restaurants \u00e0 proximit\u00e9.\r<br/>"}, {"date": "2016-10-23", "name": "Lea", "review": "Babar nous a bien accueillit. La chambre est spacieuse et confortable, y compris la salle de bain. Bus \u00e0 proximit\u00e9. It's verry nice !"}, {"date": "2016-10-26", "name": "Christina", "review": "Upon arrival Babar was extremely nice , I came with my boyfriend and our friends and he welcomed us with open arms , he took us to the room and showed me around , what to use , and instructed me on how to turn things on . We had a great time in the room , the only downfall is that the Internet was not set up and we couldn't really watch many things on the television as he didn't have all the channels . The room is cold as it has a door leading to a front garden , however babar provided extra blankets , We cooked in the kitchen and babar was kind enough to let me use he's spices "}, {"date": "2016-10-31", "name": "Naoufal", "review": "Babar was a great host. I stayed here for 5 nights and i couldn't ask for a better place to stay. "}, {"date": "2016-11-04", "name": "Thalita", "review": "I enjoyed staying in Babar's house. He is very kind and helpful for anything. The room is exactly as the presented pictures and comfortable bed. No problems! "}, {"date": "2016-11-21", "name": "Renat", "review": "I'm sutisfied "}, {"date": "2016-11-27", "name": "Nadhya", "review": "Babar was very nice and respectful, he was open to help us where needed. The place was cosy and quite so we felt comfortable during our stay. Even thought there's no internet connection that was not a problem for us."}, {"date": "2016-12-18", "name": "Ana", "review": "I recommend this lovely room for any one who is coming to visit barking . The room is in good size and the bed is very comfortable. Barbar is a pleasant host and he was very respectful  of my privacy.  "}]}