{"id": 11174907, "listing_url": "https://www.airbnb.com/rooms/11174907", "name": "Cosy 1BD, Clapton, Hackney, London", "description": "Private Victorian flat, in the middle of the trendy-boho area of Chatsworth Road.  Pubs, bars and eateries on the doorstep. Easy transport links to Stratford, The Millennium Dome, Brick Lane, Stansted Airport, Shoreditch and Central London. All day visitor parking permit available upon request. Please note the area can be lively at the weekend.<br /><br /><b>The space</b><br />This first floor flat is one part of a converted Victorian Doctor's surgery. The flat has really high ceilings and is airy and bright with modern decor throughout.<br /><br /><b>Guest access</b><br />Guest have use of the whole flat.<br /><br /><b>Other things to note</b><br />There are some stairs to the flat (12 in all). I'll include this in the photographs so if you have a problem with climbing stairs it might be worth re-considering.", "host_name": "Beck", "host_id": 58152454, "host_url": "https://www.airbnb.com/users/show/58152454", "host_picture_url": "https://a0.muscache.com/im/pictures/user/15de7b7a-1555-45b0-8253-56b9ca84a3d4.jpg?aki_policy=profile_x_medium", "neighbourhood_cleansed": "Hackney", "latitude": 51.55302, "longitude": -0.04396, "property_type": "Entire rental unit", "room_type": "Entire home/apt", "accommodates": 2.0, "bathrooms": "1.5", "bedrooms": 1, "beds": 1, "amenities": ["Essentials", "Wifi", "First aid kit", "Washer", "Long term stays allowed", "Shampoo", "Keypad", "Fire extinguisher", "Smoke alarm", "Hair dryer", "Iron", "Carbon monoxide alarm", "Hangers", "Kitchen", "Heating"], "price": 75.0, "number_of_reviews": 16.0, "number_of_reviews_showed": 11, "review_scores_rating": 4.93, "reviews": [{"date": "2016-10-28", "name": "Lisa", "review": "Absolutely loved this apartment and will definitely stay here again any time I'm in London. The apartment is beautiful, perfect size for a couple and incredibly clean. Beck left us some lovely clementines as well as some bagels for breakfast, orange juice and a bottle of Cava which was a really nice touch! The apartment is in a really cool area and we really enjoyed going to the cafes and creperies nearby. It is an 8 min walk from Homerton station which makes it really easy to access anywhere in London on the Overground, but particularly handy for the Olympic park, being just one stop from Hackney Wick. We enjoyed running in nearby Victoria park which is about a 10 minute jog away. Beck left some really useful information about nearby pubs and restaurants, and we did go to one of the pubs she recommended, which was really nice. There is a pizzeria across the road which looks great but we didn't have the chance to eat there unfortunately. "}, {"date": "2016-10-31", "name": "Julienne", "review": "We absolutely loved Becky's flat. It was perfectly located, bus and Overground station were all near to the flat and there are lovely little shops around at Chatsworth Road. We got the feeling of being real locals and living there when we stayed at the flat. We'd definitely book with Becky again the next time we're back in London!  "}, {"date": "2016-11-06", "name": "Nicola", "review": "We were staying at Beck's place for a wedding at the Round Chapel just around the corner. Beck had kindly provided a bottle of cava and breakfast! The apartment was warm, cosy and just what we needed. A+++ would definitely recommend! The location is super cute too. "}, {"date": "2016-11-13", "name": "Maurice And Finola", "review": "Enjoyed our stay at the apt, close to amenities and as per description on listing. Arrived late due to flight delay but no problem to our host who was there waiting for us. "}, {"date": "2016-11-20", "name": "Claire", "review": "A good sized apartment for a couple of people in London to explore the city. The split level set up works really well and the apartment felt airy and spacious. The apartment was surprisingly quiet for London and if you sleep in the living room it's even better. Beck was a really accommodating host who answered any questions I had promptly and the bottle of Cava was a really lovely touch!<br/>I'd definitely recommend staying here, it was a really easy trip, the perfect airbnb transaction and our apartment was clean, safe, and in a great location for North and central.<br/>Thank you again to Beck and if you do stay here, I recommend the pizza place across the road!"}, {"date": "2016-11-25", "name": "Israel", "review": "We had a really lovely stay here! The flat is more than you'd need, though I was under the impression it was a bit bigger. No complaints though! We got mixed reviews from locals about the neighborhood, good and bad. We felt it was a tiny bit sketchy at times, but not enough to take away from our stay! The bed was comfortable, the heat worked wonderfully, local pubs were great (we definitely recommend the pizza place across the street!) and the overground is literally 5 minutes away which made dipping in and out of the city incredibly easy! Thanks so much, beck! We loved it!"}, {"date": "2016-11-27", "name": "Anne", "review": "Beck's flat is just as listed. It is clean and comfortable with everything you could possibly need for a short stay. In close proximity to stations and shops, the flat is very convenient. Beck left us an excellent breakfast and even a bottle of cava. Much appreciated! Although Beck couldn't be there to meet us, she left clear instructions as to how to find the keys and texted regularly to check everything was OK. We would definitely stay again. Thank you Beck."}, {"date": "2016-12-04", "name": "Karen", "review": "Beck's place is ideally situated a quick walk to the Overground, nestled in an area with great bars, cafes, food shops, and charity/antique stores. We stayed for a weekend and the check in was a breeze, the flat tidy, well kept, and as pictured. Beck was even so kind to leave bagels and a bottle of Cava for us. An excellent place, location, and host. Extra points for the view of cute cats walking around in the back gardens. Would recommend. "}, {"date": "2016-12-09", "name": "Wesley & Michelle", "review": "We had a great stay at Beck's house, it was exactly as described. Close to public transport, cafes and restaurants and walking distance to some beautiful parks. The house was clean and spacious and it is in a lovely neighbourhood. "}, {"date": "2016-12-16", "name": "Patrick", "review": "Beck was very helpful over the whole stay, I could write her any time. My arrival and departure was uncomplicated. The flat itself is beautiful, clean and spacious. There are restaurants, bars and a supermarket just around the corner (but it's not too busy or noisy) and to the overground it's also just a 6 minutes walk. Within 30 minutes one can get basically everywhere from there. There are no negative things to say and I can only recommend a stay at Beck's place."}, {"date": "2016-12-19", "name": "Justin", "review": "This flat is very nice on a quiet street right off a large road w shops and restaurants. <br/>It's a short walk to the Homerton overground station and easy access to central London. <br/>Nice flat, nice area, nice stay "}]}