{"id": 1117720, "listing_url": "https://www.airbnb.com/rooms/1117720", "name": "Central London:  Sunny single room!", "description": "* Specific timings *<br />On Sunday 30th of December, the check in time must be before 6pm<br />On Wednesday 2nd of January, the check out time must be before 10am<br />-------<br /><br />Location: Zone 1, two minutes walk from Angel tube station in central London.<br />Really close to the major tourist attractions: Maximum 4 metro stops from Soho, Oxford Street, the City, Camden or London Bridge and just 1 stop from King's Cross Eurostar station.<br /><br /><b>The space</b><br />The area:<br />The flat is in Islington (my favourite part of London). It's located in a peaceful and safe residential street, only 2 minutes walk from Angel tube station and the famous Upper Street, where you can find plenty of  great pubs, bars and restaurants, 2 cinemas and 5 theatres!<br /><br /><br />The Flat:<br />The room is bright, facing a garden, so it's really quiet at night. The bed is comfortable and you have your own TV with freeview.  <br />There are a wardrobe and a chest of drawers so plenty o", "host_name": "Loic", "host_id": 6135032, "host_url": "https://www.airbnb.com/users/show/6135032", "host_picture_url": "https://a0.muscache.com/im/users/6135032/profile_pic/1367225729/original.jpg?aki_policy=profile_x_medium", "neighbourhood_cleansed": "Islington", "latitude": 51.53466, "longitude": -0.10312, "property_type": "Private room in rental unit", "room_type": "Private room", "accommodates": 1.0, "bathrooms": "1", "bedrooms": 1, "beds": 1, "amenities": ["Extra pillows and blankets", "Oven", "Fire extinguisher", "Hair dryer", "Hangers", "Dishes and silverware", "Essentials", "Shampoo", "Cooking basics", "Bed linens", "Carbon monoxide alarm", "Wifi", "Heating", "Coffee maker", "Long term stays allowed", "TV", "Host greets you", "Microwave", "Refrigerator", "Iron", "Kitchen", "Stove", "Breakfast", "Hot water", "Washer", "Paid parking off premises", "Smoke alarm"], "price": 45.0, "number_of_reviews": 370.0, "number_of_reviews_showed": 13, "review_scores_rating": 4.75, "reviews": [{"date": "2013-05-04", "name": "Thibaut", "review": "I needed a room for a short stay in central London and chose Loic's flat as I've heard that Angel was a great area. I wasn't disappointed: The surrounding is excellent, with lots of bars and a very good restaurant.\r<br/>\r<br/>\r<br/>\r<br/>The flat was easy to find and Loic friendly and welcoming. He gave me lots of suggestions on travelling and visiting and offered me to help myself in the kitchen for the breakfast.\r<br/>\r<br/>\r<br/>The flat was quiet and clean, with a powerful shower. The bed was comfortable and having a TV in the room was a great bonus!\r<br/>\r<br/>\r<br/>I will definitely stay at Loic's place again next time I'll come to London.\r<br/>"}, {"date": "2013-05-12", "name": "Steven", "review": "I needed a short stay in near Central London and Loic's place in Angel was a great location to stay.  There were lots of places to eat and drink nearby.  Also transportation via bus or subway/tube station was also near by.\r<br/>Loic is a very great guy and also very helpful with my with first time traveling international.  He gave lots of suggestions to where to visit and what to do etc...\r<br/>The room that I stayed in was great!  The bed is really comfortable and you have your own T.V.  There is also a small lounge in his home if you decide to kick back.\r<br/>Overall, I've had a great time a Loic's and would definitely stay again when given the change."}, {"date": "2013-05-21", "name": "Fabio", "review": "It isn't easy to found a so kind host like Loic. He has welcomed me with a smile and helped in the traveler's difficulties. He lives in a very strategic point of the city, it's very simple to reach the city center from there at all hours of the day and the zone is rich of restaurants and shops. Loic's guests don't remain disappointed! "}, {"date": "2013-05-27", "name": "Matt", "review": "Loic was an amazingly kind and gracious host, full of information about how to get around London or places to go.  Every day he would give me pamphlets on how to save money or travel easily and even took me out for coffee and dessert!\r<br/>\r<br/>The apartment is also in the perfect location, with lots of great coffee shops (ask loic about these!), bars and even a nice little park and canal.\r<br/>\r<br/>Honestly, I cannot recommend him enough and if I make it back to London, I know where I'll be staying."}, {"date": "2013-05-31", "name": "Laura", "review": "Angel is definitely a great place to stay, as there are lots of bars, restaurants and shops. It's nice, after a long day of walking and travelling around London, to just pop out and get some dinner or a drink without taking yet another train or bus. The flat is very close to the bustling Upper Street, but Loic's street is quiet and the area feels safe.\r<br/>\r<br/>Loic was very welcoming and helpful in every way. Although his flatmate had forgotten to leave the key behind, it wasn't a problem, because Loic was working from home and let me on, or sometimes even gave me his key.\r<br/>\r<br/>Breakfast was bread, jam, tea or instant coffee, but I preferred trying out the nice caf\u00e9s nearby.\r<br/>\r<br/>The room was clean and the flat was very tidy. Just the bathroom could have been cleaner for my taste."}, {"date": "2013-06-30", "name": "Sabrina", "review": "It is a great place to stay in London. I can recommend Loic definitly. Everything was perfect - so ask him if the room is free and enjoy your stay with him. "}, {"date": "2013-07-01", "name": "Willem", "review": "A super host and the apartment is very central while the streets around it are relatively quiet. Some nice local streets with antique shops and galleries a hindred meters away. A super place when you want to be in London!"}, {"date": "2013-07-08", "name": "Walter", "review": "I stayed at Loic's for just 2 nights and the place and location were perfect. Loic works at his place so there was no problem at all getting in touch with him when I arrived to the City.\r<br/>The also had all the maps I needed and was very helpful telling me where to go besides the most crowded tourist attractions. He even gave me an adaptor to charge my phone."}, {"date": "2013-08-18", "name": "Suzahn", "review": "What a sweet, accommodating and lovely person Loic is.  He was so patient when I had transportation issues that made me late.  He was here with a smile and a map to make sure I could get to where ever I was going.  He was more than happy to help with my luggage. There was tea and fruit and baguette in the morning and most of all, a warm and extremely efficient host. His flat is a short walk from the train at Angel. I am sure I will see him again and hopefully we will stay in touch via FB.  I will see you at one of my London shows  Thanks Loic!"}, {"date": "2013-08-19", "name": "Alyne", "review": "Loic\u2019s cozy flat is located in a very quiet and charming neighborhood, fully served by buses and within a 3-minute-walk to the tube. The flat is clean, beautiful and the room was very comfortable. Besides that, Loic is a great host! I really recommend staying there!"}, {"date": "2013-08-23", "name": "Diane & Pritesh", "review": "I stayed at Loic's for one night and fell in love with the location, Angel is such a nice place to live! Loic is a really friendly french guy, he gave me many tips about visits and location. We shared a drink in the area as it was a ver nice and sunny day! Also I had the chance to stay in the biggest room which was just perfect, very comfy, the area is very quiet at night, just perfect! Go for it!"}, {"date": "2013-08-26", "name": "Laure", "review": "Emplacement id\u00e9al,quartier plein de charme et proche de tout; H\u00f4te tr\u00e8s sympa, pr\u00e9venant et attentionn\u00e9!"}, {"date": "2013-09-10", "name": "Joy", "review": "Loic was a very generous and friendly host, taking the time to help me research SIM card prices and local area restaurants before I even arrived!  Loic even took the time to shop with me!  A great place to stay with a great host!"}]}