{"id": 1117842, "listing_url": "https://www.airbnb.com/rooms/1117842", "name": "Double room in period house No 2", "description": "Double room to let in shared house. Private room with lock and key in house with very clean shared kitchen and bathroom.<br /><br /><b>The space</b><br />A good size, clean and comfortable room with fast WIFI and cable TV, all included.<br /><br />The home is located in travel zone 2, so you'll have easy access to all London has to offer. You'll be close to all transport links and many shops and markets.<br /><br />My partner Les and I will be happy to give you any insider tips on how to enjoy your time here.<br /><br />We have two very friendly and cheeky cats who think they run the joint.<br /><br />The garden is south facing and wonderful for a relaxing time on a hot sunny day.<br /><br /><b>Guest access</b><br />Guest with have access to their own private Guest with have access to their own private lockable room and a shared kitchen and bathroom, which are accessible at all times. However,  I do ask that guests only cook and shower between the hours of 7am and 11pm.", "host_name": "Alison", "host_id": 2324518, "host_url": "https://www.airbnb.com/users/show/2324518", "host_picture_url": "https://a0.muscache.com/im/pictures/user/c5c180ce-72df-4111-a735-3d48a7fcc060.jpg?aki_policy=profile_x_medium", "neighbourhood_cleansed": "Islington", "latitude": 51.56243, "longitude": -0.11821, "property_type": "Shared room in home", "room_type": "Shared room", "accommodates": 2.0, "bathrooms": "1", "bedrooms": 1, "beds": 1, "amenities": ["Essentials", "Wifi", "Hot water", "Washer", "Paid parking off premises", "Shampoo", "Long term stays allowed", "TV with standard cable", "Host greets you", "Fire extinguisher", "Smoke alarm", "Hair dryer", "Iron", "Carbon monoxide alarm", "Hangers", "Kitchen", "Cable TV", "Heating"], "price": 27.0, "number_of_reviews": 111.0, "number_of_reviews_showed": 6, "review_scores_rating": 4.69, "reviews": [{"date": "2013-11-23", "name": "Caithlin", "review": "Alison is lovelly, the room is comfortable, clean and has everything you need for a short or long stay... would definently recommend :)"}, {"date": "2013-12-07", "name": "Michael And Julia", "review": "I had an excellent few days in Alison's lovely house. Alison is such a friendly and helpful host and made me instantly relax and feel at home.  The room was clean and spacious and the location was excellent.  I thoroughly recommend a stay with Alison in London."}, {"date": "2013-12-10", "name": "Mirko", "review": "Everything perfect! Highly suggested..."}, {"date": "2014-02-11", "name": "Michelle", "review": "Alison was a lovely host! Although we did not cross paths all too much during my stay, she responded quickly to sms/emails and was very accommodating.  The property itself was very nice indeed. Best airbnb experience I've had so far."}, {"date": "2014-03-02", "name": "Filip", "review": "You would have to be a lunatic not to stay here. The room was clean, spacious, and very well furnished. The flat itself shared the same attributes, with a lovely kitchen and inviting back garden. In terms of location it couldn't be better. Only a short walk to the closest subway station so getting to the city centre was only about a 20 min journey. The flat is in a very quiet neighbourhood with a multitude of super cheap but excellent international restaurants within walking distance. Alison was incredibly helpful and accommodating, providing us tips on where to go and what to see and more importantly how to get there. Easily one of the best lodgings I've ever stayed in. HIGHLY RECOMMEND!"}, {"date": "2014-03-04", "name": "Michelle", "review": "I throughly enjoyed staying with Alison. She was very helpful and very welcoming. When I arrived she showed me where everything was. Her home was every clean and the room was a really nice size. She gave me my privacy and made sure to tell me goodbye when my time at her home was done. If I am ever in London again I will definitely not hesitate to stay with Alison again. I will gladly recommend staying at her home to anyone."}]}