{"id": 11171713, "listing_url": "https://www.airbnb.com/rooms/11171713", "name": "Cozy Ground floor 1 Bed flat only for You", "description": "This is separate flat to use only by guests.<br />New 1 bed flat with separate entrance with off street parking space <br />Bathroom, kitchen-living Room with double sofa bed on ground level, <br />Bedroom with kingsize Bed on 1 Floor.<br />You can use shared garden with kids play house.<br /><br /><br />Zone 6, <br />10min by bus to Heathrow Airport LHR<br />25min by train to Paddington<br /><br /><b>The space</b><br />26 Square Meters (280 Square Foot)<br /><br /><b>Guest access</b><br />Off street parking, garden<br /><br /><b>Other things to note</b><br />We have kitchen with gas cooker and basic equipment, but where is no oven, if you want cook a cake you must choose another place ;)", "host_name": "Pawel", "host_id": 58133212, "host_url": "https://www.airbnb.com/users/show/58133212", "host_picture_url": "https://a0.muscache.com/im/pictures/user/4741279f-6c8f-41e5-94c2-b5e2b73dab68.jpg?aki_policy=profile_x_medium", "neighbourhood_cleansed": "Hillingdon", "latitude": 51.49865, "longitude": -0.46376, "property_type": "Entire loft", "room_type": "Entire home/apt", "accommodates": 4.0, "bathrooms": "1", "bedrooms": 1, "beds": 2, "amenities": ["Extra pillows and blankets", "Hair dryer", "Hangers", "Dishes and silverware", "Essentials", "Free parking on premises", "Shampoo", "Free street parking", "Cooking basics", "Smart lock", "Bed linens", "Carbon monoxide alarm", "Wifi", "Heating", "Children\u2019s books and toys", "Backyard", "Pack \u2019n play/Travel crib", "TV", "Microwave", "Refrigerator", "Iron", "Kitchen", "BBQ grill", "Stove", "Hot water", "Washer", "Smoke alarm"], "price": 79.0, "number_of_reviews": 187.0, "number_of_reviews_showed": 5, "review_scores_rating": 4.33, "reviews": [{"date": "2016-02-27", "name": "Julia", "review": "very quite place, modern, comfortable!!!!!! i recommend!"}, {"date": "2016-03-12", "name": "Fr\u00e9d\u00e9rique", "review": "Logement neuf tres bien amenage et confortable. Prevoir neanmoins une voiture. "}, {"date": "2016-03-17", "name": "Paul", "review": "Small, but functional space. Attention to detail in reno and finishing. A great place near Heathrow to relax between connecting flights. "}, {"date": "2016-04-06", "name": "Tom", "review": "The flat was nice, clean, comfortable and modern. Linen was nice and clean and amenities were perfect. The area was nice and quiet and there was no air traffic noise even with its close proximity to Heathrow. \r<br/>I would have no problem coming back again."}, {"date": "2016-04-10", "name": "Michel", "review": "The flat is exactly as described, we really enjoyed our stay. It is situated at 30-40 minutes by car from center London. Even with Heatrow not that far there is no noise. The place really inspire, we only spent a night there but it was really nice and there are many utilities for long term trips.\r<br/>Having a car (like we had) is probably the best solution though.\r<br/>Would come back with pleasure!"}]}