{"id": 11191319, "listing_url": "https://www.airbnb.com/rooms/11191319", "name": "Private bedrooms with garden in Shoreditch", "description": "My place is close to Columbia Road Flower Market, Brick Lane, Spitalfields, Shoreditch. You\u2019ll love my place because it's in the heart of a vibrant area but it's quiet. Very comfortable and you're welcome to have the use of the whole house.. My place is good for families, couples, solo adventurers, and business travellers. (We will  update with new pics, but dear Popcorn our cat is no longer with us so there are now no pets here).<br /><br /><b>The space</b><br />The bedroom has two single beds which can be made into a kingsize bed and a double bedroom<br /><br /><b>Guest access</b><br />Full use of kitchen and living area, garden", "host_name": "Lyndy", "host_id": 2529797, "host_url": "https://www.airbnb.com/users/show/2529797", "host_picture_url": "https://a0.muscache.com/im/users/2529797/profile_pic/1338685888/original.jpg?aki_policy=profile_x_medium", "neighbourhood_cleansed": "Tower Hamlets", "latitude": 51.52728, "longitude": -0.0725, "property_type": "Private room in home", "room_type": "Private room", "accommodates": 4.0, "bathrooms": "1.5", "bedrooms": 2, "beds": 3, "amenities": ["Essentials", "Wifi", "First aid kit", "Washer", "Long term stays allowed", "Shampoo", "TV", "Smoke alarm", "Hair dryer", "Iron", "Carbon monoxide alarm", "Dryer", "Hangers", "Kitchen", "Heating", "Breakfast"], "price": 120.0, "number_of_reviews": 15.0, "number_of_reviews_showed": 7, "review_scores_rating": 4.93, "reviews": [{"date": "2017-01-28", "name": "Carrie", "review": "Beautiful house in the perfect location. Loved my stay here"}, {"date": "2017-04-03", "name": "Maria F R", "review": "Highly recommended - away but not too far from center - very accessible - to public transit - it came with milk and cereals and fresh oranges - many good eats around - and close to a church - Anglican and catholic "}, {"date": "2017-07-06", "name": "Nitasha", "review": "This was by far the best communication I've had with an Airbnb host--Lyndy is a jewel and a joy. Booking was fast, and the apartment is in a perfect location-we could walk to everything, including a basketball court! Using the sofa bed was extremely comfortable, along with the bedrooms. Fantastic experience--thank you Lyndy!!!"}, {"date": "2018-05-13", "name": "Peter", "review": "Leuk en ruim huis in een rustige wijk met leuke restaurantjes. Op goede afstand van het centrum. Lindy is een goede gastvrouw."}, {"date": "2018-05-23", "name": "Clare", "review": "Lyndy's place was perfect for our family get together in London.  The location is great and the house is comfortable and stylish.  Lyndy was a kind and helpful host and I would be very happy to recommend her place to anyone."}, {"date": "2018-06-08", "name": "Ed", "review": "Perfectly situated for your stay in London.  Lyndy was a terrific host and very responsive.  The home is clean, beds comfortable, and it had all of the qualities we needed to make our stay everything we could have wanted out of our trip.  Awesome places to eat within walking distance and within close proximity to the touristy spots using Uber or the tube.  We ended up using Uber as it was inexpensive and we had easy access.  Make sure you try Ozone Coffee - in addition to their awesome Cappuccino\u2019s and great staff, their breakfast and dinner dishes are fantastic!  We walked every morning since it was so close (10-15 minutes) and started our day from there.  Also, try the Pizza at Home Slice - incredible!!!  "}, {"date": "2018-06-22", "name": "Grace", "review": "The house was amazing! Sparkling clean and just as described. The space was beautifully furnished and comfortable. The private garden was an added bonus. We had a small issue with the hot water but Lyndy answered very quickly and we were able to flip a switch to fix it. She was an amazing host and very accountable. Would stay again in a heartbeat! I would highly recommend it."}]}