{"id": 11199243, "listing_url": "https://www.airbnb.com/rooms/11199243", "name": "Spacious Double in Hackney", "description": "My place is good for couples, solo adventurers,  travellers and tourists.Very near Olypic park and stadiums. Stratford international trains .Westfield shopping centre as well as Arty areas such as Hackney Wick, Chatsworth Rd and the canal.Hackney Marsh very near- vast urban green space. Easy access to the centre of London. Approx 2.5 miles from Shoreditch and Brick Lane.  Sorry because I live in the space I only take guests with previous airbnb reviews and I don't take guests under25.<br /><br /><b>The space</b><br />You get a large bright room with a double bed. The space doesn't contain belongings other than what would be useful to the guest. It has a chest of draws , cloths rack etc<br /><br /><b>Guest access</b><br />Guests are welcome to use the kitchen<br /><br /><b>Other things to note</b><br />I don't accept guests under 25 yrs <br />I am very sorry but because I live in the space, I only take bookings from guests who have previous  reviews  with airbnb", "host_name": "Lisa", "host_id": 47244066, "host_url": "https://www.airbnb.com/users/show/47244066", "host_picture_url": "https://a0.muscache.com/im/pictures/user/1e1bf6b5-3377-4cc2-973c-290b6d2d1166.jpg?aki_policy=profile_x_medium", "neighbourhood_cleansed": "Hackney", "latitude": 51.55048, "longitude": -0.03464, "property_type": "Private room in condo", "room_type": "Private room", "accommodates": 2.0, "bathrooms": "1", "bedrooms": 1, "beds": 1, "amenities": ["Essentials", "Wifi", "Coffee maker", "Oven", "Washer", "Backyard", "Shampoo", "Long term stays allowed", "Refrigerator", "Cooking basics", "Smoke alarm", "Hangers", "Kitchen", "Heating", "Stove"], "price": 55.0, "number_of_reviews": 62.0, "number_of_reviews_showed": 13, "review_scores_rating": 4.9, "reviews": [{"date": "2017-05-01", "name": "Marine", "review": "Lovely Flat, Lovely Host! Lisa offered tea, soup and breakfast on top of the great accommodation. Will stay again!"}, {"date": "2017-05-28", "name": "Laura", "review": "The stay at Lisa's room was very good.<br/>We had our own room and it was very clean.<br/>Lisa is a very nice hostess and is always there for questions."}, {"date": "2017-06-02", "name": "Kirstin", "review": "Lisa is very hospitable and made us feel welcome during our stay. The flat is lovely and the room was very clean and comfy. Thank you! "}, {"date": "2017-06-18", "name": "Bojanna", "review": "Lovely Flat in a great location. The bedroom was specious , good for two people. the bus and trainstation are nearby and good to find. Lisa was a kind host, who you could have a good chat with. <br/>"}, {"date": "2017-07-07", "name": "Jill", "review": "Lisa is a very kind and thoughtful host. Her apartment is in a great location and it is very clean and comfortable. The bedroom is large with nice big windows and a comfy bed. She has a lovely garden to relax in out the back. We enjoyed our time with Lisa and appreciated that she gave us plenty of privacy as well.<br/>We would be happy to stay here again whenever we are back in London, and highly recommend Lisa's place to other travellers."}, {"date": "2017-07-17", "name": "Charlie", "review": "Lovely large double bedroom, Lisa was welcoming and we had a great few days - thank you. "}, {"date": "2017-08-06", "name": "Debbie", "review": "We recently stayed with Lisa when we visited London for the World Athletics.  Lisa was a fabulous host.  She and her home were extremely welcoming.  Our accommodation was very comfortable, clean and very convenient for a location close to the Olympic park.  The surrounding area provided us with lots of opportunity for outdoor walks along the canal and into Olympic park itself.  Lisa provided us with tea, coffee, fresh bread and refreshments during our stay.  I couldn't fault her as a host and highly recommend a stay with her.  It was delightful to meet her and we had a most enjoyable stay."}, {"date": "2017-08-30", "name": "Jill", "review": "This was our second visit to Lisa's place because we enjoyed our stay so much the first time that we decided to return when we came back to London again. The whole apartment is lovely, bright, clean and spacious, and Lisa is a wonderful host. The location is also great. We look forward to returning next time we are in London, and highly recommend Lisa's place to other travellers."}, {"date": "2017-09-27", "name": "Sneha", "review": "Lisa is very kind and helpful. The  apartment is bright and clean and the room is spacious for solo travellers/couples. My stay was very comfortable. Would highly recommend."}, {"date": "2018-01-04", "name": "Jonathan", "review": "Lisa is a very warm and welcoming person, and her place is beautiful, clean and comfortable. Nothing was too much trouble and I was immediately made to feel at home. The room is spacious with a very nice double bed. Location-wise, Homerton overground station is a short walk away, which was perfect for my needs. I had a great stay and would recommend Lisa's home unreservedly!"}, {"date": "2018-01-27", "name": "Rolf", "review": "Easy communication and super friendly host."}, {"date": "2018-03-16", "name": "Patrick", "review": "Lisa was a great host. Very accommodating and helpful."}, {"date": "2018-05-16", "name": "Danielle", "review": "We highly recommend staying with Lisa. Our stay was for two weeks, and we wish we could have stayed longer. <br/>The whole space is lovely. Beautiful kitchen/ living space, large bedroom and a nice bathroom. There is a lot of natural light and big windows so it\u2019s the perfect place for relaxing. The garden is great too in warm weather (keep an eye out for the frogs in the little pond).<br/>On top of all the loveliness the space has to offer, there is also Lisa. We couldn\u2019t have asked for a better host, she made us feel incredibly comfortable and welcome in her home. <br/>Great place, excellent host and very conveniently located."}]}