{"id": 11215303, "listing_url": "https://www.airbnb.com/rooms/11215303", "name": "Homely one-bed flat in Brockley", "description": "A cosy one-bed second floor flat with a double-bed and a double sofa bed. Under 5 minutes walk from Brockley Station (zone 2), with frequent trains to London Bridge and Shoreditch High Street.<br /><br /><b>The space</b><br />This is a one-bed flat in a Victorian conversion. You'll have the whole flat to yourselves.<br /><br />There's a large living/dining room (with a sofa bed), a double bedroom, a kitchen with oven/gas stove and washing machine, and a bathroom with a bath and shower.<br /><br />The flat is under 5 minutes walk to Brockley station, and just under 15 minutes walk to Nunhead station, both of which give you speedy access to central or East London.<br /><br /><b>Guest access</b><br />You'll have access to all parts of the flat during your stay.<br /><br /><b>Other things to note</b><br />We're on the second floor and have a small set of stairs within the flat (with no handrail), so it's probably not suitable for young children.", "host_name": "Ruth", "host_id": 58427287, "host_url": "https://www.airbnb.com/users/show/58427287", "host_picture_url": "https://a0.muscache.com/im/pictures/user/67c1e83a-5d98-4143-8e32-f1c78d256882.jpg?aki_policy=profile_x_medium", "neighbourhood_cleansed": "Lewisham", "latitude": 51.46719, "longitude": -0.04025, "property_type": "Entire rental unit", "room_type": "Entire home/apt", "accommodates": 3.0, "bathrooms": "1", "bedrooms": 1, "beds": 2, "amenities": ["Essentials", "Wifi", "Coffee maker", "Hot water", "Washer", "Dishwasher", "Shampoo", "Oven", "Long term stays allowed", "Refrigerator", "Free street parking", "Cooking basics", "Smoke alarm", "Bed linens", "Iron", "Carbon monoxide alarm", "Kitchen", "Heating", "Stove", "Dishes and silverware"], "price": 65.0, "number_of_reviews": 24.0, "number_of_reviews_showed": 11, "review_scores_rating": 5.0, "reviews": [{"date": "2016-03-29", "name": "Maria", "review": "We really loved our stay in this place! Ruth proved to be a great host! We're very thankful for very clean and comfortable environment that felt no less than home! Highly recommended!!! "}, {"date": "2016-06-14", "name": "Luiz Felipe", "review": "Don't think twice, just book it! Charming and lovely place, my parents and I had good time there. Ruth was always very helpful and kind to me, as was her friend Laura who received me. Nothing to complain, thanks for the experience Ruth!"}, {"date": "2016-06-20", "name": "Chelsea", "review": "We loved the flat! It is quite small but perfect for what we needed. Ruth is very nice and made sure we were well taken care of :). The area is actually very nice as well. It is very easy to catch the Underground or National Rail into London. "}, {"date": "2016-09-04", "name": "Morgane", "review": "H\u00f4te vraiment tr\u00e8s sympathique malgr\u00e9 que nous ne l'avions pas rencontr\u00e9 directement. L'appartement tr\u00e8s joli avec tout ce qu'il faut pour rendre le s\u00e9jour confortable et pratique. Quartier tr\u00e8s sympa et plein de charmes avec de jolies petites maisons en vieilles pierres. Le logement est situ\u00e9 \u00e0 moins de 5 min du m\u00e9tro, ce qui est tr\u00e8s utile. Je recommande !!!"}, {"date": "2016-10-09", "name": "Adrian", "review": "This place is awesome! It is a really nice apartment, very tidy and cozy! <br/>Ruth was very friendly and a great host. <br/>To stay here is highly recommended by me :-)"}, {"date": "2016-11-23", "name": "Judith", "review": "El alojamiento nos ha encantado. Nada m\u00e1s llegar nos recibi\u00f3 con cari\u00f1o y eso hizo que nos sintieramos c\u00f3mo en casa. La casa era c\u00f3moda, acogera y bonita, tal cu\u00e1l se muestra en las fotos. Nos gust\u00f3 mucho,mucho. Volver\u00edamos encantados!!!"}, {"date": "2017-04-30", "name": "Ilona", "review": "Very pleased we found this place! Lovely place that felt like  a home for the few days we stayed. It's a few minutes walk to the train station and the overground and you get to the central London in a short time. Lovely home in a quiet street, this is what I imagine airbnb is about - lovely people sharing their homes. We had a superb time. Ruth is an amazing host, helped us with a special check-in request and communicated with us beautifully and made sure we can always contact her during the stay. "}, {"date": "2017-05-26", "name": "Burton", "review": "Ruth's place is amazing! It is a cozy little place with loads of board games for friends to play. The space is not enormous but very sufficient for all kinds of activities. The location is right around an overground station in Zone 2 which gave us quick and cheap access to central London and nearby towns. I would definitely recommend Ruth's cozy apartment!<br/>"}, {"date": "2017-07-16", "name": "PierGiorgio", "review": "Ruth's apartment is very good, close to stations and shop and city center  I reccomend you a lot!"}, {"date": "2017-08-06", "name": "Arun", "review": "home away from home, the place itself so relaxing..."}, {"date": "2017-09-08", "name": "Ray", "review": "Excellent value.  Very comfortable.  Good access to city trains and busses. Nice selection of restaurants nearby.  Host very responsive to queries. No problems at all."}]}