{"id": 11234872, "listing_url": "https://www.airbnb.com/rooms/11234872", "name": "Beautiful Victoria Park garden apartment", "description": "Homely flat with garden.  Excellent location (Mile End tube 7 minutes, Victoria Park and canal 2 minutes, Roman Road 1 minute walk). Spacious living area + hallway.  Great independent cafes, Colombia Rd flower market, Brick Lane all nearby.<br />Please note photos are in process of being updated post facelift!<br /><br /><b>The space</b><br />You would have the entire space to yourself. It has a living room with sofa bed, hallway, double bedroom, plus spacious kitchen and bathroom.<br /><br /><b>Guest access</b><br />You can have access to the entire home.", "host_name": "Rachel", "host_id": 19672596, "host_url": "https://www.airbnb.com/users/show/19672596", "host_picture_url": "https://a0.muscache.com/im/pictures/user/fdda0acf-4b31-49a7-ba3c-19268dce44b5.jpg?aki_policy=profile_x_medium", "neighbourhood_cleansed": "Tower Hamlets", "latitude": 51.53368, "longitude": -0.03717, "property_type": "Entire rental unit", "room_type": "Entire home/apt", "accommodates": 3.0, "bathrooms": "1", "bedrooms": 1, "beds": 2, "amenities": ["Essentials", "Hot water", "Washer", "Smoke alarm", "Bed linens", "Private entrance", "Iron", "Bathtub", "Hangers", "Dryer", "Carbon monoxide alarm", "Kitchen", "Heating"], "price": 65.0, "number_of_reviews": 40.0, "number_of_reviews_showed": 5, "review_scores_rating": 4.85, "reviews": [{"date": "2016-10-29", "name": "Daniel", "review": "Rachel was a wonderful host even though we never met in person at any point due to our schedules. The flat was lovely and Andrew the Cat was good company during the stay haha. I would highly recommend staying here and I would gladly consider doing it again in the future is possible.\r<br/> "}, {"date": "2016-11-06", "name": "Daniela", "review": "Rachel's place is (with no doubt) the best AirBnB in London  I have  stayed at....and I stayed in a lot (due to relocating I had to airbnb my way through London this Fall).\r<br/>Perfectly located, a lot of space and very quiet - Rachel is the perfect host!!!.....if I didn't have my own place in London now I would definitely stay there again :)\r<br/>"}, {"date": "2016-11-28", "name": "Antonio", "review": "My friend Javier stayed at Rachel's flat and he really enjoyed his stay there.<br/>He found the flat spacious, clean, well equiped and as described. Really quiet area, close from bus stop and Victoria Park.<br/>The cat is lovely and it hasn't been an issue to take care of him.<br/>"}, {"date": "2016-12-12", "name": "Tom", "review": "Rachel was very accommodating and available the entire time during our stay. Very lovely flat which is pictured very accurately, only a ten minute walk from the nearest subway station. Her cat was very easy to take care of and extremely friendly.  Would highly recommend. "}, {"date": "2016-12-27", "name": "Ryann", "review": "Rachel is a lovely host. Great communication. Home is Very comfortable and cosy. Very nice holiday trip booked for my mum "}]}