{"id": 1123133, "listing_url": "https://www.airbnb.com/rooms/1123133", "name": "Beautiful room in Hackney London E9", "description": "Beautiful double room in a light, spacious, quiet flat in a lovely neighbourhood. Stylishly furnished, cool in summer, warm in winter. In a trendy multicultural area, you are 2 minutes from great cafes,  shops, 2 beautiful parks, and excellent transport links to the whole city. Share common space with one friendly flat mate.<br /><br /><b>The space</b><br />Double bed in stylish modern flat (2nd floor); wood floors, balcony, bright and airy. Wi-fi. Share communal space - kitchen, sitting room, balcony. Shower/bathroom and separate toilet. Nice leafy East End street between Mare Street and Well Street, Hackney. 10 mins to Hackney Central /Homerton Overground, 5 mins to buses for west end etc. 5-10 mins to London Fields and Victoria Park, etc.<br /><br /><b>Guest access</b><br />Share kitchen, bathroom, sitting room, balcony.", "host_name": "Benedict", "host_id": 6161279, "host_url": "https://www.airbnb.com/users/show/6161279", "host_picture_url": "https://a0.muscache.com/im/users/6161279/profile_pic/1367416923/original.jpg?aki_policy=profile_x_medium", "neighbourhood_cleansed": "Hackney", "latitude": 51.54465, "longitude": -0.04945, "property_type": "Shared room in rental unit", "room_type": "Shared room", "accommodates": 1.0, "bathrooms": "1", "bedrooms": 1, "beds": 1, "amenities": ["Extra pillows and blankets", "Record player", "Hair dryer", "Hangers", "Piano", "Cleaning products", "Dishes and silverware", "Essentials", "Free parking on premises", "Shampoo", "Clothing storage: closet", "Cooking basics", "Sound system", "Bed linens", "Shower gel", "Bathtub", "Heating", "Wifi", "Long term stays allowed", "Iron", "Body soap", "Drying rack for clothing", "Kitchen", "Conditioner", "Dedicated workspace", "Hot water", "Washer", "Elevator", "Smoke alarm"], "price": 70.0, "number_of_reviews": 15.0, "number_of_reviews_showed": 15, "review_scores_rating": 4.55, "reviews": [{"date": "2014-05-17", "name": "Christelle", "review": "Benedict is a beautiful person. His flat is really nice and quiet. The room too, big and clean. We had a lot of conversion about music, politics, and life. It was really interesting and nice.\r<br/>For me it was a good meeting in a great place for my arrival in London.\r<br/>The borough is safe and calm. You are close of a lot of transports buses and tube.\r<br/>Don't hesitate, the price is correct for this place.\r<br/>Thanks again Benedict."}, {"date": "2015-06-09", "name": "Giorgio", "review": "Benedict wasnt in london durimg my staying but I was helped by a friend who gave me keys and her phone number just in case I needed help. I had a little problem with keys but Benedict was very kind and helpful and we sorted it very soon and easily. \r<br/>House is quiet, is like being at home .. away.\r<br/>It is in Hackney, 5 mins from London Fields railway and 10 mins from Hackney Central and HOmerton overground.\r<br/>It is not a hotel, obviously, and there is a couple living there but they are very friendly. So if you're traveling and need a place in a well connected area (Hackney has also good pubs and venues in the area) check Benedicts for sure. \r<br/>"}, {"date": "2015-06-18", "name": "Arne", "review": "It all went well. Even Ben wasn't there himself, I was taken good care of. I even got invited for a coffee after the key hand over (thumbs up). In addition he was in touch all the time. The flat is based in one of the many old East London estates close to all the necessary things you are looking for (overground, shopping, cinema, park, etc).  The flat feels more like a home or flat share rather than a hotel and I was sharing it with another really nice and friendly couple. Thanks Ben & friends.\r<br/>\r<br/>\r<br/>"}, {"date": "2015-06-29", "name": "Donal", "review": "Although I did not meet Ben in person, he was an excellent virtual host. He did an excellent job at coordinating my arrival and was flexible when it came to my departure. Ben's mates were staying at his place while he was away and they were very friendly and hospitable and we had some enjoyable discussions in the evenings. The flat itself is a very relaxed and peaceful place that has been nicely decorated to Ben's tastes. Its also in a great location within walking distance of great cafes and shops on Mare Street and Hackney Central, and only 10 minutes away from the overground. The only downside I would say is that the maintenance of the block itself is quite average, however I know from my own experiences that thats common in London , and the area and flat more than make up for any shortcomings of the building."}, {"date": "2016-09-19", "name": "Elena", "review": "Feels like home\r<br/>\r<br/>Ben is an amazing host, extremely friendly and helpful.  It was a pleasure meeting him. We shared many meals together and had some excellent conversations. He is kind, clever and interesting.\r<br/>The apartment is lovely: well furnished, clean and tidy. The location is great, close to London fields and  Broadway Market but  also well connected to city centre through the overground (10 min walk) and bus stop. The neighborhood is quiet and safe.\r<br/>"}, {"date": "2016-10-13", "name": "Laura", "review": "Ben was very nice and helpful, we talked a lot and he made me feel home. His flat is beautiful and clean and the room is super cosy and well decorated. I think the position is perfect, right in the heart of East London with all the caf\u00e9s and supermarket just around the corner, but at the same time in a quiet street. I definitely recommend it! "}, {"date": "2016-10-21", "name": "Elena", "review": "Ben is the perfect host!I've stayed in his place for 8 days while I was looking for accommodation. He's been very kind to me and always available to help me or give me useful advice. He is a very interesting person and it's easy to talk with him about everything!The flat is very nice, full of interesting books and very well located in East London. Don't hesitate to contact him!"}, {"date": "2017-03-02", "name": "Chloe MH", "review": "Benedict was very responsive while I struggled to get to check-in on the first day. His apartment is very homely and chic--from the well-stocked kitchen to his vinyl collection. Ben was quite busy, but he played The Smiths for me and we had plenty of fun and interesting conversations during my stay. My room was cozy with plenty of wardrobe space for my big luggage. His apartment is very convenient and close to Tesco(my fav), and a couple of great cafes and restaurants, as well as several bus stops and overground stations. The place is definitely cuter in real life. Thanks for everything Ben!"}, {"date": "2017-05-07", "name": "Stine", "review": "Nice Location and friendly, easy-going host. "}, {"date": "2017-10-03", "name": "Joel", "review": "Lovely room in great neighborhood. Shops and overground in walking distance"}, {"date": "2019-08-19", "name": "Claire", "review": "Great base in Hackney - the flat is full of great books and art, and is comfortable and well equipped. Good value too!"}, {"date": "2023-03-05", "name": "Mohamed", "review": "Benedict is one of the most kind, thoughtful host I've ever had the chance to visit<br/>I enjoyed my trip to London thanks to his flexibility and communication skills<br/>This was one of the best experiences I've had since I started using AirBNB, highly recommended"}, {"date": "2023-04-18", "name": "Norea", "review": "Felt right away very safe and at home. The room is very cozy and comfortable, lots of storage space. Ben is very attentive, caring and genuine - just a really nice person to be around. He helped me feel right at home without making anything too complicated. Would definitely recommend this to anyone!"}, {"date": "2023-07-13", "name": "Athena", "review": "Somewhat funky building, but close to Hackney Central. It's a cozy flat. Benedict is a very helpful and friendly host!"}, {"date": "2023-07-16", "name": "Ayoub", "review": "It was my best experience on Airbnb. I have never met a host like Benedict, who was incredibly helpful, attentive, and lovely. He assisted me greatly every time I needed help. He is always wearing a smile and enjoys having conversations. I can't forget the fact that he stayed awake all night, waiting for me and helping me to arrive and access the place. I will not hesitate to stay at his place again if I come back to London.<br/>Regarding the apartment, it is very well located, just a few minutes away from the underground station and bus stops. Everything you need is nearby, including pubs, restaurants, supermarkets, and cafes if you don't want to go to the city center."}]}