{"id": 11234733, "listing_url": "https://www.airbnb.com/rooms/11234733", "name": "Unique detached Victorian Cottage in the Village", "description": "Bedroom and living room. Use of Garden<br />In the heart of Walthamstow Village is this charming detached cottage on a quiet lane near Epping Forest. Excellent transport links to the centre of London and 5 min walk to great restaurants, coffee shops and village pubs. I have a flexible time check in<br /><br /><b>The space</b><br />My cottage is a few meters down the path off a quiet road. It has a peaceful and restful feel about it. <br />As a host, I would be sharing the kitchen and bathroom, however there are two loos.  The bathroom has a loo, bath and shower. I occasionally use the living room but I also like to give my guests privacy if they so wish, so the living room can be used solely for the guests as I have my own studio extension at the back of the cottage. Although I'm a musician,(I play the cello) I don't make a lot of noise!<br /><br /><b>Guest access</b><br />Guests will have access to the entire house except for the second bedroom, the studio (except for access to the ba", "host_name": "Timothy", "host_id": 6947971, "host_url": "https://www.airbnb.com/users/show/6947971", "host_picture_url": "https://a0.muscache.com/im/users/6947971/profile_pic/1411647869/original.jpg?aki_policy=profile_x_medium", "neighbourhood_cleansed": "Waltham Forest", "latitude": 51.580669, "longitude": -0.00702, "property_type": "Private room in cottage", "room_type": "Private room", "accommodates": 2.0, "bathrooms": "1", "bedrooms": 1, "beds": 1, "amenities": ["Extra pillows and blankets", "Oven", "Fire extinguisher", "Hair dryer", "Wine glasses", "Dining table", "Hangers", "Cleaning products", "Dishes and silverware", "Luggage dropoff allowed", "Essentials", "Shampoo", "Outdoor furniture", "Cooking basics", "Sound system", "Bed linens", "Clothing storage: dresser and closet", "Carbon monoxide alarm", "Bathtub", "Shower gel", "Indoor fireplace", "Heating", "Wifi", "Coffee maker", "Dishwasher", "Hot water kettle", "Microwave", "Portable fans", "Refrigerator", "Host greets you", "Room-darkening shades", "Outdoor dining area", "Private patio or balcony", "Iron", "Body soap", "Drying rack for clothing", "43\\ HDTV with standard cable", "Amazon Prime Video", "Netflix", "Free washer \u2013 In building", "Kitchen", "Stove", "Lock on bedroom door", "Toaster", "Body Shop conditioner", "Paid street parking off premises", "Dedicated workspace", "Hot water", "Private fenced garden or backyard", "Smoke alarm", "Laundromat nearby", "Dryer", "Cable TV", "Freezer"], "price": 32.0, "number_of_reviews": 125.0, "number_of_reviews_showed": 13, "review_scores_rating": 4.86, "reviews": [{"date": "2016-03-02", "name": "Victor", "review": "Our stay in Timothy's home was amazing. She is a great host. Timothy is a wonderful person who help us with our arrival to London. We recommended 100% the home for all the people. We will keep in mind Timothy's house if we have to stay in London again.\r<br/>"}, {"date": "2016-04-24", "name": "Dennis And Karen", "review": "Timothy made us feel so very welcome in his lovely cottage!  He has a great sense of humour and we enjoyed his music immensely.  The bed was comfortable, the kitchen well equipped and the living room was comfortable as well.  The location is great for transit, markets and restaurants.  Thanks so much for making our London stay so memorable!"}, {"date": "2016-05-08", "name": "Ioana", "review": "We had a great time at Timothy's  cottage. A cozy, welcome little place. Timothy was a very nice host and gave us tips of nice places to visit and very good local restaurants (especially the Indian one, we loved it). :)\r<br/>Thank you, Timothy, and all the best! :)"}, {"date": "2016-05-21", "name": "Hayley", "review": "My boyfriend Rick and I stayed at Timothy's cottage and had the greatest time. This was our first Airbnb stay and we couldn't have had a more generous and helpful host. Timothy had a very large, bright room for us and everything was very clean. The location was perfect just a few minute walk to the subway and a variety of restaurants. Thank you so much Timothy for a wonderful first experience in London and with Airbnb. We will most definitely be coming back to Eugene cottage for another stay soon."}, {"date": "2016-05-29", "name": "Lena", "review": "Our stay at Timothy's place was just wonderful! The room and the whole cottage are charming and clean (we even had dinner in the little, fairytale-like garden) and Timothy has been a great host! He was very helpful and even got up at night to let us in because our flight had been delayed... It is easy to get to the city centre from Walthamstow Central (Zone 3, takes you about 15 minutes to Victoria Station), you just have to walk for another 15-20 minutes to the station. Highly recommendable place to stay, especially for music-lovers :)"}, {"date": "2016-07-07", "name": "Rita", "review": "We had such a great time here! Timothy is an excellent host and delightful to talk with. Our room (and the house itself) was very clean and comfortable, just like in pictures, and Walthamstow is  a pretty yet quiet neighbouhood, perfect to relax after a busy day. If we return to London, no doubt we'd choose Timothy's house again!"}, {"date": "2016-09-17", "name": "Gabriela", "review": "I had a chance to stay for a week in Timothy' s  accommodation. The place was nice, clean and Timothy was great host. I can definitely recommend his place."}, {"date": "2017-01-15", "name": "Dave", "review": "Thanks for a lovely stay.  Timothy made me feel welcome and the stay was very pleasant."}, {"date": "2017-03-20", "name": "Tomas", "review": "My wife Maja and I spent wonderful 4 days at Timothy's house.<br/>All our stay we felt like being with our old friend. Timothy is an amazing personality and fantastic companion. He enriched us a lot and we hope next time we are in London his Airbnb room is available. Sincerely, we highly recommend.<br/>To describe our accommodation:<br/>Our room was really nice, cosy and we enjoyed it. The bed was very comfortable, which is important when travelling. The bathroom was beautifully illuminated by skylight and front window and Maja really appreciated both mirrors :-)<br/>Sitting room connected with the kitchen gives possibilities for spending great time by listening music or chatting.<br/>All rooms were clean and we simply loved the warm atmosphere of the whole house.<br/>"}, {"date": "2017-03-30", "name": "Alan", "review": "Quaint old cottage in a quiet part of a trendy area. Timothy's house really is unique! Timothy provided useful information about the area and the house. Our paths did not cross much while I was there but when they did he was friendly and helpful."}, {"date": "2017-05-14", "name": "Michael", "review": "Lovely guy, friendly, welcoming."}, {"date": "2017-05-21", "name": "Carole", "review": "We spent a couple of nights at this lovely Victorian cottage in Walthamstow Village and very much enjoyed the property and our host, Timothy. Timothy made us feel very relaxed and welcome in his home and whilst we didn't see a lot of him, we did enjoy chatting with him and found him so interesting to talk to. The cottage is easy to get to and from Walthamstow Central, and is close to some lovely little restaurants and friendly pubs. We would definitely recommend this air b&b."}, {"date": "2017-06-12", "name": "Anna", "review": "Simply put, Eugene Cottage is a lovely home, and Timothy is a lovely host. We had such a good time during our stay there. The cottage is cozy, comfortable, quiet, well equipped and full of light, as was our room. I just love to share someone else's home for a little while and move around their books, records, coffee mugs and paintings: it feels so special. Walthamstow is a nice, quiet neighborhood not very far from the city centre, with cute shops, cafes and restaurants. Timothy was so very kind to us\u2014we talked, laughed and listened to music. He's a lovely person, curious, easy-going and very, very interesting, and if you're lucky enough you get to see him play (beautifully) the cello! All in all, a wonderful stay! Thank you Tim! "}]}