{"id": 1123121, "listing_url": "https://www.airbnb.com/rooms/1123121", "name": "Studio1 Perfect, Pretty & Cosy NW3", "description": "Self check in Studio <br />Studio1 Perfect, Pretty & Cosy NW3<br />FOR LONG TERM  RENTALS OVER 90 DAYS WE HAVE SPECIAL VERY REDUSED RATES. PLEASE MESSAGE US SO WE CAN SEND YOU THE REDUSED SPECIAL OFFER.<br /><br /><b>The space</b><br />STUDIO 1 Bright  kitchen conversion, in this light, bright,& clean converted studio flat on the ground floor. kitchen includes electric oven and hob, fridge/freezer, microwave, toaster & washing machine Dining table, seats 2. Great king size new modern bed with a 8\" new memoray foam mattress. Free broadband WiFi internet access, Smart TV with a fantastic selection of free view channels. Iron and ironing board provided. . its lovely and modern but the shower is small Central heating. The room size is approx 15ft x 14ft with 3 large sash windows & high ceilings makes it lovely and bright. LOCATION The studio is perfectly positioned with excellent public transport links to central London, the Eurostar and airports. The main feature about this place is its l", "host_name": "Emily", "host_id": 2182162, "host_url": "https://www.airbnb.com/users/show/2182162", "host_picture_url": "https://a0.muscache.com/im/users/2182162/profile_pic/1382544693/original.jpg?aki_policy=profile_x_medium", "neighbourhood_cleansed": "Camden", "latitude": 51.54795, "longitude": -0.16605, "property_type": "Entire rental unit", "room_type": "Entire home/apt", "accommodates": 2.0, "bathrooms": "1", "bedrooms": 1, "beds": 1, "amenities": ["First aid kit", "Oven", "Fire extinguisher", "Mini fridge", "Hair dryer", "Dining table", "Hangers", "Dishes and silverware", "Luggage dropoff allowed", "Essentials", "Shampoo", "Clothing storage: closet", "Bed linens", "Carbon monoxide alarm", "Shower gel", "Wifi", "Heating", "Coffee maker", "Long term stays allowed", "TV", "Hot water kettle", "Portable fans", "Iron", "Kitchen", "Conditioner", "Dedicated workspace", "Hot water", "Washer", "Smoke alarm", "Dryer", "Lockbox", "Nespresso machine"], "price": 89.0, "number_of_reviews": 269.0, "number_of_reviews_showed": 6, "review_scores_rating": 4.45, "reviews": [{"date": "2013-05-07", "name": "Diane", "review": "Excellent little studio located in prime location--quiet neighborhood yet central to all. 2 min walk to train station, buses and shops. Beautiful view from window, cozy and comfortable space, perfect for me on my own or would suit a couple easily.  This is a great place if you need a quiet place to retreat to and enjoy a good nights sleep with all of your own amenities. The next door neighbour is extremely helpful and kind, as she situated me upon my arrival.  I really appreciated the communication with Emily, as she was most gracious when I was stuck in a bind due to unavailability. She and her sister even arranged a cab for my pick up and was a  big help to assist me with my luggage. Thanks Emily! "}, {"date": "2013-05-14", "name": "Trish", "review": "I rented Emily's flat for a week in May 2013. The flat was clean, comfortable and well-equipped. It was also quiet. A great location, short walk to shops, Belsize Park Tube. Emily was very helpful."}, {"date": "2013-05-20", "name": "Lauren And Julien", "review": "We stayed at Emily's for a week end. The studio was perfect. Clean, quiet, tastefully decorated, well equiped and a few steps away from the tube station. It is located in one of the nicest areas of London, close to Primerose Hill, Camden Town... We've enjoyed some of the pubs and restaurants nearby. We felt at home !"}, {"date": "2013-05-29", "name": "Ben", "review": "I stayed in Emily's studio for one week. It was great. Very nice neighborhood, near lots of pubs and places to eat. Also very convenient for the tube into central London. I had a couple very minor issues and Emily was super responsive and fixed them very quick."}, {"date": "2013-07-21", "name": "Ben", "review": "Beautiful flat in an idyllic area of London. Emily was a great host and made sure our holiday ran smoothly. We had a slight issue with the sink, but this was fixed straight away and caused little fuss. Overall I would definitely recommend this flat, and Emily as a host."}, {"date": "2013-07-25", "name": "Shamubeel", "review": "A cosy and well appointed studio only 2 minutes walk from the belsize park tube station. We went for runs to primrose hill in the morning and had coffee and breakfast at the cafes on the way back. There is a Tesco express and a little wine shop close by too. And Emily had nice organic tea, coffee and milk - which was really good. <br/>Emily is an excellent host who made sure we were let in at the right time, fitted us in for a late check out and took care of one Internet problem (provider related) even though she was out of the country. <br/>We enjoyed our stay there and it was very comfortable. "}]}