{"id": 11230470, "listing_url": "https://www.airbnb.com/rooms/11230470", "name": "Family friendly 3 bedroom house near tube", "description": "Warm, spacious, family home within easy reach of central London (4mins walk to northern line at Archway). Short walk from the cafes and restaurants  of Highgate village and beautiful Waterlow park and Hampstead Heath.<br /><br /><b>The space</b><br />A large 3 bedroom family home. A spacious comfortable living and dining room with a an 8 person dining table. A well equipped kitchen with a family dining area and dishwasher, so you can relax after dinner. 3 double bedrooms upstairs, 2 double beds and a children's room with a cot and child's bed. Two toilets and one large bathroom with bath and separate shower. A small garden  with outdoor tables and chairs and a barbeque. Utility room with washing machine and tumble dryer.<br /><br /><b>Guest access</b><br />We will not be staying so you will have access to the whole house and garden except the attic.<br /><br /><b>Other things to note</b><br />Cots and highchairs available on request. Free parking on weekends and parking permits can be ", "host_name": "Samia", "host_id": 13143764, "host_url": "https://www.airbnb.com/users/show/13143764", "host_picture_url": "https://a0.muscache.com/im/pictures/user/a093664f-1618-467e-8243-70c6f9c03103.jpg?aki_policy=profile_x_medium", "neighbourhood_cleansed": "Islington", "latitude": 51.56911, "longitude": -0.13751, "property_type": "Entire home", "room_type": "Entire home/apt", "accommodates": 5.0, "bathrooms": "2", "bedrooms": 3, "beds": 2, "amenities": ["Hair dryer", "Baby bath", "Hangers", "Crib", "Essentials", "Free parking on premises", "Shampoo", "TV with standard cable", "Bathtub", "Wifi", "Heating", "Children\u2019s books and toys", "Long term stays allowed", "Pack \u2019n play/Travel crib", "Iron", "Kitchen", "Washer", "Children\u2019s dinnerware", "Smoke alarm", "High chair", "Dryer", "Cable TV"], "price": 89.0, "number_of_reviews": 19.0, "number_of_reviews_showed": 12, "review_scores_rating": 4.89, "reviews": [{"date": "2016-04-26", "name": "Anna", "review": "Lovely family house, tidy and warm, 3 minutes by walk from the tube station in a very quiet district. Samia is very very friendly and available, we had such a good staying!"}, {"date": "2016-05-02", "name": "Martin", "review": "Abbas was very welcoming to their beautiful home.  It is a lovely house  ; as described in the listing, but much nicer in real life with gorgeous rooms and could not have been better!"}, {"date": "2016-05-08", "name": "David", "review": "We had a wonderful time here.\r<br/>Location is absolutely perfect; 3 min. walk from North line, but this street is a dead end street so very calm. All comfort is available, beds were good (we are quite tall people from the Netherlands but no problem here ;~) We also really liked the neighborhood, laid back but everything is available literally around the corner (pubs, restaurants, shops...) Perfect place as starting - base to discover London.\r<br/>We met Abbas, the owner, a very friendly guy, and unfortunately not Samia, she was away on holiday but likely we'll come back again to this place.\r<br/>\r<br/>David, Danah, Noah\r<br/>"}, {"date": "2016-05-16", "name": "Julie", "review": "it was very great to stay in Samia's house ! we were 4 friends and use two bedrooms for 2 nights and it was very comfortable ! <br/>samia is very Nice. we really enjoyed our trip on London ! "}, {"date": "2016-06-09", "name": "Shirin", "review": "Lovely house, great location, host accommodating and helpful."}, {"date": "2016-07-10", "name": "Kate", "review": "We had a great stay at Samia's inviting house and felt very much at home as soon as we walked through the front door. She was a very helpful host and communication prior to our stay was great. My two year old son was particularly pleased with all the toys and his eyes lit up when he saw the tool bench!! Happy children, happy parents! "}, {"date": "2016-07-19", "name": "Emma", "review": "Samia made us feel very welcome. She has a lovely home and we had a wonderful stay. The key handover was super efficient, and the house was very clean and comfortable. Archway is a great area, with easy access to Highgate, Hampstead Heath as well as a short tube ride into central London. "}, {"date": "2016-08-29", "name": "Greg", "review": "Brill stay at samia's, everything we needed for a group of 5 to use as our base to see London. So close to Hampstead Heath which was a real perk for us, would certainly recommend and stay again! Thankyou so much, all the best Greg and friends X"}, {"date": "2017-02-18", "name": "Bridget", "review": "We had a great stay in this very comfortable, well-equipped house. Highgate is just a short walk up the hill and Hampstead is just a little further. It's also just a short walk to the tube which takes about 15-20 minutes in to central London. We had a friendly welcome from our hosts and the house had everything we needed for our stay. Highly recommended!"}, {"date": "2017-03-07", "name": "Krisztina", "review": "Lovely family house just a few minutes walk from Archway, it was easy and fast to get to the city centre. Communication with Samia both prior and during our stay was easy and efficient. The house is tidy and well equipped. 2 spacious bedrooms plus a children's room - this last one was a bit less comfortable with the futon bed but still ok for a couple of days stay. Highly recommended!"}, {"date": "2017-03-10", "name": "Tom", "review": "Lovely big house on a very quiet road"}, {"date": "2017-03-18", "name": "Barbara", "review": "My family of five had a great experience at this lovely home near the Archway tube.  It was super clean and uncluttered. Samia made room for us in the fridge for our picnic items and there were plenty of towels.  We made use of the washer and dryer during the week.  A family friend met us to let us in and show us around the house and was right on time...much appreciated after a long day of travel and jet lag.  We felt safe in the neighborhood at all times of day.  We'd definitely stay here again.   "}]}