{"id": 11238883, "listing_url": "https://www.airbnb.com/rooms/11238883", "name": "Large Double room w/terrace - DISCOUNTED", "description": "DISCOUNTED AS SOME AREAS UNDER REPAIR<br />The bathroom is unaffected as are all the bedrooms<br />The living room is not perfect but there is floor and all the walls are fine. There is another double bedroom downstairs which is not disturbed, but it is dustier.<br />The kitchen is functioning but has no ceiling and no floor, some cabinets, tiles and plaster removed.<br />The cooker, fridge, microwave, toaster kettle, washing machine are working. It is not at all ideal however everything works.<br /><br /><b>The space</b><br />Really lovely flat, 2 mins walk from Bethnal Green underground station.<br />Very light, large and attractive.<br />Seperate toilet downstairs.<br />Balcony.<br />Fully equipped kitchen.<br />Living area with Tv and Dining table.<br />Big bath & seperate Power Shower.<br />Broadband throughout.<br />Balcony<br />I have 3 rooms available so if you are a larger group please ask about availability of other rooms. They are all doubles.<br />I'm really easy going and ", "host_name": "Zehra", "host_id": 15298602, "host_url": "https://www.airbnb.com/users/show/15298602", "host_picture_url": "https://a0.muscache.com/im/users/15298602/profile_pic/1438340850/original.jpg?aki_policy=profile_x_medium", "neighbourhood_cleansed": "Tower Hamlets", "latitude": 51.52702, "longitude": -0.05652, "property_type": "Private room in condo", "room_type": "Private room", "accommodates": 2.0, "bathrooms": "1.5", "bedrooms": 1, "beds": 1, "amenities": ["Extra pillows and blankets", "First aid kit", "Oven", "Fire extinguisher", "Hair dryer", "Dining table", "Private entrance", "Hangers", "Cleaning products", "Dishes and silverware", "Luggage dropoff allowed", "Essentials", "Clothing storage: closet", "Cooking basics", "Bed linens", "Babysitter recommendations", "Carbon monoxide alarm", "Shower gel", "Bathtub", "Dove body soap", "Wifi", "Heating", "TV", "Hot water kettle", "Refrigerator", "Host greets you", "Private patio or balcony", "Iron", "Kitchen", "Stove", "Toaster", "Hot water", "Smoke alarm", "Dove shampoo", "Laundromat nearby"], "price": 57.0, "number_of_reviews": 238.0, "number_of_reviews_showed": 13, "review_scores_rating": 4.47, "reviews": [{"date": "2016-02-25", "name": "Danni", "review": "Zehra was a lovely host with a great home. Clean house great location close to the tube and shops. Would definitely stay again"}, {"date": "2016-03-09", "name": "Michele", "review": "L'accoglienza \u00e8 stata ottima, molto flessibili sugli orari. (check-in non possibile prima delle 14, ma abbiamo lasciato le valigie e siamo tornati direttamente la sera). Il posto \u00e8 comodissimo per gli spostamenti, vicino alla metro (Bethnal Green), a 15/20 minuti a piedi da Bricklane.\r<br/>\r<br/>La casa \u00e8 molto bella e curata, la pulizia piuttosto bassa per gli standard italiani (anche se ci avevano promesso un bagno sempre pulito). L'host \u00e8 all'inizio della sua carriera, il bagno \u00e8 una caratteristica da valutare, ci sono altre due stanze doppie con le quali si condivide."}, {"date": "2016-03-17", "name": "Zack", "review": "Had a great time in the apt,the area is really easy to get around,food close by,and the host is great"}, {"date": "2016-03-29", "name": "Agathe", "review": "Zehra and Peter are very nice people and the room is super cosy! The house is very close to the metro station \"bethnal green\" which is very practical. The neighborhood is also very nice, 20mn from Bricklane and there are also very nice pubs/restaurants on Bethnal Green Road. It was just perfect!"}, {"date": "2016-04-04", "name": "Ruben", "review": "I stayed at Zehras apartment for 5 days with a friend.\r<br/>Everything was like in the describtion. We had wonderful 5 days in London and the flat is next to an underground stadion so it is very easy to get to whereever you want to go. Zehra and Peter were extremly helpful and i can only recommend staying here.\r<br/>\r<br/>Ruben\r<br/>\r<br/>"}, {"date": "2016-04-12", "name": "Isabella", "review": "The description of Zehra's room corresponds to the website's photo and to the description she gave. It is nice and bright.  The neighborhood is really nice, vital and confortable for the tube and for Stansted's Airport."}, {"date": "2016-04-19", "name": "Matthew", "review": "The neighborhood reminded me of Astoria, Queens in New York City. It was a bit bohemian and yet central. "}, {"date": "2016-04-25", "name": "Silvia", "review": "\r<br/>We stayed in this room for two nights ; the house is very close to the tube station ( Central Line ) and a 10 -minute walk from Brick Lane ( very pretty area to visit ) ;\r<br/>\r<br/>He welcomed the husband of Zehra , very nice and polite , giving us all the information possible to enjoy the most of the holiday\r<br/>\r<br/>I recommend very much this house ! as well as being comfortable is also extremely clean !\r<br/>\r<br/>I liked it so much staying here and for sure I will return to this house as soon as I return to London (and hope to meet also Zehra ;) )"}, {"date": "2016-04-29", "name": "Anne", "review": "Le logement \u00e9tait parfaitement bien d\u00e9crit, tr\u00e8s agr\u00e9able, spacieux et propre. Une grande salle de bain.\r<br/>Un peu bruyant avec le passage de trains \u00e0 c\u00f4t\u00e9 mais pas tellement g\u00eanant. Pas de volets dans la chambre, juste des rideaux, mais \u00e7a a l'air d'\u00eatre une g\u00e9n\u00e9ralit\u00e9 en Angleterre.\r<br/>Notre h\u00f4te nous a accueilli rapidement car il reprenait le travail. Mais tr\u00e8s sympathique et arrangeant car nous \u00e9tions en retard.\r<br/>Le logement est plac\u00e9 juste \u00e0 c\u00f4t\u00e9 de la ligne centrale de m\u00e9tro. Tr\u00e8s pratique pour se d\u00e9placer.\r<br/>Tr\u00e8s contents de notre s\u00e9jour. Merci ! "}, {"date": "2016-05-04", "name": "No\u00e9mie", "review": "Zehra's appartement was lovely and well located (central line and 15min from Shoreditch). Besides the large double room, we had a spare bathroom and kitchen. No complains. We really did enjoy our stay. "}, {"date": "2016-05-08", "name": "Axelle", "review": "Zehra and her boyfriend have been really nice and available with us. the room and the bathroom were clean. The only thing Is that it can be a bit noisy because of the overground line which is close to the appartment. \r<br/>\r<br/>The area is very convenient because it is literally 1 minute walking from the tube station and really close to anything. \r<br/>\r<br/>I absolutely recommend you this place :)! "}, {"date": "2016-05-17", "name": "Bhanuwat", "review": "Great location , very helpful host , we have a great time in London "}, {"date": "2016-05-25", "name": "Ladislav", "review": "We had amazing time there! Zehra and Peter are very friendly and in their house we felt like home. Peter said:\"\u00b4Mi casa, tu casa.\" and he was right. Thank you!"}]}