{"id": 11236037, "listing_url": "https://www.airbnb.com/rooms/11236037", "name": "Large Notting Hill garden apartment off street c/p", "description": "Spacious open plan apartment on quiet street adjoining Portobello Road. Moments walk from Ladbroke Grove Underground station, several good London pubs and renowned restaurants on Kensington Park Road. Architect designed apartment,  off street parking, large rear garden. One super-king sized double and one double sofa bed (suitable for children up to approx. 14 years).<br /><br /><b>The space</b><br />Bright, open-plan, one large double bedroom with ensuite, one separate bathroom. New architect build, underfloor heating, modern kitchen, off-street parking, super-fast broadband, Sky TV, large rear garden.<br /><br /><b>Guest access</b><br />Access to all areas.<br /><br /><b>Other things to note</b><br />The front door double locks - please remember to activate both locks whenever leaving the apartment. <br />The central heating, hot water and underfloor heating system is controlled on three panels located in the cupboard to the left of the front door.", "host_name": "Fred", "host_id": 58577101, "host_url": "https://www.airbnb.com/users/show/58577101", "host_picture_url": "https://a0.muscache.com/im/pictures/user/3847d3f0-61cd-438e-8212-3eddd68addd7.jpg?aki_policy=profile_x_medium", "neighbourhood_cleansed": "Kensington and Chelsea", "latitude": 51.5176, "longitude": -0.21062, "property_type": "Entire rental unit", "room_type": "Entire home/apt", "accommodates": 3.0, "bathrooms": "2", "bedrooms": 1, "beds": 2, "amenities": ["Window guards", "Oven", "Cleaning before checkout", "Hair dryer", "Hangers", "Dishes and silverware", "Luggage dropoff allowed", "Essentials", "Free parking on premises", "Shampoo", "TV with standard cable", "Outdoor furniture", "Cooking basics", "Carbon monoxide alarm", "Bathtub", "Wifi", "Heating", "Coffee maker", "Dishwasher", "Long term stays allowed", "Microwave", "Refrigerator", "Room-darkening shades", "Outdoor dining area", "Private patio or balcony", "Iron", "Kitchen", "BBQ grill", "Stove", "Dedicated workspace", "Hot water", "Washer", "Private fenced garden or backyard", "Smoke alarm", "Dryer", "Lockbox", "Cable TV"], "price": 72.0, "number_of_reviews": 38.0, "number_of_reviews_showed": 5, "review_scores_rating": 4.71, "reviews": [{"date": "2016-02-21", "name": "Cl\u00e9on", "review": "Stayed at Frederick's place for a weekend, couldn't have been better, and is exactly as described. \r<br/>Location is great and everything worked perfectly - Thanks!"}, {"date": "2016-03-22", "name": "Christopher", "review": "Communication with Fred was always very friendly and prompt. Although we haven't met him in person we keep the interactions in a very positive memory."}, {"date": "2016-03-30", "name": "Stefania", "review": "Nice apartment , clean and comfortable , good experience, Frederick has always answered to all my questions.Stefania from Vicenza Italy."}, {"date": "2016-04-24", "name": "Peter", "review": "Dear Frederick, thank you again for having been your guests in your spacious appartment. The location is very well connected with the tube and busses. We had some exhausting days to visit all the things we wanted to, but we enjoyed it. \r<br/>\r<br/>Yours sincerely\r<br/>\r<br/>Peter and Ulrike\r<br/>"}, {"date": "2016-05-08", "name": "Paolo", "review": "Very nice appartment, huge sitting room and excellent location."}]}