{"id": 11239531, "listing_url": "https://www.airbnb.com/rooms/11239531", "name": "Large, Bright, Stylish, Double DISCOUNTED", "description": "DISCOUNTED AS SOME AREAS UNDER REPAIR<br />The bathroom is unaffected as are all the bedrooms <br />The living room is not perfect but there is floor and all the walls are fine. There is another double bedroom downstairs which is not disturbed, but it is dustier. <br />The kitchen is functioning but has no ceiling and no floor, some cabinets, tiles and plaster removed. <br />The cooker, fridge, microwave, toaster kettle, washing machine are working. It is not at all ideal however everything works.<br /><br /><b>The space</b><br />Really lovely flat, 2 mins walk from Bethnal Green underground station.<br />Very light, large and attractive.<br />Seperate toilet downstairs.<br />Balcony.<br />Fully equipped kitchen.<br />Living area with Tv and Dining table.<br />Big bath & seperate Power Shower.<br />Broadband throughout.<br />Balcony<br /><br /><b>Guest access</b><br />Please make sure that I have confirmed check in time if you are arriving outside of 1- 3pm.<br />In some cases I can't ", "host_name": "Zehra", "host_id": 15298602, "host_url": "https://www.airbnb.com/users/show/15298602", "host_picture_url": "https://a0.muscache.com/im/users/15298602/profile_pic/1438340850/original.jpg?aki_policy=profile_x_medium", "neighbourhood_cleansed": "Tower Hamlets", "latitude": 51.52709, "longitude": -0.05653, "property_type": "Private room in condo", "room_type": "Private room", "accommodates": 2.0, "bathrooms": "1.5", "bedrooms": 1, "beds": 1, "amenities": ["First aid kit", "Oven", "Fire extinguisher", "Hair dryer", "Dining table", "Private entrance", "Hangers", "Dishes and silverware", "Essentials", "Clothing storage: closet", "Cooking basics", "Bed linens", "Carbon monoxide alarm", "Bathtub", "Wifi", "Heating", "TV", "Hot water kettle", "Refrigerator", "Host greets you", "Iron", "Kitchen", "Stove", "Toaster", "Dedicated workspace", "Hot water", "Paid parking off premises", "Shared patio or balcony", "Smoke alarm", "Laundromat nearby"], "price": 59.0, "number_of_reviews": 241.0, "number_of_reviews_showed": 15, "review_scores_rating": 4.41, "reviews": [{"date": "2016-02-22", "name": "Facundo", "review": "Accurate to the description but they never mention that you can really feel and hear the train every 4 or 5min, the building will shake and you'll hear it all day except from 12 to 5am. Last but not least, it's not located in the nicest area possible, estate building in a dark street next to the train.\r<br/>\r<br/>Made 2 different bookings so I was charged cleaning fee twice even though I stayed in the same room.\r<br/>\r<br/>Not sure if I would stay again, the place is clean though. "}, {"date": "2016-02-25", "name": "Louisa", "review": "The hosts were very friendly and helpful. The room was actually nicer than the pictures. Great location. We would definitely stay again. Many thanks!"}, {"date": "2016-03-02", "name": "Alessandro", "review": "\u00c8 stato il mio primo alloggio qui a Londra, ma davvero credo sia un ottimo punto di snodo per muoversi nella citt\u00e0. \u00c8 fantastica la situazione a casa con il bagno e la camera molto spaziosi e discreti."}, {"date": "2016-03-08", "name": "Jelka", "review": "Zehra has a very lovely home and is a friendly and great host, who was always very helpful. Our room and the rest of her house was clean, warm and had nice colours. We really felt comfortable.\r<br/>The tube was literally around the corner and there were several shops and supermarkets within walking distance. We really had a wonderfull time in london and staying at Zehras and would definitely stay there again on our next trip to london and recommend it to everyone else. :)"}, {"date": "2016-04-02", "name": "Victoria", "review": "Zehra and Peter were really welcoming and friendly. The rooms and the bathroom are really clean and nice and we actually felt like we were in a hotel. They even have a fridge and a cupboard in the kitchen only for guests! I would definitely stay there again and I can recommend this room to everyone!"}, {"date": "2016-04-10", "name": "Elena", "review": "The house was immaculate and only one street from the Tube station. Extremely convenient, no complaints."}, {"date": "2016-04-16", "name": "Nicola", "review": "Nice host, didn't talk much because we stayed out all the time but the house is very nice and well connected by the subway. Recommended!"}, {"date": "2016-04-21", "name": "Margherita", "review": "My friend and I had a lovely time! The house is cozy and the rooms are quite big and bright  for London standard. The bathroom and kitchen are very spacious and always clean. Zehra was super nice and helpful, she made us feel very welcome in her home!\r<br/>Plus point for location as the flat is 10 minutes walking from the Shoreditch area and literally next the tube station Bethnal Green (central line) which makes super easy to go pretty much everywhere in London in short time! "}, {"date": "2016-04-26", "name": "Massimo", "review": "We really enjoyed our stay! The room was nice and clean and Zehra was really kind with us. If we ever we'll be back to London we will go there again for sure"}, {"date": "2016-04-28", "name": "Charlotte", "review": "The place was lovely & clean, room was airy & bright, lovely place to come back to after a long day out.<br/>The bathroom & kitchen were immaculate, spare linen & towels were available if we wanted it & Zehra herself was very helpful & welcoming.<br/>Bethnall Green itself is very vibrant, there's lots of bars & places to eat late at night & the room is literally a stones throw away from the underground so it's easily accessible if you want to explore further.<br/>All in all we had a fantastic little trip away & would do it again in a heartbeat."}, {"date": "2016-05-01", "name": "Vero", "review": "Estaba todo muy bien, la casa muy limpia, ten\u00edamos un armario amplio, no pasamos fri\u00f3 ya que la calefacci\u00f3n estaba puesta por la noche, muy amables, nos dio informaci\u00f3n sobre un mercado que ponen muy cerquita. Muy cerca del metro, tambi\u00e9n decir que lleguemos antes de la hora pactada y nos recibieron antes, a sido todo un placer estar all\u00ed recomendada al 100% ^^"}, {"date": "2016-05-06", "name": "Caroline", "review": "Nous avons \u00e9t\u00e9 bien accueilli Et autonomes tout de suite avec la remise des clefs et la visite de l'appartement. \r<br/>L'appartement se trouve vraiment  \u00e0 2 min de la station de m\u00e9tro Bethnal green ce qui est tr\u00e8s bien pour rejoindre le centre ville en 20 min. Il y a aussi un petit supermarch\u00e9 \u00e0 c\u00f4t\u00e9 de la station qui ouvre tr\u00e8s t\u00f4t et ferme tr\u00e8s tard.\r<br/>La literie est confortable. L'appartement est lumineux. WiFi excellent ! \r<br/>Cependant, du rangement et une meilleure propret\u00e9 auraient \u00e9t\u00e9 appr\u00e9ciables\r<br/>"}, {"date": "2016-05-10", "name": "K\u00e4rol", "review": "Totally suggest! Had a lovely room, very warm, clean and pretty. Nice bathroom, big and clean. Kitchen downstairs. Bus stop and tune station next to house, many shops and food places near. Hosts are very friendly and kind!"}, {"date": "2016-05-16", "name": "Joana", "review": "Peter and Zehra make us feel so comfortable and the room was super clean like we see in the photos. The flat is so nearby the tube and the neighborhood is very calm. We expect to stay there again when we visit London.\r<br/>\r<br/>5 stars\r<br/>\r<br/>Joana & Ricardo."}, {"date": "2016-05-20", "name": "Alexandra", "review": "We had a really nice and clean bedroom. The tube and everything you need is very close. Very friendly host! "}]}