{"id": 11253113, "listing_url": "https://www.airbnb.com/rooms/11253113", "name": "Beautiful 2 Bedroom Garden Flat in Trendy Brixton", "description": "Extremely light and airy, with designer furniture, fittings and a lush evergreen garden which you can gaze at while eating in the kitchen. It has 2 spacious bedrooms (the large sofa also can be used for sleeping), large open plan living and dining area separated with breakfast bar. It has the wow factor when you walk in - perfect for couple or families, in the heart of Brixton.<br /><br /><b>The space</b><br />This listing is for the whole entire apartment.  We've rented it 6 times already and received 6 x 5* reviews, our guests love the place.  Some guests have even have left us some gifts!<br /><br />As we've already mentioned the place has lots of light due to the skylights in the kitchen and the wonderful bi-folding doors leading out into our lovely lush evergreen garden.  <br /><br />The kitchen has all the modern conveniences that you would expect and a great glass dining table with chairs that looks out to the garden.  The kitchen and living area is divided by a great breakfast ", "host_name": "Mick", "host_id": 11765030, "host_url": "https://www.airbnb.com/users/show/11765030", "host_picture_url": "https://a0.muscache.com/im/pictures/user/c62c5926-fcb9-4cde-8658-b91ec83a5075.jpg?aki_policy=profile_x_medium", "neighbourhood_cleansed": "Lambeth", "latitude": 51.46019, "longitude": -0.12025, "property_type": "Entire rental unit", "room_type": "Entire home/apt", "accommodates": 5.0, "bathrooms": "1", "bedrooms": 2, "beds": 2, "amenities": ["Oven", "Barbecue utensils", "Hair dryer", "Hangers", "Dishes and silverware", "Essentials", "Patio or balcony", "Shampoo", "TV with standard cable", "Cooking basics", "Single level home", "Wifi", "Heating", "Coffee maker", "Dishwasher", "Backyard", "Long term stays allowed", "Microwave", "Refrigerator", "Room-darkening shades", "Iron", "Kitchen", "BBQ grill", "Stove", "Hot water", "Washer", "Paid parking off premises", "Smoke alarm", "Cable TV"], "price": 107.0, "number_of_reviews": 8.0, "number_of_reviews_showed": 6, "review_scores_rating": 5.0, "reviews": [{"date": "2016-08-23", "name": "Armelle", "review": "Mike made Carefull messages and warm attention to make everything smooth. quiet neighbourhood. Very peacefull garden"}, {"date": "2016-08-29", "name": "Ellen", "review": "Flat was exactly as described and was extremely clean and tidy. Was lovely having access to the garden and the living area was really spacious. The communication was great and arrival was easy. Was also really nice that Mick and Wally left us some snacks on arrival. One of my favourite Airbnb stays, would stay again! "}, {"date": "2017-03-17", "name": "Kate", "review": "Wow! This Air BnB is exceptional! Exquisite decor, absolutely as described (and then some!). Beautifully clean and with wonderful extra touches that made this stay so special - food in the fridge, toothbrush and toothpaste provided, fresh flowers, fantastically soft towels and wonderful bedding. I cannot rate Mick and Wally's flat highly enough - if it were possible to have given 6 stars, I would have all the way!<br/>Super easy, fast and friendly communication, super fast wifi, beautifully light (love the velux windows and sliding door to the garden in the kitchen) and it felt wonderfully spacious. A rare treat for London!<br/>An exceptional stay in a truly wonderful space. Thank you so much Mick and Wally for being such incredible hosts and sharing your beautiful home in the exquisite way you do! Simply stunning.<br/>"}, {"date": "2017-04-18", "name": "Rhea", "review": "Mick and Wally's place was great! We truly loved everything about it. The location was fantastic, with only a brief 5-7 min walk to the Tube station. Brixton has wonderful shops, including the Ritzy Cinema, local bars which are within walking distance, and the delightful Brixton Market with its local food shops wares. There is even a great restaurant just around the corner where we had a nice breakfast, but that also serves dinner and has live music. This flat is also close to a grocery store if you choose to pick up items. While all these amenities are a stones throw away, the home resides on a quiet block and is insulated from the noise. Occasionally you hear people coming in and out the building or walking down the street, but it's not distracting at all. <br/>The home is modern and well designed and feels quite comfortable. Each bedroom is a nice size, and  the outside garden is well kept and provides great light into the entire place. Overall, this is truly a beautiful space and I would look to stay there the next time I am in London. <br/>The place looks like the photos on the website; it is very comfortable, and the hosts have thought of everything. (There was a bottle of Presecco waiting for us in the fridge! They even had additional food which was great, especially after a long flight). <br/>Check-in and check-out was straight forward. There were clear cut instructions provided well in advance of the trip and someone was there to greet us and let us  into the unit without a problem. Overall, I thought this place was perfect for my family and our stay in London. I had a fantastic experience and highly recommend staying here if plans take you to London. <br/>"}, {"date": "2017-06-08", "name": "Roque", "review": "This is a 5-star airbnb stay in a hip and fun neighbourhood.  The house is beautiful and very sensibly laid out,  bright and generously proportioned, made warm and inviting with comfortable tasteful furnishings.  You can't go wrong with this 2-bedroom flat. But what makes this a super place are your hosts.  They were away on holiday during our stay but despite that, they managed to give myself and my partner a warm welcome, arranging for a friend to receive us, and little gestures that conveyed a lot - the fresh flowers, the welcome coffee/tea/snack basket, and even a bottle of prosecco chilling in the fridge waiting for us to arrive!  "}, {"date": "2017-08-30", "name": "Holly", "review": "Stay here. Great place. Great garden. Great host. And close to shops. The house was very nice and clean and the host were great and friendly and thoughtful. Favourite BnB I've stayed in!!!"}]}