{"id": 11258939, "listing_url": "https://www.airbnb.com/rooms/11258939", "name": "\u3010London\u502b\u6566\u4e00\u5340\u3011\u570b\u738b\u5341\u5b57\u8eca\u7ad9\uff58\u6b50\u6d32\u4e4b\u661f\uff58\u5be7\u975c\u4f4f\u5b85\u5340\u5ba2\u623f", "description": "\u6b65\u884c\u53ef\u9054\u5730\u9435\u7ad9 Kings Cross\u3001Angel \u53ef\u642d\u4e58\u591a\u689d\u5730\u9435\u7dda\u4e0d\u9808\u8f49\u8eca(Piccadilly, Northern, Victoria, Hammersmith, Metropolitan, Circle)\uff1b\u6b65\u884c\u53ef\u9054 St Pancras International \u642d\u4e58\u6b50\u6d32\u4e4b\u661f\u3002\u9644\u8fd1\u6709\u5404\u5927\u8d85\u5e02Tesco, Sainsbury's, Waitrose \u53ca\u4e2d\u570b\u8d85\u5e02\u3002<br />\u793e\u5340\u5be7\u975c\uff0c\u5165\u53e3\u6709\u5169\u9053\u5bc6\u78bc\u9396", "host_name": "Wendy", "host_id": 28319353, "host_url": "https://www.airbnb.com/users/show/28319353", "host_picture_url": "https://a0.muscache.com/im/pictures/user/54837233-0fbc-4f41-9328-d57f8bb807da.jpg?aki_policy=profile_x_medium", "neighbourhood_cleansed": "Islington", "latitude": 51.53298, "longitude": -0.11653, "property_type": "Private room in rental unit", "room_type": "Private room", "accommodates": 2.0, "bathrooms": "1", "bedrooms": 1, "beds": 1, "amenities": ["Essentials", "Wifi", "Washer", "Long term stays allowed", "Elevator", "Smoke alarm", "Hair dryer", "Iron", "Hangers", "Kitchen", "Heating"], "price": 55.0, "number_of_reviews": 9.0, "number_of_reviews_showed": 9, "review_scores_rating": 4.67, "reviews": [{"date": "2016-03-09", "name": "Melody", "review": "Great location, friendly helpful hosts, good value. Very accommodating to our needs. The house can be quite cold but there is a heater in the bedroom."}, {"date": "2016-03-17", "name": "Michelle", "review": "Nice and clean place to stay and it's convenient to go anywhere. Wendy is friendly. "}, {"date": "2016-04-08", "name": "Pei-An", "review": "\u5f88\u4e7e\u6de8\u5f88\u8212\u9069, \u623f\u9593\u4e5f\u5f88\u5bec\u655e\u660e\u4eae, \u5169\u4f4d\u623f\u6771\u4e5f\u90fd\u5f88\u89aa\u5207:)"}, {"date": "2016-04-28", "name": "Naomi", "review": "Wendy and Emily were lovely. The apartment was smaller than I expected,  but the room itself was clean, spacious, and comfortable.  It is very conveniently located near King's Cross and Saint Pancras. "}, {"date": "2016-05-08", "name": "Anton", "review": "It was nice! <br/>The house lord was kindly and glad.<br/>Unforently it had no foodtable, but it was ok. It was also good value for the money. ;)"}, {"date": "2016-05-18", "name": "Shahzad", "review": "Great host and location"}, {"date": "2016-05-22", "name": "Paul", "review": "What a great location in the middle of London close by King's Cross and Euston. Absolutely can't complain about the price-quality ratio here. Very nice hosts."}, {"date": "2016-05-25", "name": "Kang Ling", "review": "Wendy was a really helpful host. She went the extra mile to help me with my extra luggages that i couldn't bring with me. Im really appreciative of that. Will definitely come back! "}, {"date": "2016-10-06", "name": "Shuo-Ting", "review": "Very good location and nice host. Thanks for sharing many information of London and good restaurant! Nice to meet you. "}]}