{"id": 1000926, "listing_url": "https://www.airbnb.com/rooms/1000926", "name": "FAB. FLAT IN COVENT GARDEN- 7 DIALS", "description": "Your home away from home...<br /><br /><b>The space</b><br />FLAT WITH BALCONY IN COVENT GARDEN<br /><br />TWO BEDROOM FLAT- fully furnished flat plasma TV, sound system, a spacious living room with plenty of natural light connected to a balcony with lovely plants facing a private court yard The CHING COURT YARD with cherry trees, plants and birds.<br /><br />THE TWO BEDROOMS are very cosy, hard wood floor, double glazing windows and a double bed with fitted goose feather all seasons duvet, king size feather pillows, the finest pure cotton bed linen and fresh soft bath towels.<br /><br />THE LOCATION - It is absolute fabulous, just 2 mins walk from the main Tube stations such as COVENT GARDEN AND LEICESTER SQUARE which are both convenient especially when one travels from any HEATHROW TERMINALS avoiding extra taxi fares. We are in the heart of Theatre land, and all the restaurants and museums of London's West End are a short stroll away. Seven Dials is now the premier shopping area of C", "host_name": "Marcus", "host_id": 3155639, "host_url": "https://www.airbnb.com/users/show/3155639", "host_picture_url": "https://a0.muscache.com/im/users/3155639/profile_pic/1379859288/original.jpg?aki_policy=profile_x_medium", "neighbourhood_cleansed": "Camden", "latitude": 51.51334, "longitude": -0.12649, "property_type": "Entire rental unit", "room_type": "Entire home/apt", "accommodates": 5.0, "bathrooms": 1.0, "bedrooms": 2, "beds": 2, "amenities": ["First aid kit", "Fire extinguisher", "Hair dryer", "Hangers", "Dishes and silverware", "Essentials", "Shampoo", "Cooking basics", "Carbon monoxide alarm", "Wifi", "Heating", "Coffee maker", "Long term stays allowed", "TV", "Host greets you", "Microwave", "Refrigerator", "Iron", "Kitchen", "Hot water", "Washer", "Paid parking off premises", "Elevator", "Smoke alarm", "Dryer"], "price": 450.0, "numbers_of_review": 54.0, "review_scores_rating": 4.72, "reviews": [{"name": "Lise", "date": "2013-04-15", "review": "This was a perfect location for us, a quiet street in the middle of everything. Marcus was quick to respond to all questions and we got the keys for the apartement right across the street. I will definitely stay here again!"}, {"name": "Steven", "date": "2013-04-22", "review": "I can't say enough wonderful things about the flat and about Marcus. The location was completely amazing... just around the corner from the Covent Garden Tube station and a couple of blocks from Leicester Square.  There was a lift (thank goodness!... we had a lot of luggage!) that accommodated all 3 of us (unlike the one in our building in Paris!).  The flat had plenty of room for the 3 in our party, with a roomy kitchen and a bright and sunny living area and a balcony overlooking the interior courtyard of the building.  It is very homey, with a comfortable sofa, comfortable beds and plenty of plants.  The area is very active but feels very secure, even late into the evening.  The windows in the flat bedrooms are perfect sound buffers... even with lots of people on the street after the shows in the area, nothing could be heard once those windows were shut!  There is plenty of shopping and eating all around the flat and there are 2 supermarkets within a couple of minutes walk (both are very nice, but you should definitely try M&S across from the Covent Garden Tube station... it seemed to have more unique items and it's slightly closer than the Tesco).  Marcus was traveling out of town during our visit, but he arranged to have Pedro meet us at the flat upon our arrival and he couldn't have been more helpful and kind.  Pedro very graciously went well above and beyond the call to help with any request we had and was readily available by phone at any time.  Marcus was very kind and helpful during the booking process and throughout all the follow up.  I've never used airbnb before, so I had tons of questions.  Marcus very kindly and patiently answered all my questions in great detail, even from half a world away!  He was a marvelous host (with a wonderful agent, Pedro) with whom I would not hesitate to stay again.  In summary... great, homey, sunny flat with plenty of room in an ideally central location and an exceptional host.  Stay here!  You will love it!  "}, {"name": "Jennifer", "date": "2013-04-28", "review": "Fabulous! This is a light, spacious, and clean apartment in a perfect location that is surprisingly quiet for being near so many good restaurants, theaters, and shops. The place has a warm, welcoming feel, and is a joy to be in. I would highly recommend it and hope to stay here again soon!"}, {"name": "Sara", "date": "2013-05-02", "review": "Marcus's flat is beautiful and SO central, and surprisingly quiet for such a bustling part of town. Communication was easy and prompt. I would definitely recommend this apartment to anyone coming to London and wanting a 5 star accommodation. "}, {"name": "Suzanne", "date": "2013-06-11", "review": "Marcus was a very warm and cheerful host, obliging of our special requests. Everything was of a high standard, including spacious living area, bedrooms and bathroom, easily accommodating 5 adult family members. Furniture and kitchen utensils were modern and efficient. Altogether a wonderful apartment, very clean, with a central location and wonderful restaurants within 5 mins walk. Would highly recommend Marcus' lovely sunny apartment."}, {"name": "Steven", "date": "2013-06-20", "review": "Beautiful apartment right in the heart of Covent Garden. I nice quiet side street 100 meters from all the action. Highly recommended. "}, {"name": "Jessica", "date": "2013-06-29", "review": "We booked the apartment of Marcus for a week-long stay for two adults and two teenaged daughters. The apartment is a good size, attractive, well-kept and has a useful kitchen. It is also nicely located, very close to the subway lines, restaurants, theatre and shopping. We came straight from Heathrow airport without having to change trains or walk far with our luggage.\r<br/>\r<br/>The noise level is what is to be expected from an apartment in a busy, exciting part of London. We were able to sleep through most of it without a problem. \r<br/>\r<br/>We were treated very well by Pedro, Marcus\u2019 apartment manager. He went above and beyond the call of duty to help us with our needs. Thank-you, Pedro!\r<br/>"}, {"name": "Walter", "date": "2013-07-03", "review": "A tremendous flat in Covent Garden!  We loved everything about the place -- perfect location, nice balcony, good size and stocked with everything we needed (especially wifi).  The place has a relaxed vibe with great windows and light, which was so nice to come home to after a day of sightseeing.  Gets a little noisy at night and in the mornings, but that really didn't bother us or our young daughters.\r<br/>\r<br/>Can't say enough great things about it.  We will definitely stay here again. "}, {"name": "Marta", "date": "2013-07-14", "review": "This was by the far the best stay I've had via Air b'n'b - Marcus is a fantastic and always available host, even whilst abroad! Pedro welcomed us to this very clean, trendy and impeccable homely flat in Covent Garden. I used to live here for years so I know the area - and what's on offer - very well. Honesty goes a long way and here you really get the wonderful flat in the pics. You can't go wrong with Marcus, a safe and happy stay, with the best location, is guaranteed and I want to become a regular!"}, {"name": "Duane", "date": "2013-07-29", "review": "Had a great stay at this flat.  Marcus was on holiday but was still in communication with us.  His colleague Pedro Rocha was on hand to greet us and give us the keys. The flat is an older yet comfortable space with a renovated kitchen.  The pictures and amenities are exactly as listed.  It is capable of sleeping six, using the pull-out sofa bed. With only one bathroom, you will have to plan your showers but that wasn't a problem for us.  The only slight drawback with this location is that it can get a little noisy at night. No A/C, so the windows will be open to let in some air and some noise as well.  But if you can put up with that, it is in a brilliant location in the heart of Covent Garden and near the CG tube station. I'd recommend staying here with little reservation.  It was a fun stay."}]}