{"id": 10006571, "listing_url": "https://www.airbnb.com/rooms/10006571", "name": "Stoke Newington house + wow factor", "description": "Cat lover wanted for beautiful light airy house with garden, and lots of socialising space. Big light airy kitchen/breakfast room, dining room and living room, Bathroom and wet shower room, all modern amenities.<br /><br /><b>The space</b><br />Welcome to my lovely home. The space comprises a massive space downstairs, lounge dining room and 9 Meter long kitchen-diner, where people naturally congregate. There is also a main bathroom with bath, and an additional wet-room. The flat is ground and first floor of a four story Victorian terrace.<br /><br /><b>Guest access</b><br />You will have access to one bedroom, and the space listed above.", "host_name": "Mel", "host_id": 51400236, "host_url": "https://www.airbnb.com/users/show/51400236", "host_picture_url": "https://a0.muscache.com/im/pictures/user/6b8a15a5-ce2f-440f-9872-73fb819d4670.jpg?aki_policy=profile_x_medium", "neighbourhood_cleansed": "Hackney", "latitude": 51.55965, "longitude": -0.06856, "property_type": "Entire home", "room_type": "Entire home/apt", "accommodates": 2.0, "bathrooms": 2.0, "bedrooms": 1, "beds": 1, "amenities": ["Essentials", "Wifi", "First aid kit", "Washer", "Shampoo", "TV with standard cable", "Smoke alarm", "Hair dryer", "Iron", "Carbon monoxide alarm", "Dryer", "Hangers", "Kitchen", "Cable TV", "Heating"], "price": 35.0, "numbers_of_review": 1, "review_scores_rating": 5.0, "reviews": [{"name": "Ore", "date": "2016-01-05", "review": "Mel made us feel very welcomed! The house is as described it definitely has the wow factor, lovely and spacious. Her downstairs shower is amazing!!\r<br/>She was also kind enough to leave us some parking permits and also informed us of where the free parking was. She was even kind enough to leave chocolate hearts on the towels she provided for us, and even folded the toilet roll the way hotels do lol. The area is quite calm there were days we walked instead of driving.\r<br/>\r<br/>She was also very understanding in regards to relocating her cat for the period of time we were there.\r<br/>\r<br/>We would definitely book with Mel again, and even recommend it!"}]}