{"id": 10009627, "listing_url": "https://www.airbnb.com/rooms/10009627", "name": "Single room in 3 bed house", "description": "This is a bright space in a quite neighbourhood in Rayners lane. It takes about 30 mins on the train to get into central london and you are close to the Metropolitan, Central and Picadilly line so lots of choice!", "host_name": "Karen", "host_id": 51413285, "host_url": "https://www.airbnb.com/users/show/51413285", "host_picture_url": "https://a0.muscache.com/im/pictures/user/451a0e84-055d-4952-b56d-018d3ddd5034.jpg?aki_policy=profile_x_medium", "neighbourhood_cleansed": "Harrow", "latitude": 51.565, "longitude": -0.38015, "property_type": "Private room in home", "room_type": "Private room", "accommodates": 1.0, "bathrooms": 1.0, "bedrooms": 1, "beds": 1, "amenities": ["Wifi", "Free parking on premises", "Long term stays allowed", "TV with standard cable", "Iron", "Hangers", "Kitchen", "Cable TV", "Heating", "Lock on bedroom door"], "price": 15.0, "numbers_of_review": 1, "review_scores_rating": 5.0, "reviews": [{"name": "Bobby", "date": "2016-01-03", "review": "Really welcoming hosts. The room is nice and cosy, the location is very quiet so you can get a good sleep. Kitchen is well stocked with equipment. Highly recommended! "}]}