{"id": 10014693, "listing_url": "https://www.airbnb.com/rooms/10014693", "name": "Sunny Double Bedroom 10 mins far from Tower Bridge", "description": "It is a lovely and bright double bedroom for couples, solo adventurers, and business travellers equally.<br /><br />The apartment is surrounded by beautiful greens as well as by vintage and food markets, street art, galleries and the mystery of Jack the Ripper. Probably the most trendy borough located in the east of the city, in Brick Lane.<br /><br />There are four female professionals in their twenties living here. All of them are respectful and friendly, coming from all over the world and always happy to help.", "host_name": "Andrea", "host_id": 30261102, "host_url": "https://www.airbnb.com/users/show/30261102", "host_picture_url": "https://a0.muscache.com/im/pictures/user/81d33216-4cc3-4ea5-a404-71db32a8a128.jpg?aki_policy=profile_x_medium", "neighbourhood_cleansed": "Tower Hamlets", "latitude": 51.51859, "longitude": -0.06846, "property_type": "Private room in rental unit", "room_type": "Private room", "accommodates": 2.0, "bathrooms": 1.0, "bedrooms": 1, "beds": 1, "amenities": ["Essentials", "Wifi", "First aid kit", "Free parking on premises", "Shampoo", "Smoke alarm", "Hair dryer", "Heating", "Iron", "Carbon monoxide alarm", "Hangers", "Kitchen", "Air conditioning", "Lock on bedroom door"], "price": 54.0, "numbers_of_review": 13.0, "review_scores_rating": 4.5, "reviews": [{"name": "Michael", "date": "2017-08-23", "review": "Easy to find. Quiet location, so I had no problem getting a decent night's sleep, but still within easy reach of shops etc. Flat and room were fine, kitchen facilities etc. available."}, {"name": "Daniel", "date": "2017-08-31", "review": "Beautiful place"}, {"name": "Alessandro", "date": "2017-09-14", "review": "I stayed at Andrea's place during a business trip in London. <br/>It was the ideal location for me: just a short stroll from the office. <br/>She wasn't present during the check-in but the timely communication and coordination with her flatmates meant it went all smoothly. <br/>The place is simply decorated and clean.<br/>Overall an enjoyable stay and a valuable accommodation.<br/>I would definitely return."}, {"name": "Sara", "date": "2017-09-20", "review": "Perfectly located flat, great communication with Andrea who couldn't meet me but made sure everything worked out for me. Room was nice and fresh, ideal for a short stay."}, {"name": "Linus", "date": "2018-10-07", "review": "Great place with view of the Gherkin out the window.  Trendy part of town. Clean, reasonably quiet, nice personal touches like fairy lights on the window."}, {"name": "H\u00e5kon", "date": "2018-11-02", "review": "Value for money, quick responses, no surprises."}, {"name": "Dimitry", "date": "2018-11-05", "review": "Very cozy room with a beautiful view on a mix of old and modern London architecture. Very fun area, each evening some events happening around. Andrea very responsive and pleasent host."}, {"name": "Muznah", "date": "2018-11-18", "review": "Excellent location within East London!"}, {"name": "Oli", "date": "2018-12-09", "review": "Andrea was a great host. she gave me snacks and water during my stay. Her place and the location was excellent. Was easy to communicate with her! I enjoyed my stay."}, {"name": "Jing", "date": "2018-12-26", "review": "very quick respond\uff0cquiet place\uff0cgood price\uff1a\uff09"}]}