{"id": 10014542, "listing_url": "https://www.airbnb.com/rooms/10014542", "name": "Beautiful flat in South Ealing", "description": "This is my beautiful flat, recently renovated and absolutely clean. Double glazed windows, modern full kitchen with a full set of equipment. Induction stove, oven, microwave, electric kettle, etc. 1 minute walk to underground, 30 minutes to Heathrow.<br /><br /><b>The space</b><br />It is a modern flat and offers anything you would need for a perfect stay. Full kitchen, furnished living room, bedroom with queen sized bed, bathtub, towel dryer, dish washer, washer, large refrigerator, induction stove, oven, microwave oven, electric kettle, rice cooker and pressure cooker available for use. Free dedicated private parking lot available as well.<br /><br /><b>Guest access</b><br />The entire flat is available as I'll be traveling.", "host_name": "Mahdi", "host_id": 3046507, "host_url": "https://www.airbnb.com/users/show/3046507", "host_picture_url": "https://a0.muscache.com/im/users/3046507/profile_pic/1343182130/original.jpg?aki_policy=profile_x_medium", "neighbourhood_cleansed": "Ealing", "latitude": 51.50245, "longitude": -0.30555, "property_type": "Entire rental unit", "room_type": "Entire home/apt", "accommodates": 2.0, "bathrooms": 1.0, "bedrooms": 1, "beds": 1, "amenities": ["Essentials", "Wifi", "First aid kit", "Washer", "Free parking on premises", "Shampoo", "Long term stays allowed", "Smoke alarm", "Hair dryer", "Iron", "Hangers", "Kitchen", "Heating"], "price": 49.0, "numbers_of_review": 4, "review_scores_rating": 4.75, "reviews": [{"name": "Daqing", "date": "2016-01-02", "review": "Great communication with the host! Good location flat with Sainsbury local and South Ealing station near by. Quiet bedroom with parking space."}, {"name": "Daniel", "date": "2016-01-12", "review": "Well sized flat in a great location as stated in description. Mahdi was away when I stayed, so I did not get to meet him, but access was very smooth and was very helpful throughout my time there. The flat was perfect for me, and I'm glad I was able to stay there."}, {"name": "Ruzica", "date": "2016-02-05", "review": "Nice place! Excellent location if you are arriving /departing from Heathrow"}, {"name": "Tamara", "date": "2016-02-08", "review": "It was perfect ! Just as it show in the photos, very close to the underground, easy access to the center. Supermarkets and bars very close, and Madhi was very good and helped us in all we wanted. We would repeat !"}]}