{"id": 10027007, "listing_url": "https://www.airbnb.com/rooms/10027007", "name": "Charming central flat in Fitzrovia", "description": "This is a charming flat in central London, only a few minutes' walk from Soho, Bloomsbury, Marylebone, and Regents Park. The flat is a comfortable Georgian conversion; ideal for a couple but a bed sofa in the living room can host an extra guest.", "host_name": "Kristina", "host_id": 51481802, "host_url": "https://www.airbnb.com/users/show/51481802", "host_picture_url": "https://a0.muscache.com/im/pictures/user/e2e95b81-e555-4305-81c1-45823c077571.jpg?aki_policy=profile_x_medium", "neighbourhood_cleansed": "Camden", "latitude": 51.5206, "longitude": -0.13602, "property_type": "Entire rental unit", "room_type": "Entire home/apt", "accommodates": 3.0, "bathrooms": 1.0, "bedrooms": 1, "beds": 2, "amenities": ["Essentials", "Wifi", "Washer", "Long term stays allowed", "Smoke alarm", "Iron", "Carbon monoxide alarm", "Hangers", "Dryer", "Kitchen", "Heating"], "price": 95.0, "numbers_of_review": 1, "review_scores_rating": 4.0, "reviews": [{"name": "Dimitrios", "date": "2016-07-24", "review": "The neighbourhood is lively and very well served with many shops around. We have not had any problems with the flat which is smallish but with everything one might need. During the evening it tends to get a bit noisy with all the pubs around but in the mornings it's very quiet."}]}