{"id": 1002010, "listing_url": "https://www.airbnb.com/rooms/1002010", "name": "(1)SKYLINES LOVELY BRIGHT STUDIO WI FI", "description": "4 skylines lovely bright studio<br /> <br /> Nestled in a quite residential road (it's blocked off from Uxbridge road) a few minutes\u2019 walk from Acton Town or Ealing Common station. The property is just off High Street Acton and close 4 stations. The house has high ceilings. <br /> Use of garden. Which backs onto Wasps Rugby ground<br /><br /><b>The space</b><br />The studio is on the 2nd floor.<br />It has it's own toilet/shower room and a kitchenette.<br />You do not share anything with other guests.<br />We are only 10 minutes walk to Acton Town station.<br />Great old pubs 'Red Lion & Pineapple and Morrissions Supermarket is 5 minutes walk.And a shopping off High Street Acton.<br /><br /><b>Guest access</b><br />you have the whole access you do not share anything.", "host_name": "Ajit", "host_id": 4261235, "host_url": "https://www.airbnb.com/users/show/4261235", "host_picture_url": "https://a0.muscache.com/im/pictures/user/5ce19a6c-350e-4521-bc9e-bf4cc1582c43.jpg?aki_policy=profile_x_medium", "neighbourhood_cleansed": "Ealing", "latitude": 51.50886, "longitude": -0.27592, "property_type": "Private room in rental unit", "room_type": "Private room", "accommodates": 2.0, "bathrooms": 1.0, "bedrooms": 1, "beds": 1, "amenities": ["Washer", "Long term stays allowed", "Heating", "Kitchen", "Wifi"], "price": 77.0, "numbers_of_review": 1, "review_scores_rating": NaN, "reviews": [{"name": "Karran", "date": "2023-02-23", "review": "Great place to stay. Would 100% reccomend Ajit and his property. Great and friendly host who is more than happy to chat and give you the tips only a local would know."}]}