{"id": 1002787, "listing_url": "https://www.airbnb.com/rooms/1002787", "name": "London house with en-suite rooms 1", "description": "This is primarily a twin room (2 x single beds) but an extra bed can be added if needed.<br /><br /><b>The space</b><br />Hi there! <br /> I am renting out comfortable newly renovated rooms with en-suite bathrooms (only one room is not en-suite, but it has its own separate bathroom which is for that room only).The rooms, indeed the entire house, have been completely renovated and are in immaculate condition.Each room has a TV and wireless internet connection but no tea/coffee making facilities/no ironing facilities- it is purely the room with en suite on offer. I would point out that each of my listings is not for one specific room but could be any one of the rooms in the photographs. They are all of the same standard but if you have a preference, please enquire as to availability.The property is situated in between two tube stations (zone 3) and is a 20 minute tube ride into the centre of the capital and is therefore ideally placed for visiting the sights of London. Heathrow airport i", "host_name": "Alexandra", "host_id": 4365977, "host_url": "https://www.airbnb.com/users/show/4365977", "host_picture_url": "https://a0.muscache.com/im/pictures/user/e4c1ae26-3685-484c-b135-83fa215f128d.jpg?aki_policy=profile_x_medium", "neighbourhood_cleansed": "Ealing", "latitude": 51.50827, "longitude": -0.28149, "property_type": "Private room in home", "room_type": "Private room", "accommodates": 3.0, "bathrooms": 1.0, "bedrooms": 1, "beds": 3, "amenities": ["Wifi", "Heating", "TV"], "price": 42.0, "numbers_of_review": 155.0, "review_scores_rating": 4.8, "reviews": [{"name": "Natalia", "date": "2013-04-12", "review": "Alexandra and her husband have been wonderful hosts! They respect one's privacy but will be happy to chat with their guests, in a really relaxed manner. They provide their guests with a key of the main entrance, which allows for great flexibility.\r<br/>The rooms are simple but cosy and very clean. They have been refurbished lately -you can still smell the fresh paint. The linen is crisp and fresh, the towels fluffy! \r<br/>The breakfast offered is of good quality and I particularly enjoyed the coffee - a real americano and no nes-cafe...\r<br/>The location is great: 7 minutes walking to Ealing Common tube and in 20 minutes one can be in the heart of London! There are also two other tube stations in walking distance (max 15 minutes), that provide alternatives in case of line closures etc. As for shops, there is a tesco and a sainsbury's and lots of small shops and eateries around Ealing Common. The area is quiet, residential mostly, with beautiful houses. It feels safe.\r<br/>Overall, it was a very enjoyable stay. I would highly recommend it and would certainly return!"}, {"name": "Rachel", "date": "2013-04-20", "review": "A lovely, clean, comfortable large, warm room with friendly, accommodating hosts and the added bonus of a tv and ensuite in the room"}, {"name": "Nicholas", "date": "2013-04-24", "review": "Just excellent !\r<br/>"}, {"name": "Fi", "date": "2013-04-25", "review": "Great location, very friendly couple, hospitable and warm. House and bedroom spotlessly clean and stylish.  Loved the big room, super comfy bed and gorgeous en suite bathroom.  Had a comfortable happy stay, will definitely stay again go again.   Thanks for everything. "}, {"name": "Adram\u00e9", "date": "2013-05-10", "review": "Everything was clean and conform to the photos. Alexandra and her husband were very friedly and easy to communicate. I enjoyed my stay . I recommand !"}, {"name": "Julie", "date": "2013-05-17", "review": "I throughout enjoyed my stay here! The room was clean and comfortable. Alex was a wonderful hostess and really went above and beyond to make me feel welcome in their home. The walk to the tube wasn't too bad so I didn't feel like I was too far from anything. I will definitely be staying here again on future visits! "}, {"name": "Neil", "date": "2013-05-18", "review": "I needed a place to stay overnight between two days of working in London.  I could not have done any better than taking a chance on this very reasonably priced accommodation.\r<br/>\r<br/>The house is gorgeous and the guest room, up two flights of stairs, was a delight; beautifully decorated, wonderfully clean.\r<br/>\r<br/>Alexandra and her husband are charming hosts - polite and welcoming without being overbearing.\r<br/>\r<br/>The location was brilliant as well (I like this place - you've got that by now, right?) 5 minutes walk from Ealing Common station on the, erm, Piccadilly line.  The Uxbridge Road is filled with reasonably priced places to eat.  The biggest problem is choosing where to eat.  I opted for the Common Room and was not disappointed.\r<br/>\r<br/>Next time I need a pad in London I know where I am going.  "}, {"name": "Harald", "date": "2013-05-28", "review": "Alexandra, the \"mistress\" of this neat and tasteful place, is helpful and very polite (the same is going for her husband, too). \r<br/>\r<br/>My stay in her home will be kept in good memory.\r<br/>\r<br/>Thanks to Alexandra - and greetings to Ealing!"}, {"name": "Michael", "date": "2013-05-29", "review": "The room was great and spacious, nicer than the hotels we have stayed at in London.  Alexandra even gave us a ride to the tube in the morning to make our trip easier.  I highly recommend her if you are going to stay in London."}, {"name": "Sumitra (Lana)", "date": "2013-05-31", "review": "This was my first experience with airbnb, so I was not sure what to expect.  It was absolutely lovely to stay at Alexandra's home.  She and her husband are very hospitable and warm people, I felt at home right away.  My room was on the 3 rd floor, so I had all the necessary privacy,  with private bathroom and a shower; the house is remodeled and impeccably clean, the bed was very comfortable (which is extremely important for my back).  It's a very nice and quiet neighborhood with 2 parks.  There was a slight problem with internet access (it was on and off that day), so Alexandra let me use her computer. The grocery shop is about 2 min walk away. The metro station (Ealing Common) is about 5-7 min walk, it took me around 40 min to get to Victoria Station (direct line), without being in a hurry, with the suitcase. Thank you for your hospitality, Alexandra!  It was a real pleasure to meet you and your family."}]}