{"id": 10026201, "listing_url": "https://www.airbnb.com/rooms/10026201", "name": "Shoreditch Cheap & Charming Bedroom", "description": "My gorgeous and bright little bedroom is available for a whole festive month over Christmas and New Year's. It is set within a large and spacious apartment, right in the heart of London's cool, artsy district Shoreditch. There is no better location!<br /><br /><b>The space</b><br />Feel like a true East London creative by staying in this apartment right in the heart of cool, artsy district Shoreditch. You will be sharing with 2 amazing Londoners; a TV Producer and an Architect.<br /><br />The bedroom is bright and airy with its own balcony and my bed is a very comfortable mattress on the floor! The living room is huge with a screen to connect laptop to and watch films, with large speakers and a huge comfortable sofa. We have an extensive collection of books and DVDs that you can borrow.<br /><br />The kitchen is fully functioning and you can use the fridge/freezer and all cooking utensils you need. We have a washer/dryer for you to do your laundry and there is also a dishwasher, oven a", "host_name": "Anetta", "host_id": 4365833, "host_url": "https://www.airbnb.com/users/show/4365833", "host_picture_url": "https://a0.muscache.com/im/pictures/user/502131b9-6b7d-4407-97f7-43bbd601b19b.jpg?aki_policy=profile_x_medium", "neighbourhood_cleansed": "Tower Hamlets", "latitude": 51.52276, "longitude": -0.07277, "property_type": "Private room in rental unit", "room_type": "Private room", "accommodates": 1.0, "bathrooms": 1.0, "bedrooms": 1, "beds": 1, "amenities": ["Essentials", "Wifi", "Washer", "Long term stays allowed", "Smoke alarm", "Hair dryer", "Kitchen", "Heating"], "price": 24.0, "numbers_of_review": 2, "review_scores_rating": 5.0, "reviews": [{"name": "Johanna", "date": "2016-01-18", "review": "Wonderful stay ! Anetta is a perfect host. And the flat and the location are perfect to discover Shoreditch \r<br/>Thank you very much Anetta "}, {"name": "Johanna", "date": "2016-01-25", "review": "My stay was amazing! The flat was really beautiful and well located, in the heart of Shoreditch. \r<br/>Anetta gave me really accurate information to enjoy my stay. She is a really great host. "}]}