{"id": 10036988, "listing_url": "https://www.airbnb.com/rooms/10036988", "name": "Cosy room in an ideal location", "description": "On the -1 level with a window to a court, this room is ideally located in a quiet neighborhood. <br />5 min from Stockwell station, with Victoria and Northern line (10 min to the center). The lively districts of Brixton and Clapham are only minutes away.", "host_name": "Paul", "host_id": 17864446, "host_url": "https://www.airbnb.com/users/show/17864446", "host_picture_url": "https://a0.muscache.com/im/users/17864446/profile_pic/1404916556/original.jpg?aki_policy=profile_x_medium", "neighbourhood_cleansed": "Lambeth", "latitude": 51.46791, "longitude": -0.12485, "property_type": "Private room in rental unit", "room_type": "Private room", "accommodates": 2.0, "bathrooms": 1.0, "bedrooms": 1, "beds": 1, "amenities": ["Essentials", "Wifi", "Washer", "TV", "Kitchen", "Heating"], "price": 35.0, "numbers_of_review": 3, "review_scores_rating": 5.0, "reviews": [{"name": "Lancelot", "date": "2016-01-03", "review": "Excellent room in a very nice location, close to the subway and easily accessible from all of London. Paul was very nice and helpful. The house was decidedly British and very clean."}, {"name": "\u7b11\u7136", "date": "2016-01-24", "review": "The room is very clean! And the position is very convenient because it is 200steps from the underground station."}, {"name": "Connor", "date": "2016-02-28", "review": "Very nice and cozy place, located within walking distance to the tube. Everything was as described, and Paul was friendly and very thorough, although I did not meet him in person. My girlfriend and I loved his place, as well as the rest of London! Would go back again. "}]}