{"id": 10038491, "listing_url": "https://www.airbnb.com/rooms/10038491", "name": "Beautiful 5 bedrooms in Hackney, London (zone 2)", "description": "Beautiful sunny Victorian terraced house. Close to fashionable Chatsworth road and Clapton with its great shops and cafes and Sunday Market and close to the Queen Elizabeth Olympic park and the river Lea. 8 minute walk from Homerton station from which you can be in the west end in under 20 Minutes. Hackney is a vibrant place from which to discover London. Full of artists, Hackney boasts some of London's best galleries, music venues, cafes, markets, boutiques, vintage shops and restaurants.<br /><br /><b>The space</b><br />Our house is a typical Victorian terraced house with an open fire and lots of light. It is a family house, but could comfortably accommodate 3 or even 4 couples. We have 3 double bedrooms and one smaller double room and one child's bedroom with a single bed. Each bed has feather pillows and duvets and good quality cotton linen. There are 2 bathrooms. The kitchen opens onto our sunny garden which is very peaceful, private and full of flowers and plants.<br /><br /><b>G", "host_name": "Emily", "host_id": 30066314, "host_url": "https://www.airbnb.com/users/show/30066314", "host_picture_url": "https://a0.muscache.com/im/pictures/user/f0016504-6a05-447a-9738-d8fbe4bb74fa.jpg?aki_policy=profile_x_medium", "neighbourhood_cleansed": "Hackney", "latitude": 51.55026, "longitude": -0.03815, "property_type": "Entire home", "room_type": "Entire home/apt", "accommodates": 8.0, "bathrooms": 2.0, "bedrooms": 5, "beds": 5, "amenities": ["First aid kit", "Fire extinguisher", "Hair dryer", "Hangers", "Essentials", "Shampoo", "Paid parking on premises", "Bathtub", "Indoor fireplace", "Wifi", "Heating", "Children\u2019s books and toys", "Long term stays allowed", "Pack \u2019n play/Travel crib", "TV", "Room-darkening shades", "Iron", "Kitchen", "Hot water", "Washer", "Children\u2019s dinnerware", "Smoke alarm"], "price": 99.0, "numbers_of_review": 3, "review_scores_rating": 4.67, "reviews": [{"name": "Anja", "date": "2016-01-03", "review": "We had the pleasure to stay in Emily\u2019s house during New Year.  \r<br/>We were eight people and the house was perfect with plenty of space.  The house is very cozy, and everything we needed were in the house.\r<br/>The neighborhood was quiet and only 5-10 minutes away we have the underground and grocer\u2019s \r<br/>Throughout the process, Emily was so helpful .\r<br/>The house and Emily get\u2019s the best recommendations. \r<br/>\r<br/>Yours sincerely \r<br/>Family Lassen\r<br/>Denmark\r<br/>\r<br/>"}, {"name": "Katie", "date": "2016-08-30", "review": "We are a family of six so it's not easy to find affordable accommodation for us in a city like London. However, we struck it lucky with Emily's house. Location was perfect within in easy reach of Homerton station and we traveled to the centre of London every day with 4 small kids. Emily was a fantastic host and we would highly recommend her house. The local area is lovely too, full of little shops & cafes with in easy reach. Thank you Emily "}, {"name": "George", "date": "2017-07-30", "review": "Emily's place was great - would recommend to anyone!"}]}