{"id": 10035040, "listing_url": "https://www.airbnb.com/rooms/10035040", "name": "Huge private room in Lower Clapton", "description": "Ground floor private room with a lot of space in a victorian 3-bedroom house.<br />Situated in Lower Clapton, easy access to central London. Chatsworth Road around the corner. Quiet house in a lively area.<br /><br /><b>The space</b><br />Huge bedroom on the groundfloor in victorian house. You will be sharing the house with 2 lovely housemates. Large and comfy double bed ; lots of sunlight in the room, and a piano you can use. There is a large desk too. I'm also providing a fan, speakers, towel, toilet paper, soap.<br /><br /><b>Guest access</b><br />Access to all common spaces in the house. Kitchen/living room, bathroom. There is also a beautiful garden, which adds to the comfort and quiet.<br /><br /><b>Other things to note</b><br />Please let me know a little bit about yourself and your plans during your stay, I'm always happy to have a quick chat if you have any questions prior to the booking validation.", "host_name": "Marc", "host_id": 29400276, "host_url": "https://www.airbnb.com/users/show/29400276", "host_picture_url": "https://a0.muscache.com/im/users/29400276/profile_pic/1426502026/original.jpg?aki_policy=profile_x_medium", "neighbourhood_cleansed": "Hackney", "latitude": 51.55436, "longitude": -0.04303, "property_type": "Private room in townhouse", "room_type": "Private room", "accommodates": 1.0, "bathrooms": 1.0, "bedrooms": 1, "beds": 1, "amenities": ["Essentials", "Wifi", "Hot water", "Washer", "Paid parking off premises", "Shampoo", "Long term stays allowed", "Smoke alarm", "Hair dryer", "Carbon monoxide alarm", "Bathtub", "Kitchen", "Heating"], "price": 25.0, "numbers_of_review": 8, "review_scores_rating": 4.5, "reviews": [{"name": "Marcus", "date": "2016-05-29", "review": "Great location, backyard with a lawn a rarity in London. Sunday market up the street added a good community feel. Marc is very responsive to requests."}, {"name": "Dylan", "date": "2016-08-04", "review": "Marc's house was perfect - the large light filled room made you feel very at home. The place was in a very nice area quite central to East London with a lush outdoor space which is rare. There was plenty of privacy as Marc was away and his roommate Mark was very outgoing and working 9-5 so at points you were left with an entire home. Very close to Hackney, Stoke Newington etc and a short 10m walk to the overground train. Wifi was fast, bed was comfortable and clean, noise was minimal and all in all I will stay again next time considering how reasonable the price is. "}, {"name": "Dominic", "date": "2017-08-12", "review": "A large bedroom in a lovely area of London. I stayed at Marc\u2019s for a couple of weeks while I was working; the house is a short walk to the Overground station, so it was an easy commute to Shoreditch. As Marc was away, I shared the flat with his two flatmates who were very friendly and accommodating. Really good communication and a very reasonable price."}, {"name": "Kuan-Yin", "date": "2018-10-16", "review": "Marc and his roommates were very sweet and made me feel comfortable and welcome in their home. The house is on a quiet street, and really close to shops, restaurants, cafes, transportation, etc. Really nice neighbourhood and really easy to get to Hackney Wick, Hackney Central, Dalston, and beyond."}, {"name": "Larissa", "date": "2019-05-13", "review": "Really nice place, super comfy mattress and a place where people actually live, not rent out whole flats on Airbnb."}, {"name": "Paul", "date": "2019-06-03", "review": "This is a great cheap place to stay in East London. The house is cool and the other housemates are very friendly and welcoming. Marc is a great host and communicates well. Highly recommended."}, {"name": "Akvil\u0117", "date": "2019-06-10", "review": "Marc's house was very cozy and clean and his flatmate that I met was really lovely and friendly. The check in was very easy, the location is perfect too. I highly recommend staying there!"}, {"name": "\u041c\u0438\u0445\u0430\u0438\u043b", "date": "2019-07-14", "review": "\u042f \u0430\u0440\u0435\u043d\u0434\u043e\u0432\u0430\u043b \u043a\u043e\u043c\u043d\u0430\u0442\u0443 \u0443 \u041c\u0430\u0440\u043a\u0430 \u043f\u0440\u0438\u043c\u0435\u0440\u043d\u043e \u043d\u0430 3 \u043d\u0435\u0434\u0435\u043b\u0438. \u0421\u0430\u043c\u043e\u0433\u043e \u041c\u0430\u0440\u043a\u0430 \u044f \u043d\u0435 \u0432\u0438\u0434\u0435\u043b, \u0442\u0430\u043a \u043a\u0430\u043a \u043e\u043d \u0431\u044b\u043b \u0432 \u043e\u0442\u044a\u0435\u0437\u0434\u0435. \u041d\u043e \u043e\u043d \u0432\u0435\u043b\u0438\u043a\u043e\u043b\u0435\u043f\u043d\u043e \u0443\u0441\u0442\u0440\u043e\u0438\u043b \u043c\u043e\u0439 \u043f\u0440\u0438\u0435\u0437\u0434, \u0435\u0433\u043e \u043f\u043e\u0434\u0440\u0443\u0433\u0430 \u043f\u0435\u0440\u0435\u0434\u0430\u043b\u0430 \u043c\u043d\u0435 \u043a\u043b\u044e\u0447\u0438, \u043f\u043e\u0442\u043e\u043c\u0443 \u043d\u0438\u043a\u0430\u043a\u0438\u0445 \u043f\u0440\u043e\u0431\u043b\u0435\u043c \u043d\u0435 \u0431\u044b\u043b\u043e. \u041a\u043e\u043c\u043d\u0430\u0442\u0430 \u0447\u0438\u0441\u0442\u0430\u044f, \u0438\u043c\u0435\u0435\u0442\u0441\u044f \u0441\u0442\u043e\u043b, \u0445\u043e\u0440\u043e\u0448\u0430\u044f \u043a\u0440\u043e\u0432\u0430\u0442\u044c. \u041c\u043e\u0436\u043d\u043e \u043f\u043e\u043b\u044c\u0437\u043e\u0432\u0430\u0442\u044c\u0441\u044f \u043a\u0443\u0445\u043d\u0435\u0439. \u0412 \u044d\u0442\u043e\u043c \u0436\u0435 \u0434\u043e\u043c\u0435 \u0435\u0449\u0435 \u0434\u0432\u0435 \u043a\u043e\u043c\u043d\u0430\u0442\u044b \u0441\u043d\u0438\u043c\u0430\u044e\u0442 \u0441\u0442\u0443\u0434\u0435\u043d\u0442\u044b - \u043e\u0447\u0435\u043d\u044c \u0445\u043e\u0440\u043e\u0448\u0438\u0435, \u0442\u0430\u043a\u0442\u0438\u0447\u043d\u044b\u0435, \u0432\u043e\u0441\u043f\u0438\u0442\u0430\u043d\u043d\u044b\u0435, \u0438\u043d\u0442\u0435\u0440\u0435\u0441\u043d\u044b\u0435 \u0432 \u043e\u0431\u0449\u0435\u043d\u0438\u0438.<br/>\u0422\u0430\u043a\u0436\u0435 \u0438\u043c\u0435\u0435\u0442\u0441\u044f \u043d\u0435\u0431\u043e\u043b\u044c\u0448\u043e\u0439 \u0432\u043d\u0443\u0442\u0440\u0435\u043d\u043d\u0438\u0439 \u0434\u0432\u043e\u0440, \u0433\u0434\u0435 \u0432\u0435\u0441\u044c\u043c\u0430 \u043f\u0440\u0438\u044f\u0442\u043d\u043e \u043f\u043e\u0441\u0438\u0434\u0435\u0442\u044c (\u043f\u043e\u0447\u0442\u0438 \u043d\u0430 \u043f\u0440\u0438\u0440\u043e\u0434\u0435). \u0414\u043e \u0441\u0442\u0430\u043d\u0446\u0438\u0438 Homerton \u0438\u0434\u0442\u0438 \u043c\u0438\u043d\u0443\u0442 10. \u041f\u0440\u043e\u0431\u043b\u0435\u043c \u0441 \u0442\u0440\u0430\u043d\u0441\u043f\u043e\u0440\u0442\u043e\u043c \u043d\u0435 \u0431\u044b\u043b\u043e. \u041e\u0447\u0435\u043d\u044c \u0443\u0434\u043e\u0431\u043d\u043e \u0434\u043e\u0431\u0438\u0440\u0430\u0442\u044c\u0441\u044f \u0434\u043e \u0446\u0435\u043d\u0442\u0440\u0430 \u041b\u043e\u043d\u0434\u043e\u043d\u0430. \u0422\u0430\u043a\u0438\u043c \u043e\u0431\u0440\u0430\u0437\u043e\u043c, \u0432\u0441\u0451 \u0431\u044b\u043b\u043e \u043f\u0440\u0435\u043a\u0440\u0430\u0441\u043d\u043e. \u041c\u0430\u0440\u043a\u0443 \u0438 \u0435\u0433\u043e \u0434\u0440\u0443\u0437\u044c\u044f\u043c \u0433\u043e\u0432\u043e\u0440\u044e \u0431\u043e\u043b\u044c\u0448\u043e\u0435 \u0441\u043f\u0430\u0441\u0438\u0431\u043e! \u041e\u0447\u0435\u043d\u044c \u0440\u0435\u043a\u043e\u043c\u0435\u043d\u0434\u0443\u044e \u044d\u0442\u043e\u0442 \u0432\u0430\u0440\u0438\u0430\u043d\u0442!"}]}