{"id": 10030865, "listing_url": "https://www.airbnb.com/rooms/10030865", "name": "Stylish, bright, warm one bed flat", "description": "Modern, furnished apartment on a quiet residential street in the heart of Kentish Town. Perfect for a weekend retreat or short stay close to the centre of London.<br /><br /><b>The space</b><br />About the flat:<br /><br />- Newly decorated throughout<br />- Warm, light and airy<br />- Large double bedroom with huge built-in wardrobes<br />- Open plan kitchen and living room<br />- Tiled bathroom with power shower and bath<br />- Large, comfortable leather sofa in living room<br /><br /><b>Guest access</b><br />Guests have access to the entire flat:<br /><br />- Bedroom<br />- Bathroom<br />- Kitchen / living room<br />- Large storage cupboard in living room<br /><br /><b>Other things to note</b><br />We provide:<br /><br />- towels<br />- basic toiletries<br />- toilet paper<br />- pots, pans, crockery and cutlery<br />- kitchen cleaning items<br />- hairdryer<br />- iron<br />- bed linen", "host_name": "Samantha", "host_id": 29175111, "host_url": "https://www.airbnb.com/users/show/29175111", "host_picture_url": "https://a0.muscache.com/im/pictures/user/ef7218d6-6233-4e29-af87-916e7eb06951.jpg?aki_policy=profile_x_medium", "neighbourhood_cleansed": "Camden", "latitude": 51.55043, "longitude": -0.13137, "property_type": "Entire rental unit", "room_type": "Entire home/apt", "accommodates": 2.0, "bathrooms": 1.0, "bedrooms": 1, "beds": 1, "amenities": ["Essentials", "Wifi", "Washer", "Long term stays allowed", "Shampoo", "Smoke alarm", "Carbon monoxide alarm", "Hangers", "Kitchen", "Heating"], "price": 74.0, "numbers_of_review": 1, "review_scores_rating": 5.0, "reviews": [{"name": "Jon", "date": "2016-01-16", "review": "Excellent host, very welcoming and organised. Did everything she could to make the stay as pleasant as possible. <br/>Recommended. "}]}