{"id": 1003867, "listing_url": "https://www.airbnb.com/rooms/1003867", "name": "large and spacious  family bedroom", "description": "<b>Other things to note</b><br />A quick reminder of our House Rules; please read carefully before arrival:<br />- No smoking anywhere inside our house , no candles, NO drunken behaviour NO Drugs and no pets.<br />NO Party<br />- If you have special diets please bring your own<br />- We would greatly appreciate it if you kindly respect our house and other guests<br />- This is our family home; we kindly ask guests to stick to their room and common shared areas only and to respect the privacy of our other rooms<br />- Only those who have paid through Airbnb may enter (this is also a safety measure in place by Airbnb) and the main guest is responsible for the other booked guests<br />- We are working people  but flexible with our check-in times .<br />-Please  keep us  updated with your arrival & departure time.<br />We look forward to welcoming you to London!", "host_name": "Jocelyn", "host_id": 1023326, "host_url": "https://www.airbnb.com/users/show/1023326", "host_picture_url": "https://a0.muscache.com/im/users/1023326/profile_pic/1324413885/original.jpg?aki_policy=profile_x_medium", "neighbourhood_cleansed": "Croydon", "latitude": 51.36782, "longitude": -0.12249, "property_type": "Private room in home", "room_type": "Private room", "accommodates": 4.0, "bathrooms": 1.5, "bedrooms": 1, "beds": 3, "amenities": ["Extra pillows and blankets", "First aid kit", "Oven", "Fire extinguisher", "Hair dryer", "Dining table", "Private entrance", "Hangers", "Dishes and silverware", "Luggage dropoff allowed", "Essentials", "Free street parking", "Carbon monoxide alarm", "Bathtub", "Indoor fireplace", "Wifi", "Heating", "Long term stays allowed", "Shared gym nearby", "TV", "Hot water kettle", "Bidet", "Microwave", "Refrigerator", "Host greets you", "Bod wash body soap", "Iron", "Drying rack for clothing", "Stove", "Lock on bedroom door", "Toaster", "Breakfast", "Hot water", "Private fenced garden or backyard", "Crib - available upon request", "Paid washer \u2013 In building", "Smoke alarm", "Laundromat nearby"], "price": 41.0, "numbers_of_review": 134.0, "review_scores_rating": 4.66, "reviews": [{"name": "Clive", "date": "2013-05-24", "review": "Fantastic - I have never been offered such hospitality, even in hotels over 100 quid a night! Brilliant - it was my first experience on this website and felt priviledged to be intrusted in joselyn's house. I couldn't recommend staying there higher.\r<br/>\r<br/>Clive\r<br/>\r<br/>"}, {"name": "Csilla", "date": "2013-07-15", "review": "Jocelyn and Linda are fantastic hosts. They have a lovely home on excellent location. Max. 30 minutes by train, and we are in Central London! Our room was comfortable and sharing the bathroom with other guests was not an issue at all. Everything was impeccably clean, and each morning we had a lovely breakfast waiting for us. We have found our home in London - next time we go, we'll stay with them without even thinking of any other solution. Highly recommended for everyone, you will not find better!"}, {"name": "John", "date": "2013-10-15", "review": "Checking in was very easy, everyone was very friendly and the whole house was nice, clean and comfortable. "}, {"name": "Philippe", "date": "2013-10-23", "review": "Excellent s\u00e9jour dans un B&B confortable, tr\u00e8s propre et dont les propri\u00e9taires sont accueilants. Situation id\u00e9ale pour aller visiter londres. La gare est \u00e0 5 minutes a pieds et il ne faut que 30 minutes pour rejoindre la gare Victoria. Places de parking aisees a trouver pour la voiture. Nous reviendrons."}, {"name": "Annie And Kids", "date": "2014-03-27", "review": "If you stay in one place in London as a single, couple or family, make sure its with Jocelyn and Linda.  Words cannot describe the warmth and love they exude and how welcoming they make you feel.\r<br/>The house - and rooms are IMPECCABLY clean, tidy and beautifully decorated. Its an extremely spacious house and the rooms more than 'roomy'.\r<br/>We booked at late notice and were welcomed with open arms. My children were cared for and tucked into soft beds, while I spent a lovely late evening chatting with Jocelyn and Linda. What a gorgeous couple. They were full of information and advice on tourist sights and willing to assist us with whatever we needed.\r<br/>We were treated with a leisurely breakfast and the atmosphere was both quiet and respectful during our stay.  The beds were so comfortable, we were warm and everything was so peaceful - made for such a wonderful stay after a hectic day of museums and excitement in London.\r<br/>A MUST on your list of places to stay. You really won't regret it.. thank you!!"}, {"name": "Joshua", "date": "2014-04-11", "review": "Staying with Jocelyn and Linda was like visiting with family, the ones you like to see. We arrived late at night, and Jocelyn was up and helped my wife, daughter and I into the house. He gave us the low down on where things were before heading off to bed. We were very fortunate that Linda happen to be taking some time off the week we were there, and we had some lovely talks. They made us feel welcome and right at home. The Waddon Train stop is a 3 minute walk from the front door, and it takes about 40 minutes to get to Victoria Station in London. We paid each day for the fare (8.40 pounds for all day/person) but if we were staying again we would get an Oyster Card. Note; the train tickets can be used for  2 for 1 discounts at London attractions, but you need the coupon to go along with it. Ask Linda, she will help you out. As for the house, is was small but comfortable. Breakfast of cereal, fresh fruit, toast, tea, and juice was ready on the kitchen table every morning. There is a Morrison's grocery store just past the train station, so about 6 minutes walk. Parking is available on the street next to the house. We did not have a problem finding parking. Lastly, if you are new to AirBnB like we were, you should know this is someones home, and your are a guest. They have one shower and two toilets. We didn't have much of an issue with timing, but you should be aware of it. Clean sheets, clean towels, and clean rooms were all provided. If we were in London again, I would definitely try to stay with Jocelyn and Linda again. Cheers. "}, {"name": "Paul Et Isabelle", "date": "2014-04-23", "review": "Nous avons pass\u00e9 un excellent s\u00e9jour \u00e0 Londres gr\u00e2ce \u00e0 Linda et Jocelyn. Merci pour leur accueil et leurs bons conseils pour les visites \u00e0 Londres.\r<br/>\r<br/>Leur maison est agr\u00e9able, confortable et tr\u00e8s propre. Avec ma famille  (4 personnes) nous avons dormis dans une chambre.\r<br/>\r<br/>Tr\u00e8s bonne surprise, le Breakfast \u00e9tait fourni. Merci \u00e0 Linda pour ses d\u00e9licieux g\u00e2teaux.\r<br/>\r<br/>Merci beaucoup\r<br/>Paul-Guy, Isabelle, Emma, Estelle"}, {"name": "Muriel", "date": "2014-04-27", "review": "Premi\u00e8re exp\u00e9rience \"airbnb\" tr\u00e8s r\u00e9ussie gr\u00e2ce \u00e0 la gentillesse et au sens de l'accueil de Linda et Jocelyn. Mes 3 enfants et moi avons dormi dans la \"familiy\" bedroom\" propre et confortable. Super petit d\u00e9jeuner le matin !\r<br/>La gare de Waddon est \u00e0 5 minutes \u00e0 pieds et dessert la gare de Victoria en 30 minutes.\r<br/>Nous reviendrons ! \r<br/>Muriel et les enfants"}, {"name": "Mick", "date": "2014-05-03", "review": "Dear Jocelyn and Linda, we enjoyed your hospitality tremendously. A nice family room closeby the trainstation. And a host that went out of his way so that our son could watch the Chelsea game on television! We really felt at home and so welcome. Thank you so much. We hope to be back some time! Margret, Mick and Casper"}, {"name": "Ea", "date": "2014-05-12", "review": "Both Jocelyn and his wife were very friendly happy and polite people. I enjoyed my stay there very much. It was clean and well kept. They went out of their way to clean and iron a forgotten item I left there, which I will pick up on another return trip to their place."}]}