{"id": 10033362, "listing_url": "https://www.airbnb.com/rooms/10033362", "name": "Comfortable Apartment in Brockley", "description": "Comfortable Apartment in Brockley, South East London (Zone 2), near Goldsmiths University.<br /><br />This is my home. I will be vacating the place during your stay and will be sleeping elsewhere.<br />This is my home, not a rental property. When putting in a request, please give some information about yourself and why you\u2019re travelling. <br />Trust.<br /><br />2 mins from Brockley Station. 10 minutes to London Bridge and direct trains to Shoreditch (and Dalston and Islington) and East London in under 20 minutes.<br /><br /><b>The space</b><br />I usually live alone in this apartment. <br />This is my HOME and I hope you enjoy your stay as much as I enjoy living here. But it also means it's not an empty apartment - I am trusting guests to be here as it is my personal space with my personal things. Don't book if you're expecting a sterile environment. <br /><br />This isn't a hotel. It is an apartment block with many neighbours. It isn't a post-midnight party friendly place. Use your ow", "host_name": "Edwin", "host_id": 13694981, "host_url": "https://www.airbnb.com/users/show/13694981", "host_picture_url": "https://a0.muscache.com/im/users/13694981/profile_pic/1422457840/original.jpg?aki_policy=profile_x_medium", "neighbourhood_cleansed": "Lewisham", "latitude": 51.46308, "longitude": -0.0336, "property_type": "Entire condo", "room_type": "Entire home/apt", "accommodates": 5.0, "bathrooms": 1.0, "bedrooms": 1, "beds": 2, "amenities": ["Essentials", "Wifi", "Coffee maker", "Free dryer \u2013 In unit", "Free parking on premises", "Shampoo", "Elevator", "Refrigerator", "Smoke alarm", "Hair dryer", "Free washer \u2013 In unit", "Private patio or balcony", "Iron", "Hangers", "Kitchen", "Heating", "Dishes and silverware"], "price": 96.0, "numbers_of_review": 32.0, "review_scores_rating": 4.56, "reviews": [{"name": "Emilie", "date": "2016-04-17", "review": "Nous avons pass\u00e9 un tr\u00e8s s\u00e9jour sur Londres.\r<br/>Edwin est une personne tr\u00e8s sympathique. Nous avons eu beaucoup d'\u00e9change pour notre venue. Notamment des conseils sur les visites et des aspects pratiques.\r<br/>L'appartement est plut\u00f4t bien situ\u00e9. Nous avons pu garer gratuitement notre voiture en bas. Mais la station de m\u00e9tro n'est vraiment pas loin. Il y a plein de petits commerces \u00e0 100-200m. En voiture, il faut compter 20min hors heures de pointe pour rejoindre le centre de Londres. \r<br/>Pour ce qui est de l'appartement, nous \u00e9tions3 adultes et 3 enfants, et nous ne nous sommes pas senti \u00e0 l'\u00e9troit. Les deux pi\u00e8ces principales sont grandes et agr\u00e9ables pour un petit s\u00e9jour."}, {"name": "Tyler", "date": "2016-04-25", "review": "Edwin met us at the train station in Blockley and took us to the apartment. It is less than a 10 minute walk to the apartment. The description is very accurate and it could easily sleep 4 or 5. There are many close by shops and takeaways . Very easy to get into the city and in Zone 2 is a plus. Edwin is very knowledgable about the area too."}, {"name": "Joost", "date": "2016-05-07", "review": "Edwin wachtte ons op in zijn flat op de afgesproken tijd. Hij ontving ons gastvrij en liet ons de flat zien en legde uit hoe alles werkte. \r<br/>De flat is uit de jaren 60 en verkeerd nog in de orginele staat. De afstand naar Brockley Station is slechts enkele minuten en dan ben je binnen een half uur in het centrum van Londen. \r<br/>Van te voren heeft Edwin ons snel en duidelijk antwoord gegeven op alle vragen. "}, {"name": "Jennifer", "date": "2016-06-05", "review": "Very good communication about booking and arrangements. Helpful and attentive."}, {"name": "Zuzanna", "date": "2016-07-02", "review": "Very nice stay! Communication was great and we all felt welcomed and comfortable. The flat is close to the station (easy access to the city) with shops and takeaways nearby, so localization is pretty great.\r<br/>\r<br/>We couldn't wish for more!"}, {"name": "Sarah Alice", "date": "2016-07-15", "review": "Edwin made us very welcome and was helpful about giving advise about parking. The situation was quiet and exactly where we wanted to be. The four of us found the flat very comfortable and enjoyed visiting London from Brockley. A peaceful and relaxing break with everything we needed. Plenty of space."}, {"name": "Nathalia", "date": "2016-09-04", "review": "Edwin has been fantastic and the best host ever. He picked us up at the station and helped with our suitcases, he took the time to talk and show us the apartment. He is extremely friendly and helpfull. When we have contacted him, he has responded right away. The overground station into London Bridge and Charing Cross is just minutes walk away and so is a very nice pub and convenience stores. We give Edwin our highest recommendations. "}, {"name": "Nathalia", "date": "2016-09-10", "review": "Edwin is an amazing host, friendly,  welcoming and very flexible . I can highly recommend staying in his place."}, {"name": "Gyula", "date": "2016-10-03", "review": "Edwin nagyon kedves volt, mindent megtett hogy j\u00f3l teljen ez a p\u00e1r nap amit itt t\u00f6lt\u00f6tt\u00fcnk. A k\u00f6rny\u00e9k \u00e1tlagos london k\u00fclv\u00e1ros, kb 45 percre a belv\u00e1rostol."}, {"name": "Georgina", "date": "2016-10-07", "review": "Edwin went out of his way to give us an early check in. He was great and sending me all the details and information required for our stay. He made the children feel very welcome. The flat had everything we need for our stay. Thanks so much Edwin."}]}