{"id": 10037446, "listing_url": "https://www.airbnb.com/rooms/10037446", "name": "Cosy and convenient 2 Bedroom in Notting Hill", "description": "Newly renovated, homey, and cosy. With a great vibe, nice decor, in a quiet area of Notting Hill, 5 minutes walking distance from the closest tube station. Large windows facing north & south providing ample sun throughout the day.", "host_name": "Alexander", "host_id": 23740380, "host_url": "https://www.airbnb.com/users/show/23740380", "host_picture_url": "https://a0.muscache.com/im/users/23740380/profile_pic/1415982844/original.jpg?aki_policy=profile_x_medium", "neighbourhood_cleansed": "Westminster", "latitude": 51.51565, "longitude": -0.1984, "property_type": "Entire rental unit", "room_type": "Entire home/apt", "accommodates": 4.0, "bathrooms": 2.0, "bedrooms": 2, "beds": 2, "amenities": ["Essentials", "Extra pillows and blankets", "Wifi", "Hot water", "Washer", "Long term stays allowed", "Shampoo", "TV with standard cable", "Bed linens", "Hair dryer", "Iron", "Dryer", "Hangers", "Kitchen", "Cable TV", "Heating"], "price": 120.0, "numbers_of_review": 4, "review_scores_rating": 5.0, "reviews": [{"name": "Mr.", "date": "2016-01-02", "review": "Fancy, cozy, lovely, neat house.<br/>Not close to the underground, but in th very nottinghill and near to bus.<br/>I do recommend to you."}, {"name": "Cristian", "date": "2016-12-31", "review": "Todo fue fant\u00e1stico, el apartamento en s\u00ed esta genial, limpio y moderno, con todas las comodidades. La finca sin embargo es m\u00e1s vieja y m\u00e1s estilo ingl\u00e9s (con moqueta y algo vieja). La parada de metro que sol\u00edamos coger era de la Notting Hill (10 minutos a pie). En fin, fue como estar en casa."}, {"name": "Alexander", "date": "2017-12-28", "review": "Place was nice, clean, well located. Host communicated very well. Would definitely recommend"}, {"name": "David", "date": "2018-01-03", "review": "Great place to stay and location is the best for the portobello road market"}]}