{"id": 1003956, "listing_url": "https://www.airbnb.com/rooms/1003956", "name": "Nice Single room with  double bed", "description": "<b>The space</b><br />Compact attractive Single bedroom with small double bed in a nice end of terrace house in a quiet area.The room has a TV and separate toilet and bathroom next to the room and shared. Facilities include a large and spacious kitchen for light cooking only, also WiFi and internet access and help yourself breakfast, tea, coffee, cereal. We charge a small fee of \u00a38:00 per wash for the use of the washing machine. Travel is within reach of London with two mins walk to trains station and only 20 minutes travel to London Victoria and London bridge. There is also Tram link access to Wimbledon and bus stop just few steps from the house.<br /><br /><b>Other things to note</b><br />A quick reminder of our House Rules; please read carefully before arrival:<br />- No smoking anywhere inside our house , no candles, NO drunken behaviour NO Drugs and no pets<br />- If you have special diets please bring your own<br />- We would greatly appreciate it if you kindly respect our house ", "host_name": "Jocelyn", "host_id": 1023326, "host_url": "https://www.airbnb.com/users/show/1023326", "host_picture_url": "https://a0.muscache.com/im/users/1023326/profile_pic/1324413885/original.jpg?aki_policy=profile_x_medium", "neighbourhood_cleansed": "Croydon", "latitude": 51.36782, "longitude": -0.12249, "property_type": "Private room in home", "room_type": "Private room", "accommodates": 2.0, "bathrooms": 1.0, "bedrooms": 1, "beds": 1, "amenities": ["Extra pillows and blankets", "First aid kit", "Oven", "Cleaning before checkout", "Hair dryer", "Dining table", "Private entrance", "Hangers", "Dishes and silverware", "Luggage dropoff allowed", "Essentials", "Shampoo", "Free street parking", "Bed linens", "Carbon monoxide alarm", "Shower gel", "Bathtub", "Indoor fireplace", "Heating", "Wifi", "Safe", "Long term stays allowed", "TV", "Host greets you", "Bidet", "Portable fans", "Microwave", "Refrigerator", "Iron", "Body soap", "Drying rack for clothing", "Kitchen", "Stove", "Lock on bedroom door", "Toaster", "Breakfast", "Hot water", "Private fenced garden or backyard", "Paid washer \u2013 In building", "Smoke alarm", "Laundromat nearby", "Outdoor furniture"], "price": 33.0, "numbers_of_review": 134.0, "review_scores_rating": 4.81, "reviews": [{"name": "Aliz\u00e9e", "date": "2013-05-02", "review": "J'ai pass\u00e9 une agr\u00e9able semaine en leur compagnie. L'accueil a \u00e9t\u00e9 tr\u00e8s chaleureux. Jocelyn et Linda, nous on rapidement mis \u00e0 l'aise. \r<br/>La chambre \u00e9tait tr\u00e8s propre et la maison dispose de tous les \u00e9l\u00e9ments n\u00e9cessaires pour passer un agr\u00e9able s\u00e9jour. \r<br/>La maison est id\u00e9alement plac\u00e9e (un arr\u00eat de bus \u00e0 2 min pour rejoindre la station).\r<br/>J'y retournerais sans h\u00e9sitation !"}, {"name": "Rafa\u0142", "date": "2013-05-05", "review": "As I read the reviews of people staying at Jocelyn's, I thought that something was wrong but nobody wanted to write about it - they were all so positive and enthusiastic. I was wrong - our stay was great, I actually can't think of any improvement. The hosts were there when we needed them, they weren't there when we wanted some privacy. They offered us a bigger and a more comfortable room than the one paid for just because...they are nice people:) The house is impeccably clean, with a nice style decor. We had our own key, the breakfast was waiting till we got up...in simple words - I definitely recommend Jocelyn and Linda as hosts! if you want to travel frequently to London - mind that it's 40minutes by train - we weren't bothered by that - it was worth it! "}, {"name": "Ambre", "date": "2013-05-11", "review": "Nous avons pass\u00e9s un excellent s\u00e9jour chez Jocelyn\r<br/>L'acceuil fut vraiment chaleureux et enthousiaste.\r<br/>Ils ont r\u00e9ussi \u00e0 nous mettre \u00e0 l 'aise d\u00e8s notre arriv\u00e9e et furent toujours de bons conseils. Leur bonne humeur ainsi que leur charmante maison nous ont permis de passer un sejour des plus agr\u00e9able .\r<br/>Mention sp\u00e9ciale pour les d\u00e9licieux petit dejeuner qui nous ont mis d'attaque pour les longues journ\u00e9es de visite.\r<br/>Vivement le prochain voyage a Londres, \u00e0 refaire! \r<br/>\r<br/>----------\r<br/>\r<br/>We spent a great time with Jocelyn\r<br/>The welcome was very warm and enthusiastic.\r<br/>They managed to put us at ease when we arrived and were always good advice. Their good humor and their charming house has allowed us to enjoy a stay more pleasant.\r<br/>Special mention to the delicious breakfast that got us to attack for long days of sightseeing.\r<br/>Roll on next trip to London, again!\r<br/>"}, {"name": "Annie Belle", "date": "2013-06-30", "review": "Nous avons ador\u00e9 notre s\u00e9jour chez Jocelyn et Linda qui sont des h\u00f4tes extraordinaires!\r<br/> Ils sont accueillants, disponibles et plein de petites attentions. Je me suis sentie comme chez moi d\u00e8s l'arriv\u00e9e.\r<br/> La maison est spacieuse, et bien entretenue. Les lits sont confortables. \r<br/>Petit d\u00e9jeuner compos\u00e9 de toasts, confitures, c\u00e9r\u00e9ales fruits et biscuits.\r<br/>La maison est situ\u00e9e dans un quartier calme, \u00e0 deux rues de la gare de Waddon qui m\u00e8ne directement \u00e0 Londres Victoria.\r<br/>J'esp\u00e8re y retourner bient\u00f4t"}, {"name": "Geert", "date": "2013-07-03", "review": "Very nice room indeed, in a very nice, immaculately maintained and clean house. Very nice hosts, was really an excellent experience. Will definitely book again."}, {"name": "Erin", "date": "2013-07-28", "review": "We had a lovely stay at Jocelyn and Linda's house. It was everything we needed, a short distance from the Waddon train station which was about a 30min train ride into London, a comfortable bed, a fantastic breakfast and most importantly very nice and accommodating hosts. We were put into a different room on arrival because they had some other guests but it was spacious and very comfortable. We will return when we come back to London in the future. "}, {"name": "Mette Juel", "date": "2013-09-20", "review": "We had a wonderful stay at Jocelyn and Linda's. We spent five days at their home and although we didn't see much of each other we always felt welcome and very much at home. They were taken good care of us with a lovely breakfast including fresh fruit which we appreciated much. Their home is warm and welcoming for everyone and there was a relaxed and calm atmosphere. They are up for chatting and very openminded. On top they live only 2 minutes from Waddon Station with a direct line to Victoria Station in London which was ideal for us!\r<br/>Best recommendations!  \r<br/>Birgitte and Mette"}, {"name": "Isabella", "date": "2013-09-27", "review": "Jocelyn and Linda were good hosts, the room and the private bathroom were exetremely clean and comfortable. The morning breakfast was good and rich. I raccomand them for future hosts."}, {"name": "Aliz\u00e9e", "date": "2013-09-30", "review": "Joycelin et Linda ont \u00e9t\u00e9 des h\u00f4tes tr\u00e8s agr\u00e9ables et tr\u00e8s pr\u00e9venants. Ils nous ont permis de nous sentir comme chez nous le temps de ce weekend \u00e0 Londres. Leur accueil chaleureux nous a d\u00e9finitivement fait adopter ce mode de vacances. \r<br/>Leur maison se trouve \u00e0 5min \u00e0 pieds d une gare nous menant \u00e0 Londres. C est un foyer spacieux poss\u00e9dant un petit jardin. Notre chambre et la salle de bain priv\u00e9e \u00e9taient parfaitement propres et le lit confortable. \r<br/>Il s agissait d un cadre id\u00e9al pour appr\u00e9cier au mieux notre s\u00e9jour au Royaume-uni. Nous y reviendrons avec grand plaisir. "}, {"name": "Carolin", "date": "2013-11-03", "review": "We really enjoyed our stayed at Jocelyn and Linda's house. They were very friendly and they made us feel very comfortable in their home. If we came back to London we would stay there again, we would recommend the house and the people to other visitors that are searching for a room near London. "}]}