{"id": 10044258, "listing_url": "https://www.airbnb.com/rooms/10044258", "name": "\u2605 Chelsea STUDIO Sloane Avenue \u2605 Bright & Light", "description": "\u2022 Easy check-in & out <br />\u2022 South Kensington Tube 5 mins: Piccadilly, District & Circle lines<br />\u2022 AMAZING views from top floor apartment <br />\u2022 Perfect for Chelsea Flower Show<br />\u2022 Perfect for The PROMS: 1/2 mile from VA<br />\u2022 Upscale Chelsea apartment block<br />\u2022 Walkscore 99; central location near shops, restaurants, bars, etc.<br />\u2022 PLEASE see the PHOTOS for the EXACT SIZE <br />   *** This is a STUDIO no a 1BR *** SEE FLOOR PLAN ***<br />\u2022 Heated floors<br />HAGGLERS WILL BE REPORTED AND BLOCKED<br /><br /><b>The space</b><br />Immaculate top-floor self-contained penthouse apartment on a luxurious Chelsea Cloisters mansion block in the very heart of Chelsea on Sloane Ave., near shopping and restaurants.  <br /><br />Perfectly located shopping, eating out & enjoying the views of London from this enviable spot<br /><br />Incredible views as one would expect from the top floor with the wonderful feature of lots of natural light streaming in from above in the kitchen & bathr", "host_name": "Chelsea", "host_id": 40451462, "host_url": "https://www.airbnb.com/users/show/40451462", "host_picture_url": "https://a0.muscache.com/im/pictures/user/9f61412a-e684-4845-9ac2-0ee01c2b15d5.jpg?aki_policy=profile_x_medium", "neighbourhood_cleansed": "Kensington and Chelsea", "latitude": 51.49213, "longitude": -0.16588, "property_type": "Entire rental unit", "room_type": "Entire home/apt", "accommodates": 2.0, "bathrooms": 1.0, "bedrooms": null, "beds": 1, "amenities": ["Extra pillows and blankets", "First aid kit", "Fire extinguisher", "Hair dryer", "Private entrance", "Hangers", "Dishes and silverware", "Essentials", "Shampoo", "Cooking basics", "Single level home", "Bed linens", "Carbon monoxide alarm", "Bathtub", "Wifi", "Heating", "Coffee maker", "Long term stays allowed", "TV", "Refrigerator", "Iron", "Kitchen", "Stove", "Breakfast", "Hot water", "Washer", "Paid parking off premises", "Smoke alarm", "Ethernet connection", "Dryer"], "price": 150.0, "numbers_of_review": 41.0, "review_scores_rating": 4.93, "reviews": [{"name": "Jad", "date": "2016-02-09", "review": "I have never ever felt more comfortable than being in this apartment.<br/>I felt I was at home, had an amazing view of London from the 9th floor with a high speed wifi.<br/>The room was spacious and very clean and organized.<br/>Nikki the owner made sure to always check up on me in case I need anything and she always answered my messages with in minutes.. <br/>The area was amazing. 6 minutes walk to south Kensington static and 7  minutes walk to harrods.. Surrounded with posh restaurants and bar.<br/>Felt really safe with concierge and security at the main entrance of the building.<br/>The kitchen was fully equipped.<br/>I really highly recommend to stay in this apartment. Felt like home in all perspectives.<br/>Jad"}, {"name": "Sophia", "date": "2016-02-15", "review": "Let's start with Niki being a superstar! I booked this place while I was at the airport on my way to London and she responded promptly. I ended up arriving way earlier than check-in, but she was very accommodating allowing me to come a few hours early!! She was so nice and really helpful and I swear she thought of everything - from a speaker to chargers, Niki had it ready in the room! \r<br/>\r<br/>This place was fantastic- Great location!!! (8 min walk to Harrod's, few min to South Ken tube stop, Sainsbury's Market next door). A really great space and an AMAZING view. Anyone that stopped by while I was staying here loved this place. Not to mention how adorable the decorations and lighting are. Overall, a really fun place to stay during your stay in London. Highly recommended. "}, {"name": "Tamara", "date": "2016-02-24", "review": "Niki was more than wonderful. She made her place welcoming by so many things that we were constantly surprised. She even has a box of all sorts of different electrical sockets/adapters. Apartment was clean and placed conveniently near the King's Road with a everything you might need in the few steps away- supermarket (open till midnight), coffee place, underground station, few busses stops... If /when we go to London again  we will stay at Niki's again. Oh, yes and she has the warmest smile ever... "}, {"name": "Suzanne", "date": "2016-03-29", "review": "First of all the location was perfect for my needs.  I felt safe walking around the neighbourhood after dark.\r<br/>I loved the studio apartment.  It was quiet, cozy and had a nice view.  The bathroom was great: I took a shower and a bath and both were wonderful with enough hot water and great water pressure.\r<br/>The kitchen had everything I needed to eat in which I did a few nights.  \r<br/>There was a grocery store situated very close by to pick up anything I needed.\r<br/>Niki was a terrific host and allowed me to arrive earlier than I had planned and stay a few days in between at no charge!  I have never encountered this kind of hospitality in my life.  Niki was always available for questions: How do you turn on the cooker?\r<br/>and even though I never met her felt she was always nearby if I needed anything!  \r<br/>It was hard to go home because I quite enjoyed staying in \"my studio apartment\"!"}, {"name": "Toby", "date": "2016-04-08", "review": "It was the most wonderful stay. From the large selections of different chargers to the flowers to the fruits and the juicer, Nikki has thought of everything that we could think of and more. The room was very new, tidy and clean. It looked as great as it does in the photos. The different lightings in the room were fantastic as well. Nikki was also very respnsive and replied very quickly.\r<br/>\r<br/>Thanks very much again."}, {"name": "Elle", "date": "2016-04-18", "review": "What a lovely stay we had! Nestled deep in the heart of the Chelsea neighbourhood, this apartment's location was a perfect fit for us, just the right balance of easy convenience (access to tube station, local grocer, etc.) and a bit of posh elegance (concierge, boutique shopping, local eateries, etc.). Niki's home was clean and cozy, and she made sure that we had everything we needed to make our stay incredibly relaxing. Would love to stay here again on my next trip to London!"}, {"name": "Sylvain", "date": "2016-04-23", "review": "We had a nice pleasant stay in London and in Nikki's apartment.\r<br/>It was exactly as described with even more like everything you can dream of for breakfast, shower, international plugs...\r<br/>The kids really enjoyed it as well, especially the view on the whole London and to the London Eye.\r<br/>It was great to be that close to the South Kensington tub station.\r<br/>And the weather was there. What else ? :)\r<br/>We can just regret the sofa could be more confortable; for the kids it was all right but not for adults. And some additional chairs would be nice, even small foldable ones.\r<br/>With Nikki's apartment you are ready for a nice London journey."}, {"name": "Laura", "date": "2016-04-25", "review": "Niki's Chelsea penthouse is a great base for exploring London. The location is excellent, with South Kensington tube station just a few minutes walk away. The studio is clean and tidy with lots of towels and other nice touches like bottles of water left for us. We stayed there when I was running the London marathon and it was comfortable and quiet, meaning I got a good night's sleep before the race. Thanks Niki "}, {"name": "Liora", "date": "2016-04-30", "review": "Niki is gracious and accommodating. Thanks goodness there were not too many confining rules. Dealing with her was simple and straight foreword."}, {"name": "Filipe", "date": "2016-05-08", "review": "Niki was like a hidden angel taking care of us: the spirit, kind care throughout the booking, arrival and stay, the flexibility for a later and much welcomed check-out, for the prompt advice at anytime. The studio itself cant be better located, we almost not used the Tube or other transports, as the area is lovely just to walk around with our two kids. The view from the window was a great surprise and the small details show real hosting skills. If we are back to London, we will try to stay here again!"}]}