{"id": 10047167, "listing_url": "https://www.airbnb.com/rooms/10047167", "name": "Spacious Bedroom Centrally Located", "description": "At a 2' walk from Victoria station, in a nice Victorian House giving on a private garden, this 90-square meter flat with access to a private patio is the perfect place for people coming to visit London for a few days<br /><br /><b>The space</b><br />Situated a minute from Victoria tube station and within walking distance of UK\u2019s major tourist sites including Buckingham Palace, this flat offers secure, comfortable and modern living in the heart of London.<br /><br />This centrally located apartment is minutes walk away from London Underground, Victoria Rail station and London Coach station with excellent transport links that take you to the rest of the city including airports.<br /><br />This modern and comfortable apartment provides the ideal stay for friends and families. Conveniently located next to a large Sainsbury\u2019s and a wide range of eateries within one minute walking distance, there is always the option to cook or eat out. Banks and cash ATMs are also a minute away.<br /><br />", "host_name": "Adam", "host_id": 7141708, "host_url": "https://www.airbnb.com/users/show/7141708", "host_picture_url": "https://a0.muscache.com/im/pictures/user/93a73d00-c826-4053-abc3-d1177b28a568.jpg?aki_policy=profile_x_medium", "neighbourhood_cleansed": "Westminster", "latitude": 51.49152, "longitude": -0.1451, "property_type": "Private room in rental unit", "room_type": "Private room", "accommodates": 2.0, "bathrooms": 1.5, "bedrooms": 1, "beds": 1, "amenities": ["Long term stays allowed", "Shampoo", "Iron", "Kitchen", "Wifi"], "price": 36.0, "numbers_of_review": 13.0, "review_scores_rating": 4.83, "reviews": [{"name": "Jonas", "date": "2016-03-30", "review": "We spent a couple of great days at Adam's. His flat is perfectly located for sightseeing around London. We felt really comfortable and enjoyed our stay. The flat was very clean and big. Adam provided us with many information about the flat and its surrounding. All in all it was a really great stay in London and we would definitely recommend staying at Adam's."}, {"name": "Pamela", "date": "2016-05-03", "review": "Pasamos una estancia muy agradable y c\u00f3moda en el departamento de Adam, nos envi\u00f3 un mail muy explicativo y \u00fatil sobre el departamento y sus alrededores y estuvo en contacto permanentemente para lo q necesit\u00e1bamos. El departamento est\u00e1 bien situado cerca de la estaci\u00f3n Victoria y el parque Saint James, muy tranquilo, pero para la noche cuenta con bares cerca; limpio y la habitaci\u00f3n amplia con una gran y c\u00f3moda cama. Una experiencia genial !!!"}, {"name": "Alastair And Sheila", "date": "2016-05-04", "review": "Adam is a top Airbnb host. If you are looking for Le a room in central London and this room is available don't delay book it. When we are in London we will.  Great location great host."}, {"name": "Valerie", "date": "2016-05-07", "review": "Adam is a really great host. He replied my queries almost immediately all the time and he was super accommodating about letting us leave our luggage in the apartment after the check out time. Adam's apartment is also situated in a really central location. It's 1 minute away from Victoria Train Station and a 10 minute walk away from Buckingham Palace. Super convenient for any traveller. His apartment is also really clean and cosy. My mom and I had a very comfortable 3 night stay in London. Thanks for hosting us!"}, {"name": "Laure", "date": "2016-05-24", "review": "Adam est tr\u00e8s disponible et tr\u00e8s sympas. Le logement est super bien plac\u00e9, tr\u00e8s propre! Je recommande fortement! On a pass\u00e9 un super s\u00e9jour! "}, {"name": "Maca", "date": "2016-05-30", "review": "Adam fue muy amable con nosotros, hizo todo lo posible por darnos un check in temprano y estuvo alli para recibirnos.\r<br/>El apartamento es hermoso, grande y limpio. Viviamos con su compa\u00f1ero, quien dormia en otro cuarto pero realmente ni lo hemos cruzado.\r<br/>La ubicacion es buena, la zona es linda y esta cerca del underground.\r<br/>"}, {"name": "Elisabetta", "date": "2016-06-20", "review": "Adam sent detailed information with directions, wifi instructions, house plan, facilities etc., making the arrival very easy. He prepared nicely the room for us, and the apartment was very clean. It is centrally located, close to Victoria station, with plenty of dining options, but also major grocery stores, within a few minute's walk. It is also very quite though - no street noise nor thin walls. A lovely stay, would go back."}, {"name": "Arnaud", "date": "2016-08-15", "review": "Logement tr\u00e8s bien situ\u00e9 \u00e0 c\u00f4t\u00e9 de Victoria Station. Chambre au calme sur arri\u00e8re cour. De toute mani\u00e8re le quartier est assez calme.\r<br/>Communication sans probl\u00e8me avec Adam.\r<br/>Colocataire super discret.\r<br/>Super s\u00e9jour en somme.\r<br/>"}, {"name": "Geraldine", "date": "2016-08-29", "review": "We visited London for a weekend and had a great stay in Adam's apartment. It was extremely spacious and the location was excellent. Would recommend!"}, {"name": "Virgilio", "date": "2016-12-03", "review": "Excellent location, you have Victoria station really close (3-5 min), \u00e0 Sainsbury's, coffee shops and... Buckingham palace really close! Adam was really helpful and kind before the arrival and during it. Recommended for visits and business trips if you need to get to the tube but still want to go around. "}]}