{"id": 10053985, "listing_url": "https://www.airbnb.com/rooms/10053985", "name": "Studio flat in Queen's Park for two", "description": "A lovely mezzanine, 3 minutes walk from Queen's Park Tube Station. Also nearby, on Salusbury Road, an increasing number of shops, pubs, cafes and restaurants... and on Sunday, the The Queen's Park Farmers' Market, which is worth a go!", "host_name": "Florent", "host_id": 29642453, "host_url": "https://www.airbnb.com/users/show/29642453", "host_picture_url": "https://a0.muscache.com/im/users/29642453/profile_pic/1426794640/original.jpg?aki_policy=profile_x_medium", "neighbourhood_cleansed": "Westminster", "latitude": 51.53178, "longitude": -0.20256, "property_type": "Entire rental unit", "room_type": "Entire home/apt", "accommodates": 2.0, "bathrooms": 1.0, "bedrooms": null, "beds": 2, "amenities": ["Essentials", "Wifi", "Long term stays allowed", "Shampoo", "TV with standard cable", "Smoke alarm", "Iron", "Kitchen", "Cable TV", "Heating"], "price": 32.0, "numbers_of_review": 2, "review_scores_rating": 3.5, "reviews": [{"name": "Alexis", "date": "2015-12-27", "review": "The flat was consistent with the ad; clean and pretty, close to Queen's Park Station. I didn't have the opportunity to meet Florent but he made his instructions very clear to find the flat. I would recommend him to my friends. The only con of this flat is the lack of signal for the Wifi which makes it hard to surf the Internet for information about the city."}, {"name": "Mira", "date": "2016-03-27", "review": "Mukava pieni asunto! Perille oli helppo l\u00f6yt\u00e4\u00e4 majoittajan antamien ohjeiden perusteella. "}]}