{"id": 10056599, "listing_url": "https://www.airbnb.com/rooms/10056599", "name": "Private no sharing studio Pissarro Apartment", "description": "No sharing private studio in historic house in safe, green and family-friendly area of London. Bars, shops and restaurants a very short walk. Fantastic views. Easy and fast tourist access to centre. Famous Crystal Palace park nearby.<br /><br /><b>The space</b><br />Large studio with double bed and single futon. Kitchen area has fridge, microwave and oven with hob. There is a sink in the room and also private bathroom with toilet and shower down a few steps in the hallway.<br /><br /><b>Guest access</b><br />The studio and bathroom is not shared by anyone else.", "host_name": "Stuart", "host_id": 50907895, "host_url": "https://www.airbnb.com/users/show/50907895", "host_picture_url": "https://a0.muscache.com/im/pictures/user/1abfed5e-7b5a-4e2e-9506-5f40dbe2c9d9.jpg?aki_policy=profile_x_medium", "neighbourhood_cleansed": "Bromley", "latitude": 51.41656, "longitude": -0.08047, "property_type": "Entire rental unit", "room_type": "Entire home/apt", "accommodates": 3.0, "bathrooms": 1.0, "bedrooms": null, "beds": 2, "amenities": ["Essentials", "Wifi", "Washer", "Free parking on premises", "Long term stays allowed", "TV", "Fire extinguisher", "Smoke alarm", "Hair dryer", "Lockbox", "Iron", "Hangers", "Kitchen", "Heating"], "price": 40.0, "numbers_of_review": 24.0, "review_scores_rating": 4.36, "reviews": [{"name": "Huyen", "date": "2016-04-01", "review": "We have a lovely stay in Stuart's house. Lovely environment and neighbourhoods. There are loads of shop and convenience stores in the local area.\r<br/>\r<br/>We love it :)"}, {"name": "Cody", "date": "2016-09-19", "review": "A fantastic location in southern London. Only a few minutes from a rail that is fully accessible to all other parts of the city. The neighbourhood is quaint, but active and lively. It's a fantastic place to walk around. Stuart was timely to our needs, and was really supportive. I would recommend this in a heart-beat, especially for the value. "}, {"name": "Sofia", "date": "2016-09-24", "review": "The flat was as shown on the pictures and Stuart had linen ready for us upon arrival. Even though we arrived quite late, he was also there to help us enter the flat which was very nice of him! Me and my guests would visit again!"}, {"name": "Olga", "date": "2016-11-19", "review": "I have stayed in this apartment three times already and each of them was perfect. I love this apartment, it's so cosy, very light and the view from the window is breathtaking. The street is very quiet as well as the house, you feel like only you live there. Everything you need is just around the corner: shops, bars and cafes, beautiful Crystal Palace park, we usually spend a day of our vacation in the area and just walk around. It's close to the Crystal Palace station, which you can get to any London spot you need, there are bus stops around, but we prefer the overground/railway station. If you want to feel how to live as a local or have a wonderful romantic vacation, this is a great option. Hope you all have a wonderful stay here :)"}, {"name": "Angie", "date": "2016-12-12", "review": "It is a graphic house in an neighborhood that I loved. I would surely choose it again if I ever come back."}, {"name": "Daniela", "date": "2017-01-08", "review": "It was a nice short stay in Crystal Palace. Close to all amnesties. Unfortunately we didn't meet Stuart, but it was no problem at all.<br/>We wish all the best and will definitely recommend his holiday home!"}, {"name": "Sarah", "date": "2017-01-21", "review": "Really lovely space, and complete privacy. Vic-wardian style with the benefits of modern living! Few initial teething problems with the wifi but after that it worked a treat. Also a TV with a built in DVD player.  House is minutes away from \"The Triangle\" of hip bars/restaurants/shops of Chrystal Palace (Sainsbury's is also only a five minute stroll from the flat), and quite close to the park - a nice place to walk in the mornings and see the Victorian models of dinosaurs left over from the exhibition held in the area. Also quite close to overground tube (although if you have VERY heavy bags, you might think about a taxi, as the area is very hilly, although this affords you great views of central London from a distance). <br/>Room itself is airy and lovely, and central heating came on just when you wanted it to. Everything you could need was provided: towels, oven, fridge, microwave, toaster, kettle, washing machine in porch, plus host had left a folder with useful information about the area, and there are also guidebooks to London (in several languages) , plus other reading material left for guests. Also supply of stuff like lightbulbs and bin bags in porch/entry.<br/>The area is not exactly central (to Central London), but nice in it's own right, and home to some pretty decent pubs and restaurants (but also has some quite OK chicken shacks as well). Street was quiet, and the building is so positioned that I got to see some lovely sunrises. <br/>I'm a seasoned visitor to London, and usually opt for the North East side of the city, but am glad I ventured \"South of the River\" to find this gem.<br/>HIGHLY RECOMMENDED!!<br/>All in all, a great stay. Highly recommended - even better than the pictures indicate!"}, {"name": "Sue", "date": "2017-02-16", "review": "Good location, nice bright room with pretty views.  Shops/restaurants all close by"}, {"name": "Audrey", "date": "2017-02-21", "review": "We have enjoyed the flat so cosy! It is as described. We appreciated  the sweet warmth of the room. The situation is really perfect. The flat is extremely nice and calm. And we appreciated very much its cleanliness, the bed sheets and the towels ready for us. The area is really lovely and at a few steps of a bus stop and a few minutes walk from Crystal Palace station which is a lovely train station. We came in winter but it was nice. We will surely come back to Stuart's flat in a future visit to London. "}, {"name": "Guillermo", "date": "2017-03-09", "review": "No apto para gente mayor y / o que no hable ingl\u00e9s.<br/>Elegir algo en Londres city<br/>El viaje es muy caro."}]}