{"id": 10063603, "listing_url": "https://www.airbnb.com/rooms/10063603", "name": "Stylish 3-bed flat in Kensington by the park", "description": "The flat in central Kensington is known as The Lighthouse because of its bright rooms and views. Minutes from Kensington Gardens and Hyde Park, Kensington High St and Gloucester Road underground stations.<br /><br />Perfect for families, groups of up to 3 couples and remote working with an office chair and monitor.<br /><br /><b>The space</b><br />The apartment is split over the top floor and loft of a beautifully maintained Victorian building, with excellent natural light and far from the street level noise. The flat as been recently redecorated, and the entire upper level has been refurbished to provide a modern bedroom with en-suite wet room and a beautiful south facing view from large skylight windows.<br /><br />The master bedroom, second bedroom, hall and drawing / dining room have high ceilings and well maintained period features, and the kitchen and main bathroom benefit from south facing aspects. <br /><br />Its a fantastic, cosy and bright flat on a wonderful street with thre", "host_name": "Franky", "host_id": 51641436, "host_url": "https://www.airbnb.com/users/show/51641436", "host_picture_url": "https://a0.muscache.com/im/pictures/user/836957be-fd48-478e-b3b2-1f1c930e41db.jpg?aki_policy=profile_x_medium", "neighbourhood_cleansed": "Kensington and Chelsea", "latitude": 51.50029, "longitude": -0.18842, "property_type": "Entire condo", "room_type": "Entire home/apt", "accommodates": 6.0, "bathrooms": 2.0, "bedrooms": 3, "beds": 3, "amenities": ["Oven", "Cleaning before checkout", "Fire extinguisher", "Mini fridge", "Hair dryer", "Wine glasses", "Dining table", "Private entrance", "Hangers", "Crib", "Dishes and silverware", "Luggage dropoff allowed", "Essentials", "Shampoo", "Cooking basics", "Carbon monoxide alarm", "Indoor fireplace", "Wifi", "Heating", "Children\u2019s books and toys", "Free dryer \u2013 In unit", "Dishwasher", "Long term stays allowed", "Pack \u2019n play/Travel crib", "Hot water kettle", "Microwave", "Refrigerator", "Host greets you", "Iron", "Kitchen", "Stove", "Toaster", "Dedicated workspace", "Hot water", "Paid parking off premises", "Smoke alarm", "Free washer \u2013 In unit", "Freezer"], "price": 381.0, "numbers_of_review": 36.0, "review_scores_rating": 4.74, "reviews": [{"name": "Ed", "date": "2016-01-01", "review": "The entire Athill family treated us with the utmost curtesy and warmth.  Their flat is in an excellent location as well as private and quiet.  It is very comfortable and accurate to the pictures as well.  The upstairs loft is perfect for children, or anyone who wants some time alone.\r<br/>\r<br/>We would highly recommend staying with the Athills.  Our stay with them couldn't have beem much more pleasant."}, {"name": "Ana", "date": "2016-01-03", "review": "Franky was a great host and made us feel like home. There was even enough food to prepare a nice breakfast  for the next day without the need to go out to the shops.  \r<br/>The neighbourhood is ideal, close to nice shops, restaurants, museums and parks with walking distance.\r<br/>Great apartment to stay for a family with children like us to enjoy London.\r<br/>A great experience, thanks Franky.\r<br/>"}, {"name": "Xiaogang", "date": "2016-02-07", "review": "The apartment is really good for us, it is easy to get access to the Imperial College, Hyde Park and other attractive places we are really interested in.\r<br/>\r<br/>The rooms are quite clean and comfortable with fully prepared furniture.  We feel really good!"}, {"name": "Stephen", "date": "2016-02-11", "review": "This funky flat is in an excellent location - close to all the action of high street Ken and yet in a calm, quiet oasis. The flat is up a lot of stairs and if you're in the upper floor bedroom be prepared for the ladder ascent and low pitched roof. But this is more than made up for by excellent quality bedding, comfortable beds and friendly hosts. Oh, and good quality wifi too. 5 stars!"}, {"name": "Lime Street", "date": "2016-02-18", "review": "Franky is a superb host! He replied to us within seconds, agreed to host us very last minute and was super friendly! Check-in went smooth, the flat is great, it\u2019s fully equipped and has a great location. We highly recommend it and will certainly be back."}, {"name": "Federico", "date": "2016-02-21", "review": "Our experience in Franky's house was awesome! He was very nice with us and welcomed in his very central and posh area of London. The house has 3 rooms which is very suitable especially for friends or family groups, a living room which makes possible to organize dinners, one kitchen and 2 bathrooms (very helpful as well). The house is renovated, clean, with wifi-connection, perfect for a weekend stay or more! The metro is just around the corner. Highly recommended!! "}, {"name": "Naomi", "date": "2016-02-25", "review": "We had a really nice stay at the flat in Kensington!  It was airy, spacious and bright!  We were really close to the parks for our kids and the High Kensington Street tube station.  Franky was kind enough to allow us to leave our luggage after checkout on our last day so that we could keep exploring London unencumbered.  The beds were all really comfortable with really nice linens and towels.  We also really appreciated the use of a baby crib that was perfect for our baby.  All in all a really nice stay and would highly recommend it for families visiting London!!   "}, {"name": "Nunzia Marina", "date": "2016-02-29", "review": "Franky \u00e8 stato un Host molto discreto e gentile , l'appartamento \u00e8 situato in una zona centrale ben servita e molto tranquilla sia di giorno che di notte , a pochi passi da due stazioni metro \u00e8 ottimo sia per chi vuole visitare londra e sua x chi per es come noi doveva lavorare all'ente fiera Olympia, tuttavia ci sono delle cose da segnalare. In primis l'appartamento \u00e8 al 4\u00b0 piano senza ascensore dunque ci sono 8 rampe di scale da fare e non \u00e8 il massimo per chi porta valigie o altro; inoltre l'appartamento \u00e8 stato fotografato con il grandangolo che ne aumenta la profondit\u00e0 determinando immagini non proprio veritiere sulle dimensioni dell'appartamento idoneo al massimo per 4 persone , anche la scelta delle angolazioni delle foto fa pensate a spazi pi\u00f9 ampi che invece mal descrivono la realt\u00e0. La soffitta \u00e8 accessibile mediante una scala non proprio agibile e dovrebbe essere resa visibile perch\u00e9 magari persone adulte potrebbero avere difficolt\u00e0 nel salirci . L'appartamento non era proprio pulitissimo, c'era molta polvere soprattutto nei termosifoni e in bagno o nei caminetti, abbiamo trovato lenti a contatto nel bagno e cibo scaduto in frigo,  inoltre si consiglia di cambiare le tende veneziane perch\u00e9 lasciano passare abbastanza luce la mattina ."}, {"name": "David", "date": "2016-03-08", "review": "Very nice and cosy flat in the centre of London close to public transportation which makes it easy to reach quickly many parts and attractions of London. Good pubs in the area (we tried the builder arms and the britannia) Easy check in and check out with Franky who is available to answer questions. We had a baby cot for our small boy whthout asking which was very nice."}, {"name": "Pat", "date": "2016-03-20", "review": "This was our first stay after our 9 hour flight from Seattle and this place was just what we hoped for - a nice quiet spot in a quaint neighborhood. We had enough room for the 5 of us that included 3 teenagers. We gave Franky a bit of a run around on checking in, but he (and his mum) went beyond expectations on how they worked with us on both checking in and checking out. I highly recommend this place."}]}