{"id": 10064124, "listing_url": "https://www.airbnb.com/rooms/10064124", "name": "The Tower Luxury Studio & Sofa Bed - Best Area", "description": "A great studio in the heart of the City of London! Zone 1<br /><br />Clean / modern and situated by the Tower of London / Tower Bridge.<br /><br />Travel links include 2 tube stations (Tower Hill & Aldgate) / 4 Bus routes / DLR / 2 Mainline Railways / River Boat.<br /><br /><b>The space</b><br />Our apartment is great and has everything you need to either holiday or work in London<br /><br />Your own kitchen & bathroom<br />Coffee Table<br />Dining Table & 4 Chairs<br />Dedicated Wifi<br />DAB Radio<br />Direct Dial Telephone<br /><br /><b>Other things to note</b><br />We own other apartments and will change your towels for you on Monday / Wednesday / Friday - We will also replenish toilet paper & toiletries.<br /><br />Our maid Maria will be doing this for us.", "host_name": "Andrew", "host_id": 44161235, "host_url": "https://www.airbnb.com/users/show/44161235", "host_picture_url": "https://a0.muscache.com/im/pictures/user/5d18c631-fd46-400a-bec7-8728af312c5b.jpg?aki_policy=profile_x_medium", "neighbourhood_cleansed": "City of London", "latitude": 51.51113, "longitude": -0.07288, "property_type": "Entire serviced apartment", "room_type": "Entire home/apt", "accommodates": 4.0, "bathrooms": 1.0, "bedrooms": null, "beds": 2, "amenities": ["First aid kit", "Fire extinguisher", "Hair dryer", "Hangers", "Essentials", "Shampoo", "TV with standard cable", "Cooking basics", "Carbon monoxide alarm", "Wifi", "Heating", "Children\u2019s books and toys", "Long term stays allowed", "Pack \u2019n play/Travel crib", "Iron", "Kitchen", "Gym", "Hot water", "Washer", "Paid parking off premises", "Elevator", "Smoke alarm", "Dryer", "Lockbox", "Cable TV"], "price": 110.0, "numbers_of_review": 29.0, "review_scores_rating": 4.72, "reviews": [{"name": "Valerie", "date": "2016-02-10", "review": "Andrew was very quick to reply to inquiries. The flat is in an excellent location for attractions and close to the tube line. "}, {"name": "Clara", "date": "2016-04-23", "review": "Le logement est tr\u00e8s bien situ\u00e9 dans Londres, proche de toutes commodit\u00e9s et \u00e0 proximit\u00e9 des lieux touristiques.\r<br/>Les indications pour acc\u00e9der au logement \u00e9taient tr\u00e8s explicites (simplicit\u00e9 d'acc\u00e8s).\r<br/>L'appartement est conforme au descriptif fourni, tr\u00e8s agr\u00e9able. Une cuisine fonctionnelle, une belle salle de bain avec tous les accessoires \u00e0 disposition. Appartement spacieux pour 4 personnes.\r<br/>Seul petit b\u00e9mol pour un s\u00e9jour de plusieurs nuits, le canap\u00e9 lit manque de confort.\r<br/>Nous avons pass\u00e9 un agr\u00e9able s\u00e9jour dans ce logement et remercions Andrew d'avoir bien voulu nous accueillir chez lui.\r<br/>Nous reviendrons avec plaisir.\r<br/>Clara"}, {"name": "Russell", "date": "2016-06-17", "review": "Very convenient location, big and comfortable flat. Enjoyable stay, would definitely recommend to friends and family. Hope to be back very soon!"}, {"name": "Jann", "date": "2016-08-30", "review": "At home"}, {"name": "Heng Soon", "date": "2016-09-08", "review": "Easy and fuss free stay. Detailed instructions sent and arrangements made to make check in and out smooth sailing. Room is clean and comfortable. Kitchen includes all you need to cook a meal."}, {"name": "Alexey", "date": "2016-09-18", "review": "The good: great location, the check-in process went smoothly, Andrew was very responsive, and the apartment looked nice on first look. The bad: it was impossible to sleep due to the heat (and A/C practically didn't work), the apartment was only clean on the surface; you look under one thing, and there's a bunch of dust (e.g. I turned on the ceiling fan, and a whole bunch of dust came down), and we were bothered multiple times by unexpected maids or other service people, even after I asked Andrew to make sure no one enters the apartment while we are there."}, {"name": "Nicholas", "date": "2016-09-29", "review": "The flat was exactly as described! Easy to find, awesome location, and very clean and comfortable accommodations. I would certainly recommend this flat to anyone wanting to stay in London."}, {"name": "Nicole", "date": "2016-11-17", "review": "Convenient location, walking distance to two underground stations which go to different way ( king's gross or Westminster direction without change line ), ~ 10 mins to Tower of Bridge and Tower of London ! The apartment was very clean, new kitchen and spacious room. Host had good arrangement for check in / out, good instruction, fast respond. Good stay there. "}, {"name": "Georgia", "date": "2017-01-02", "review": "Great location, very clean and exactly as described!  Check in process was easy. "}, {"name": "Alli", "date": "2017-05-15", "review": "Great location and spacious accommodation."}]}