{"id": 10070333, "listing_url": "https://www.airbnb.com/rooms/10070333", "name": "Double room in big beautiful Victorian townhouse", "description": "A big, light, Victorian townhouse close to Elephant & Castle, Burgess Park, Tower Bridge, and Maltby St Market. You\u2019ll love it because of the ambiance, the light, the comfy bed, and the space in the house. Our house is good for couples. Excellent transport links.<br /><br /><b>The space</b><br />A bright, top-floor double bedroom in a spacious, high-ceilinged three-storey Victorian townhouse.<br /><br />We get the sun in various rooms of the house throughout the day. <br /><br />The kitchen has a beautiful range, which you are welcome to use, and we have a ground-floor dining room attached and a more sumptuous first-floor sitting room/lounge where we tend to relax.<br /><br /><b>Guest access</b><br />You will have access to the kitchen, living / dining room, and two bathrooms. Tea, coffee, milk and butter are provided and you can use things like oil  and condiments etc. You can also use the toiletries in the bathroom.", "host_name": "Leanne", "host_id": 4064740, "host_url": "https://www.airbnb.com/users/show/4064740", "host_picture_url": "https://a0.muscache.com/im/pictures/user/5aee9a56-fb92-4b60-bc16-f790c544ff99.jpg?aki_policy=profile_x_medium", "neighbourhood_cleansed": "Southwark", "latitude": 51.48535, "longitude": -0.07271, "property_type": "Private room in home", "room_type": "Private room", "accommodates": 2.0, "bathrooms": 2.0, "bedrooms": 1, "beds": 1, "amenities": ["Oven", "Fire extinguisher", "Hair dryer", "Hangers", "Dishes and silverware", "Essentials", "Shampoo", "Cooking basics", "Bed linens", "Carbon monoxide alarm", "Bathtub", "Wifi", "Heating", "Coffee maker", "Backyard", "Long term stays allowed", "Refrigerator", "Iron", "Kitchen", "Hot water", "Washer", "Smoke alarm"], "price": 35.0, "numbers_of_review": 17.0, "review_scores_rating": 4.94, "reviews": [{"name": "Kev", "date": "2016-01-03", "review": "Leanne was very kind and welcoming throughout my stay at her place. The room was extremely clean and the bed was really comfortable! Very positive experience. "}, {"name": "Prash", "date": "2017-04-11", "review": "Leanne's place is great. The room was clean and tidy. She made every effort to make sure the stay is pleasant. <br/>It's well connected and has easy access to shops supermarket and the City. <br/>Having a parking is definitely a plus point."}, {"name": "Diana", "date": "2017-04-25", "review": "That's a really beautiful place, not far away from the city. The room was clean and hosts were really nice. I would recommend it to everyone who likes quiet places. "}, {"name": "Hugo", "date": "2017-04-30", "review": "Really good location, lovely home and amazing hosts, thank you for this really pleasant stay."}, {"name": "Nadine", "date": "2017-05-08", "review": "The place is furnished very nice and the bed supercomfortable. We could also use the kitchen, backyard and washing machine which was great. The location is perfect as there are frequent and often direct busconnection to every corner of London. Leanne and her friendly flatmates did make our stay very relaxed."}, {"name": "Lucy", "date": "2017-05-14", "review": "Perfect place, just what I needed. Leanne was very accommodating as I booked last minute so she whizzed round getting the place ready for me. She was friendly and the house was lovely. Comfy bed and a nice space on the top floor. Wouldn't hesitate to stay here again or recommend to anyone. <br/>Thanks again for having me :) "}, {"name": "Sabine", "date": "2017-05-29", "review": "We had a great stay with Leanne! Her home is lovely and she was a great and accommodating host. "}, {"name": "Chulin", "date": "2017-06-19", "review": "Amazing host, amazing place!"}, {"name": "Jessica", "date": "2017-07-01", "review": "Leanne was one of the most friendly host I've ever met. She did her best to help us with everything we needed. The house was comfortable and although it's not very close to the tube station, the bus stations near to her place can bring you to almost everywhere you'd like to visit in London!"}, {"name": "Francine", "date": "2017-07-04", "review": "This was such a comfortable space to stay in. Tastefully decorated and equipped with a comfortable bed and quality linens. The room is large and light, with a couch and sitting area. The whole house is beautiful, clean and well kept. Leanne and her roommates were gracious and giving and delightful to meet. Central London is an easy commute via bus, I was very happy with the location. I would certainly stay here again."}]}