{"id": 10079888, "listing_url": "https://www.airbnb.com/rooms/10079888", "name": "Spacious bright modern flat in Hampstead Heath", "description": "Stunning and centrally located 1 bedroom flat in the elegant and peaceful Hampstead Heath area. <br /><br />All bills / Virgin Media fibre broadband included<br /><br />Available for viewings - please get in touch!<br /><br /><b>The space</b><br />The flat is on the top floor of a private building and has been recently completely renovated to very high standards. It features wooden and tile flooring, large panoramic double glazed windows and a balcony with garden view. <br />It is extremely quiet and very bright with lots of light coming in from both sides of the building.<br /><br />The flat is very spacious and consists of:<br /><br />- Living/dining room with large windows and garden view <br />- Large double bedroom with built in closet and panoramic window<br />- Large fully equipped kitchen ( plates, kitchen utensils,  washing machine, dishwasher, ventilated oven etc. )<br />- Completely renovated tiled bathroom with tub <br />- Small entrance / storage room<br />- Balcony with g", "host_name": "Bianca", "host_id": 5743037, "host_url": "https://www.airbnb.com/users/show/5743037", "host_picture_url": "https://a0.muscache.com/im/users/5743037/profile_pic/1366886882/original.jpg?aki_policy=profile_x_medium", "neighbourhood_cleansed": "Camden", "latitude": 51.55672, "longitude": -0.16182, "property_type": "Entire rental unit", "room_type": "Entire home/apt", "accommodates": 2.0, "bathrooms": 1.0, "bedrooms": 1, "beds": 1, "amenities": ["Essentials", "Wifi", "Oven", "Washer", "Long term stays allowed", "Host greets you", "Cooking basics", "Smoke alarm", "Hair dryer", "Carbon monoxide alarm", "Kitchen", "Heating", "Hot tub"], "price": 97.0, "numbers_of_review": 3, "review_scores_rating": 4.0, "reviews": [{"name": "Sadun", "date": "2018-01-05", "review": "-Very good location: close to Belsize Park and Hampstead Heath stations<br/>-Spacious Flat: very large for a one bed flat.<br/>-Good communication: Bianca was helpful and friendly<br/>-Good internet<br/>-Poor hygiene"}, {"name": "Zhigang", "date": "2019-10-14", "review": "\u623f\u4e1c\u70ed\u60c5\u53cb\u597d\uff0c\u516c\u5bd3\u6e29\u99a8\u5b89\u9759\uff0c\u4ea4\u901a\u4fbf\u5229\u3002"}, {"name": "Emma", "date": "2019-12-30", "review": "This flat is in a great location, right be the Heath.  Also very quiet.  Bianca was excellent to communicate with.  As per previous comments - it could be cleaner."}]}