{"id": 10080136, "listing_url": "https://www.airbnb.com/rooms/10080136", "name": "Fantastic London Kensington Flat!", "description": "You don't get a better location in Central London- South Kensington! Located less than a 2 minute walk from the Gloucester Road Tube Station it's only a short walk to Hyde Park, the museums and many great restaurants and bars. 1 BR / Sleeps 3.<br /><br /><b>The space</b><br />This apartment is spacious, modern, and has a lot of charm!<br /><br />The bedroom has a comfy double-bed and plenty of storage space.  We have a spare bed for a third guest which is a comfortable fold-down, roll-away bed.<br /><br />We've done our best to provide everything you need, so you can feel as if you are at home - all the cooking supplies, kitchen utensils and basics you need to whip up a wonderful home-cooked meal!<br /><br />For added convenience, we also have a printer in case you need to print tickets or other documents during your stay.<br /><br />If you have any special requests, feel free to ask - we will do our best to accommodate your needs.<br /><br /><b>Guest access</b><br />You will have acce", "host_name": "Bart", "host_id": 51723823, "host_url": "https://www.airbnb.com/users/show/51723823", "host_picture_url": "https://a0.muscache.com/im/pictures/user/414ad3ae-c869-4ab8-9948-b1faa381b751.jpg?aki_policy=profile_x_medium", "neighbourhood_cleansed": "Kensington and Chelsea", "latitude": 51.49314, "longitude": -0.1862, "property_type": "Entire rental unit", "room_type": "Entire home/apt", "accommodates": 3.0, "bathrooms": 1.5, "bedrooms": 1, "beds": 2, "amenities": ["Extra pillows and blankets", "First aid kit", "Oven", "Fire extinguisher", "Hair dryer", "Private entrance", "Hangers", "Crib", "Dishes and silverware", "Essentials", "Shampoo", "TV with standard cable", "Cooking basics", "Bed linens", "Carbon monoxide alarm", "Indoor fireplace", "Wifi", "Heating", "Coffee maker", "Dishwasher", "Long term stays allowed", "Keypad", "Microwave", "Refrigerator", "Iron", "Kitchen", "Stove", "Hot water", "Washer", "Smoke alarm", "High chair", "Dryer", "Cable TV"], "price": 144.0, "numbers_of_review": 148.0, "review_scores_rating": 4.82, "reviews": [{"name": "Rinor", "date": "2016-01-02", "review": "Lovely stay at Barts place, nice & spacious apartment with comfortable bed and he was kind enough to leave drinks, tea and cereal I felt very welcomed and couldn't have asked for more. Would recommend."}, {"name": "Victoria", "date": "2016-02-08", "review": "Bart's place is great, really is home away from home with everything you need. Large apartment, lots of storage, tube is 2mins away, plenty of restaurants to choose from on your doorstep. Would definitely recommend and stay again. Thank you guys. "}, {"name": "Ewelina", "date": "2016-02-27", "review": "Bart's place is in a top location with plenty restaurants around, 2 min walk to Waitrose, Tesco, Boots and Gloucester Road tube station. The apartment is cosy and clean with well equipped American Kitchen, fireplace for winding down and even a printer for your needs. Bart and Rene were also very forthcoming to assists whenever requested. I can just recommend his place and would be happy to come back on my next trips. "}, {"name": "Simon", "date": "2016-04-13", "review": "This apartment is in a terrific location, just two minutes walk from Gloucester Road tube.  Bart is a great host.  The apartment was spotless and very spacious.  He met me at the property to hand over the keys and make sure I uderstood how everything worked.  I will definitely stay again if the apartment is available next time I need to be up in town."}, {"name": "Ad", "date": "2016-04-23", "review": "My wife and I had a wonderful holiday staying at Bart's place. It really did feel like a home-away-from-home. It had everything one would need in a home. Extremely convenient: A couple of mins walk from the Tube/Bus. There's also a lot of restaurants, food and coffee joints a few mins away too. We especially loved the neighborhood as it was a quiet and beautiful area and we will definitely stay here again for our next London trip. Thank you Bart!"}, {"name": "Peter", "date": "2016-04-26", "review": "The room was wonderful. Spacious and modern. Very nice price to quality ratio. "}, {"name": "Fanny", "date": "2016-05-04", "review": "Tr\u00e8s bonne adresse ! Nous avons pass\u00e9 un tr\u00e8s bon s\u00e9jour dans cet appartement . Il est bien situ\u00e9 \u00e0 3mn du m\u00e9tro et \u00e0 10 mn de Hyde park. Les photos sont bien  repr\u00e9sentatives, et il y a tout ce qu'il faut pour passer un bon s\u00e9jour. J'imagine que cet appartement n'est pas tr\u00e8s lumineux, mais nous n'y \u00e9tions pas en journ\u00e9e donc ce n'\u00e9tait pas un pb pour nous! <br/>Par ailleurs Bart est tr\u00e8s sympa et accessible, il a fait en sorte que nous ne manquions de rien . Nous n'avons pas eu la chance de nous rencontrer mais son ami Ren\u00e9 avec qui nous avons fait le check in/out est \u00e9galement tr\u00e8s disponible et sympa. On reviendra et on recommande !<br/>Very nice apartment! We had a great time in there. It's Near to the underground and Hyde park. There is everything you need in the flat. In addition Bart is very nice and answered all the questions we had. Unfortunately we hadn't the chance to meet but maybe next time! We've met his friend Ren\u00e9 for check in/out and he is very nice too ! We recommand this place, and I will definitely book here again !"}, {"name": "Marina", "date": "2016-05-08", "review": "Everything was lovely, the location, the apartment and hospitality. "}, {"name": "Lindsay", "date": "2016-05-11", "review": "Great location - nice area and close to the station. Really nice apartment, ideal for what we needed. Friendly and helpful host! Had a lovely time and would definitely visit again! "}, {"name": "Fiona", "date": "2016-05-14", "review": "Communicating with Bart was very easy. We didn't meet, but his friend Rene was there to meet me on arrival and to show me around. During my stay he was available by text and dealt with a query rapidly.\r<br/>The apartment was lovely - really well presented, very clean and with everything required. It's a lower ground floor flat, but light and airy. The location, just a few minutes from the underground, was perfect with great local shops and restaurants. I'd really recommend it as a place to stay."}]}