{"id": 10082714, "listing_url": "https://www.airbnb.com/rooms/10082714", "name": "Dlb Room close to BelsizePark Tube", "description": "Cosy double bedroom is available in the stucco fronted flats unique to Belsize Park, one of the most trendy London neighbourhoods. The fully furnished flat is located in the heart of Belize Park, and only 4 minutes walk to Belsize Park tube station.<br /><br /><b>The space</b><br />This is a spacious two bedroom flat in a historical building at the heart of Belsize Park.  The room is furnished with a double bed, desk, bedside table, built-in shelf and plenty of wardrobes. The flat has a large living room with a dining area (wooden flooring) a kitchen (gas stove, washing machine, fully equipped with cooking gear) , and a shared bathroom.<br /><br /><b>Guest access</b><br />Feel free to access any area of the flat, apart from my room.", "host_name": "Josh", "host_id": 3460204, "host_url": "https://www.airbnb.com/users/show/3460204", "host_picture_url": "https://a0.muscache.com/im/pictures/user/4a4c9ee6-73bd-4632-bd1b-93fee11ed9dc.jpg?aki_policy=profile_x_medium", "neighbourhood_cleansed": "Camden", "latitude": 51.54713, "longitude": -0.16524, "property_type": "Private room in rental unit", "room_type": "Private room", "accommodates": 2.0, "bathrooms": 1.0, "bedrooms": 1, "beds": 1, "amenities": ["Essentials", "Wifi", "Washer", "Long term stays allowed", "Shampoo", "TV with standard cable", "Fire extinguisher", "Smoke alarm", "Kitchen", "Cable TV", "Heating"], "price": 45.0, "numbers_of_review": 3, "review_scores_rating": 4.67, "reviews": [{"name": "Bronagh", "date": "2016-02-27", "review": "Josh's place was in a perfect location,very close to shops and the tube/ bus stops to get into central London. The neighbourhood was quiet and I felt very safe there. The flat was as described,clean with amenities provided including tea,coffee,extra duvet,use of tv and living area.I felt extremely comfortable sharing the flat with Josh he is really friendly and very easy to get along and live with. Would recommend."}, {"name": "Paul", "date": "2016-03-24", "review": "I loved staying at Josh's place so much that I've already booked my second and third stays! The flat is exactly as shown in the photos, its a really nice and quiet apartment and the bed is very comfortable too. As Josh works in IT you can imagine that the wifi connection is super fast and reliable! A great host and a really awesome guy in general. Look forward to more stays here soon! "}, {"name": "Moix", "date": "2016-04-30", "review": "El apartamento  esta en un barrio muy bien conectado justo alado del metro y cerca del centro....<br/>Josh nos atendi\u00f3 bien y nos informo de cualquier duda."}]}