{"id": 1008996, "listing_url": "https://www.airbnb.com/rooms/1008996", "name": "Lovely guest room en-suite bath", "description": "Beautiful guest room with ensuite in London's prime location and most beautiful areas directly located on Hyde Park/Kensington Gardens.<br /><br /><b>The space</b><br />Large double bed room with ensuite bathroom in a luxurious flat in Lancaster Gate and close proximity to Paddington station. The large guest room (160 sqft) is luxurious furnished with a very comfortable Queen size bed and thick pocket spring mattress, feather bedding in crisp white bed linen. White towels and some toiletries will be provided plus unlimited Wifi access. The flat is in one of London's prime locations within 5min walking distance to Lancaster Gate tube station in a beautiful Georgian building with a view over Kensington Gardens/Hyde Park. Shops and restaurants and all other amenities at the door steps.<br /><br /><b>Guest access</b><br />Guest room and own ensuite bathroom only", "host_name": "Tim", "host_id": 2963769, "host_url": "https://www.airbnb.com/users/show/2963769", "host_picture_url": "https://a0.muscache.com/im/users/2963769/profile_pic/1364834498/original.jpg?aki_policy=profile_x_medium", "neighbourhood_cleansed": "Westminster", "latitude": 51.51089, "longitude": -0.17878, "property_type": "Private room in rental unit", "room_type": "Private room", "accommodates": 1.0, "bathrooms": 1.5, "bedrooms": 1, "beds": 1, "amenities": ["Hot water", "Washer", "Long term stays allowed", "Free street parking", "Heating", "Wifi"], "price": 95.0, "numbers_of_review": 117.0, "review_scores_rating": 4.77, "reviews": [{"name": "Khalid", "date": "2013-06-21", "review": "Accommodation was more than impressive, all the comfort and luxury and hygiene were available in this accommodation.<br/> please do not hesitate to try it."}, {"name": "Ian", "date": "2013-08-12", "review": "Spacious room, great facilities, gracious host, excellent location, and still one of the cheapest places listed.\r<br/>Would love to go back next time I'm in London."}, {"name": "Paul-\u00c9tienne", "date": "2013-09-11", "review": "Tim's place is HUUGE and clean. \r<br/>Plus, the area is great : Bayswater meets Notting Hill.\r<br/>You can't go wrong here. \r<br/> \r<br/> "}, {"name": "Robert", "date": "2013-09-14", "review": "Tim\u00b4s place was great! We felt very comfortable and we absolutely enjoyed our stay in his flat. Tim is a great host, helpful, friendly and will give you a lot of nice tips where you can go to e.g. restaurants, shops or whatever you need. \r<br/>We highly recommend to stay at his place.\r<br/>It was nice to meet Tim and be a guest in his pretty place.\r<br/>Whenever we come back to London we would love to stay there again! Better than hotels!!!\r<br/>Robert & Karl-louis"}, {"name": "Thomas", "date": "2013-12-08", "review": "It was an absolute delight to stay here. The location is perfect with easy access to circle and central lines and also all of what Notting Hill has to offer. The room is clean comfortable and very very large. The apartment is lovely. Tim is easy going and perfect gent. I recommend staying here whole heartedly.   "}, {"name": "Dalia", "date": "2014-10-14", "review": "Tim was an exceptional host and his flat is in pristine condition! The double bedroom and en-suite bathroom were perfectly clean, comfortable and quite large comparative to London housing. Tim provided soap, towels, etc. The location is unbeatable with Hyde Park just a step away and 3 underground stations within close walking distance. Tim himself was extremely helpful and generous. I am new to London and Tim went out of his way to give me advice and recommendations. He was also very flexible with my check-out time. Thanks Tim!"}, {"name": "Billee", "date": "2014-10-30", "review": "Tim has a elegant and beautiful apartment, with a bedroom (and en-suite) that is spacious and comfortable. The location central and well contacted by buses, tubes and trains. \r<br/>I had a very nice stay and it was lovely to meet and chat with Tim, he was a friendly and gracious host and made me feel very welcome in his home. I would definitely stay again and recommend. Thank you"}, {"name": "Moxon", "date": "2014-11-23", "review": "Tim is really a nice person!! He is enthusiastic and polite who makes me feel very easy to live in the apartment. The upholster of the bedroom and living room are both very beautiful which makes me feel relaxed and enjoyable. One thing I have to say is that the bed is really comfortable. So there is no doubt that you will have a very good sleep here. About the location, it is easy to find. You can take bus or underground. Both of them are convenient. All in all, It's a good experience and I must see Tim again soon! "}, {"name": "Xi", "date": "2014-12-04", "review": "Absolutely fantastic! The room is spacious with style. Location is perfect with walking distance to Tube and Hyde Park. Tim is helpful and reply to every question  very soon. Unfortunately he was out for business trip so I have not had the pleasure to meet him, but his friend took good care of everything. I would recommend all my friends to stay with Tim while they are in London."}, {"name": "Katharina", "date": "2014-12-07", "review": "I just returned from staying at Tim's place and am already looking foward to going back soon. From the moment I booked, Tim was very gracious and obliging, always helpful and quick to respond. He went out of his way to make me feel welcome and comfortable at his home. Despite my busy schedule, we had the pleausure to meet and chat, which I found absolutely delightful. His flat is beautifully furnished, immaculate and perfectly located. With Hyde Park at its door step and Lancaster Gate tube station only a 2-minute walk away, you have all the great sights and places practically at your fingertips. I would recommend staying at Tim's to anyone looking to explore London from the comfort of a beautiful home."}]}