{"id": 10099708, "listing_url": "https://www.airbnb.com/rooms/10099708", "name": "Enormous one bedroom Apartment KR", "description": "One Bedroom apartment with a super king bed, and a vast triple-faced sitting room facing onto the King's Road;  a minutes' walk away from some of the most notorious shops, clubs and restaurants in Chelsea. Bathroom and Kitchen are on the landing.<br /><br /><b>The space</b><br />Our apartment offers you the opportunity to spend your holidays at one of the most notorious addresses in London, Chelsea. A modest sized Kitchen and Bathroom on the public landing make for a significantly reduced rate for the area.<br /><br /><b>Guest access</b><br />The Bedroom and Bathroom can be accessed from the landing, the keys are specific to your apartment. There is another flat in the building above you, occupied by a mother and daughter.<br /><br /><b>Other things to note</b><br />I'm renting the place over the general Christmas period, including New Years. Should you wish to have people over for drinks, for then or any other time, give me a message beforehand and I will let the neighbours know.", "host_name": "Oscar", "host_id": 46626993, "host_url": "https://www.airbnb.com/users/show/46626993", "host_picture_url": "https://a0.muscache.com/im/pictures/user/146e2caf-3702-46e7-9384-9380613d4f81.jpg?aki_policy=profile_x_medium", "neighbourhood_cleansed": "Kensington and Chelsea", "latitude": 51.48745, "longitude": -0.17085, "property_type": "Entire rental unit", "room_type": "Entire home/apt", "accommodates": 2.0, "bathrooms": 1.0, "bedrooms": 1, "beds": 2, "amenities": ["Essentials", "Wifi", "First aid kit", "Washer", "Shampoo", "TV", "Fire extinguisher", "Smoke alarm", "Iron", "Dryer", "Hangers", "Kitchen", "Heating"], "price": 99.0, "numbers_of_review": 17.0, "review_scores_rating": 4.59, "reviews": [{"name": "Max", "date": "2015-12-31", "review": "Only stayed for 1 night, but it fully suited our needs. Oscar is a great guy, and was super communicative leading up to our arrival. Was very helpful in getting us checked in and running us through the apt. The flat is a little unfurnished right now, but Oscar just moved in and the place will soon be a great place to stay for those looking for a flat in the awesome neighborhood of Chelsea. Right on the main drag with loads of  shops & restaurants, and a quick 15 min walk to the nearest tube station. Would highly recommend to future guests. The satchi museum is right down the block too, highly recommend!"}, {"name": "Dan", "date": "2016-01-03", "review": "Oscar was a great host. The apartment has all the amnesties that you need and it is so close to major public transportation routes. Plus, in the heart of Chelsea - great restaurants and great nightlife. I would highly recommend."}, {"name": "Yunyi", "date": "2016-02-07", "review": "It was a lovely time in Oscar's place. He provided everything we needed and the transportation was super convenient. It is perfect enough to earn five stars."}, {"name": "Noah", "date": "2016-02-09", "review": "Oscars place is in a convenient location. It had everything I needed for my stay. I wouldn't hesitate to recommend it."}, {"name": "Brendan", "date": "2016-02-14", "review": "Oscar was great and the apartment was huge! Much bigger in person than it looks in the pictures. The area was great as well. The bathroom was separated from the main apartment but it didn't seem like anyone else used it or stayed in the building so it was a non issue. I would definitely stay here again!"}, {"name": "Tyler", "date": "2016-02-20", "review": "terrific on all fronts. great place and great location. gorgeous living room."}, {"name": "Elizabeth", "date": "2016-02-22", "review": "Lovely welcome and just what I needed. Fantastic location and very spacious. Thanks Oscar."}, {"name": "Leroy", "date": "2016-02-27", "review": "Nice easy location, friendly host didn't meet Oscar cause he was away, but his dad was very friendly, lovely cosy bed, recommend to anyone wanting to saying in London  "}, {"name": "Rach", "date": "2016-02-28", "review": "Great communication, HUGE flat! Very comfy bed!! Loved the piano in the living room, wish we could have stayed longer."}, {"name": "Charles", "date": "2016-03-03", "review": "All arrangements were very smooth and I was made to feel welcome"}]}