{"id": 10094145, "listing_url": "https://www.airbnb.com/rooms/10094145", "name": "Cosy 1 Bedroom Flat Islington", "description": "This bright apartment with its great location is 12 min walk to Angel station and Kings Cross. 5 min walk to Caledonian Overground. Fully equipped. 10 min from the vibrant lovely Upper Street which is famous for its' cafes, pubs and beautiful shops.", "host_name": "Isabel", "host_id": 7940578, "host_url": "https://www.airbnb.com/users/show/7940578", "host_picture_url": "https://a0.muscache.com/im/users/7940578/profile_pic/1443614714/original.jpg?aki_policy=profile_x_medium", "neighbourhood_cleansed": "Islington", "latitude": 51.53841, "longitude": -0.11526, "property_type": "Entire rental unit", "room_type": "Entire home/apt", "accommodates": 4.0, "bathrooms": 1.0, "bedrooms": 1, "beds": 2, "amenities": ["Wifi", "Washer", "Smoke alarm", "Kitchen", "Heating"], "price": 79.0, "numbers_of_review": 1, "review_scores_rating": 5.0, "reviews": [{"name": "Aurelie", "date": "2016-06-01", "review": "Logement bien situ\u00e9, tr\u00e8s spacieux, agr\u00e9able. Horaires de d\u00e9part et d'arriv\u00e9e flexibles. Notre h\u00f4te n'\u00e9tait pas pr\u00e9sente mais avait tout programm\u00e9 pour nous accueillir au mieux."}]}