{"id": 10097696, "listing_url": "https://www.airbnb.com/rooms/10097696", "name": "New Luxury Central London Flat / Apartment - Zone1", "description": "Our brand new apartment is located just above the 30th floor in one of central London's newest buildings.  <br /><br />* Amazing views of London<br />* Less than 1-minute walk from Elephant & Castle Underground Station<br />* 24-hour Concierge<br />* Zone 1<br />* Orthopedic Bed<br />* Unlimited access to Netflix, Amazon Video, and BBC iPlayer <br />* 42-inch TV<br />* Deep cleaned with professional cleaning company<br /><br /><b>The space</b><br />This is our first time hosting on Airbnb - so we are keen to keep our guests happy! When we are not using the property ourselves, we'd love to host others. <br /><br />This apartment is in a brand new building - London's tallest residential tower! It is also one of the most energy efficient buildings in London! <br /><br />We are located in Zone 1 - so you'll never be more than a quick train/bus/bike or even walk from London's most amazing tourist attractions. <br /><br />For example, the Houses of Parliament are 5 minutes away on the train.", "host_name": "James", "host_id": 51818360, "host_url": "https://www.airbnb.com/users/show/51818360", "host_picture_url": "https://a0.muscache.com/im/pictures/user/e349a6f0-41a8-458d-bb28-766c28ebf6be.jpg?aki_policy=profile_x_medium", "neighbourhood_cleansed": "Southwark", "latitude": 51.49742, "longitude": -0.10211, "property_type": "Entire rental unit", "room_type": "Entire home/apt", "accommodates": 3.0, "bathrooms": 1.0, "bedrooms": 1, "beds": 1, "amenities": ["Extra pillows and blankets", "First aid kit", "Oven", "Fire extinguisher", "Hair dryer", "Wine glasses", "Hangers", "Cleaning products", "Dishes and silverware", "Essentials", "Shampoo", "Cooking basics", "Single level home", "Clothing storage: wardrobe", "Bed linens", "Carbon monoxide alarm", "Bathtub", "Shower gel", "Heating", "Children\u2019s books and toys", "Wifi \u2013 34 Mbps", "Coffee maker", "Free dryer \u2013 In unit", "Dishwasher", "Long term stays allowed", "Hot water kettle", "Microwave", "Portable fans", "Refrigerator", "Room-darkening shades", "Iron", "Body soap", "Drying rack for clothing", "42\\ HDTV with premium cable", "Amazon Prime Video", "Netflix", "Kitchen", "Stove", "Toaster", "Conditioner", "Dedicated workspace", "Hot water", "Paid parking off premises", "Elevator", "Smoke alarm", "Free washer \u2013 In unit", "Ethernet connection", "Lockbox", "Freezer"], "price": 150.0, "numbers_of_review": 169.0, "review_scores_rating": 4.8, "reviews": [{"name": "Lily", "date": "2016-01-01", "review": "We booked this apartment last minute and everything was perfect. The apartment was very clean and in a brilliant location. The owners were also very helpful with any questions we had. We were very sad to leave and hope to go back one day soon! I would highly recommend this flat to everyone. Oh and being on the 30th floor meant that the views were also incredible.\r<br/>\r<br/>Lily and Chris"}, {"name": "Alessio", "date": "2016-01-02", "review": "Very responsive in the communication, friendly and happy to help with anything I needed. The flat was clean, very close to the station, and the view was great from the 30th floor! Highly recommended. "}, {"name": "Laurine Et K\u00e9vin", "date": "2016-01-10", "review": "It's a very beautiful apartment with an extraordinary view!! The tubes are at 1 minute of walk! This district is growing up but secure and calm.  <br/>The Shoukat's son was very helpful and very nice!<br/>We recommend you this apartment. "}, {"name": "Emma", "date": "2016-01-13", "review": "Shoukat is a very friendly and helpful host. He provided a lot of amenities and gave me a lot of information of the area. The flat itself is iconic - I have long heard of the Strata building but actually staying in it is even better. The view is amazing from 30 floors up! The flat is brand new and very clean - and very nice kitchen and bathroom too. Fantastic experience!"}, {"name": "Emily", "date": "2016-01-17", "review": "Shoukat was an exceptional host and very attentive to my needs whilst staying at his apartment. The apartment itself was amazing, with a short walking distance to tube/train station, shops and restaurants also with the view over London being an added bonus!! Would 100% be staying here again in the future."}, {"name": "\uc0c1\ubbfc", "date": "2016-01-27", "review": "First. This host is very kind and his feedback is very quick. I was suprised because his kindness and house's view. His home's view is good at night and morning. If you meke your wonderful trip in london, you must stay here"}, {"name": "Michael", "date": "2016-01-31", "review": "We were made really welcome. The apartment was lovely, within walking distance of Westminster Bridge and with easy access to the West End. We will stay here again when we. Is it London"}, {"name": "Felicitas", "date": "2016-02-08", "review": "The flat is so cool, it has the most amazing view ever. It was also bigger than we expected. We were three people who stayed there and it was just right for us. Beds were very comfortable. The host was very nice, he also left some food for us in the fridge.  We had to leave very early in the morning and it was absolutely no problem."}, {"name": "Pavla", "date": "2016-02-10", "review": "Shoukat is really nice host. He replied to all our messages very quick. He explained everything so we didn't have any problems to find it and to get to the apartment. We didn't meet him in person because we arrived very late and left early in the morning. Apartment is very nice and it looks the same as in the photos. Didn't feel small at all. The view was stunning! Couldn't take my eyes of it. The apartment is really close from metro station."}, {"name": "Rob", "date": "2016-02-14", "review": "I knew the building before I stayed here so knew what to expect, and that is a hotel like experience and a well proportioned flat. Everything we could need was there for us and the views from the flat are phenomenal. Hosts were easy to communicate with and check in and out were seamless thanks to concierge desk. Would not hesitate to stay here again... in fact I am now even interested in buying a place in the building! Cant think why, if given the option, anyone would stay in a nearby hotel when you can get this! All of London is within easy reach as the tube is at the doorstep.  "}]}