{"id": 10095559, "listing_url": "https://www.airbnb.com/rooms/10095559", "name": "Studio flat in central London Zone1", "description": "A studio flat right in the centre of London Zone 1 with Tower Bridge, London Bridge, Tate Modern, Borough Market, bars, restaurants, cafes on the doorstep. Near Borough and London Bridge tube stations. It's the perfect pied a terre. Free parking.<br /><br /><b>The space</b><br />The studio is bijou but does have a fully equipped kitchen, a bed and a sofa + sofa table. The local area has everything you'll ever need so we see this flat as a chance for guests to lay their heads at the end of a busy day shopping and/ or eating and drinking/ enjoying what London has to offer. Free parking is available on site.<br /><br /><b>Guest access</b><br />The flat is yours during your stay. We ask that there are no more than two people staying at the flat during any one time and no smoking please.<br /><br /><b>Other things to note</b><br />The flat is on the first floor and there is no lift.", "host_name": "Sandra", "host_id": 37709974, "host_url": "https://www.airbnb.com/users/show/37709974", "host_picture_url": "https://a0.muscache.com/im/pictures/user/c6a5d9f5-6526-41ec-bedf-5af2f0b246d5.jpg?aki_policy=profile_x_medium", "neighbourhood_cleansed": "Southwark", "latitude": 51.49686, "longitude": -0.08412, "property_type": "Entire rental unit", "room_type": "Entire home/apt", "accommodates": 2.0, "bathrooms": 1.0, "bedrooms": null, "beds": 2, "amenities": ["Essentials", "Washer", "Free parking on premises", "Long term stays allowed", "Smoke alarm", "Carbon monoxide alarm", "Hangers", "Kitchen", "Heating"], "price": 57.0, "numbers_of_review": 2, "review_scores_rating": 4.0, "reviews": [{"name": "Alexandra", "date": "2016-01-03", "review": "Tout a \u00e9t\u00e9 parfait. Sandra et son marri sont des h\u00f4tes pr\u00e9venants et attentionn\u00e9s. Ils nous ont aid\u00e9 et donn\u00e9 des conseils pratiques avant m\u00eame le d\u00e9part. \r<br/>L'appartement, tout simple, est bien situ\u00e9, proche du m\u00e9tro et le quartier plus sympa qu'esp\u00e9r\u00e9. \r<br/>"}, {"name": "Anna", "date": "2016-01-19", "review": "Sandra was a wealth of information, going above and beyond to provide maps and directions from three different tube stations. The flat is small, but perfect for what we needed -- a comfy bed, a nice bathroom, and a kitchen. The location is close to the Southbank, perfect for walking to the Globe and Borough Market, and close to two tube stations on the Northern line. Thanks for providing a nice home-base for our tourist weekend!"}]}