{"id": 10093746, "listing_url": "https://www.airbnb.com/rooms/10093746", "name": "1 Bed Top Floor with Balcony - Shoreditch/Dalston", "description": "Bright living space and incredible view of the city. <br /><br />Rights next to the Regent Canal with plenty of bars and the chance to take a walk in one of the most beautiful and less touristic parts of London.<br /><br />Space is good for couples and business travellers (the City and Chancery Lane/Hoxton are within 20 mins distance).<br /><br />Bedroom gets fully black out as all windows have roller shutters.<br /><br />Please note listing is not suitable for children<br /><br /><b>The space</b><br />Amazing premium flat situated in the ever popular and trendy area of Haggerston, less than 10 minutes walking distance from Shoreditch and Dalston. <br /><br />One large bedroom offering hotel grade bed linen and luxury mattress (1 Double & 1 Pouf single bed). The second bed is a sofa bed - clickclack and very comfortable.<br /><br />Fully equipped kitchen, bathroom with bath and shower. Balcony with the best views of London's skyline.<br /><br />Fresh linen and towels provided as well a", "host_name": "Loredana", "host_id": 27348196, "host_url": "https://www.airbnb.com/users/show/27348196", "host_picture_url": "https://a0.muscache.com/im/pictures/user/dbd75c9a-73dd-4de2-b89d-9dd829b6d604.jpg?aki_policy=profile_x_medium", "neighbourhood_cleansed": "Hackney", "latitude": 51.53637, "longitude": -0.07635, "property_type": "Entire rental unit", "room_type": "Entire home/apt", "accommodates": 2.0, "bathrooms": 1.0, "bedrooms": 1, "beds": 2, "amenities": ["Oven", "Hair dryer", "Wine glasses", "Dining table", "Hangers", "Cleaning products", "Dishes and silverware", "Luggage dropoff allowed", "Essentials", "Shampoo", "Baking sheet", "Cooking basics", "Single level home", "Clothing storage: wardrobe", "Bed linens", "Carbon monoxide alarm", "Bathtub", "Shower gel", "Heating", "Wifi", "Coffee maker", "Dishwasher", "TV", "Hot water kettle", "Microwave", "Refrigerator", "Room-darkening shades", "Private patio or balcony", "Iron", "Body soap", "Drying rack for clothing", "Kitchen", "Conditioner", "Hot water", "Washer", "Paid parking off premises", "Elevator", "Smoke alarm", "Ethernet connection", "Dryer", "Lockbox", "Freezer"], "price": 85.0, "numbers_of_review": 54.0, "review_scores_rating": 4.78, "reviews": [{"name": "Ozan", "date": "2016-09-18", "review": "Flat was modern, clean and tidy. It was in a super location easy to reach everywhere. Loredana was helpful during our stay. Well recommended "}, {"name": "Ilja", "date": "2016-10-07", "review": "Loredana's place is an absolute gem. Very tastefully decorated, location close to the Overground, all you need for a pleasant stay..."}, {"name": "Martijn", "date": "2016-10-10", "review": "My mother and I had a very nice stay at the apartment during our weekend in London! \r<br/>The communication with Loredana went very fast and smooth, as did the check-in and hand-over of the keys. \r<br/>The apartment is really clean, light and just very comfortable.\r<br/>We loved the location as it's situated in a really nice neighbourhood.\r<br/>It has loads of lovely restaurants and nice places within a short walking distance, being especially close to the Shoreditch area.\r<br/>Haggerston overgorund station is a stones throw away so it's easy to get to other parts of London as well. \r<br/>Overall a great base for your time in London!"}, {"name": "Michael", "date": "2016-10-16", "review": "Loredana's place was as good as the pictures if not better. Clean, comfy, nice terrace, very well equipped and easy to reach, very close to Haggerston overground, which is always a plus. Would definitely recommend!"}, {"name": "B\u00f6rje", "date": "2016-10-20", "review": "+++++"}, {"name": "Natacha", "date": "2016-10-30", "review": "The apartment is super nice, very light, spacious and with a beautiful view. We loved every moment we stayed there. The bed is very comfortable and the bathroom has a bathtub and a shower. The area is nice, close from Shoreditch and Old Street. Lots of nice restaurant and bars. 3 mins walk from Haggeston station. \r<br/>An ideal place if you want to stay in Hackney!"}, {"name": "Benny", "date": "2016-11-08", "review": "Located near a station, very clean, well equipped with nice interior design. We felt very at home and enjoyed our stay a lot."}, {"name": "Siep", "date": "2016-11-14", "review": "very effici\u00ebnt for the purpose of our visit"}, {"name": "Barnie", "date": "2016-11-19", "review": "The apartment was amazing! It is superbright with a very very nice view. very spacious and a well equipped kitchen! \r<br/>The location was perfect! the bed was super comfy and Loredana is very helpful and supernice.\r<br/>actually I wanna stay there when I come to london next time! "}, {"name": "Mike", "date": "2016-11-22", "review": "Loredana's place was really special. Exactly as described and pictured, the apartment was a wonderful base in London for my business trip. Communication was superb throughout and basically, the entire experience couldn't have been better. Very highly recommended. The next time I come to London, I will be back in touch!"}]}