{"id": 10103204, "listing_url": "https://www.airbnb.com/rooms/10103204", "name": "Peaceful room in converted piano factory.", "description": "My quiet,  clean and modern apartment, close to Camden and all transport links, is a great place to stay whilst exploring London. Tea and coffee is also provided in your room.<br /><br /><b>The space</b><br />Great modern genuine warehouse conversion in a converted piano factory. Quiet street. Super secure. Double glazing. Underfloor heating throughout. Brand new shower room. King size bed, and single sofa bed if needed for an extra guest/child. Tea and coffee in room.<br /><br /><b>Guest access</b><br />There are lots of travel options and street parking during most hours.<br /><br /><b>Other things to note</b><br />Elevator access.<br />No outside shoes in the house please.", "host_name": "Iestyn", "host_id": 21585444, "host_url": "https://www.airbnb.com/users/show/21585444", "host_picture_url": "https://a0.muscache.com/im/pictures/user/00b3768e-7ede-4b81-9cf8-8caf7bcb65bb.jpg?aki_policy=profile_x_medium", "neighbourhood_cleansed": "Camden", "latitude": 51.54874, "longitude": -0.1461, "property_type": "Private room in rental unit", "room_type": "Private room", "accommodates": 3.0, "bathrooms": 1.0, "bedrooms": 1, "beds": 2, "amenities": ["Extra pillows and blankets", "Fire extinguisher", "Hair dryer", "Hangers", "Faith in Nature shampoo", "Dishes and silverware", "HDTV with Netflix", "Essentials", "Free street parking", "Single level home", "Bed linens", "Faith in Nature conditioner", "Carbon monoxide alarm", "Shower gel", "Wifi", "Heating", "Hot water kettle", "Host greets you", "Portable fans", "Room-darkening shades", "Outdoor dining area", "Iron", "Dedicated workspace", "Hot water", "Paid parking off premises", "Clothing storage: closet and dresser", "Elevator", "Smoke alarm", "Ethernet connection", "Laundromat nearby", "Faith in Nature body soap", "Outdoor furniture"], "price": 70.0, "numbers_of_review": 65.0, "review_scores_rating": 4.78, "reviews": [{"name": "Gregoire", "date": "2018-02-13", "review": "Great flat and comfy room ! Lestyn is a very nice host. Overground nearby but not too disturbing !"}, {"name": "Mathew", "date": "2018-05-15", "review": "Gorgeous apartment, very stylish and in a great location.<br/>Lestyn was really good with communication and check in, and then just left me to do my own thing which was perfect. Really nice place to stay at."}, {"name": "Barbara", "date": "2018-06-19", "review": "Great light, clean space in an area close to Camden but without all the tourism. Liked having my own bathroom. Contact with Iestyn was brief but good. Recommended!"}, {"name": "Jan-Willem", "date": "2018-06-24", "review": "Great place to stay and definitely recommend this to anyone!"}, {"name": "Edward", "date": "2018-07-07", "review": "Very stylish warehouse conversion in a great part of London. Close to the tube and Camden Town. There is a really great cafe called 'Map' close by - lots of delicious home cooked dishes and great cake! "}, {"name": "Christian", "date": "2018-07-09", "review": "Lestyn was a very accommodating host and very easy to communicate with. The place itself was incredibly stylish, immaculately clean and tidy. The room and bathroom were a very good size. A great location close to lots of transport links and only a short walk from shops, restaurants and bars. Although, it was on a very quiet residential road. I couldn\u2019t recommend Lestyn and his place enough."}, {"name": "James", "date": "2018-07-13", "review": "Comfortable, spacious room in a very stylish flat. Having our own bathroom was a bonus. The flat is on a quiet, pretty street in Kentish town - perfectly located for trips to North/North East/Central London. Lestyn was very friendly and helpful at check-in. Wouldn't hesitate to return or recommend to friends!"}, {"name": "Magali", "date": "2018-07-18", "review": "Lestyn has a really nice home, very clean and modern. It has a good location near Kentish Town Station and there are a few places to eat nearby. <br/>He responded to us really quickly and booked us with just a few days in advance and was available through WhatsApp to ask him anything we needed. Also, he was really kind to borrow us a fan for the second and third night as it was really hot in London those days. <br/>---------------------------------------------------------------------------------------------------<br/>La casa de Lestyn es muy bonita y moderna, queda cerca de Kentish Town Station, por lo cual es muy f\u00e1cil digirise a otros puntos de la ciudad desde all\u00ed y queda muy cerca de Candem Town. <br/>Nos reserv\u00f3 el lugar con muy poca anticipaci\u00f3n y estuvo siempre disponible por Whatsapp por cualquier consulta que quisi\u00e9ramos hacer. Nos prest\u00f3 su ventilador porque por la noche hac\u00eda mucho calor.<br/>\u00c9l vive all\u00ed pero no lo hemos cruzado mucho porque estuvimos todo el d\u00eda fuera paseando. "}, {"name": "Marcus", "date": "2018-07-29", "review": "the place is very nice, well renovated and in a nice area, close to pubs, Camden area, and very accessible by public transit for trips into the center. the elevator made it easy with luggage. great modern bathroom as well. The only drawback was that the bedroom door did not latch tight and with the window open would shake and make noise, kept me up a bit at night."}, {"name": "Benjamin", "date": "2018-08-10", "review": "Amazing host,  amazing apartment and fast responses! Would definitely use again. - Ben"}]}