{"id": 1011062, "listing_url": "https://www.airbnb.com/rooms/1011062", "name": "Large Single Bedroom-TV/Wifi  nr NPL & St Mary's", "description": "Great room overlooking the garden in a locality with excellent rail and bus links so that getting around locally and into London is very easy. Superfast WiFi, TV and Desk for studying. Great position if working at NPL or St Mary's University.<br /><br /><b>The space</b><br />Large bedroom overlooking garden available in a 4 bedroom house in Teddington, Middlesex. The bedroom has a pine double wardrobe, a pine chest of 5 drawers, pine writing desk with 7 drawers. There's a TV with freeview and superfast wifi internet. Private Shower room for guests. The pricing is for one occupant. I have a full size snooker table if you fancy a game and dartboard in the log cabin in the garden. Nice south facing garden. It's a quiet location near to good transport links. It's about an 8 minute walk to Teddington British Rail station - 30 mins to Waterloo. There are a couple of bus routes close by - No. 285 and X26 direct to Heathrow in about 35 mins or less. Hampton Court, Bushy Park & Richmond Park al", "host_name": "Graham", "host_id": 1940607, "host_url": "https://www.airbnb.com/users/show/1940607", "host_picture_url": "https://a0.muscache.com/im/users/1940607/profile_pic/1332099384/original.jpg?aki_policy=profile_x_medium", "neighbourhood_cleansed": "Richmond upon Thames", "latitude": 51.4296, "longitude": -0.3445, "property_type": "Private room in home", "room_type": "Private room", "accommodates": 1.0, "bathrooms": 1.0, "bedrooms": 1, "beds": 1, "amenities": ["Oven", "Fire extinguisher", "Hair dryer", "Private entrance", "Dishes and silverware", "Essentials", "Free parking on premises", "Shampoo", "Free street parking", "Cooking basics", "Carbon monoxide alarm", "Wifi", "Heating", "Coffee maker", "Long term stays allowed", "TV", "Microwave", "Refrigerator", "Shared fenced garden or backyard", "Kitchen", "Dedicated workspace", "Hot water", "Washer", "Smoke alarm"], "price": 39.0, "numbers_of_review": 130.0, "review_scores_rating": 4.93, "reviews": [{"name": "John", "date": "2013-10-01", "review": "The house is spacious and well kept in a nice street in Teddington - also well situated for travel and the local park. Graham is lively and very sociable and will try to find anything you might need. The adjoining bathroom is equipped with a very good shower and the bedroom overlooks the neat garden, which was regularly used for dining during a very pleasant English summer of 2013."}, {"name": "Leonard", "date": "2013-10-20", "review": "Graham and his girlfriend Grace were fantastic hosts and splendid company - I'm already looking forward to that game of snooker next visit, and more lively chat over dinner. I felt so welcome and at ease throughout my stay, their place is spotless, and the room was perfect - cozy, bright, and with plentiful cupboard space and lovely, large wooden desk. They also introduced me to the local area, providing helpful tips on transport around London and a wealth of other subjects. The neighbourhood is quiet and safe, full of character, and was ideally situated for catching up with nearby friends and events, as well as jaunts further afield. Thank you so much Graham and Grace! Looking forward too!\r<br/>"}, {"name": "David", "date": "2013-12-20", "review": "Graham is a great host and his partner, Grace, is very sweet and kind...a very friendly and welcoming household. It was very easy and stress free. Bus and train connections were close and convenient to get to Richmond, Twickenham, the West End and Heathrow. I was there for 6 weeks, coming and going at all hours with no problems. Had the use of refrigerator and washing machine to cook and wash easily.\r<br/>Graham and Grace were very friendly and easy to be with, but respected my privacy when I wanted it.\r<br/>I had a great experience with them and would hope to be able to stay there again when I come to London again. This is the ideal Airbnb experience.\r<br/>David G"}, {"name": "Diana", "date": "2014-03-15", "review": "Graham, Grace, and his friend Clive, made me feel very welcome and like one of the family. The house is lovely and clean and spacious. I was very comfortable and look forward to my next stay there."}, {"name": "Diana", "date": "2014-04-05", "review": "Graham and Grace are wonderful, open and like-able people. They really made me feel welcome and like an old friend. They opened their home to me completely. They included me in their lives and introduced me to their friends. Graham is very funny and helpful, and Grace is sensitive to what I am about. Together, Graham and Grace are the perfect couple and hosts."}, {"name": "Diana", "date": "2014-04-26", "review": "Graham, Grace and all of Graham's friends are lovely people. Graham always brightens up my day when he checks in with me in the evenings. I am very happy to know that my husband and I will have a friendly face in the neighbourhood when we get settled in our own place. I look forward to socializing with Graham and his friends even after I no longer stay at his place.\r<br/>\r<br/>I do have to say that Noddy scared the life out of me the other night when he 'jumped' off the table lamp onto the floor!"}, {"name": "Diana", "date": "2014-05-01", "review": "This was my first experience with airbnb staying with Graham.  Without a doubt he has to be the best and most fun host to have.  His house was beautiful and comfortable.  He taught me and my husband how to play snooker, and his partner Grace, who also was an amazing host shared her wine with me and I was all out.  He was such a delight and I will definitely stay again next time I'm in London.  You must give his house a try, I promise you won't regret it.  ~Alana Harndon"}, {"name": "Simon", "date": "2014-07-19", "review": "This was my first time with airbnb and I was pretty apprehensive...I needn't have worried as I couldn't have asked for a better introduction. Room was clean, shower was powerful and hot enough, and hosts Graham And Grace couldn't have been any more welcoming or helpful. This will be a hard act to follow...Simon Toyne"}, {"name": "Gregor", "date": "2015-06-12", "review": "Lovely host and very nice house. Highly recommended. Except when I want to stay there!"}, {"name": "Peter", "date": "2015-06-17", "review": "Graham and Grace were very welcoming. I enjoyed an interesting chat over a lovely supper cooked by Grace.\r<br/>\r<br/>The room and facilities were as described in a quiet road."}]}