{"id": 10110483, "listing_url": "https://www.airbnb.com/rooms/10110483", "name": "Double room to rent in Islington", "description": "Double bed in a private bedroom in a 3 bedroom flat in Islington. Fully fitted kitchen, washing machine, white goods. 2 bathrooms, central heating, spacious lounge, balcony. Close to local shops and transport, nightlife in Islington and Shoreditch.", "host_name": "Antony", "host_id": 36433902, "host_url": "https://www.airbnb.com/users/show/36433902", "host_picture_url": "https://a0.muscache.com/im/pictures/user/0fa27a18-bf9d-41ac-b4a4-12ecbb4a747d.jpg?aki_policy=profile_x_medium", "neighbourhood_cleansed": "Hackney", "latitude": 51.53921, "longitude": -0.08406, "property_type": "Private room in rental unit", "room_type": "Private room", "accommodates": 2.0, "bathrooms": 2.0, "bedrooms": 1, "beds": 1, "amenities": ["Essentials", "Wifi", "Washer", "Long term stays allowed", "TV", "Elevator", "Smoke alarm", "Kitchen", "Heating"], "price": 27.0, "numbers_of_review": 1, "review_scores_rating": 4.0, "reviews": [{"name": "Darren", "date": "2016-01-18", "review": "Room was just as advertised and conveniently placed. \r<br/>\r<br/>Hosts were welcoming and friendly and though I didnt see them very much they seemed down to earth and sociable. \r<br/>\r<br/>Thanks! "}]}