{"id": 10110536, "listing_url": "https://www.airbnb.com/rooms/10110536", "name": "Cosy Room close to Canary Wharf", "description": "Cosy Room with Double Bed, very close to Canary Wharf. Walking distance to Limehouse DLR and Mile End Tube Station. The flat also has a big living room and kitchen as well as a bathroom with a tub and separate toilet. No internet avail<br /><br /><b>Guest access</b><br />You can make use of the Kitchen, which has all necessary appliances and utensils. Feel free to use the living room as well.<br /><br /><b>Other things to note</b><br />Unfortunately, there is no internet at the house at the moment, since we are changing providers. There is however a BT Wifi Hotspot close by, where you can buy Internet Access if necessary.", "host_name": "Feym", "host_id": 41016753, "host_url": "https://www.airbnb.com/users/show/41016753", "host_picture_url": "https://a0.muscache.com/im/users/41016753/profile_pic/1439192664/original.jpg?aki_policy=profile_x_medium", "neighbourhood_cleansed": "Tower Hamlets", "latitude": 51.51411, "longitude": -0.02852, "property_type": "Private room in rental unit", "room_type": "Private room", "accommodates": 2.0, "bathrooms": 1.0, "bedrooms": 1, "beds": 1, "amenities": ["Essentials", "Wifi", "Washer", "Long term stays allowed", "Shampoo", "Smoke alarm", "Iron", "Hangers", "Kitchen", "Heating"], "price": 40.0, "numbers_of_review": 6.0, "review_scores_rating": 4.4, "reviews": [{"name": "Yanni & Michelle", "date": "2016-02-14", "review": "Very good place, cooooomfy bed, very clean room and house, close to public transport, easy to arrive, good area close to the town center, very nice people. Recommended!!!!"}, {"name": "Eva", "date": "2016-02-21", "review": "We felt welcome at that accommodation. Feym replied on my questions very quickly, described how to get there, was helpful. Everything at home was as described. Good for everyone who is looking for cheap, good and conveniently located room in London."}, {"name": "Alejandra", "date": "2016-03-23", "review": "Feym and Miguel were really kind, friendly and helpful. The house was really clean, comfortable and as the description. The kitchen had a lot of space and everything useful. There are two supermarkets besides the house and a bus stop right in front of it, which was really helpful. <br/>Recommended!! "}, {"name": "Jayesha", "date": "2016-03-24", "review": "Our stay with Feym was only for a night and while we did not meet him, he was warm and helpful over the phone and over text message, prompt with his replies. That said, we were a bit disappointed at the fact that none of the doors in the house had locks on them, and also that we arrived at the house at the time we'd agreed upon with Feym, but he and his flatmate got delayed so we had to wait on the steps for quite a while at the end of a long and tiring journey. While we understood that our host was very busy on that particular day, we would have appreciated it if he could have met us and been on time. Apart from that, the room we stayed in was comfortable and the flat has a pretty great bathroom too. Maybe next time if we have a longer stay with Feym, we will have a better experience. Thanks Feym"}, {"name": "Ana\u00efs", "date": "2016-03-27", "review": "Super! Le logement correspond \u00e0 la description. Feym donne toutes les infos n\u00e9cessaires pour faciliter la vie. Assez facile pour rejoindre le centre de Londres en m\u00e9tro. je recommande."}]}