{"id": 1011983, "listing_url": "https://www.airbnb.com/rooms/1011983", "name": "Cosy 1 bedroom house near River", "description": "A stunning 1 bedroom house with garden set over 2 floors within yards of the River Thames. This is perfect place to stay and explore London. Quiet location. Just 5 minutes away from Canary Wharf and O2 by train. And 6 min from Tower Bridge by tube.<br /><br /><b>The space</b><br />A charming house and in the wonderful Green and Waterside location, with Canada Water, Surrey Quays station close and the Riverbus Service also a short stroll away.<br />A stunning but compact house and garden, within yards of the River Thames, the Greenland Dock Marina, and both Canada Water and Surrey Quays Stations.<br />Greenland Pier is also just yards away, 4-5 minutes.<br />This is perfect place to stay and explore London.<br />Docklands is one of the most exciting new Tourist Attractions in London. A beautiful historic warehouses, old riverside pubs and impressive new developments enchant the wandering visitor. Docklands is a place of discovery. The fascinating past of the Tower of London alone makes ", "host_name": "Maral", "host_id": 5567294, "host_url": "https://www.airbnb.com/users/show/5567294", "host_picture_url": "https://a0.muscache.com/im/users/5567294/profile_pic/1365030569/original.jpg?aki_policy=profile_x_medium", "neighbourhood_cleansed": "Southwark", "latitude": 51.49284, "longitude": -0.04079, "property_type": "Entire home", "room_type": "Entire home/apt", "accommodates": 4.0, "bathrooms": 2.0, "bedrooms": 1, "beds": 2, "amenities": ["Oven", "Fire extinguisher", "Free washer", "Wine glasses", "Private entrance", "Cleaning products", "Dishes and silverware", "Essentials", "Free street parking", "Cooking basics", "Bed linens", "Clothing storage", "Paid parking on premises", "Bathtub", "Heating", "Coffee maker", "Dishwasher", "Backyard", "Long term stays allowed", "Hot water kettle", "Microwave", "Refrigerator", "Outdoor dining area", "Kitchen", "Drying rack for clothing", "Stove", "Toaster", "Hot water", "Smoke alarm", "Lockbox", "Outdoor furniture", "Freezer"], "price": 100.0, "numbers_of_review": 110.0, "review_scores_rating": 4.56, "reviews": [{"name": "Shyam", "date": "2013-10-01", "review": "Although a different place was given rather than the one advertised, it exceeded the listed one. A very pleasant stay and the hosts were reachable anytime if required.<br/>Good work, Maral and Yuri."}, {"name": "Shyam", "date": "2013-10-10", "review": "A cute little tidy place. We had a pleasant stay. Hosts were very hospitable."}, {"name": "Emma", "date": "2014-05-24", "review": "Very lovely stay in a wonderful apartment. Extremely clean and had everything we needed. Great location, beautiful setting, easy access to public transport. Fantastic hosts, very prompt and timely communication. Thanks for a great stay!"}, {"name": "Cinzia", "date": "2014-06-25", "review": "Maral's house was our first experience of AirBnB, It was positive.\r<br/>\r<br/>The house is very nice, there are two bathrooms and a garden. The \r<br/>neighborhood is quiet.\r<br/>\r<br/>The house is near a shopping center, the house is served by metro and \r<br/>bus within minutes you arrive at the center. \r<br/>Great accommodation for bikes, in the garden was place to fix them. In \r<br/>a short time we reached by bicycle to the city center. \r<br/>Maral's husband was a very kind person, despite our late arrival, we \r<br/>waited until 10.00 pm.\r<br/>\r<br/>Thank you again Maral and Yuri for their hospitality"}, {"name": "Deanna", "date": "2014-08-05", "review": "We were four people in the house and two of us slept in the sofa bed. However  Maral had also provided an armchair you could use as a bed.  Maral and her husband were very kind . They let us drop our luggage at 10.30 a.m even if the check in was at 4 p.m. So we had time to stroll in London while waiting to enter the house which was very clean and provided with all the tools you need for a holiday.  Nearby the house there is a shopping centre (with Tesco inside) opened  until midnight you are not far from the underground and zone 1.  It is a quiet and relaxing zone after sightseeing all day.  There is also a garden if you want to eat or stay outside.   You can easily contact the host when needed.  Thank you Maral for making our stay even more enjoyable than we imagined."}, {"name": "Helen", "date": "2014-09-30", "review": "We stayed at Marals apartment for a couple of nights and loved it. It's perfect for two couples as it has two bathrooms. The premises are clean and tidy and we enjoyed the courtyard due to the sunny and warm weather. The whole renting process went smoothly and Maral answered any questions we had quickly by text or call. \r<br/>A few words about the neighborhood: the apartment is ideally situated for people who want to explore the city because it is just a couple of minutes by foot to the station with two main tube lines that bring you quickly to a lot of the cool neighborhoods. Saying that, there is not much street life going on closer to the apartment, which can be nice as it is very quiet. "}, {"name": "Nawal", "date": "2015-02-22", "review": "Nous avons pass\u00e9 un agr\u00e9able s\u00e9jour. Maral ainsi que son mari sont tr\u00e8s gentil et ont \u00e9t\u00e9 tr\u00e8s avenants et disponible au moindre message. De plus la maison est tr\u00e8s tr\u00e8s propre, et de nombreuses choses sont mises a disposition pour les invit\u00e9s. \r<br/>\r<br/>De plus la maison se trouve a 7 minutes pied du supermarch\u00e9 ainsi qu'a 7 minutes de la gare et a environ 20 minute du centre de Londres ! \r<br/>\r<br/>Le quartier est sympa et calme ! \r<br/>"}, {"name": "Nathalie", "date": "2015-03-01", "review": "Le loft est en tous points conforme \u00e0 la description. Il est neuf, propre, calme, bien chauff\u00e9, et on y trouve tout le confort n\u00e9cessaire.\r<br/>Il y a un supermarch\u00e9 tout proche ouvert jusqu'\u00e0 minuit ce qui est bien pratique, avec des arr\u00eats de bus devant qui desservent le centre de Londres.\r<br/>La station Surrey Quays est \u00e0 quelques minutes \u00e0 pied.\r<br/>Le bateau est \u00e0 5 minutes \u00e0 pied et la ballade par beau temps (oui \u00e7a arrive !!) est tr\u00e8s agr\u00e9able.\r<br/>Merci \u00e0 Yura (le mari de Maral) pour son accueil et ses pr\u00e9cieuses indications.\r<br/>Nous recommandons vivement ce logement"}, {"name": "Johanne", "date": "2015-03-09", "review": "We had a great time in London and Maral is a great host. The place is very nice, modern and clean. It's very easy to get to the center and supermarkets are near. We would love to come back some day."}, {"name": "Maja", "date": "2015-04-27", "review": "The house was just lovely. Great neighborhood. Shopping center and underground station close by.  The host was nice, and really helpful. I would recommend this place. "}]}