{"id": 10113708, "listing_url": "https://www.airbnb.com/rooms/10113708", "name": "Cheap room nearby the center", "description": "En cette p\u00e9riode de f\u00eate, voici une chambre peu ch\u00e8re, en zone pavillonnaire et \u00e0 seulement 3 stations de metro de Kings Cross Station ! La chambre, spacieuse, comporte un frigo personnel vous permettant de profiter pleinement de la cuisine.", "host_name": "Soufiane", "host_id": 46583415, "host_url": "https://www.airbnb.com/users/show/46583415", "host_picture_url": "https://a0.muscache.com/im/pictures/user/2da0adb8-efd5-401d-b55c-dc5476e87e2a.jpg?aki_policy=profile_x_medium", "neighbourhood_cleansed": "Haringey", "latitude": 51.58011, "longitude": -0.06951, "property_type": "Private room in home", "room_type": "Private room", "accommodates": 2.0, "bathrooms": 1.0, "bedrooms": 1, "beds": 2, "amenities": ["Wifi", "Free parking on premises", "Smoke alarm", "Iron", "Hangers", "Kitchen", "Heating", "Lock on bedroom door"], "price": 24.0, "numbers_of_review": 1, "review_scores_rating": 3.0, "reviews": [{"name": "Solweig", "date": "2016-01-03", "review": "Le quartier est calme, on peut se rendre dans le centre de Londres en 20 minutes. \r<br/>La chambre \u00e9tait propre \u00e0 notre arriv\u00e9e, mais les parties communes (cuisine, salle de bain et toilettes) \u00e9taient tr\u00e8s sales."}]}