{"id": 10114201, "listing_url": "https://www.airbnb.com/rooms/10114201", "name": "Newly furnished 2 bedroom flat", "description": "A ground floor, modern flat located 2 min walk from East Finchley tube station. The flat has 2 bedrooms with double beds, bathroom, kitchen + living room with dining table. Located in a friendly and quiet close, shops are 1 min away. Communal garden.<br /><br /><b>The space</b><br />A newly furbished, modern flat that you will feel comfortable in.<br /><br /><b>Guest access</b><br />You will have access to the entire flat and as it is a ground floor flat, the patio doors open out to the communal gardens. Car parking space also available.<br /><br /><b>Other things to note</b><br />The flat is a 2 minute walk away from East Finchley tube station (Northern Line) and takes 20 minutes to get into Central London. You are located in a safe, friendly, quiet and green suburb with the lively streets of Central London just 20 minutes away.", "host_name": "Eliot", "host_id": 25178062, "host_url": "https://www.airbnb.com/users/show/25178062", "host_picture_url": "https://a0.muscache.com/im/users/25178062/profile_pic/1419506033/original.jpg?aki_policy=profile_x_medium", "neighbourhood_cleansed": "Barnet", "latitude": 51.58743, "longitude": -0.16567, "property_type": "Entire rental unit", "room_type": "Entire home/apt", "accommodates": 4.0, "bathrooms": 1.0, "bedrooms": 2, "beds": 2, "amenities": ["Essentials", "Wifi", "Washer", "Free parking on premises", "Shampoo", "Long term stays allowed", "TV with standard cable", "Smoke alarm", "Hair dryer", "Iron", "Hangers", "Kitchen", "Cable TV", "Heating"], "price": 95.0, "numbers_of_review": 2, "review_scores_rating": 5.0, "reviews": [{"name": "Julia", "date": "2016-01-31", "review": "We had a really nice time in Eliot's flat! It's an amazing place,clean and near to the station,just 2min from East Finchley station! Eliot was so kind,explain to Us everything always send a quick reply! Reliable host! I would highly recommend his flat for everyone!<br/>Thank you Eliot!!"}, {"name": "Murtaza", "date": "2022-12-26", "review": "An excellent accommodation from a very responsive and helpful host. Having a station that goes directly to central is a huge blessing, especially if you're visiting london for the first time. Highly recommend!"}]}