{"id": 10113846, "listing_url": "https://www.airbnb.com/rooms/10113846", "name": "Lovely Central London Flat, 1min from Tube!", "description": "Bright & Lovely 1 bedroom flat in Archway. It's 2nd floor flat, recently refurbished, very sunny and safe. 1 min walk from Archway tube (zone 2), which is just 5min to buzzy Camden Town, or less than 15min to Oxford st/Leicester sq.<br /><br />Several 24/7 buses, 3 supermarkets and various restaurants within 100mt.<br /><br />Whittington park is just around the corner and so is Waterlow, which includes the beautiful, historical Highgate cemetery. Hampstead huge and wonderful park is 7min by bus.<br /><br /><b>The space</b><br />- Good size double bedroom with double size bed and new, high quality mattress, plus confy sofa that can sleep an extra guest<br />- Very big and luminous open plan kitchen/living room<br />- Recently refurbished<br />- Central heating, so you decide temperature and timing that best suit your needs <br />- Healthy flat: installed shower filter (makes water more suitable for people with sensitive skin or eczema) and there is a good quality juicer available (and a", "host_name": "Giuseppe", "host_id": 51816240, "host_url": "https://www.airbnb.com/users/show/51816240", "host_picture_url": "https://a0.muscache.com/im/pictures/user/9b43319d-a21c-4aaf-8f90-f4553883dccb.jpg?aki_policy=profile_x_medium", "neighbourhood_cleansed": "Islington", "latitude": 51.56442, "longitude": -0.13304, "property_type": "Entire rental unit", "room_type": "Entire home/apt", "accommodates": 3.0, "bathrooms": 1.0, "bedrooms": 1, "beds": 1, "amenities": ["Extra pillows and blankets", "Oven", "Hair dryer", "Hangers", "Dishes and silverware", "Essentials", "Shampoo", "Cooking basics", "Bed linens", "Paid parking on premises", "Carbon monoxide alarm", "Bathtub", "Wifi", "Heating", "Long term stays allowed", "Hot water kettle", "Refrigerator", "Host greets you", "Kitchen", "Stove", "Hot water", "Washer", "Paid parking off premises", "Smoke alarm", "Ethernet connection", "Dryer", "Freezer"], "price": 77.0, "numbers_of_review": 22.0, "review_scores_rating": 4.68, "reviews": [{"name": "Marco", "date": "2016-04-04", "review": "It was really a pleasure to stay in Giuseppe's flat.\r<br/>The building is nice and safe, the flat is bright, pretty and of a good size. As he says in the description, there are quite a few things in it, but there was still plenty of space for us.\r<br/>The area is very well served with supermarkets, restaurants, fast foods and other amenities.\r<br/>There is a bus stop just few steps out of the door, and others within a short walk. The Archway tube station is less than 2 minutes away - and once you are in the tube you are everywhere in London! And Camden Town, one of the best places for nightlife in the city, is only a couple of stops away, or 10 min by night bus.\r<br/>For who loves a little rest in the middle of the nature, the Waterlow Park - very nice! - is just few minutes by walk, and a bit further away (6 bus stops) there is the Hampstead Heath, a very large park perfect for long walking or running.\r<br/>I'll definitely come back to Giuseppe's house in the future!"}, {"name": "Marco", "date": "2016-05-21", "review": "This was the second time we staied at Giuseppe's flat.\r<br/>As before, we were very happy to be there for nearly two weeks, the apartment is always very comfortable. It's very easy to get everywhere in London since the Archway tube station and many bus stops are just a couple of minutes walking afar, and there are many shops for all the daily needs.\r<br/>It's sure we'll choose again this flat in the future!"}, {"name": "Germ\u00e1n", "date": "2016-10-15", "review": "La experiencia fue buena en general. Fue nuestra primera visita a Londres y el departamento hizo que nos sinti\u00e9ramos c\u00f3modos desde el principio. Nuestra estadia fue de 12 dias. El barrio es tranquilo, aunque la calle es un poco ruidosa a veces, probablemente porque cerca est\u00e1n haciendo arreglos y el trafico es diferente. El departamento esta lleno de cosas, pero da espacio para los hu\u00e9spedes tambi\u00e9n. La ubicaci\u00f3n es buena, cerca de Archway Station y de varios omnibus. Muchos mercados bien cerca y abiertos casi todo el d\u00eda. \r<br/>Recomiendo este anuncio para otros viajeros tanto por algunos dias como por algunas semanas."}, {"name": "Emiliano", "date": "2017-05-28", "review": "Our stay ay Guiseppe was greate. The apt had everything we needed and was really close to a subway station. A place highly recommended. Also Guiseppe was alway available to help us out at all times"}, {"name": "Rahaab", "date": "2017-06-18", "review": "Had a wonderful time at this place which was well connected. Will surely return. Giuseppe was very welcoming and considerate. "}, {"name": "Yoni", "date": "2018-08-28", "review": "Giuseppe's home is great! The location is very good - right next to the Tube, accessible to the city center, and the neighborhood is cool too! <br/>The appartment is warm and comfortable, the kitchen is wide and Guiseppe took care of everything we needed.<br/>Warmly recommanded!"}, {"name": "Cody", "date": "2018-09-09", "review": "Great location and very nice host. Bed is on the firm side, and check out times may differ than posted."}, {"name": "Michael", "date": "2018-09-18", "review": "The place is convenient located with many restaurants and coffee houses within walking distance.  The Archway station is only a block away.  Giuseppe responded almost immediately to any questions I had about the flat or the area."}, {"name": "Eric", "date": "2018-12-30", "review": "Giuseppe is a model AirBnB host. He was very easy to get in contact with and very generously picked up some food essentials for us (Milk, Eggs and Fruit) before we arrived. His flat is in an excellent location that is easy to get to via public transit and has multiple markets in the area for easy grocery pickup. His flat also has a lot features that as an American, I appreciated like a large kitchen, queen size bed and a shower that I actually fit in! <br/>Would definitely recommend Giuseppe's place for anyone looking to stay in London."}, {"name": "Debora", "date": "2019-04-26", "review": "Great place and a great anfitri\u00f3n!"}]}