{"id": 1011777, "listing_url": "https://www.airbnb.com/rooms/1011777", "name": "Private room in Central London", "description": "Friendly host of big rooms in a no frills, decrepit old lived in a maisonette with character in Clerkenwell, Central London.<br /><br />Please remember, this is not a 5 STAR hotel, but a worn out home because of age or neglect.  Hotel star ratings don't really work with Airbnb, so we like to rate our home 5 star in a potentially 0 Star accommodation.<br /><br />Some people don't read the ad and then wonder why their ideas of my home don't meet their expectations.<br /><br /><b>The space</b><br />Split over two floors, you'll occupy one of our spare rooms on either floor 1 or floor 2.   <br /><br />ROOM(s): The furniture in the room(s) consist of a desk, seating, wardrobe, double bed, etc. Bedding, pillows and towels are provided if you need them.<br /><br /><b>Guest access</b><br />You'll be sharing the communal areas.<br /><br />KITCHEN: shared space equipped with fridges, cooker, washing machine, storage, etc.<br /><br />BATHROOM: shared bathroom with a bath and a shower over the bat", "host_name": "Baxter", "host_id": 1703579, "host_url": "https://www.airbnb.com/users/show/1703579", "host_picture_url": "https://a0.muscache.com/im/pictures/user/dcb0d271-25b0-4694-8bf0-3d0b26724195.jpg?aki_policy=profile_x_medium", "neighbourhood_cleansed": "Camden", "latitude": 51.52112, "longitude": -0.10764, "property_type": "Private room in rental unit", "room_type": "Private room", "accommodates": 2.0, "bathrooms": 1.0, "bedrooms": 1, "beds": 1, "amenities": ["Dedicated workspace", "Washer", "Long term stays allowed", "Cooking basics", "Hair dryer", "Heating", "Iron", "Kitchen", "Lockbox", "Wifi"], "price": 75.0, "numbers_of_review": 59.0, "review_scores_rating": 4.43, "reviews": [{"name": "Fiona", "date": "2013-08-10", "review": "Very helpful and considerate hosts. Excellent place to stay."}, {"name": "Clemence", "date": "2013-09-04", "review": "very good communication with the guests. Tank you.\r<br/>Bedroom and bathroom clean.\r<br/>"}, {"name": "Carolyn", "date": "2013-09-10", "review": "Melanie and Peter are very accomodating hosts.  The location is perfect for exploring all that Farringdon has to offer, I highly recommend a walk down to St. John's for lunch or dinner or even just to pick up some bread and an eccles cake!  "}, {"name": "Thilo", "date": "2014-07-10", "review": "Peter was a very affable host. The location could not be more convenient for Farringdon/Clerkenwell and \"Midtown\". Room is big and breakfast is provided. After a feeling slightly worse for wear in the morning I was grateful for a big jug of milk and that I did not need to consider other flatmates potential needs."}, {"name": "Philip", "date": "2014-10-10", "review": "This was my first use of Airbnb and it all went smoothly. Queries in advance were responded to extremely promptly by Peter. Melanie was very welcoming and showed me around. The room was clean and spacious, and I was left to myself. A bit of the rumble of the city outside, but hey, you're in Central London...it's to be expected. All round, a very good experience."}, {"name": "Lucie", "date": "2014-10-12", "review": "We spent a really pleasant night and would recommend peter's room for sure. "}, {"name": "Nick", "date": "2014-10-30", "review": "We  only stayed one night in Melanies apartment while we waited for a connecting flight to San Francisco.  The room was spacious and she was helpful in directing us where to go for a drink and dinner."}, {"name": "A Young", "date": "2014-11-01", "review": "host is kind and clean and big room."}, {"name": "Charlotte", "date": "2014-11-09", "review": "Melanie was very kind to help me with my luggage even though I arrived early on Sunday morning. \r<br/>Location was fantastic and extremely safe. \r<br/>"}, {"name": "David", "date": "2014-11-17", "review": "Nice big room in a convenient part of town. I was welcomed on arrival and had everything provided. No hassles."}]}