{"id": 10112506, "listing_url": "https://www.airbnb.com/rooms/10112506", "name": "Single room", "description": "Girls only  - quiet and private bedroom on top floor of large Victorian house.  Own bathroom on this floor,  sometimes will be shared with 1 other guest .   Balcony overlooking gardens and large living space with desks for working from home.<br />Fridge, Kettle and toaster also here for your use.<br /> Cosy and warm.  A safe haven in London.  Girls /Ladies only please.<br /><br /><b>The space</b><br />Lovely views from the balcony over the neighbouring gardens.   Quiet neighbourhood.<br /><br /><b>Guest access</b><br />There is a lovely large open plan area on this floor of the house with desks and seating area. Plenty of room and light.  There is a small balcony and  also small fridge. I have also provided a kettle and toaster here for your convenience.", "host_name": "Janne", "host_id": 6233575, "host_url": "https://www.airbnb.com/users/show/6233575", "host_picture_url": "https://a0.muscache.com/im/users/6233575/profile_pic/1367754798/original.jpg?aki_policy=profile_x_medium", "neighbourhood_cleansed": "Barnet", "latitude": 51.56247, "longitude": -0.21214, "property_type": "Private room in home", "room_type": "Private room", "accommodates": 1.0, "bathrooms": 1.0, "bedrooms": 1, "beds": null, "amenities": ["Extra pillows and blankets", "First aid kit", "Oven", "Fire extinguisher", "Hair dryer", "Hangers", "Dishes and silverware", "Luggage dropoff allowed", "Essentials", "Patio or balcony", "Free parking on premises", "Shampoo", "Cooking basics", "Bed linens", "Carbon monoxide alarm", "Indoor fireplace", "Wifi", "Heating", "Dishwasher", "Backyard", "Long term stays allowed", "TV", "Host greets you", "Microwave", "Refrigerator", "Iron", "Kitchen", "Stove", "Lock on bedroom door", "Hot water", "Washer", "Paid parking off premises", "Smoke alarm", "Dryer"], "price": 34.0, "numbers_of_review": 43.0, "review_scores_rating": 4.84, "reviews": [{"name": "Elisa", "date": "2016-01-22", "review": "Janne was a very nice and accomodating host. \r<br/>I enjoyed my stay in my nice and cozy room. "}, {"name": "Danique", "date": "2016-10-19", "review": "Nice room, good location and great people. "}, {"name": "LaEffe", "date": "2017-02-04", "review": "Beautiful house and room. Comfortable and very well connected with public transport. Shops and supermarket are only five minutes walking. I'd definitely come back for another trip to London! <br/>Janne is an amazing host!"}, {"name": "Julia", "date": "2017-05-31", "review": "Janne's place is wonderful if you are looking for a home away from home. I stayed in her room for appr. 4 month, because I stayed in London for an Internship. Price for the value you get is really awesome in comparison to other rooms. The house is really nice and big and the 3rd floor is just for the Airbnb guests. The rooms are really nice and there is even a balcony what is wonderful in summer times. Public transportation is really close (5min. Walking distance)  and you are at Kings Cross Station in 12 min.! I would completely recommend staying at this wonderful house, especially if you are looking for a long term stay and would like to have a comfortable, clean and lovely room better than the standard what you usually get."}, {"name": "Hannu-Heikki", "date": "2017-06-05", "review": "A warm reception and comfortable place to stay. The house was easily accessible from the Cricklewood railway station. The neighbourhood was also quiet and there are supermarkets and restaurants nearby. Comfortable and cosy little bedroom. Totally recommended."}, {"name": "Megan", "date": "2017-06-17", "review": "Janne's home is just so lovely. The room is exactly as advertised and uses the small space very well with plenty of room to store my suitcase and clothes for two weeks. There is an adorable balcony on the same floor with a view to the lovely garden, a very well-used added bonus as I was fortunate to stay on warm sunny days. Janne or her sons were always available to help in any way and the whole place has a very relaxed homely feel. I am a 30 year old professional traveling for business and I highly recommend. "}, {"name": "Mercedes", "date": "2017-07-01", "review": "Janne's was great! I had a rather busy week and didn't have time for many conversations, so this was perfect. I would recommend closing the shade on the window during the summer as the room can get warm! The house is quiet and away from all the London noise. <br/>It is close enough to a variety of restaurants and taking to bus to Finchley works well. This area has more restaurants and shopping. <br/>I would stay here again. <br/>"}, {"name": "B\u00e9atrice", "date": "2017-08-13", "review": "Chambre petite mais suffisante pour un court s\u00e9jour. Le descriptif correspond \u00e0 la r\u00e9alit\u00e9. Logement et quartier calmes.<br/>Bus 189 au bout de la rue direct vers Oxford street, possibilit\u00e9 \u00e9galement de prendre le train \u00e0 Cricklewood station  direct vers St Pancras. Tout proche de  magasins et restaurants, le logement est parfait pour les petits budgets."}, {"name": "Zahirah", "date": "2017-12-12", "review": "Janne and her boys were all very welcoming and I loved my stay in my comfortable and cosy room. Will definitely recommend! It is also very near to the train station Cricklewood and you'll be in Kings Cross in 11 minutees! Buses into London are also convenient to get from here."}, {"name": "Szilvia", "date": "2018-02-23", "review": "Janne is a very nice, friendly person. She was very helpful and made my stay very easy. If a had some question or request she has helped me straight away.<br/>The room is cozy, warm and perfect if you to visit London. I really recommend this place. The house in a calm street. Public transport is good from there. You can easily reach the city center. A very nice park around if like to enjoy the nature.<br/>Hope you will enjoy the time here as I have done."}]}