{"id": 10128178, "listing_url": "https://www.airbnb.com/rooms/10128178", "name": "Homely flat in Central Haggerston/Shoreditch", "description": "This is a lived in apartment with two medium sized rooms. With a brand new kitchen, decent size bathroom and a lovely balcony. <br /><br />Located in the heart of Haggerston less than one minute walk from the overground. Surrounded by wonderful organic shops and a great natural wine shop below.<br /><br />This space is great for any artists or photographers as there is a professional photo studio below.<br /><br />The only thing to note is the sofa in the photos will not be there. It will have something else in its place", "host_name": "Michelle", "host_id": 233649, "host_url": "https://www.airbnb.com/users/show/233649", "host_picture_url": NaN, "neighbourhood_cleansed": NaN, "latitude": NaN, "longitude": NaN, "property_type": NaN, "room_type": NaN, "accommodates": NaN, "bathrooms": null, "bedrooms": null, "beds": null, "amenities": null, "price": null, "numbers_of_review": 10, "review_scores_rating": NaN, "reviews": [{"name": "Tiffany-Sian", "date": "2017-09-24", "review": "Lovely quirky flat in great location"}, {"name": "Kevin", "date": "2017-12-10", "review": "Michelle was really friendly and communicative. The flat was clean, comfortable and stylish. It's a great location for visiting London Fields, Dalston, Shoreditch etc. Highly recommended."}, {"name": "Hannah", "date": "2018-01-01", "review": "I had a wonderful stay at Michelle's place. The apartment is beautiful, trendy, modern, clean and in a fantastic location. Highly recommended x"}, {"name": "Rene", "date": "2019-02-22", "review": "This apartment was as advertised. It was clean, spacious and stocked with anything you would need. The location was wonderful. It was walking distance to the train station, multiple bars, restaurants, shops, and many more. Michelle was an extremely accommodating host and answered every question. It was very easy communicating with her. I would recommend this place to anyone looking to stay near London and explore Shoreditch!"}, {"name": "Hannah", "date": "2020-09-28", "review": "The flat is a great size and location is perfect. However that is all I can say positively about my experience at Michelle's place. The bed sheets had not been washed, they had human and cat hair on them. The sink had toothpaste and hair on it. There was no kettle, or even a pot or pan to boil water. There was milk in the fridge that was two weeks out of date. There were no towels and only a few sheets of toilet roll. Michelle was very prompt at responding to my messages, I was fine to put up with everything but did not want to sleep on dirty sheets. So I had to go buy sheets and she reimbursed me, she also gave me an additional discount for the hassle which was appreciated as shopping for sheets on a weekend away was not what I had envisioned."}, {"name": "Sang Gun", "date": "2022-07-24", "review": "It is near overground station so, location is good. Also, living is so big. Good to stay for family and 4 people."}, {"name": "Sanjeev", "date": "2022-07-31", "review": "Pros<br/>1. Good location for shoredtich and Hoxton (about 2km away) <br/>2. Functional has nice living space and 2 bedrooms. <br/>3.Large space and can accommodate groups of 4-10 people for socialising. <br/>Cons<br/>1. Basic functional furniture <br/>2. Train passes outside window <br/>3. Immediate surrounding area a bit dilapidated <br/>Would recommend for groups of 4 who plan to use as a base and spend most of their time exploring the surrounding areas."}, {"name": "Mi", "date": "2022-08-06", "review": "The flat has enough space to stay and it was very well located in East London. She was very well-responded and easy to communicate and it was very appreciated that she allowed us to do early check-in and late check-out. However I wasn't satisfied with their cleanliness, there were some hairs on the bed sheet, sofa and the floor. I saw big spiders in the living room, bedroom and the toilet, they were quite bothering me while I was staying. The lighting in the toilet was not working and it was too dark to take a shower. I was complaining about this problem to Michelle, so she offered me a little discount instead of changing a lighting bulb. To be honest, it was not worth enough for this price to me but I would recommend this place if the cleanliness is not important for the guests."}, {"name": "Alessio", "date": "2022-08-29", "review": "Had a wonderful time in Michelle\u2019s place, fantastic location and great apartment"}, {"name": "Gemma", "date": "2022-11-20", "review": "We rented this flat for family to stay in when we had a baby and it was absolutely perfect; spacious, well furnished and comfortable. Michelle was super helpful. It's very centrally located, but also close to a big road and overground so there is some noise from that. Didn't bother us - we loved the central location."}]}