{"id": 10121705, "listing_url": "https://www.airbnb.com/rooms/10121705", "name": "1 Bedroom Apartment - great location!", "description": "Hello viewers!<br /><br />This new 50-sqm apartment was built mid-2015 and has all the modern features & amenities you would expect from a new development.<br /><br />Fully furnished, with all kitchen appliances, central heating & balcony this is a great flat for one or two people, but can also accommodate more on a comfy sofa bed.<br /><br />it's super-handy to everywhere and only a short 5-minute walk to the nearest tube station (Northern & Victoria lines) & bus stops outside.<br /><br />Thanks<br />Gareth<br /><br /><b>The space</b><br />This development was only finished in August this year so everything is new. The flat has everything you would expect from a new-build including kitchen appliances (dishwasher included), central heating and modern bathroom.<br /><br />The bedroom is a good size and bed was also purchased new in 2015 (incredibly comfy!).<br /><br />Flat has a balcony for fresh air. This development is also secure with key-fob entry with no access to pedestrians.<br /", "host_name": "Gareth", "host_id": 3310301, "host_url": "https://www.airbnb.com/users/show/3310301", "host_picture_url": "https://a0.muscache.com/im/pictures/user/fc67a502-1524-41da-8b15-caa61a3a3647.jpg?aki_policy=profile_x_medium", "neighbourhood_cleansed": "Lambeth", "latitude": 51.46877, "longitude": -0.12597, "property_type": "Entire rental unit", "room_type": "Entire home/apt", "accommodates": 3.0, "bathrooms": 1.0, "bedrooms": 1, "beds": 1, "amenities": ["First aid kit", "Hangers", "Dishes and silverware", "Essentials", "Shampoo", "TV with standard cable", "Wifi", "Heating", "Coffee maker", "Long term stays allowed", "Refrigerator", "Iron", "Kitchen", "Hot tub", "Security cameras on property", "Washer", "Elevator", "Smoke alarm", "Dryer", "Lockbox", "Cable TV"], "price": 65.0, "numbers_of_review": 28.0, "review_scores_rating": 4.96, "reviews": [{"name": "Alice", "date": "2016-01-28", "review": "Gareth was lovely and really helpful in organising this stay. The flat is also really comfy and practical. Altogether, a grea experience!"}, {"name": "Chloe", "date": "2016-02-21", "review": "I had a very satified stay in Gareth's flat. Falicities are all very new and clean. There are nearly everything you need basicly in the flat. Gareth reponded all my questions very quickily even he was not in UK and I actually did not meet him. I fully recommend this flat if you wish to have a short stay in London. It is also near the undergrand station Stockwell which is 5 mins away.  The price is very worth for this location and flat itself.  Security was also very strong, because you need special access to go through both from the main gate to the door."}, {"name": "Melissa", "date": "2016-03-20", "review": "Gareth was away in China but was extremely prompt in responding to both my booking and any needs or questions I had once in the accommodation.  His friend met us at the apartment as agreed and was very friendly and welcoming.  The apartment was as listed and was very comfortable and clean with a proper bed which was great after long days out and about.  I know the area well as I used to live in Clapham and only recently moved out of London but Gareth had provided a folder with some local information.  It is extremely conveniently located, only a few minutes walk to Stockwell and Clapham North tube stations and close to bus stops. This was a short stay - just 3 nights and I would not hesitate to stay here again if I wanted to do a short stay in London.  Perhaps for a longer stay people would need to have some allocated space for their own things but it was fine for us to live out of our suitcases!"}, {"name": "Xabier", "date": "2016-04-09", "review": "Communication with Gareth was easy and smooth. We were able to arrange an early check-in. The place is a brand new apartment in a new development 5 minutes away from  Stockwell tube station, with easy access to central london through the Victoria and Northern lines and walking distance (10-15m) to Brixton Market. All the basics are well covered: great bed, towels, heating, shower with good pressure and hot water, good size flat tv. Decoration is simple, but the apartment is bright and has a nice cozy feeling. Everything is tidy and very clean. Overall, a great option if you want to stay in the Stockwell/Clapham/Brixton Area"}, {"name": "Collette", "date": "2016-05-27", "review": "We had a great stay at Gareth's flat. Communication was very easy as he responded very promptly. The flat is great, it is new, well equipped and has everything you need for a comfortable stay. It is in a good location and close to the underground, buses and shops. I would highly recommend Gareth's flat and would definitely stay there again.  "}, {"name": "Isaias", "date": "2016-08-21", "review": "Gareth nos recibi\u00f3 al llegar y nos explic\u00f3 muy bien todas las condiciones de la casa y el funcionamiento. El piso es tal cual se ve en las fotograf\u00edas, incluso m\u00e1s amplio. Est\u00e1 completamente equipado y muy limpio. Gareth nos facilit\u00f3 todo lo que necesit\u00e1bamos (toallas, elementos de aseo y limpieza). Nuestra estancia dur\u00f3 siete d\u00edas y nos sentimos como en casa. La zona es tranquila y silenciosa y tiene todo lo que necesites cerca, metro, autobuses, supermercados."}, {"name": "Caroline", "date": "2016-10-09", "review": "We enjoyed our stay in the new apartment.  It is very clean. Apartment is conveniently located for sightseeing."}, {"name": "Kim", "date": "2017-04-02", "review": "A lovely, clean, bright flat.  Great location - near the tube and shops.  Parking was easy as was check in and out. Gareth is a great communicator and provided us with everything we needed.  The balcony is a great place to sit, relax and enjoy some sunshine!  Highly recommend."}, {"name": "Kerri", "date": "2017-05-15", "review": "I cannot recommend Gareth's flat enough! It was exactly as advertised: clean, spacious, well appointed and modern. It is in a great location close to Stockwell tube and really easy to find. I never got to meet Gareth as he was in Thailand, but he responded promptly to all messages and had his cleaner (super nice lady!) check us in. There were no problems and I would definitely stay again. "}, {"name": "Kristi", "date": "2017-05-19", "review": "Gorgeous flat, very clean and has everything you could need. Theres a connivence store right across the street and the tube station around the corner. Gareth had excellent communication and was very quick to respond. "}]}