{"id": 10128245, "listing_url": "https://www.airbnb.com/rooms/10128245", "name": "Studio 17 - A unique and luxurious space", "description": "Unbeatable value for money! Superb apartments located in Croydon, South London famous for its superb transport links- trains 24/7 directly into the heart of central London.<br />East Croydon station -your gateway to the South and Central London. EC to London Victoria in 15 mins, London Bridge 20 mins and St Pancras home of Eurostar trains to Continental Europe in just 25 mins. Gatwick airport a 15 min train ride away, making Croydon the perfect cost effective alternative to sky high London prices.<br /><br /><b>The space</b><br />A delightful self-contained studio apartment in a period residence. This newly refurbished apartment has been completely remodelled but manages to retain all of its period features and charm. From the high ceilings and generous Victorian windows to the original exposed brickwork all combined with concessions for modern living which make any length of stay a pleasure. <br />As with our other apartments great care has gone into choosing the interior fittings and", "host_name": "Gary", "host_id": 30629100, "host_url": "https://www.airbnb.com/users/show/30629100", "host_picture_url": "https://a0.muscache.com/im/pictures/user/ea96a1c0-a553-4789-8566-34b129320d38.jpg?aki_policy=profile_x_medium", "neighbourhood_cleansed": "Croydon", "latitude": 51.38271, "longitude": -0.08178, "property_type": "Entire rental unit", "room_type": "Entire home/apt", "accommodates": 2.0, "bathrooms": 1.0, "bedrooms": null, "beds": 1, "amenities": ["Extra pillows and blankets", "Oven", "Fire extinguisher", "Hair dryer", "Wine glasses", "Hangers", "Cleaning products", "Dishes and silverware", "Luggage dropoff allowed", "Essentials", "Shampoo", "Baking sheet", "Cooking basics", "Free street parking", "Bed linens", "Clothing storage: wardrobe", "Carbon monoxide alarm", "Shower gel", "Heating", "Wifi", "Coffee maker", "Dishwasher", "Long term stays allowed", "Keypad", "TV", "Hot water kettle", "Microwave", "Portable fans", "Refrigerator", "Room-darkening shades", "Iron", "Body soap", "Drying rack for clothing", "Kitchen", "Stove", "Toaster", "Hot water", "Paid washer \u2013 In building", "Smoke alarm", "Dryer", "Freezer"], "price": 56.0, "numbers_of_review": 146.0, "review_scores_rating": 4.79, "reviews": [{"name": "Lindsay", "date": "2016-07-15", "review": "Exactly as described! Gary was very warm and welcoming and the studio was lovely! Close to the train and shops - easy to get into London\r<br/>This was my first Airbnb trip and I would definitely recommend Gary's place and would love to come back!\r<br/>Thank you again!"}, {"name": "Olga", "date": "2016-07-30", "review": "The apartment was great. Very very clean. Good location near railway station. Thank you Gary."}, {"name": "Bob", "date": "2016-08-04", "review": "Great apartment. We had 6 days here and would have liked to stay longer. Gary was great with the communication beforehand and the lockbox for the keys was easy. Was about 14 mins from Victoria Station and there were trains nearly every 10 mins or so. Also only about 14 mins from Gatwick Airport.Close to shops and town centre.The apartment was spacious, modern and well decorated.Just right for a couple.Kitchen had everything you needed.Highly recomended and if i come to London again i would stay here.\r<br/>                                                         "}, {"name": "Noelia", "date": "2016-08-13", "review": "He provides to us everything needed. The apartment was just as it looked in the ad. Overall, we think that Gary is a good host."}, {"name": "Karen", "date": "2016-08-18", "review": "My parents and I spent an amazing stay in Gary's studio. It is very cosy, functional and well decorated, there was everything we needed. Situated at only 12 minutes of walk from the train station of East Croydon (or 4 minutes if you take the bus 197 just near the studio), it is easy to go to Victoria, in the centre of London. Then Gary's instructions to go to the studio and use the equipments inside were very clear. I definately recommand this studio."}, {"name": "Bruno", "date": "2016-10-06", "review": "Apartment design is absolutely detailed. The studio is warm and comfortable. Furniture and appliances are brand new. All is easily set for you to be autonomous and independent. Keys, laundry room, check in, kitchen, toilet, TV. Not only I recommend it, of course I would come back! Commuting is easy to get central London by rail. Perfect value-based price"}, {"name": "Dilsa", "date": "2016-10-12", "review": "I really enjoyed my stay, the host was very helpful with times and he even offered to help me when I had issues. The flat and the area are very nice. I felt very comfortable and cosy, it had everything I could possibly need and he was very friendly as well when making arrangements. Its a nice area and everything was perfect, including the attention of the host who welcomed me in a way that I'll gladly recommend to anyone, it was very clean and tidy. Thanks for all your attention"}, {"name": "\u871c\u65af\u86cb\u86cb\u55b5", "date": "2016-10-15", "review": "The apartment is very clean, host gave us very clear information for everything. Street parking is free and convenient, good for people self driving. Overall, very good experience and thanks host Gary! Will back in the future."}, {"name": "Caroline", "date": "2016-11-01", "review": "Gary's flat is very well kept and the kitchen and bathroom can be described as modern, hotel like. I never met Gary, but he provided me with a prompt response and explanation as to how to get in to the flat, which was seamless. The flat was excellent size for my boyfriend and I. My boyfriend and I have never visited London so we were looking to really tour the city for three days. The location of Gary's flat, Croydon, was difficult for us. We felt once we were out for the day we were out- as the commute to most locations in London was at least one hour.   Overall, Gary's flat is a great value, as it is much less expensive to stay in Croydon versus a hotel in the city- however plan for a much longer commute to and from the city center- Fortunately, Uber was not so expensive- an hour drive from Soho to Croydon was only 25 Pounds, one way."}, {"name": "Kim", "date": "2016-11-05", "review": "It's is a very beautiful flat within all things you might need. Easy check in -easy check out. Perfekt for short city trips. The communication with Gary was very friendly and uncomplicated. Also the way from the flat to the train station is not too long. We will come back and recommend it. Thanks for having us. "}]}