{"id": 10130209, "listing_url": "https://www.airbnb.com/rooms/10130209", "name": "*A* Low cost double bedroom", "description": "I offer a clean and large double bedroom in my flat. <br />This is a low cost accommodation, ideal for anyone visiting London for a short time without breaking the bank. Suitable for travellers on a budget.<br />Great transport links to all London's major attractions, shopping, bars & clubs.<br />Check-in: 5pm <br />Check-out: 11am<br /><br /><b>The space</b><br />Located in East London, we are neighbors to the famous Troxy theatre and 10 minutes by bus away from the trendy Brick Lane, Spitalfields market and the buzz of Liverpool Street/Shoreditch/Old Street.<br /><br />I offer a modern, large and clean double room with a sunny aspect (when London's weather allows) and amazing view of Canary Wharf and the City. <br /><br />This room comes with a brand new double bed, a wardrobe and a chest of drawers. <br /><br />My flat is located in the residential/commercial area of Limehouse; an ethnically diverse and now rapidly changing area of London.<br />It is walking distance to Limehouse tr", "host_name": "Carlos", "host_id": 18707182, "host_url": "https://www.airbnb.com/users/show/18707182", "host_picture_url": "https://a0.muscache.com/im/pictures/user/389b4228-01be-4eb1-8b59-6359aa75852c.jpg?aki_policy=profile_x_medium", "neighbourhood_cleansed": "Tower Hamlets", "latitude": 51.51489, "longitude": -0.04817, "property_type": "Private room in rental unit", "room_type": "Private room", "accommodates": 2.0, "bathrooms": 1.0, "bedrooms": 1, "beds": 1, "amenities": ["Essentials", "Wifi", "Oven", "Long term stays allowed", "Shampoo", "TV", "Microwave", "Refrigerator", "Cooking basics", "Smoke alarm", "Free street parking", "Hair dryer", "Iron", "Carbon monoxide alarm", "Hangers", "Kitchen", "Heating", "Stove", "Lock on bedroom door", "Dishes and silverware"], "price": 31.0, "numbers_of_review": 190.0, "review_scores_rating": 4.74, "reviews": [{"name": "Jeanne", "date": "2016-01-03", "review": "Wow, we had such a great time at this place, thanks !\r<br/>We definitely recommend this place, very nice clean flat and central. Markito is a good host. Always friendly, with good advise about some nice places in London... And we had a lot of fun.  Keep up the good spirit Markito and maybe see you again in London or Amsterdam !"}, {"name": "Benjamin", "date": "2016-01-10", "review": "The host, Markito is a very friendly person who<br/>really makes you feel at home in his flat. <br/>Markito is always open to give you advice for good places to go<br/>at day and night. <br/>The flat itself is modern, good looking and always clean. <br/>The appartment is in London east, but close to the next underground station <br/>(Limehouse) and a bus station is right in front of the building so <br/>the center can be reached really easily. <br/>We had great fun being in London and staying at this place!"}, {"name": "Enrico", "date": "2016-01-29", "review": "The room is very clean and nice, as well as the rest of the house. It is 5 min walking from Limehouse DLR station and the area is quite close to the city centre.\r<br/>I have stayed there for three days, Markito is a good and very at guest's disposal host."}, {"name": "Hana", "date": "2016-02-05", "review": "This had been our first experience with Airbnb. Perfectly good location, with bus stops and a tube station within short walking distance. The room was tidy, spacious and comfortable, exactly as it was portrayed in the pictures. Markito was always friendly, with good advise about some nice places in London. We recomand Markito to everybody who is traveling in London."}, {"name": "Rui", "date": "2016-02-10", "review": "Marquito is a really good person! Very helpfull and cheers!\r<br/>The place is very clean and the localization very handy.\r<br/>It was a real plaisir to be there! Tks, Marquito!"}, {"name": "Fiqa", "date": "2016-02-12", "review": "Markito is great host! It was a short stay but we felt welcome at his place. Place is small but good for two of us and another two guest in the other rooms. Markito keeps the place very clean as well, except the other guest in the other room wasn't really clean the place after use. We would recommend this place, great host and great space. "}, {"name": "Tjalling", "date": "2016-02-15", "review": "This had been our first experience with Airbnb. Markito is a great host, very nice, helpful and easy to talk to. The location was good, everything within short walking distance. Moreover, the apartment itself was very clean and modern, with a good kitchen and bathroom. \r<br/>We would definitely recommend Markito as it was a very pleasant experience. Especially when taking into account the price, you really get (more than) your money's worth! "}, {"name": "Lilly", "date": "2016-02-18", "review": "Markito is great host. Heart openend and uncomplicated! He helped us a lot to plan our daily tours through London and had always good ideas what we should see in the city. \r<br/>We stayed for 3 nights and everything was perfect. The room is clean and tidy, the kitchen and the bathroom, too! :)\r<br/>Thank you again for everything!\r<br/>Ah, and the busses drive 24h/7 days, every ten minutes to the city! "}, {"name": "Keith", "date": "2016-02-19", "review": "First, I've got to say that Markito is one of the most friendly, welcoming hosts I've encountered - he seemed liked a genuinely nice guy.  Second, Markito was very considerate.  As an example, he was very keen to ensure his late dinner didn't disturb my early night.  Finally, it was obvious that Markito tries very hard to make sure that his kitchen, shower, toilet, and bedroom are all cleaned to a high standard.  For a cheap, clean place to stay, and a friendly host - recommended."}, {"name": "Stefano", "date": "2016-02-22", "review": "L'appartamento \u00e8 piccolo ma ben rifinito e pulito; si trova al quarto piano di un palazzo senza ascensore. Delle due camere da letto che ci sono nell'appartamento mi \u00e8 stata data da Markito quella pi\u00f9 piccola che, rispetto all'altra, non ha un armadio ma solo una cassettiera.\r<br/>Markito \u00e8 simpatico, molto ospitale e disponibile. Arrivando a Londra prima dell'orario del check in, gli ho chiesto il favore di poter entrare in casa alle ore 15 e lui mi ha detto subito di s\u00ec.\r<br/>La posizione dell'appartamento \u00e8 ottima: a piedi si arriva alla Torre di Londra in 20 minuti e a White Chappel in un quarto d'ora. Inoltre \u00e8 ben collegato anche con i mezzi pubblici: la fermata del bus \u00e8 sotto casa, quella del DLR \u00e8 a meno di 10 minuti a piedi."}]}