{"id": 1013398, "listing_url": "https://www.airbnb.com/rooms/1013398", "name": "3 bed Flat & Terrace - Amazing View St Pauls", "description": "<b>The space</b><br />The flat is newly renovated with 3 double bedrooms and 2 bathrooms (one en-suite). Beds measure 140cm x195cm, 140 cm x 200cm and the third one is 120cm x 190cm. <br /><br />Upstairs there is a fabulous light and airy kitchen /living room leading onto a decked roof terrace with just AMAZING views of St Pauls and the Shard - it looks like someone built them just for you!<br />Well equipped kitchen and oak dining table give way to two very comfortable leather sofas for you to sit back and relax at the end of the day.<br />Please note; this is a quiet residential neighbourhood and our neighbours do not appreciate late night or unnecessary noise - if you want a party house please go elsewhere!!!<br />Located in the trendy Islington/Clerkenwell borders, you are well positioned to enjoy the sights of London whilst still feeling that you are in a 'real' Londoners central district. Ten mins walk to Kings cross tubes and 5 mins to Angel with plenty of bus routes less than 5", "host_name": "Emily", "host_id": 488581, "host_url": "https://www.airbnb.com/users/show/488581", "host_picture_url": "https://a0.muscache.com/im/users/488581/profile_pic/1338151648/original.jpg?aki_policy=profile_x_medium", "neighbourhood_cleansed": "Islington", "latitude": 51.52887, "longitude": -0.11097, "property_type": "Entire rental unit", "room_type": "Entire home/apt", "accommodates": 6.0, "bathrooms": 2.0, "bedrooms": 3, "beds": 3, "amenities": ["Oven", "Hair dryer", "Hangers", "Dishes and silverware", "Essentials", "Shampoo", "TV with standard cable", "Cooking basics", "Indoor fireplace", "Wifi", "Heating", "Coffee maker", "Long term stays allowed", "Refrigerator", "Private patio or balcony", "Iron", "Kitchen", "Stove", "Washer", "Smoke alarm", "Cable TV"], "price": 400.0, "numbers_of_review": 48.0, "review_scores_rating": 4.77, "reviews": [{"name": "Dmitry Mitya", "date": "2013-05-04", "review": "It was our first experience with Airbnb and it was a very good one. Emily was very friendly, the apartment just freshly renovated and as good as described. The view from the terrace was breathtaking - you have a clear view on the St.Paul's Cathedral and The Shard. The apartment is in a calm neighborhood but pretty central - we were very satisfied. "}, {"name": "Till", "date": "2013-05-14", "review": "We stayed 3 nights am Emily's flat. Emily and her husband are very nice and helpful hosts, the flat has a great location in a quiet neighbourhood, bars, deli, park, restaurants, all walking distance. Great deck and view, the whole apartment and furniture is very new and just renovated. "}, {"name": "Luke", "date": "2013-06-23", "review": "Great flat and very attentive hosts. Perfect location for all the great spots of Clerkenwell"}, {"name": "Stephen", "date": "2013-09-03", "review": "Emily and John's flat is great and they were perfect hosts. The location is extremely convenient to several great areas and public transportation, while being on a very quiet street.\r<br/>\r<br/>I would definitely recommend for friends visiting the area and we will stay there again when we're back in London."}, {"name": "Julia", "date": "2013-12-31", "review": "We had a great time in London this past Christmas week. My husband and 4 of our kids found Emily and John's place comfortable (except for our inability to figure out the heat) and very well located. It was quiet in a lovely neighborhood yet close to the buses and 2 Tube stops. Because of the holiday we weren't able to enjoy the shops around the corner but would have. Loved Exmouth Market. We would recommend the flat for other families or a group of friends.\r<br/>"}, {"name": "Edgar", "date": "2014-03-19", "review": "Emily's flat was amazing. It was very comfortable and clean. We had 4 adults and 3 kids and were easily accommodated. The terrace was great to have with the wonderful weather we experienced. I would definitely go back to her place the next time we visit London. The location is convenient and central to two Tube stops (Angel Station and King's Cross). \r<br/>\r<br/>Thank you for the great experience and comfortable accommodations. "}, {"name": "Lene Fredly", "date": "2014-05-05", "review": "Very nice flat, great location, excellent view!"}, {"name": "Egbert", "date": "2014-05-26", "review": "Booking and Check-In was simple and accomodating. Friendly hosts. The top floor with living/kitchen/terrace is great and the view simply gorgeous. Location and proximity to Angel most convenient. "}, {"name": "Nerea", "date": "2014-06-10", "review": "La experiencia ha sido muy positiva.\r<br/>la anfitiona ha sido de f\u00e1cil acceso y el piso tal y como se ve en la p\u00e1gina web"}, {"name": "Alexandre", "date": "2014-07-07", "review": "Emily was very welcoming and flexible for the check-in and the check-out.\r<br/>The apartment was very clean. Everything was present, towels, cutlery.\r<br/>The apartment is really really nice, well placed. The terrace is a must, there is a really good view of London.\r<br/>You can do everything from the apartment by foot or by bike.\r<br/>I recommend this apartment for everyone who wants to have an amazing London experience."}]}