{"id": 10131812, "listing_url": "https://www.airbnb.com/rooms/10131812", "name": "Lovely double bedroom in Honor  Oak", "description": "We have a second room in our four bedroom house which we use for hosting. This is a double room with chest of drawers and a wardrobe. Lovely comfortable double bed with use of luxurious bathroom and kitchen. Close links to central London and the city via Honor oak park.<br /><br /><b>The space</b><br />Great location. Amazing house. Good local amenities.<br /><br /><b>Guest access</b><br />Bathroom. Kitchen lounge free wifi.", "host_name": "Mable", "host_id": 40030685, "host_url": "https://www.airbnb.com/users/show/40030685", "host_picture_url": "https://a0.muscache.com/im/users/40030685/profile_pic/1438272768/original.jpg?aki_policy=profile_x_medium", "neighbourhood_cleansed": "Lewisham", "latitude": 51.44696, "longitude": -0.04258, "property_type": "Private room in home", "room_type": "Private room", "accommodates": 2.0, "bathrooms": 1.5, "bedrooms": 1, "beds": 1, "amenities": ["Wifi", "Hot water", "Washer", "Oven", "Backyard", "TV", "Free parking on premises", "Microwave", "Refrigerator", "Cooking basics", "Smoke alarm", "Free street parking", "Long term stays allowed", "Indoor fireplace", "Dryer", "Kitchen", "Heating", "Stove", "Dishes and silverware"], "price": 25.0, "numbers_of_review": 35.0, "review_scores_rating": 4.68, "reviews": [{"name": "Kothandaraman", "date": "2016-01-25", "review": "Mable and her husband are great hosts. The booking, though last minute, was a smooth process. We agreed a flexible arrival time and when I arrived Mable and her husband greeted me as a friend. The room is clean and comfortable with a firm mattress. The shared bathroom was luxurious, with a large shower stall, roll rob bathtub and a 2nd loo for convenience. I had use of the kettle & toaster for a quick continental breakfast to get me on my way.<br/>All in all I was very impressed and hope to return to Mable's hospitality when I return to London. Thank you!!!"}, {"name": "Pouneh", "date": "2019-10-10", "review": "Mabel and his husband were some of the nicest people I ever met. They were very kind, friendly and very welcoming.<br/>The area is quiet and it felt safe walking to the public transport stops. <br/>The room was clean and the bed was super comfortable.<br/>The only small matter we did not like was lack of lock on the door."}, {"name": "Simon", "date": "2019-10-12", "review": "Friendly and efficient hostess. Clean and comfortable room. Great location, close to the train station and Honour Oak high street. Would definitely recommend."}, {"name": "Louise", "date": "2019-10-18", "review": "Beautiful house and lovely host. Very clean, amazing bathroom, good wifi and very quiet. I would definitely recommend."}, {"name": "Jake", "date": "2019-10-20", "review": "I can't recommend Mable's place enough. It's a beautiful house and the room is perfect but what really made the visit special was how friendly, sweet and generally a great host Mable was. Thank you!!"}, {"name": "Faisal", "date": "2019-10-22", "review": "Mable is a great host. She is very understanding and made it so easy for me to stay at her place. She allowed me to go out late and have a personal key to come back late in the night. Check in and check out were very smooth too. Room was a good size for a single person. Room and bathroom both were sparkling clean. Thank you Mabel for letting me stay at your place. I had a great night sleep and woke up fresh. She also offered me tea/coffee in the morning but I usually am not a breakfast person. Wi-Fi was very fast and she made every effort to make my stay a plesent one."}, {"name": "David", "date": "2019-10-23", "review": "Clean, comfortable and convenient"}, {"name": "Hannah", "date": "2019-10-27", "review": "lovely place"}, {"name": "David", "date": "2019-11-06", "review": "Comfortable, clean, convenient and welcoming."}, {"name": "Angus", "date": "2019-11-07", "review": "A relaxing stay in a wonderful house: quiet, clean and warm with a comfortable bed. And the best bathroom South of the river! Mable was welcoming and thoughtful, a lovely host. Close to train stations with good connections across London."}]}