{"id": 10131999, "listing_url": "https://www.airbnb.com/rooms/10131999", "name": "Beautiful large one bed flat with private patio", "description": "The perfect home away from home, my apartment is on the ground floor of a beautiful detached house. Located in the heart of Finsbury Park yet on a peaceful no-through- traffic road. It's a 5 min walk to Finsbury Park Station with it's amazing transport links to the city centre and beyond. 2 stops (5 mins) to Kings Cross St Pancras, 10 mins to Oxford Circus and 15 mins to Covent Garden. <br /><br />The area has lots of friendly neighborhood cafes, bars, restaurants, parks and a farmers market to explore.<br /><br /><b>The space</b><br />The light flooded apartment is beautifully neutrally decorated with very high ornate ceilings and original wooden floorboards throughout. It has large original sash windows in the living room and french doors from the bedroom and kitchen onto a private patio where you can enjoy peaceful dining in the sunshine (weather permitting!). The large bedroom has 300 thread count Egyptian cotton sheets and beautiful Scandinavian blankets if needed for cooler month", "host_name": "Suzy", "host_id": 36614308, "host_url": "https://www.airbnb.com/users/show/36614308", "host_picture_url": "https://a0.muscache.com/im/pictures/user/1d251103-bf7c-42f5-802e-c603afc53ad4.jpg?aki_policy=profile_x_medium", "neighbourhood_cleansed": "Hackney", "latitude": 51.56591, "longitude": -0.09932, "property_type": "Entire rental unit", "room_type": "Entire home/apt", "accommodates": 2.0, "bathrooms": 1.0, "bedrooms": 1, "beds": 1, "amenities": ["First aid kit", "Oven", "Hair dryer", "Hangers", "Dishes and silverware", "Essentials", "Free parking on premises", "Shampoo", "Cooking basics", "Carbon monoxide alarm", "Wifi", "Heating", "Coffee maker", "Dishwasher", "Backyard", "Long term stays allowed", "TV", "Refrigerator", "Private patio or balcony", "Iron", "Kitchen", "BBQ grill", "Stove", "Dedicated workspace", "Hot water", "Washer", "Smoke alarm", "Lockbox"], "price": 176.0, "numbers_of_review": 75.0, "review_scores_rating": 4.93, "reviews": [{"name": "Joe", "date": "2016-10-04", "review": "Absolutely gorgeous flat in an amazing location - can't recommend it enough! Suzy was a perfect host!"}, {"name": "Veronica", "date": "2016-10-30", "review": "She left us great recommendations for the neighborhood and left wonderful flowers in every single room! So delightful. "}, {"name": "Sean", "date": "2016-11-20", "review": "Lovely apartment with a good location. Less than 10 min walk from the tube station and Lidl and other local amenities even closer. Very nice and clean apartment with everything we needed during our stay. Thought it was good value for money considering the prices of some places in London l, very happy with our choice. <br/>Only one negative point was that the fire alarm in the hallway is very very sensitive if cooking, so just be prepared  for that going off if you plan to do so. "}, {"name": "Robert", "date": "2016-12-30", "review": "Suzy's place is silly perfect. Set in a quiet residential area of London close to the multiple public transport options, the flat is even more beautiful than the photo's portray. Beautifully decorated with quality furnishings, very clean and comfortable, it's the kind of place you see in magazine spreads. 5 stars across the board...and Suzy is the perfect host... reliable, communicative and greets you with a huge smile (and fresh flowers throughout the house). Highly recommended."}, {"name": "Marie", "date": "2017-04-23", "review": "Suzy's flat is really beautiful, we had 3 wonderful days. The area is residential and quiet, there are some nice restaurants nearby and you have easy access to transportation, we really enjoyed our stay and we can definitely recommend staying at Suzy's place! "}, {"name": "Kethy & George", "date": "2017-05-01", "review": "We loved Suzy's place! It's a short walk to Finsbury Park Station and other buses that leads to central London. A quiet neighbourhood and such a beautiful space (a great find in London). You really don't get much sunlight and tall ceilings in London so it definitely felt like home when we stayed for a week. Also, Suzy is so lovely and communicated with us even though she was away in India. Would recommend & definitely stay again! x"}, {"name": "Bethan", "date": "2017-05-05", "review": "Suzy was a great host. Very clear communication. Her flat was beautiful, so spacious. Much bigger than expected. Had an amazing stay. Definitely recommend."}, {"name": "Rebecca", "date": "2017-05-29", "review": "I don't want to tell you all how amazing Suzy's place is because I want it all to myself... I'm biased on the location as I lived in N4 for 10 years before leaving London. Suzy's flat made me want to pack up and move back. It's stunning. And quiet! Perfectly situated between Finsbury and Clissold Parks, and a stones throw from my beloved Stroud Green. My daughter and I had an amazing, emotional time reliving happier times. Thank you Suzy for sharing your beautiful home with us. <br/>"}, {"name": "Deborah", "date": "2017-07-04", "review": "This was our best AirBnB experience so far! The apartment is amazing, spacious and homely, with a beautiful little patio and garden. The location is great, in between two parks, close to public transport, many great caf\u00e9s and restaurants, yet super quiet. We were travelling with our baby boy (16 months) and had a wonderful family time in the neighbourhood. Communication was very easy, friendly and flexible. Would love to come again! "}, {"name": "Justin", "date": "2017-07-12", "review": "The first thing that hits you when staying at Suzy's place is how beautiful the apartment is and how wonderfully it is furnished and decorated. From the high ceilings, wooden boards to the gorgeous prints and comfortable furniture, to me, it just felt like home. Some important highlights for travellers were that check in was a breeze, the space is huge for a couple, comfy bed, great bathroom and kitchen, wifi worked well and easy walk to public transport (bus ride to Camden Market and easy to Piccadilly etc). Quite a few cool restaurants and cafes just up the road and a car spot for those who are driving. I would stay here again for sure when back in London. Thanks Suzy for allowing us to stay in your home."}]}