{"id": 10144908, "listing_url": "https://www.airbnb.com/rooms/10144908", "name": "West End Wonder", "description": "A luxury 3 double bed, two bathroom apartment on the 2nd floor of an Edwardian mansion block in Bloomsbury / Fitzrovia with concierge service and elevator. The apartment comprises an integrated open-plan designer kitchen, spacious lounge, built-in wardrobes, main bathroom (& shower), en-suite bathroom in master bedroom, a south-west sunny balcony, fluffy white towels, hotel toiletries, Krups coffee, & 100% 5 star reviews! All on the West End\u2019s doorstep!<br /><br /><b>The space</b><br />It\u2019s quite simply a fantastic, high spec, immaculately clean and quiet apartment right in the centre of London. Read our 100% 5 star reviews to get a real understanding of what previous guests have loved about the apartment. We will bend over backwards to make sure your stay in London is fun-filled and restful and that each day is followed by a comfortable and peaceful night\u2019s sleep.<br /><br /><b>Guest access</b><br />Guests have access to the entire apartment property (including balcony) as well as bei", "host_name": "Rachel", "host_id": 15351667, "host_url": "https://www.airbnb.com/users/show/15351667", "host_picture_url": "https://a0.muscache.com/im/pictures/user/57393b25-e3ff-4ca8-b5cc-32326b318935.jpg?aki_policy=profile_x_medium", "neighbourhood_cleansed": "Camden", "latitude": 51.52252, "longitude": -0.13409, "property_type": "Entire rental unit", "room_type": "Entire home/apt", "accommodates": 6.0, "bathrooms": 2.0, "bedrooms": 2, "beds": 3, "amenities": ["Extra pillows and blankets", "Oven", "Mini fridge", "Hair dryer", "Hangers", "Crib", "Dishes and silverware", "Luggage dropoff allowed", "Essentials", "Patio or balcony", "Shampoo", "TV with standard cable", "Baking sheet", "Cooking basics", "Single level home", "Bed linens", "Pour-over coffee", "Carbon monoxide alarm", "Bathtub", "Heating", "Wifi", "Children\u2019s books and toys", "Coffee maker", "Dishwasher", "Backyard", "Pack \u2019n play/Travel crib", "Long term stays allowed", "Microwave", "Refrigerator", "Iron", "Body soap", "Kitchen", "Stove", "Breakfast", "Hot water", "Washer", "Paid parking off premises", "Elevator", "Baby monitor", "Children\u2019s dinnerware", "Smoke alarm", "Laundromat nearby", "High chair", "Nespresso machine", "Cable TV", "Freezer"], "price": 222.0, "numbers_of_review": 39.0, "review_scores_rating": 4.95, "reviews": [{"name": "Martin", "date": "2016-04-17", "review": "Rachel and Richard are incredibly lovely people, with an equally lovely home. They were organised, courteous and straightforward with all the essentials making it easy for my family and I to get settled in.<br/>Although we only stayed for one night, we felt at home the whole time, thoroughly enjoying what the location had to offer.<br/>We wouldn't hesitate to come back to the apartment, if it's still available!<br/>Thanks from the whole family!"}, {"name": "Jonathan", "date": "2016-04-21", "review": "I highly recommend staying in the bloomsbury bolt-hole! The apartment is extremely beautiful and very well equipped with brand new furniture and appliances. The two rooms are very agreeable, the two bathrooms are very convenient, and the apartment is decorated with taste. We were warmly greeted at our arrival by Richard, who is a very nice host, always happy to offer us advice on the area and keeping in touch during our stay. The area is also very cool, the street is quiet, yet only a minute away from cafes, restaurants and shops. This apartment is a gem a London that I highly recommend."}, {"name": "Ortal", "date": "2016-04-28", "review": "Great location! Hight standard building. \r<br/>The apartment is well maintained & felt like new. Super clean and nicely designed. We had all we needed and Richard helped us to feel like home. Highly recommended and we will be happy to stay there again for even longer periods of time .\r<br/>   "}, {"name": "Amanpreet", "date": "2016-05-03", "review": "It was brilliant from start to finish, arranging to get the keys was very easy. Richard/ Rachel were on hand to answer any questions and provide advice on where to go. The flat was just as described and brilliant location. Would highly recommend and will use again the in future.<br/>Thank you for having us!<br/>Aman"}, {"name": "Shair", "date": "2016-05-10", "review": "Dear Rachel. Thank you for 10 wonderful days spent in your apartment. We have received great pleasure from the apartment, from its interior and location. all very convenient. All the equipment worked perfectly. Very clean and bright apartment. We hope that someday necessarily spend the holiday you again. Your husband Richard is constantly cared for us, he suggested places for lunch and dinner nearby. Thank you. Sincerely Shair "}, {"name": "Tanya", "date": "2016-05-20", "review": "This was the perfect stay in the perfect apartment with hosts who made everything so easy and enjoyable. The apartment was immaculately presented and well equipped in a central and convenient location. I cannot speak highly enough of Rachel and Richard as hosts- they were so lovely, so helpful and such good communicators both before and during my stay. I would most definitely stay again next time I'm in London."}, {"name": "Fran\u00e7ois", "date": "2016-05-22", "review": "Nous avons s\u00e9journ\u00e9 2 nuits avec nos 2 enfants et un ami.\r<br/>L'appartement correspond bien \u00e0 la description, il est tr\u00e8s propre et bien \u00e9quip\u00e9. \r<br/>Il est situ\u00e9 dans un quartier tr\u00e8s agr\u00e9able avec de nombreux commerces \u00e0 proximit\u00e9, mais dans une rue calme malgr\u00e9 tout (et les chambres dorment sur cour). \r<br/>Pour les voyageurs avec enfant en bas \u00e2ge, un lit b\u00e9b\u00e9 a \u00e9t\u00e9 mis \u00e0 notre disposition.\r<br/>Nous avons \u00e9t\u00e9 tr\u00e8s bien accueillis par Richard qui a r\u00e9guli\u00e8remet pris de nos nouvelles au cours du we.\r<br/>Je recommande donc ce logement!"}, {"name": "Susan", "date": "2016-06-03", "review": "Outstanding in every way!  Rachel and Richard couldn't have been more helpful and gracious.before our arrival and during our trip. Their flat is immaculately clean and I appreciated the modern amenities, nice bed linens and towels.  During other Airbnb stays in the U.S, it seemed as if towels were picked up at goodwill, mismatched and thin.  Our hosts really went the extra mile, providing nice touches as if family were visiting.  The flat is centrally  located and no more than a five minute walk to the tube. It was nice to have a few convenient markets as well as places to pick up snacks as well as great restaurants within easy walks distance.  We slept soundly - very peaceful neighborhood.  I can't think of anything that could be improved. We are a family of four with children ages 19 & 21.  "}, {"name": "Francesca", "date": "2016-06-07", "review": "If you want to feel at home in London this is the place. Not just for the great position,the elegance of the furniture and the tidness of any single thing but also for the people: super cating,always helpful and very very warm. My home in London is here!\r<br/>Ty Richardo and Rachel."}, {"name": "Chris", "date": "2016-06-14", "review": "Gorgeous apartment. Ideally located around Goodge Street station and many restaurants and stores. The flat is perfectly clean, well kept and the hosts are extremely welcoming. They made themselves immediately available for any help or advice. I recommend both Rachel and the apartment and would definitely stay there, or any other property hosted by them, in the future. "}]}