{"id": 10146851, "listing_url": "https://www.airbnb.com/rooms/10146851", "name": "Explore Buzzing Brixton from Colourful Bright Flat", "description": "Enjoy a stay in this bright modern home, a short walk from buzzing Brixton Village. Famous for its nightlife and vibrant small business scene, Brixton has an incredibly welcoming feel and will surely tick all your boxes if you're looking for something a bit more original than typical London sights.", "host_name": "Fran", "host_id": 28886982, "host_url": "https://www.airbnb.com/users/show/28886982", "host_picture_url": "https://a0.muscache.com/im/users/28886982/profile_pic/1438632056/original.jpg?aki_policy=profile_x_medium", "neighbourhood_cleansed": "Lambeth", "latitude": 51.45007, "longitude": -0.11125, "property_type": "Entire serviced apartment", "room_type": "Entire home/apt", "accommodates": 4.0, "bathrooms": 2.0, "bedrooms": 2, "beds": 2, "amenities": ["Wifi", "Coffee maker", "Free parking on premises", "Washer", "Dishwasher", "Game console", "TV", "Full kitchen", "Fire extinguisher", "Smoke alarm", "Hair dryer", "Bathroom essentials", "Bathtub", "Dryer", "Iron", "Carbon monoxide alarm", "Self check-in", "Heating", "Bedroom comforts", "Air conditioning"], "price": 170.0, "numbers_of_review": 35.0, "review_scores_rating": 4.82, "reviews": [{"name": "Nick", "date": "2016-07-03", "review": "Amazing stay at Fran's. He was simply the perfect host. The place was spotless and in great location right next to one of London's best parks... Oh and the views are amazing too!!"}, {"name": "Nick", "date": "2016-07-23", "review": "Great place.  Amazing view.  Wonderful host! "}, {"name": "Nick", "date": "2016-08-27", "review": "As a business traveler, I need a reliable flat and host like Francis. This place ticks al the boxes.  It's a very considered apartment,  the views are stunning and it's right on the park, what's not to love. "}, {"name": "Nick", "date": "2016-09-24", "review": "Great lads. Nice gaff. Would definitely stay again. "}, {"name": "Andrew", "date": "2016-12-31", "review": "Spacious and comfortable flat in a great location for us. Francis was very welcoming and the accommodation and facilities were exactly as described on the website. I would definitely recommend. "}, {"name": "Samuel", "date": "2017-05-15", "review": "Very friendly responsive hosts. So close to the beautiful Brockwell park. Good parking. "}, {"name": "Marcus", "date": "2017-05-30", "review": "Communication about our stay was great with Francis making contact prior to our arrival to insure he was there to meet us and show us around the house. The apartment was just what our traveling family needed for a week in London. There was just the right amount of space and Francis made it clear it was our place for the week allowing us to use the nespresso pods and a few other things from the kitchen which we greatly appreciated. Brixton was only a short walk away with many good spots for food and coffee close by. Would definitely recommend a stay here for other travelers. "}, {"name": "Cynthia", "date": "2017-07-10", "review": "Great flat next to wonderful Brockwell Park and a short walk to Brixton. Very spacious and modern. Hosts were very responsive and helpful."}, {"name": "Craig", "date": "2017-11-06", "review": "A great flat which is close to the Brixton buzz whilst far enough away to avoid it if preferred.  Having Brockwell Park on the door step was a great addition.  The flat itself is spacious and has all the essentials with some great extras such as full Sky TV and all the spices and cooking tools you could ever need!  Highly recommended."}, {"name": "Mercy", "date": "2017-12-31", "review": "My family and I enjoyed our stay here, enough space for the four of us. The location of the flat was so central, easy access to everywhere. Loved the fact I had access to off-street parking. There was a lack of comforters and blankets which were desperately needed because of issues with the heating. I would stay at the flat again if visiting London."}]}