{"id": 10140317, "listing_url": "https://www.airbnb.com/rooms/10140317", "name": "Spacious Studio Flat with Garden", "description": "This is located in a very green and quiet space, 10 minutes walk up to a hill with great views of South London where can see the London eye in a distance. Close to several parks, shops and farmer's markets but within short distance of Central London. <br /><br />Breakfast as well as other food is provided in a well stocked kitchen so guests can help themselves to whatever is available. Extra items to cater for any allergies like lactose or gluten intolerances can also be provided free of cost.<br /><br /><b>The space</b><br />Set in a Victorian terraced flat in a quiet, pretty neighbourhood.<br /><br /><b>Guest access</b><br />You will have the whole flat as well as access to the garden. There are portable barbecues if the weather is good that you can use out in the garden.", "host_name": "Premila", "host_id": 50565590, "host_url": "https://www.airbnb.com/users/show/50565590", "host_picture_url": "https://a0.muscache.com/im/pictures/user/31e17e73-324b-4578-8536-0c42930b5a10.jpg?aki_policy=profile_x_medium", "neighbourhood_cleansed": "Lewisham", "latitude": 51.46903, "longitude": -0.0343, "property_type": "Entire rental unit", "room_type": "Entire home/apt", "accommodates": 4.0, "bathrooms": 1.0, "bedrooms": null, "beds": 2, "amenities": ["Essentials", "Wifi", "First aid kit", "Long term stays allowed", "Shampoo", "Smoke alarm", "Hair dryer", "Iron", "Carbon monoxide alarm", "Hangers", "Kitchen", "Heating", "Breakfast", "Hot tub"], "price": 38.0, "numbers_of_review": 6, "review_scores_rating": 4.5, "reviews": [{"name": "Ann Marie", "date": "2016-04-18", "review": "A cosy flat in a convenient area nearby the station and many shops. Perm is One of the most friendliest person I've ever met on Airbnb. Perm invited me into her home with open arms, she made me feel as though her place was also a home of mines. Her kind hospitality was the best and I would recommend her to anyone . Thank you again perm for a pleasant stay."}, {"name": "Katie", "date": "2016-05-04", "review": "Prem was a great host and this was such a lovely flat. She was constantly communicative when needed, and made us feel very welcome and at home. The flat was clean and quiet, the neighbourhood is vibrant and we couldn't have asked for more!"}, {"name": "Tarja", "date": "2016-05-09", "review": "Prem is nice woman, love to cook and made to me good food. Thanks for it.  It takes 10 minutes to walk to train station and 30 minutes to city center. "}, {"name": "Henry", "date": "2016-05-15", "review": "We had a great time at Prem's place. Very cosy and homely place, full of character. Was a relaxing place to be. Prem was very helpful with some payment issues I had as well as being very welcoming and generous. Fairly simple commute into the centre of London. Definitely recommend this!"}, {"name": "Ann Marie", "date": "2016-05-29", "review": "Prem, was an outstanding and exceptional host. She made my stay very comfortable the one night it was available and I will always be happy to return there for my short regular vacations. "}, {"name": "Federica", "date": "2016-07-06", "review": "Our stay has been great. Premila is a lovely girl, kind and very helpful we are very glad that we have chosen her flat and we will be back for sure."}]}