{"id": 10152930, "listing_url": "https://www.airbnb.com/rooms/10152930", "name": "sunny apartment in north Islington", "description": "quiet and sunny one bedroom flat. 1st floor in residential area near Finsbury park underground (Victoria and Piccadilly lines). Double bed + sofa bed.", "host_name": "Nadav And Noga", "host_id": 52101971, "host_url": "https://www.airbnb.com/users/show/52101971", "host_picture_url": "https://a0.muscache.com/im/pictures/user/0f25a0c7-f812-4991-8ded-e57feb5de2d4.jpg?aki_policy=profile_x_medium", "neighbourhood_cleansed": "Islington", "latitude": 51.56668, "longitude": -0.11863, "property_type": "Entire rental unit", "room_type": "Entire home/apt", "accommodates": 2.0, "bathrooms": 1.0, "bedrooms": 1, "beds": 1, "amenities": ["Essentials", "Wifi", "Washer", "Long term stays allowed", "Fire extinguisher", "Smoke alarm", "Kitchen", "Heating"], "price": 52.0, "numbers_of_review": 2, "review_scores_rating": 4.0, "reviews": [{"name": "Fra", "date": "2016-01-05", "review": "Nadav and Noga's place is really nice, clean and comfortable; closed to subway and in a neighbourhood full of cozy cafes.\r<br/>Anfitriones are always available for any questions and left us a map with useful recommendations!"}, {"name": "Rebecca", "date": "2016-01-11", "review": "Description was very accurate, the flat was clean and tidy, the area was nice (although I don't think I'd want to walk alone from the tube late at night), the bed was made already which was wonderful (thank you very much!), and everything was exactly as promised! A wonderful stay - thank you."}]}