{"id": 1015806, "listing_url": "https://www.airbnb.com/rooms/1015806", "name": "Charming 2 bedroom riverside house", "description": "A charming House and garden set over 3 floors in this wonderful Green and Waterside location, with Canada Water, Surrey Quays station close and the Riverbus service, Greenland Pier, also a short stroll away. Property comes furnished nicely.<br /><br /><b>The space</b><br />A charming 2 good size double bedroom house in the wonderful Green and Waterside location, with Canada Water, Surrey Quays station close and the Riverbus Service also a short stroll away.<br />A stunning house and garden, within yards of the River Thames, the Greenland Dock Marina, and both Canada Water and Surrey Quays Stations.<br />Greenland Pier is also just yards away, 4-5 minutes.<br />This is perfect place to stay and explore London.<br />Docklands is one of the most exciting new Tourist Attractions in London. A beautiful historic warehouses, old riverside pubs and impressive new developments enchant the wandering visitor. Docklands is a place of discovery. The fascinating past of the Tower of London alone mak", "host_name": "Maral", "host_id": 5567294, "host_url": "https://www.airbnb.com/users/show/5567294", "host_picture_url": "https://a0.muscache.com/im/users/5567294/profile_pic/1365030569/original.jpg?aki_policy=profile_x_medium", "neighbourhood_cleansed": "Southwark", "latitude": 51.49211, "longitude": -0.04291, "property_type": "Entire home", "room_type": "Entire home/apt", "accommodates": 6.0, "bathrooms": 2.0, "bedrooms": 2, "beds": 2, "amenities": ["Extra pillows and blankets", "Oven", "Lake access", "Fire extinguisher", "Hair dryer", "Wine glasses", "Private entrance", "Hangers", "Cleaning products", "Dishes and silverware", "Essentials", "Free parking on premises", "Shampoo", "Free street parking", "Cooking basics", "Bed linens", "Clothing storage", "Carbon monoxide alarm", "Bathtub", "Heating", "Coffee maker", "Dishwasher", "Backyard", "Long term stays allowed", "Hot water kettle", "Microwave", "Refrigerator", "Outdoor dining area", "Body soap", "Drying rack for clothing", "Kitchen", "Stove", "Toaster", "Hot water", "Washer", "Smoke alarm", "Lockbox", "Outdoor furniture", "Freezer"], "price": 119.0, "numbers_of_review": 120.0, "review_scores_rating": 4.57, "reviews": [{"name": "Ross", "date": "2013-09-22", "review": "We enjoyed our last few days in London staying at Maral's house. Charming area and near to tube and amenities. There was five of us and it worked. Maral's husband was very kind to pick us up from the tube. I would recommend to anyone. "}, {"name": "Pepe", "date": "2013-10-16", "review": "Estuve en la casa por cinco noches acompa\u00f1ado por mi familia, cuatro adultos y dos ni\u00f1os. La casa est\u00e1 en buenas condiciones y resulto c\u00f3moda para el tiempo que estuvimos.<br/>Las conexi\u00f3n con el centro de la ciudad supone hacer alg\u00fan transbordo desde el overground al underground, pero nada que no sea normal en Londres. La zona es tranquila y el supermercado est\u00e1 a medio camino entre la estaci\u00f3n y la casa.  Las camas son c\u00f3modas y el sof\u00e1 cama no est\u00e1 mal del todo.<br/>Los due\u00f1os son muy agradables y siempre listos para ayudar en lo que pueden. Esa es lo mejor de todo :) <br/>Muchas gracias por todo!"}, {"name": "Marc", "date": "2013-11-02", "review": "Tr\u00e8s bien accueillis malgr\u00e9 l'heure tardive (retard de l'avion) nous avons d\u00e9couvert un appartement tout \u00e0 fait conforme aux photos et descriptif , tr\u00e8s propre et bien \u00e9quip\u00e9. Le quartier est tr\u00e8s sympathique et calme , la vue sur Londres et les bassins est superbe . En 10 minutes \u00e0 pieds  nous pouvions rejoindre un super march\u00e9 bien pratique et le m\u00e9tro ligne Jubil\u00e9e pour aller soit voir la tour de Londres ou Westminster... Nous avons pass\u00e9 un excellent s\u00e9jour ."}, {"name": "Julien", "date": "2013-12-17", "review": "We were 4 friends visiting London and we had a very pleasant time in Maral and Yuri's house. It was very clean and functional as we saw on the photos. The neighborhood is very calm and it's well situated with underground and buses at 5min walk. It is the best way to be in London as a real British. "}, {"name": "Ga\u00eblle", "date": "2014-01-02", "review": "Le logement \u00e9tait id\u00e9alement plac\u00e9 pour visiter Londres et \u00eatre au calme le soir, supermarch\u00e9 et station de m\u00e9tro \u00e0 5' \u00e0 pied... Table et chaises un peu juste pour 6 mais globalement pour quelques nuits et le petit-d\u00e9jeuner la maison \u00e9tait tr\u00e8s bien (les voisins sont un peu bruyants parfois...). Un emplacement pour la voiture juste devant ce qui \u00e9tait parfait pour nous. Je recommande cette location pour un court s\u00e9jour \u00e0 Londres."}, {"name": "Terry", "date": "2014-02-05", "review": "Dealt with by text very prompt and friendly , enjoyed our stay ideal for short break with family , 5 minutes from Surrey Quays for underground."}, {"name": "Afiq", "date": "2014-03-28", "review": "The host was very friendly and helpful during check in and check out. The house was exactly was we expected from the pictures. Excellent place for a group of 6 and my family had a great time during our stay at this house. Only 5 min walk to surrey quays mall and station, 15 min walk to Canada waters station which makes this house an excellent location. Would definitely come back to this house during our next stay in London."}, {"name": "Carmen", "date": "2014-04-02", "review": "Hemos pasado cinco d\u00edas muy a gusto en familia.Lo que mas nos gust\u00f3 fue la zona ,preciosa para pasear y muy bien comunicada. La anfitriona muy amable y muy preocupada en todo momento por nuestras necesidades,la casa   tiene todo lo necesario para pasar unos d\u00edas c\u00f3modamente,tiendas cercanas,parada metro a pocos minutos,jard\u00edn exterior y cerca del centro de Londres\r<br/>   Muchas gracias Maral por todo,nos veremos pronto"}, {"name": "Konstancja", "date": "2014-05-16", "review": "Lovely place, only 20 mins by tube from city center, owner was very friendly and helpful, let us leave our stuff in the house for an extra day, gave useful tips about the area etc. :) There were 4 of us and we fit in the house just fine. Neighbourhood quiet and clean. Definitely recommend it."}, {"name": "Nannette", "date": "2014-06-07", "review": "Great neighborhood. Clean, quiet, easy communication and friendly hosts. \r<br/>Everything we wanted.\r<br/>Would stay here again."}]}