{"id": 10169014, "listing_url": "https://www.airbnb.com/rooms/10169014", "name": "Private Bedroom in Brixton (Zone2)", "description": "En-suite Double Room in heart of Brixton SW9. Just minutes from Brixton Village & Market. Good transport. Includes kitchen, dining area, private bathroom, internet access and garden. Shops, bars, restaurants, clubs, you can find everything.<br /><br /><b>The space</b><br />You have my house and garden to enjoy. The room with sharing bathroom is perfect for one.<br /><br /><b>Guest access</b><br />You have access to all the house and garden at all times. You are welcome to use the kitchen(with microwave and cooking facilities) to cook your own meals. We have fridge space available if you require.There is a washing machine and dryer.<br /><br /><b>Other things to note</b><br />My roommates and I will not at home in the daytime, sometimes we will spend time together after dinner, we are young people work and study in London, we welcome you to join us. if you like the quiet life, My advice is that this may not be the place for you at weekends! it is not such a quiet area or a relaxing quie", "host_name": "Fang", "host_id": 39429337, "host_url": "https://www.airbnb.com/users/show/39429337", "host_picture_url": "https://a0.muscache.com/im/users/39429337/profile_pic/1437747299/original.jpg?aki_policy=profile_x_medium", "neighbourhood_cleansed": "Lambeth", "latitude": 51.46217, "longitude": -0.10955, "property_type": "Private room in home", "room_type": "Private room", "accommodates": 1.0, "bathrooms": null, "bedrooms": 1, "beds": 1, "amenities": ["Essentials", "Wifi", "Washer", "Long term stays allowed", "Shampoo", "Smoke alarm", "Hair dryer", "Dryer", "Hangers", "Kitchen", "Heating", "Lock on bedroom door"], "price": 35.0, "numbers_of_review": 2, "review_scores_rating": 4.0, "reviews": [{"name": "Maciej", "date": "2016-01-02", "review": "All was very good. My friend, for whom I rented the room, was happy with the stay. Fang was amazingly accommodating, letting her in at 4am (massively delayed flight!). \r<br/>Big thanks!"}, {"name": "Andy", "date": "2016-01-31", "review": "Host was helpful. \r<br/>Location was very close to tube station."}]}