{"id": 10163641, "listing_url": "https://www.airbnb.com/rooms/10163641", "name": "Spacious single room near Crystal Palace Station", "description": "A spacious single room only 5 minutes from Crystal Palace station and all the amenities that Crystal Palace triangle has to offer. Located on a quiet cul-de-sac its ideal for solo and business travellers, those who like to leave it to the very last minute to catch the train or the more relaxed amongst us who'd like to stroll in the park and take in the cafe and arts culture of Crystal Palace.<br /><br /><b>The space</b><br />Despite being close to the station, a number of bus routes including the N3 night bus and the numerous cafes, restaurants and bars on the triangle,  being on a cul-de-sac means that the street (with free on street parking) is very quiet.<br /><br /><b>Guest access</b><br />An earlier check-in time may be available (it just depends on when I'm working) so please let me know if you plan to arrive earlier and I'll do my best to accommodate you. You're welcome to make use of the living room and kitchen (including space in the fridge) and to help yourself to tea and cof", "host_name": "Sarah", "host_id": 29304880, "host_url": "https://www.airbnb.com/users/show/29304880", "host_picture_url": "https://a0.muscache.com/im/users/29304880/profile_pic/1426325445/original.jpg?aki_policy=profile_x_medium", "neighbourhood_cleansed": "Bromley", "latitude": 51.41615, "longitude": -0.07533, "property_type": "Private room in condo", "room_type": "Private room", "accommodates": 1.0, "bathrooms": 1.0, "bedrooms": 1, "beds": 1, "amenities": ["Essentials", "Hot water", "Oven", "Shampoo", "Microwave", "Refrigerator", "Clothing storage: closet", "Smoke alarm", "Cooking basics", "Free street parking", "Hair dryer", "Iron", "Hangers", "Kitchen", "Central heating", "Wifi", "Stove", "Dishes and silverware"], "price": 33.0, "numbers_of_review": 79.0, "review_scores_rating": 4.96, "reviews": [{"name": "Constantinos", "date": "2018-03-03", "review": "You should stay there!"}, {"name": "Malika", "date": "2018-05-27", "review": "I had a great time at Sarah\u2019s home<br/>She was very friendly and communicative from the beginning and very accommodating for a last minute booking<br/>The location is perfect<br/>Close to transport and in a leafy part of London<br/>Sarah\u2019s home has a great vibe and she is herself a wonderful host<br/>I recommend wholeheartedly"}, {"name": "Eduardo M.", "date": "2018-06-28", "review": "Sarah es una persona muy amable, su espacio muy bonito, a unos pasos de los diferentes transportes, siento que da m\u00e1s de lo que ofrece. 100% recomendable."}, {"name": "Lizia", "date": "2018-07-05", "review": "I couldn\u2019t hope for a better start in London! The flat is close to the Crystal Palace station, from where you can go anywhere in London. It\u2019s also a very good neighborhood with a lot to do near by. At the flat everything was very organized, tidy and super clean. It\u2019s cozy and I felt at home, not just at a room to stay for awhile. <br/>I\u2019ve just moved to London and I had a lot to organize and Sarah was so kind, always talking the time to give me tips or explaining how things work here, she helped me a lot theses days!<br/>I can\u2019t thank her enough for opening her home to me and for helping me with everything I needed these past days. <br/>Everything was wonderful! I super recommend!!!"}, {"name": "Sam", "date": "2018-07-11", "review": "Good value and close to transport links"}, {"name": "Mark", "date": "2018-07-16", "review": "Booked on less than 2 hours notice but Sarah was great enough to take me in. Infinitly better than my hostel, great host!!"}, {"name": "Kristian", "date": "2018-07-25", "review": "Beautiful flat in a wonderful location very close to the shops, bars and restaurants of Crystal Palace. Also well located for the train station and Anerley. Really well kept flat with lovely added extras (free fruit!!). Sarah is a wonderful  host who explained everything very clearly upon check in and made me feel very much at home. Will stay again and would highly recommend to others. "}, {"name": "Sarah", "date": "2018-07-30", "review": "It was really nice to stay at Sarah's house. It's quite close to the station so you won't have problems getting a train into the centre of London. Sarah was a great host. She helped me a lot during my stay (e.g. to plan trips). This was the first time I was travelling alone and it felt like home. I definitely recommend."}, {"name": "Oc\u00e9ane", "date": "2018-08-05", "review": "Sarah est une personne incroyable. elle est vraiment trop gentille, sociable, elle m a sauv\u00e9 d'une gal\u00e8re apr\u00e8s que ma compagnie est perdu ma valise, elle m a fourni toutes les affaires de toilettes et elle m'a conseill\u00e9 des endroits pour acheter mes habits... <br/>Vous pouvez y aller les yeux ferm\u00e9s. Son appartement est nickel, tr\u00e8s propre. La chambre est parfaite avec tout ce dont on a besoin. Encore merci pour tout. "}, {"name": "Sairie Eddy", "date": "2018-08-13", "review": "Will stay again. Great host, close to public transport. Clean house. "}]}