{"id": 1016793, "listing_url": "https://www.airbnb.com/rooms/1016793", "name": "Private room in Camden Town, London", "description": "Large bedroom with comfortable antique bed, desk and radio. Balcony to the street. Shared kitchen and bathroom in friendly and considerate household. Camden Town, close to all amenities and transport. We have a cat. Wifi and central heating; no tv. Please note - we do not allow sleepovers with anyone other than the guest without express permission.<br /><br /><b>The space</b><br />A beautiful large room in a Victorian terrace in a lovely residential street. You have use of the shared kitchen, which overlooks the back gardens. We will provide all the basics for a light breakfast, and you are free to use the fridge, cooker, kettle, etc at any time. <br />The bathroom is shared, with a good shower. There is a washing machine for clothes. The bedroom has a key.<br />The room is the largest in the house, and has a small balcony overlooking the street. We have internet, and there is plenty of desk space, as well as a reading corner, with comfortable chair and good light. There is a radio, bu", "host_name": "Emily", "host_id": 5592004, "host_url": "https://www.airbnb.com/users/show/5592004", "host_picture_url": "https://a0.muscache.com/im/users/5592004/profile_pic/1364134599/original.jpg?aki_policy=profile_x_medium", "neighbourhood_cleansed": "Camden", "latitude": 51.53666, "longitude": -0.14318, "property_type": "Private room in home", "room_type": "Private room", "accommodates": 1.0, "bathrooms": null, "bedrooms": 1, "beds": 1, "amenities": ["Wifi", "Washer", "Smoke alarm", "Kitchen", "Heating", "Breakfast"], "price": 65.0, "numbers_of_review": 23.0, "review_scores_rating": 4.78, "reviews": [{"name": "Chad", "date": "2014-06-23", "review": "Emily was very welcoming and responsive.\r<br/>\r<br/>Such a cool room - very Victorian (it felt like going back in time). Bed was very comfortable (good mattress, nice feather/down pillows). Quiet neighborhood that's just a few minutes' walk from the bustling Camdentown area.\r<br/>\r<br/>I didn't really use any of the shared areas (e.g., kitchen or back yard/garden) so I can't say anything about those."}, {"name": "Lucy", "date": "2014-07-14", "review": "Emily's home is a warm embrace -  a private idyll off a busy, bustling street of Camden Town in a house where you have both the opportunity to be with people, or in your own company.  No pressure or obligation either way.  I have had one of my most positive airbnb experiences staying here and will definitely be back when returning to London.  The bed is big, comfy and windows bursting with natural light.  The location a quick walk to the Tube, 1 minute to Whole Foods and some great coffee shops.   A very easy, positive space in which to stay for a while - enjoyed it tremendously and was made to feel right at home.  \r<br/>\r<br/>Thank you!"}, {"name": "Katherine", "date": "2014-08-24", "review": "What a wonderful stay! Not only was the room beautiful but Emily and her housemates made me feel absolutely welcome.  It was a breeze to get anywhere in London by foot or underground making the experience that much better. Thank you, Emily!"}, {"name": "Adnan", "date": "2014-09-07", "review": "Emily was absolutely wonderful and made me feel at home the moment I walked in the front door. Her place is located a short 5 min walk from the Camden Tube station and is on a quiet street so you can be assured of a good nights sleep away from the din and commotion of Camden.\r<br/>I loved the bedroom, very quaint with lots of character, spacious and well kept and would definitely stay here on my next visit to Camden. The bathroom is shared and is also well maintained and clean. All in all, staying at Emily's was one of the highlights of my visit.\r<br/>"}, {"name": "Jasminka", "date": "2015-04-20", "review": "This room with huge windows and a view to the calm street, and this house make the stay in Camden make so much sense. This was such a beautiful stay in the house that is calm and cheerful at the same time, with people (hosts and other tenants) offering helpful and kind company - the arrangements went easily, the welcome informative and in time. \r<br/>\r<br/>"}, {"name": "James", "date": "2015-04-27", "review": "I had a great time staying at this house, in which several interesting and friendly people live - with whom I had the pleasure of speaking on a few occasions. The room is very comfortable, very clean - and full of an eclectic mix of books and art, home away from home. There is a lock on the door, but in any case you will feel totally at ease here and relaxed. On the night I arrived I was kindly offered dinner by someone cooking in the house, a glass of wine and had an excellent conversation with Sam one of the family members. Will definitely use again next time I'm in town - if I am welcome back!"}, {"name": "Linsey", "date": "2015-05-12", "review": "I really enjoyed my time at Emily's place.  It was a lovely bright room in a peaceful household on a beautiful street, handy to transit and all the attractions of Camden and beyond.  Emily's housemates were friendly, relaxed and warm people who made me feel very welcome.  The beautiful birdsong  on this street is a lovely memory of London.  I highly recommend Emily's place as an oasis of a calm in a bustling city."}, {"name": "Adam", "date": "2015-05-27", "review": "A beautiful room in a welcoming household. The house is close to public transportation, parks, zoos, grocery stores and a great coffeeshop (The Coffee Jar), the kitchen and bathroom are clean and light-filled. The best thing, however, are the other inhabitants, an intelligent bunch who made me feel at home - the impassioned and intelligent conversations around the dining room table were a highlight of the trip. "}, {"name": "Mimi", "date": "2015-09-17", "review": "Quiet sanctuary in a lively, fascinating part of London.  Be ready to experience community living with its pluses (great conversations and stories at the dining room table) and minuses (sharing the one bathroom).  A nice room with a good bed in a home that, like a favorite pair of shoes one has owned for a long time, is a bit worn but the most comfortable.  Wi-fi access easy and works.  Helpful household, especially for an overseas traveler as I was.  As others have noted, no lock on the room door. For me, personally, a household community that unlocked my thinking about the larger human community to which we all belong."}, {"name": "Lucy", "date": "2015-09-21", "review": "As always, staying with Emily in Camden Town is always a pleasure. This is my second stay and just as effortless, enjoyable and positive experience as the first time.   Emily's home is extremely welcoming, the room super comfortable and full of natural light and all in immediate proximity to great coffee, food, movie theatre, the canal and the underground!!     Each and every time I travel to London and should Emily have availability, I'll stay with her.   "}]}