{"id": 10160270, "listing_url": "https://www.airbnb.com/rooms/10160270", "name": "Modern Loft with 2 Bathrooms", "description": "A very quiet and peaceful loft, receives good sunlight in morning & afternoon hours. It's designed and curated with modern & antique furniture, holds a large open-plan reception and kitchen. A home away from home with a continental European vibe.<br /><br /><b>The space</b><br />Comfortable and looked-after home, with plenty of sunlight and space. The loft has 2 bedrooms and 2 bathrooms. Fully equipped kitchen in case you want to cook something, a piano if you want to play, or just relax and read.<br /><br /><b>Guest access</b><br />I am renting out the entire flat, that can sleep 4. There is a back-yard, communal to the building and its other residents, where you will also find the trash bins.<br /><br /><b>Other things to note</b><br />Please feel free to email me with any questions you may have. I also speak Italian, French and Serbian in case that is of use.", "host_name": "Stefan", "host_id": 47623270, "host_url": "https://www.airbnb.com/users/show/47623270", "host_picture_url": "https://a0.muscache.com/im/pictures/user/cea027d6-e3ac-49ab-9f9c-1a6f25189c9b.jpg?aki_policy=profile_x_medium", "neighbourhood_cleansed": "Hackney", "latitude": 51.55876, "longitude": -0.08223, "property_type": "Private room in loft", "room_type": "Private room", "accommodates": 2.0, "bathrooms": 1.0, "bedrooms": 1, "beds": 1, "amenities": ["Essentials", "Wifi", "Washer", "Long term stays allowed", "Shampoo", "Fire extinguisher", "Smoke alarm", "Hair dryer", "Iron", "Hangers", "Kitchen", "Heating"], "price": 41.0, "numbers_of_review": 10, "review_scores_rating": 5.0, "reviews": [{"name": "Alberto", "date": "2016-02-13", "review": "Stefan and Carolina (other girl that lives in the house) were very welcome when i arrived for the first time at house. Stefan was very nice and sociable!<br/>The bedroom was perfect: clean,spacious,double bad and the bathroom in the room (impossible to find it).. Fantastic! <br/>The house is near the bus stop (2 minutes walk) at 25 minutes to Angel Station for the Underground (Northerline).<br/>Kitchen was fully furnished and perfect to cook everything!<br/>Only positive things for this fantastic 10 days!<br/>My advice? If available do not let it get away<br/>Thank you Stefan!"}, {"name": "Isa", "date": "2016-04-06", "review": "We had a wonderful stay at Stefan and Carolina's place. The apartment is very clean, functional, calm and close to the bus station. The area is full of lovely bakeries and shops.\r<br/>Although we didn't get the chance to meet Stefan personally, we could notice all the care and attention he gives to his guests through many small details. Thank you Stefan!"}, {"name": "Iole", "date": "2016-04-24", "review": "Sono rimasta molto soddisfatta. Stefan \u00e8 stato molto disponibile e gentile dal primo momento fino alla fine del soggiorno!\r<br/>La casa molto bella e con tutti i comfort, come in albergo! \r<br/>Non \u00e8 vicinissima alle principali attrazioni, ma c'\u00e8 una fermata del bus praticamente sotto casa e a pochi passi una strada piena di negozietti e posti dove mangiare!\r<br/>Ci ritornerei, massima seriet\u00e0 disponibilit\u00e0 e pulizia! "}, {"name": "Birte", "date": "2016-08-07", "review": "For London: Quiet, spacey and good price! Stefans communication with me was reliable and he answered very fast. He prepared everything for my stay and left a great note where I would find things. The contact with his roommate Carolina was uncomplicated, extremely friendly and easy going. The rooms are all new and have nice big windows. There is no traffic in the street, so it is very quiet. The kitchen has everything one needs. The bed is comfortable. I found it very convenient that the bus No 73 runs just from the next street a minute away and that takes you right into the city in 40 minutes. Also there is a fruit and vegetable shop, a health food store and a 24/7 shop just down the road. You can buy an oyster card there. Streets with free parking are 5 busstops away. Stefan had 2 adapters for german plugs.\r<br/>I enjoyed my stay and would definetely book again."}, {"name": "Amanda", "date": "2016-09-11", "review": "My husband and I stayed here for a week and loved it! It's one of the best places we've stayed in. Clean, modern, comfortable, great amenities, super comfortable bedroom and the ensuite was a wonderful bonus. Excellent communication with our host and location was perfect with a lot of transport and church st very close by! Wish we could have stayed longer!"}, {"name": "Neel", "date": "2017-04-10", "review": "Great place in a great location! Would definitely stay again."}, {"name": "Kristy", "date": "2023-04-23", "review": "I had a great stay in a great neighborhood. Thank you!"}, {"name": "Katherine", "date": "2023-07-03", "review": "A lovely flat in a quiet cute neighborhood walkable to amenities. Stefan was helpful and responsive throughout! Big bonus to two have two bathrooms available when traveling with a partner :)"}, {"name": "Susanne", "date": "2023-08-04", "review": "This is a very nice flat in a beautiful neighbourhood. it is a bit of the beaten track, but that makes it particularly special. Stefan was always easy to reach. Would book it again any time."}, {"name": "Chris", "date": "2023-08-14", "review": "Beautiful apartment in a great location.  We also loved the decor of Stefan\u2019s place!"}]}