{"id": 10177621, "listing_url": "https://www.airbnb.com/rooms/10177621", "name": "First floor 1b Apartment@ Soho Berwick street", "description": "A bright, newly refurbished studio apartment located in the heart of Soho and within walking distance to Oxford circus and Tottenham Court road- underground station, and Cranaby Street, Old Compton Street, Prince Edward Theatre, Primark, Apple Store, M&S, and Zara. Buzzing cafes, restaurants, around the place, Covent garden, China Town, Shaftesbury Avenue, you will find every thing accessible  from this place.<br /><br /><b>The space</b><br />Key features<br /><br />** Free WiFi throughout<br />** Kitchen is fully equipped with a Washer Machine, Fridge Freezer, Stove Top, Oven, Kettle, Microwave, Toaster, Tea, Coffee and Sugar<br />** The apartment is supplied with bed linen and towels<br />** Three-Seater Sofa Bed<br />** Dining Table and Chairs<br />** Private bathroom with shower<br />** Flat Screen TV<br />** Iron and ironing board<br />** Heating<br />** Foldable Sofa Bed for extra two people<br /><br /><br />A Cleaning Fee of \u00a350 is Required upon booking.<br />Before releasing ke", "host_name": "Raj", "host_id": 40633522, "host_url": "https://www.airbnb.com/users/show/40633522", "host_picture_url": "https://a0.muscache.com/im/pictures/user/f5b31d79-02d9-4f40-9b58-7a54e381aad8.jpg?aki_policy=profile_x_medium", "neighbourhood_cleansed": "Westminster", "latitude": 51.51516, "longitude": -0.13456, "property_type": "Entire rental unit", "room_type": "Entire home/apt", "accommodates": 3.0, "bathrooms": 1.0, "bedrooms": null, "beds": 2, "amenities": ["Extra pillows and blankets", "First aid kit", "Oven", "Fire extinguisher", "Private entrance", "Hangers", "Cleaning products", "Dishes and silverware", "Essentials", "Shampoo", "Clothing storage: closet", "Cooking basics", "Single level home", "Bed linens", "Carbon monoxide alarm", "HDTV", "Wifi", "Heating", "Long term stays allowed", "Microwave", "Refrigerator", "Iron", "Body soap", "Kitchen", "Stove", "Conditioner", "Hot water", "Washer", "Smoke alarm"], "price": 163.0, "numbers_of_review": 113.0, "review_scores_rating": 4.5, "reviews": [{"name": "Simon", "date": "2020-08-07", "review": "Cannot fault this compact flat! <br/>If you\u2019re looking for cleanliness, host friendliness and great communication then book with confidence. <br/>You\u2019re facing away from Berwick Street and any noise of the street. <br/>I stayed during a heatwave but found the temperature comfortable even at night. <br/>The bathroom is small so there wouldn\u2019t be a lot of room for modesty if you\u2019re not comfortable in each other\u2019s company! <br/>Raj is a top guy and will make you feel very welcome. <br/>I\u2019ll definitely be back."}, {"name": "Sam", "date": "2020-08-21", "review": "Very central location and friendly host."}, {"name": "Lembit", "date": "2020-08-31", "review": "Location. Location. Location! Soho (of course) but also so close to Oxford Street & Covent Garden. Raj has done a very good interior renovations job.  The bathroom is tiny, but the kitchen is larger than most and has all the basics one needs.  Having a washing machine was a bonus. Good storage space. Having plants, some greenery in the room was nice.  Good natural light although no view to speak of.  The plus side of facing the back is that street noises are muffled.  Last but not least, Raj is a wonderful host, and easy to reach with any questions."}, {"name": "Florence", "date": "2020-09-04", "review": "Amazing location and pictures show what the flat looks like really well. Host very helpful and communicative."}, {"name": "Laura", "date": "2020-09-14", "review": "Just what we needed for our London stay!"}, {"name": "Leslie", "date": "2020-09-17", "review": "In a great location"}, {"name": "Mary", "date": "2020-09-24", "review": "Very peaceful flat even though it\u2019s in the middle of Soho! The room is not street facing so you get none of the noise but you can step out the front door and everything you\u2019ll ever want in London is on your doorstep. Fantastic location. It\u2019s a decent size and the kitchen is pretty well equipped."}, {"name": "Laura", "date": "2020-10-04", "review": "Great location :)"}, {"name": "Lola", "date": "2021-02-04", "review": "The location is amazing, very close to Oxford street, china town and Leicester Square. It was very great for long stay (approx 3 weeks) as it has all the amenities you will need. Raj was very nice and very responsive. Definitely a great place for the price"}, {"name": "Mumtaz", "date": "2021-02-28", "review": "This place was well presented upon arrival. It was clean and the check in was easy.  the apartment has everything you would require for a short term stay and is in a very prime location with a few minutes walk to oxford street, Trafalgar square and local shops and restaurants.  Raj also responds quite quickly and is easy to get a hold off and is very hospitable. The one item to look out for is that the bathroom is extremely small, so something to consider should you be sharing the apartment with someone."}]}