{"id": 10174366, "listing_url": "https://www.airbnb.com/rooms/10174366", "name": "Double Room Close to Everything", "description": "Quiet street within walking distance of all the cool things London has to offer. This big and bright modern room for two is a great place to stay.<br />You will be sharing the kitchen, a WC and a bathroom with shower and massage jet bathtub.", "host_name": "Simon", "host_id": 14046299, "host_url": "https://www.airbnb.com/users/show/14046299", "host_picture_url": "https://a0.muscache.com/im/users/14046299/profile_pic/1441140197/original.jpg?aki_policy=profile_x_medium", "neighbourhood_cleansed": "Southwark", "latitude": 51.50433, "longitude": -0.10483, "property_type": "Private room in rental unit", "room_type": "Private room", "accommodates": 2.0, "bathrooms": 1.0, "bedrooms": 1, "beds": 1, "amenities": ["Essentials", "Wifi", "Washer", "Long term stays allowed", "Shampoo", "Smoke alarm", "Iron", "Carbon monoxide alarm", "Hangers", "Kitchen", "Heating", "Hot tub"], "price": 47.0, "numbers_of_review": 3, "review_scores_rating": 5.0, "reviews": [{"name": "Steven", "date": "2016-01-03", "review": "Thank you Simon for being a wonderful host! I told Simon what time I might be arriving at his place and he was standing outside the door to greet me when I got there, amazing! The room was very clean and comfortable and was a relaxing place to come back to after walking around London all day. Simon also provided snacks in his fridge for his guests which was really awesomeness! His place is located on a quiet street away from noise and it was convenient to walk to the grocery store and other things in the area like restaurants and cafes. There is an underground station less than a minute walk away so it's very very convenient to get to the other parts of Central London and explore the city. Also, there's great wifi and a laundry machine if you need those things, which I did. If you're new to the city and need a place to stay, I would highly recommend Simon's place. Simon is really nice and ready to help you if you have any questions. I would definitely stay here again when I'm back in London. "}, {"name": "Scott", "date": "2016-01-16", "review": "Simon is a really nice guy and the room was superb! No problem checking in and getting the key. I spent 4 nights there and would happily rebook with Simon. Thanks for making my week in London much easier!"}, {"name": "Julia", "date": "2016-10-09", "review": "Had a fantastic stay! Simon is a wonderful person and was incredibly helpful. I recommend this place! "}]}