{"id": 10175611, "listing_url": "https://www.airbnb.com/rooms/10175611", "name": "Large Room in Characterful Flat", "description": "Hello and welcome! <br /><br />I have a large private double room available in my pretty flat in Bow, complete with a lovely fluffy cat!<br /><br /><b>The space</b><br />The room is a large double, and comes with a cosy 4 poster bed, mini fire, books aplenty and a large desk.<br /><br />The kitchen has a washer / dryer, microwave, toaster, kettle, hob, oven and fridge freezer - help yourself to tea!<br /><br />The bathroom has a bath and a nice powerful hot shower, a console sink with light and a towel heater<br /><br />There's a shared garden to the back of the property<br /><br /><b>Guest access</b><br />You'll have access to the whole flat<br /><br /><b>Other things to note</b><br />I'm staying in the living room at the moment, but I'm pretty laid back - let me know if there's anything you need!", "host_name": "Emily", "host_id": 47778904, "host_url": "https://www.airbnb.com/users/show/47778904", "host_picture_url": "https://a0.muscache.com/im/pictures/user/93ff2f93-1887-4e21-8075-aade933de53f.jpg?aki_policy=profile_x_medium", "neighbourhood_cleansed": "Tower Hamlets", "latitude": 51.52315, "longitude": -0.02361, "property_type": "Private room in rental unit", "room_type": "Private room", "accommodates": 2.0, "bathrooms": 1.0, "bedrooms": 1, "beds": 1, "amenities": ["Essentials", "Wifi", "Washer", "Long term stays allowed", "Shampoo", "TV", "Hair dryer", "Iron", "Indoor fireplace", "Dryer", "Hangers", "Kitchen", "Heating"], "price": 30.0, "numbers_of_review": 2, "review_scores_rating": 4.0, "reviews": [{"name": "Efe", "date": "2016-06-15", "review": "We nearly have not seen eachother with Emily she was staying at living room but her energy was really low, i think she was busy but it was still weird (i am travelling a lot and staying with people and also doing airbnb for years) during my stay i stayed 5 days and we have not talked more than 5 minutes at all but she has a well designed flat and it was clean.There is a common garden but it is a bit difficult to pass and have a rest there.Mile<br/>end tube station is 10min by walk."}, {"name": "Julia", "date": "2016-06-25", "review": "I had one of my most pleasant Airbnb experiences staying with Emily for a week. Her flat was lovely (very tastefully decorated!) and very clean, while Emily herself was very warm, welcoming and helpful, even informing me early of disruptions on the tube which I very much appreciated!"}]}