{"id": 10185703, "listing_url": "https://www.airbnb.com/rooms/10185703", "name": "Cool Double room next to Brick lane", "description": "brick lane is 5 minutes walk, shoreditch 10 minutes. Aldgate east station is 2 minutes away IF YOU WALK SLOW<br />Within 3 minutes walk, there are 2 banks Lloyds, HSBC, 2 supermarkets, KFC, Burger King, beauty saloon... basically most of the things.<br /><br /><b>The space</b><br />New bedding and towels all included. <br />Feel free to use all the appliances in the house. <br />It is going to be difficult for you to find a place like ours where you can also chill in the spacious living room for this price in the neighbourhood! <br /><br />*Please note that comments about the room being small refers to the other room we listed, not the existing one. This double room is good enough, you will see :)", "host_name": "Angel", "host_id": 34568640, "host_url": "https://www.airbnb.com/users/show/34568640", "host_picture_url": "https://a0.muscache.com/im/users/34568640/profile_pic/1432985768/original.jpg?aki_policy=profile_x_medium", "neighbourhood_cleansed": "Tower Hamlets", "latitude": 51.51506, "longitude": -0.06921, "property_type": "Private room in rental unit", "room_type": "Private room", "accommodates": 1.0, "bathrooms": 1.5, "bedrooms": 1, "beds": 1, "amenities": ["Essentials", "Wifi", "Washer", "Long term stays allowed", "Shampoo", "TV", "Hair dryer", "Iron", "Dryer", "Hangers", "Kitchen", "Heating", "Hot tub"], "price": 50.0, "numbers_of_review": 26.0, "review_scores_rating": 4.68, "reviews": [{"name": "Dide", "date": "2016-07-26", "review": "Perfect central location. The room and the house offer everything you need. Angel is very easy going. I would deffinately recommend this place!"}, {"name": "Lisanne", "date": "2016-07-29", "review": "Mooi en schoon huis!! Angel was heel aardig, als je iets nodig had kon je het vragen. Ze was heel flexibel met uitchecken! Echt super!!"}, {"name": "Callum", "date": "2016-07-30", "review": "Angel's place is exactly as described and the photos off a very good idea of the space. Public transport is super close, the space has everything you could need. Angel is friendly and welcoming. The room is quite small, but it is really not a problem for a solo traveller for a few nights. "}, {"name": "Rachel", "date": "2016-07-31", "review": "I didn't get a chance to meet Angel, but her friend Theodore was really helpful and communicative. The neighbourhood is central and easy to access the City and London's vibrant and interesting East End neighbourhood. The flat was cute and perfect for just a night's stay!"}, {"name": "Steven", "date": "2017-06-15", "review": "Perfect example of what AirBnB Should be :)"}, {"name": "James", "date": "2017-06-19", "review": "Cozy room in a hip area!"}, {"name": "Anna", "date": "2017-06-25", "review": "Good value for money, great host and perfect location"}, {"name": "Zheng(\u6b63)", "date": "2017-06-26", "review": "Nice host and great location. Bedroom and living room both very clean and looks better than on pictures."}, {"name": "Johanna", "date": "2017-07-02", "review": "Angel was a really lovely host and extremely helpful. The room was very clean and comfortable. I would definitely recommend!"}, {"name": "Nicole", "date": "2017-07-05", "review": "A nice place to stay. Angel is a lovely host. "}]}