{"id": 10183805, "listing_url": "https://www.airbnb.com/rooms/10183805", "name": "Studio Cottage with garden", "description": "Large studio cottage in garden with separate street entrance.  Kitchenette, spacious walk in shower, excellent rail and bus links into central London.<br /><br /><b>The space</b><br />A light,  bright studio cottage in the heart of Kingston upon Thames.   One block from the River Thames and an extensive shopping and restaurant area.<br /><br /><b>Guest access</b><br />The separate entrance is via a coded gate.   There is a seating area in the garden nearest cottage which guests are welcome to use.", "host_name": "Deborah", "host_id": 52298811, "host_url": "https://www.airbnb.com/users/show/52298811", "host_picture_url": "https://a0.muscache.com/im/pictures/user/b84ce6b9-1680-4acd-a2f6-c56762458984.jpg?aki_policy=profile_x_medium", "neighbourhood_cleansed": "Kingston upon Thames", "latitude": 51.40509, "longitude": -0.30611, "property_type": "Entire cottage", "room_type": "Entire home/apt", "accommodates": 2.0, "bathrooms": 1.0, "bedrooms": 1, "beds": 1, "amenities": ["Extra pillows and blankets", "First aid kit", "Lake access", "Fire extinguisher", "Mini fridge", "Hair dryer", "Wine glasses", "Dining table", "Private entrance", "Hangers", "Cleaning products", "Dishes and silverware", "Luggage dropoff allowed", "Essentials", "Shampoo", "Outdoor furniture", "Clothing storage: closet", "Ceiling fan", "Cooking basics", "Bed linens", "Single level home", "Pour-over coffee", "Carbon monoxide alarm", "Shower gel", "Free driveway parking on premises \u2013 1 space", "Wifi", "Coffee maker", "32\\ HDTV with Amazon Prime Video", "Netflix", "premium cable", "standard cable", "Long term stays allowed", "Hot water kettle", "Microwave", "Portable fans", "Refrigerator", "Host greets you", "Outdoor dining area", "Private patio or balcony", "Body wash", "shampoo", "shower gel", "soap", "shower cap body soap", "Iron", "Kitchen", "Drying rack for clothing", "Toaster", "Conditioner", "Dedicated workspace", "Hot water", "Private fenced garden or backyard", "Smoke alarm", "Ethernet connection", "Laundromat nearby", "Lockbox", "Nespresso machine", "Cable TV"], "price": 75.0, "numbers_of_review": 79.0, "review_scores_rating": 4.99, "reviews": [{"name": "Tania", "date": "2020-02-23", "review": "Deborahs place is absolutely beautiful, highly recommend. Deborah is very attentive and lovely, place is stunning, she\u2019s thought of everything. Thank you for having us \u2764\ufe0f\ud83c\udf3a\ud83c\udf37"}, {"name": "Anne", "date": "2020-03-03", "review": "Very cozy. Very friendly. At any time again."}, {"name": "Jenna", "date": "2020-03-13", "review": "A lovely cottage close to the town centre and river. It was the perfect space with a very comfortable bed and lovely shower! Couple of extra things added to the kitchenette would be helpful, I.e there was no cooking utensils or plates big enough to eat a meal off. If these were sorted it would have everything it needed. We unfortunately were told we had to leave a day earlier than expected as the host got mixed up with dates. Which did leave us in a bit of a predicament but was not the end of the world."}, {"name": "Luiz", "date": "2020-07-02", "review": "I stayed in the cottage for 14 days to comply with the quarantine requirements that the UK was imposing on new arrivals during the covid crisis. I really enjoyed staying there, during the sunny and the rainy days. The cottage is cozy, with high ceilings and beautiful decoration. The quality of sleep is superb because it is quite at night, you have multiple choices of pillows to choose from and a comfortable bed. The garden is pristine and very well looked after, where I would enjoy a drink every evening. Deborah is an excellent landlord and I can only refer the best ratings for the cottage."}, {"name": "Kim", "date": "2020-07-19", "review": "This Studio Cottage is lovely, in a fantastic location and a fantastic find."}, {"name": "Kim", "date": "2020-07-24", "review": "Just Fantastic"}, {"name": "Paulo", "date": "2020-11-23", "review": "I booked Deborah's place for my mom while she was visiting Kingston. Communication was excellent,  Deborah is really friendly. Checked on my mom to make sure she was comfortable so really hospitable! Location is great walking distance from river and central Kingston! Mom said bed was really comfortable and kitchenette had everything you need for quick cooked meal!"}, {"name": "Sandra", "date": "2021-05-04", "review": "What a great private space.  Deborah is there if you need her but we had absolute freedom and privacy to come and go as we pleased.  The Annex has all that we wanted and a lovely comfortable bed and quality bedding.  Will definitely return if available."}, {"name": "Lisa", "date": "2021-05-11", "review": "This is a fabulous place to stay. One of the cleanest, well set out and conveniently located places I have had on my travels. I wish I had found it years ago. Deborah isan excellent host too! 10/10"}, {"name": "Katherine", "date": "2021-05-17", "review": "Great stay. Very friendly host.Great location, and nice and quiet."}]}