{"id": 1018171, "listing_url": "https://www.airbnb.com/rooms/1018171", "name": "Cosy apartment in Covent Garden", "description": "<b>The space</b><br />A very cosy one bedroom apartment in the heart of Covent Garden with a bright and sunny corner aspect overlooking Endell Street and Shorts Gardens, located on the first floor of this attractive period building. Recently and sympathetically refurbished to a high standard, with air conditioning, reception room with dual aspect windows, separate fitted kitchen, bedroom and fitted bathroom,  <br /> <br />Moments' walk from; The British Museum, National and Portrait Galleries, Trafalgar Square, Covent Garden Plaza, Soho, Lincolns Inn, River Thames, South Bank, Theatreland, Oxford Street, The Royal Parks,", "host_name": "Barry", "host_id": 5604060, "host_url": "https://www.airbnb.com/users/show/5604060", "host_picture_url": "https://a0.muscache.com/im/users/5604060/profile_pic/1364151489/original.jpg?aki_policy=profile_x_medium", "neighbourhood_cleansed": "Camden", "latitude": 51.51394, "longitude": -0.12592, "property_type": "Entire rental unit", "room_type": "Entire home/apt", "accommodates": 2.0, "bathrooms": 1.0, "bedrooms": 1, "beds": 1, "amenities": ["Essentials", "Wifi", "First aid kit", "Washer", "Long term stays allowed", "TV", "Fire extinguisher", "Smoke alarm", "Hair dryer", "Heating", "Iron", "Carbon monoxide alarm", "Hangers", "Dryer", "Kitchen", "Air conditioning"], "price": 149.0, "numbers_of_review": 102.0, "review_scores_rating": 4.98, "reviews": [{"name": "Lyana & Haz", "date": "2013-04-24", "review": "Barry and Jill's apartment was perfect for my husband and I! Its located in Covent Garden, surrounded by shops, delicious eateries, a short walk to the theatres/Picadilly Circus and opposite is a delicious gelato shop Scoop and a convenience store. The Covent Garden station is only a two minute walk away. The apartment is very tastefully decorated, clean [spotless even!] and extremely well maintained. Barry and Jill accommodated our very very late check in [11PM] without a fuss, helped carry our suitcase up the flight of stairs, and even stocked the fridge with soft drinks, milk, wine and chocolate! Soft bed and lovely thick bath towels. You can tell they put in the extra effort to ensure guests have a comfortable stay. They were always quick to respond to emails/texts. They didn't rush our check out which meant we could enjoy every minute in London and the apartment!  We could not have found a more perfect place. We recommend it highly. We know where we're staying the next chance we have to visit London!"}, {"name": "Jason", "date": "2013-05-10", "review": "Barry and Jill are everything you could want from a host. Warm considerate and helpful.  Their Covent Garden apartment is a little gem.  Everywhere in the cozy apartment are touches that say volumes about the thought and care that has gone into make our stay enjoyable. They go beyond just providing accommodation - they make it your home.  The apartment is ideally located in the centre of the bustling Covent Garden area, shops, theatres restaurants and a short walk to the British Museum.  Swimmers take note: the Oasis Sports centre with two 25m pools is just across the street.  Barry and Jill are wonderful people and we hope to see them again in London or in Australia."}, {"name": "Michelle", "date": "2013-05-27", "review": "We had such an amazing time in London! We loved Barry and Jill's place. The location is excellent! You can access so much on foot and the underground is super convenient as well. The apartment is wonderfully cozy and hip. The fridge and cupboards had plenty of goodies... Wine, beer, tea, chocolate, etc. not to mention fresh fish and chips right downstairs  and a wonderful pub half a block down. There's a fantastic restaurant, 10 Cases, down the street as well. \r<br/>\r<br/>Last but not least. Barry and Jill are super nice and were quick to respond through email to our travel questions. We'd stay here again in a second."}, {"name": "Lisa", "date": "2013-07-02", "review": "Loved our stay!  Barry was a terrific host (we didn't meet Jill), with speedy communication and lots of helpful information.  The apartment was perfectly located for our needs - only a block or so from Neal's Yard with Wild Juices and Wild Salads (l like a fresh green juice every day and vegan food); and we had two dinners at a really great Indian restaurant (Punjab).   We also got some great tui na massages for our sore backs and osteo manipulations by the gifted Dr. Liu at nearby Eastern Natural Care.  The apartment was charming, with a very comfy bed, and everything we needed.   We were able to walk everywhere we wanted to go, and took the Picadilly line tube in from Heathrow...couldn't have been easier.   We can't wait to return!"}, {"name": "Jose Vicente", "date": "2013-08-09", "review": "En primer lugar agradecer a Barry su amabilidad con nosotros. El propietario del apartament, Barry, nos trat\u00f3 en todo momento con mucha simpatia y cordialidad y se mostr\u00f3 siempre muy amable, expicandonos todo acerca del piso y de los alrededores, acompa\u00f1andonos incluso a conocer la zona.\r<br/>En cuanto al apartamento era comodo y encantador,  perfecto para 2 personas, estaba limpio y ordenado, en el interior tenia de todo tipo de aparatos y electrodomesticos para vivir comodamente., inclus\u00f3 alimentos (leche, galletas, cereales, vino, agua y otros muchos de alimentos) y productos de higiene personal (jabones diversos, cremas diversas, dentifricos, champu, gel y otros muchos), algo un tanto sorprendente.\r<br/>En cuanto a la ubicacion, esta en Coven Garden, un barrio previlegiado y totalmente c\u00e9ntrico, lleno de espet\u00e1culos y artistas callejeros y cerca de todo,  a pocos metros de paradas de metro y buses, de supermercados, mercado de Coven Garden, tiendas, pub, teatros, restaurantes, cafeterias y de muchas de las principales calles y monumentos de Londres.\r<br/>Recomiendo totalmente a cualquier visitante de Londres este apartamento, no les decepcionar\u00e1. Gracias Barry y Jill."}, {"name": "Jim", "date": "2013-08-12", "review": "Barry was a wonderful host. During the high season for travel in Europe, there was not one free day in the flat as travelers were coming back to back. As we arrived early, Barry secured our bags and gave us some tips on where to go while he prepared the flat. When we arrived back he went over all the details of the place. We could not have been happier with our stay. The location was incredible. The fridge was stocked with wine beer and milk. Breakfast items were readily available. Fresh flowers and the little tings made all the difference. After a long day of touring it was great to \"come home.\" We had lunch at the fish and chips restaurant downstairs and Barry even told the host to give us special treatment. The flat is very quiet and the restaurant downstairs does not impact the flat in any way (no fish smell at all). We would most certainly stay with Barry again. If we could give this place more than 5 stars we would. "}, {"name": "Anita", "date": "2013-09-14", "review": "Barry was the perfect host. Very informative, attentive, and easy to contact. The apartment was clean and very well furnished with all the essentials, plus a few a goodies. The apartment was our home away from home.\r<br/>He told us about the local attractions and places to eat, including the fish and chip shop downstairs. (Best in London!)\r<br/>Location was very central. Loved staying in Covent Garden.\r<br/>Met Jill briefly. It was a pleasure to meet her as she was very friendly.\r<br/>We left a few things in the apartment. But Barry and Jill made sure we received our belongings.\r<br/>We did not want to leave and miss London. Will be back!\r<br/>Definitely recommend staying at Barry and Jill's."}, {"name": "Trish", "date": "2013-10-13", "review": "WOOW... Barry and Jill are the Ultimate Hosts... we contacted them back in Feb/March for our stay in October. They were new to airbnb and honestly could not have been more amazing to deal with. We were traveling with our 15 month old daughter and I messaged Barry to find out if his apartment could accommodate a portable cot for our daughter. Barry and Jill went out of there way to accommodate us purchasing a portable cot to confirm our booking. Barrys emails were very detailed and I felt before meeting him that we were old friends. The next WOOW came when we arrived. Barry and Jill greeted us with open arms, helped with our luggage and showed us around the apartment. The location was PERFECT and the apartment is exactly as pictured. It was everything we needed for the 10 days in London. Their generosity with providing breakfast products, milk, and drinks goes above and beyond what we were expecting. You will not be disappointed booking this apartment, the only disappointment would be not getting it for the dates you need it. Barry and Jill gave us great tips on where to go and what to do locally. The Fish and Chip Shop below were awesome as well, we mentioned we were staying upstairs and they even gave us a discount on our take away. (There is no smell from the shop below at all). The location in Covent Garden is fantastic, just a few minutes walk to 2 underground lines (Central and Piccadilly), and such an easy base for all London Landmarks, we walked to Oxford St, Covent Garden Market, Leicester Square, The Strand, Piccadilly Circus, Trafalgar Square, Buckingham Palace etc. We were in the heart of the Theater district and the atmosphere was fantastic. Great restaurants and our favorite ice cream shop Scoop just across the road. Although the apartment is compact, it has everything you need and its much better than a hotel room at a fraction of the cost. I cant thank Barry and Jill enough for facilitating our stay, outstanding hosts and I would not hesitate in booking the apartment again and recommending it to anyone traveling to London and wanting a central location. Thanks Barry and Jill, see you again when we travel to London next, cheers Trish, Lyndon and Charlotte"}, {"name": "Darryl", "date": "2013-10-31", "review": "Conventional thinking suggests that if it's good enough for the owners to stay from time to time, it will be good enough for guests. But this place really surpassed our expectations! Apartment was cosy and spacious enough for the 2 of us (we are small people) compared to any hotel room at this price point and had a superb location - around the corner from Covent Garden and the tube station, within walking distance to Tottenham Court Road down to Oxford Street etc. plenty of restaurants, shops, yet quiet enough to get a good night's sleep. The flat was very clean (very important for us as we are clean freaks!) and well equipped with all items that one would find in one's own home (iron, ironing board, washer dryer, toiletries, fully equipped mini kitchen). The bed was comfortable. To cap it off, fridge and pantry was well stocked with tea, coffee, drinks and snacks. \r<br/>\r<br/>Thank you Barry & Jill (though we missed meeting you) for a most memorable stay. We will definitely return on our next trip. "}, {"name": "Natalia", "date": "2014-01-06", "review": "Just incredible!!! This flat is a perfect place to stay in London! It has everything you can dream of. Great central location, very clean and cosy, quiet, well-designed, not to mention compliments from our lovely hosts. We got such a warm welcome! Barry and Jill dressed the apartment for Christmas, so we had a great festive time there. They gave us some helpful advice on places to visit and how to spend our New Year's Eve too. We booked many appartments in different countries via airbnb, but we must admit that this place was the best we've ever visited. It was so special! Thank you so much, Barry and Jill and Spuddles, we very much enjoyed staying at your appartment.  "}]}