{"id": 1018624, "listing_url": "https://www.airbnb.com/rooms/1018624", "name": "Gorgeous family riverside apartment", "description": "This is an ideal place for a family to enjoy London in a riverside flat in an arty area in London. You will be based in a lovely area with artisan cafes and restaurants - and have great transport links to central London to visit classic tourist spots.<br /><br /><b>The space</b><br />This beautiful 72 sq m apartment is on the first floor \u2013 it\u2019s light and airy, and has a huge central open plan living space with three tall windows, wooden floors.  There's a comfy sofa and two armchairs, to kick back on at the end of the day. Large fully equipped kitchen - at one end of the sitting room - with dining table and breakfast bar. <br /><br />The flat is in a trendy part of East London, looking out directly onto the River Lea and a 5-minute walk from the spectacular Springfield Park. Stunning views onto the river from the flat (as you'll see in the photos), and charming local pubs and cafes within walking distance.  This flat is ideal for a relaxing experience of London, combining the typical t", "host_name": "Noah", "host_id": 5605663, "host_url": "https://www.airbnb.com/users/show/5605663", "host_picture_url": "https://a0.muscache.com/im/pictures/user/ee6debc9-cc4d-4499-ad2a-3aab6cf4ab75.jpg?aki_policy=profile_x_medium", "neighbourhood_cleansed": "Hackney", "latitude": 51.56711, "longitude": -0.05161, "property_type": "Entire rental unit", "room_type": "Entire home/apt", "accommodates": 4.0, "bathrooms": 1.0, "bedrooms": 2, "beds": 4, "amenities": ["Extra pillows and blankets", "Oven", "Fire extinguisher", "Hair dryer", "Dishes and silverware", "Luggage dropoff allowed", "Essentials", "Patio or balcony", "Shampoo", "Free street parking", "Cooking basics", "Single level home", "Bed linens", "Carbon monoxide alarm", "Bathtub", "Wifi", "Heating", "Children\u2019s books and toys", "Coffee maker", "Dishwasher", "Microwave", "Refrigerator", "Room-darkening shades", "Iron", "Kitchen", "Stove", "Hot water", "Washer", "Children\u2019s dinnerware", "Smoke alarm", "Dryer"], "price": 151.0, "numbers_of_review": 16.0, "review_scores_rating": 4.81, "reviews": [{"name": "Marei", "date": "2013-05-29", "review": "Noah and Chrisine's place was a real find. The hosts were so lovely and helpful, we really felt at home. The area is gorgeous and green, the house is right next to the river with a wonderful local pub right next to it. There's hardly any traffic nearby and a huge park a short stroll away. It's not the easiest connection for people flying in, but Noah provided us with very detailed directions which helped a lot. It's an ideal place to stay for families, our son was even allowed to play with their little one's toys. We'd definitely consider staying there again."}, {"name": "Maria", "date": "2013-08-07", "review": "Noah and Christine were wonderful, the apartment was perfect and exactly as described.  We had a great trip and public transportation was easy to the tube.  They were very helpful with suggestions, and though we didn't have enough time to do everything we will definitely want to go back.\r<br/>\r<br/>Maria Mead and family"}, {"name": "Matthieu", "date": "2013-08-15", "review": "S\u00e9jour \u00e0 Londres du 8 au 14 Aout 2013 chez Noah et son \u00e9pouse, tr\u00e8s agr\u00e9able. \r<br/>L'appartement est charmant, tr\u00e8s calme, avec vue imm\u00e9diate sur un petit canal et ses p\u00e9niches, ainsi qu'un grand espace vert. Le temps n'y est rythm\u00e9 que par le passage, discret, d'une voie ferr\u00e9e \u00e9loign\u00e9e. J'y ai s\u00e9journ\u00e9 avec mes 4 enfants, il y a 3 lits doubles, il est tout \u00e0 fait possible d'y \u00eatre \u00e0 6.\r<br/>Le centres de Londres est \u00e0 50/60 mn, 10 mn de marche \u00e0 pied, puis bus et m\u00e9tro \u00e0 tout \u00e0 heure du jour et de la soir\u00e9e.\r<br/>Noah et son \u00e9pouse sont vraiment adorables et ont tout \u00e0 fait pour faciliter, simplifier et enrichir mon s\u00e9jour de vacances \u00e0 Londres. Ils m'ont beaucoup arrang\u00e9 et aid\u00e9s pour les transferts avec les a\u00e9roports, tant sur les moyens de transports que sur les horaires. \r<br/>Merci beaucoup \u00e0 tous les deux pour leur gentillesse et disponibilit\u00e9.\r<br/>Je ne peux que recommander chaleureusement leur appartement pour des vacances en famille, sans r\u00e9serve, sinon l'\u00e9loignement tr\u00e8s relatif du centre de Londres qui ne m'a pos\u00e9 aucun probl\u00e8me dans un contexte de vacances."}, {"name": "Le\u00efla", "date": "2013-12-31", "review": "We have just spent a stay of week in Christmas with my family, a friend and her son. In five in this apartment, we had all the sufficient space. This part of London where others had not gone. The district has all the opportunities: shops, transport (the subway is on Piccadily Line) and also of authentic pubs !\r<br/>At the edge of Lea River, we were able to discover pleasant walks. I deeply recommend a stay at Noah and his family flat !"}, {"name": "Stijn", "date": "2014-12-26", "review": "We hebben de kerstdagen doorgebracht in Noahs appartement met onze drie dochters. We werden gastvrij ontvangen en hebben genoten van ons verblijf. Het is een uniek en praktisch appartement voor een gezin met kinderen om na een drukke dag in Londen even tot rust te kunnen komen. Speelplaats om de hoek en grotere speeltuin op vijf minuten lopen. Treinstation Clapton is tien minuten lopen en vanaf daar ben je in tien minuten op Liverpool Street Station. Echt een aanrader als familie verblijf in Londen. "}, {"name": "Nathalie", "date": "2015-08-05", "review": "Whe had a very great time at Noah's house.\r<br/>He was a fantastic host, he was there when we arrived, made us feel dircetly at home and showed us  his place. He also left us a very accurate description of the neighbourhood and things  to do. \r<br/>Yes he is right, he has a gorgeous appartment with a very nice vieuw, and sunny to.\r<br/>We also liked walking through the park on our way to the bus, to Manor house tube station. An other possibility  was 15 minutes walking to the trainstation to take the train to Liverpoolstation. \r<br/>Thanks a lot Noah!"}, {"name": "Oleksandr", "date": "2017-01-02", "review": "Awesome home with soul. We and our kids really enjoyed staying there"}, {"name": "Petra", "date": "2017-04-15", "review": "Amazing views, gorgeous walks along the canal, very family friendly and an easy-going, helpful host. "}, {"name": "Nicole", "date": "2017-08-13", "review": "Amazing hosts and really convenient with kids. If definitely recommend it!"}, {"name": "Greg", "date": "2018-04-04", "review": "The property was great for our family of 6.  More than enough room. The views of the canal and green open spaces outside the main windows were a welcome sight after spending a busy day in London.  The communication and follow up with the owners was top notch and quick. We had a small issue with an appliance which was addressed immediately. <br/>We found the walk back from Clapton train station (15-20 minutes) after a long day of sightseeing in London to be tiresome, however we were aware of this prior to booking. We would welcome staying at Noah's place again."}]}