{"id": 10182749, "listing_url": "https://www.airbnb.com/rooms/10182749", "name": "Basement Studio Barons Court", "description": "Clean and comfortable studio. Fully equipped kitchen and a bedroom which becomes a living room during the day (easy to use wall bed). Airy and light due to large windows. Great location, minutes away from Barons Court tube station.<br /><br /><b>The space</b><br />Fully equipped kitchen with oven, hob, microwave and crockery and cutlery. Washing machine included. Large windows mean that despite being below ground level, this flat is still light and wonderful to spend time in. Clean bathroom, and a small dining area connects the kitchen and bedroom/living space. The wall bed is very easy to use, and means that during the day guests can enjoy a large living space.<br /><br /><b>Guest access</b><br />Access to the flat by separate entrance door, down stairs from street level.<br /><br /><b>Other things to note</b><br />No internet however there is an internet cafe on the street.", "host_name": "Sophia", "host_id": 12454559, "host_url": "https://www.airbnb.com/users/show/12454559", "host_picture_url": "https://a0.muscache.com/im/pictures/user/ba1c92a4-90a9-44ab-a073-ec39f726a4d0.jpg?aki_policy=profile_x_medium", "neighbourhood_cleansed": "Hammersmith and Fulham", "latitude": 51.48999, "longitude": -0.21349, "property_type": "Entire rental unit", "room_type": "Entire home/apt", "accommodates": 2.0, "bathrooms": 1.0, "bedrooms": null, "beds": 1, "amenities": ["Essentials", "Washer", "Long term stays allowed", "Smoke alarm", "Iron", "Hangers", "Dryer", "Kitchen", "Heating"], "price": 65.0, "numbers_of_review": 1, "review_scores_rating": 1.0, "reviews": [{"name": "Bip", "date": "2016-02-12", "review": "A pleasant young lady was there to meet me. Accommodation was very basic. "}]}