{"id": 1019423, "listing_url": "https://www.airbnb.com/rooms/1019423", "name": "Luxury 2 Bed Apt in lovely Period Property", "description": "Spacious modern property, 15 mins from central london in a good part of the city with excellent links to Notting hill, Hampstead, Camden Town, Maidavale and everywhere. Located in a leafy suburb the area has access to a wide range of local shops and nice restaurants and bars.<br /><br /><b>The space</b><br />Lovely modern and spacious two double bed apartment in a period property with all modern conveniences in a great location close to all the tourist sites and in a safe affluent part of London. <br /><br />Lounge:<br />Huge Lounge with Leather sofas, 50' Plasma, Leather sofas, No Phone but has WiFi , Wooden Furniture, Wooden Flooring and High Ceilings throughout.<br /><br />Open Plan Kitchen<br />Modern fittings, Washer dryer, Gas Hob, Electric Oven, Dishwasher with dryer and , Glass Dining Table (seats 4)<br /><br />Bedroom 1<br />Huge Double with two double wooden wardrobes and full set of drawers. Side cabinets and bedroom lamps. High Ceilings and view on the garden and a lots of ", "host_name": "Winston", "host_id": 1895788, "host_url": "https://www.airbnb.com/users/show/1895788", "host_picture_url": "https://a0.muscache.com/im/users/1895788/profile_pic/1331404853/original.jpg?aki_policy=profile_x_medium", "neighbourhood_cleansed": "Camden", "latitude": 51.5378, "longitude": -0.1891, "property_type": "Entire rental unit", "room_type": "Entire home/apt", "accommodates": 2.0, "bathrooms": 1.0, "bedrooms": 1, "beds": 1, "amenities": ["Extra pillows and blankets", "Oven", "Wine glasses", "Dining table", "Hangers", "Dishes and silverware", "Essentials", "TV with standard cable", "Bed linens", "Clothing storage", "Heating", "Dishwasher", "Long term stays allowed", "Hot water kettle", "Microwave", "Refrigerator", "Kitchen", "Toaster", "Hot water", "Washer", "Dryer", "Cable TV", "Freezer"], "price": 100.0, "numbers_of_review": 12.0, "review_scores_rating": 4.22, "reviews": [{"name": "Jan", "date": "2013-04-29", "review": "We were four girls sharing Winston's apartment! As Winston lives abroad, we were met by Winston's very kind mother who assisted us during our stay. The apartment was great size for a small group and has nice modern facilities with very comfortable beds. As Winston had pre-warned us that the apartment is right next to a railway track, and we could indeed hear the rumbles throughout the night but nothing that ear-plugs cannot solved, and as a heavy sleeper myself, I slept through it all. :) We also had a bit of difficulty getting hot water at the apartment but found a way eventually. Winston is very organised and always ready to help and answer your questions! It was just a pity that none of us had internet on our phones to get in touch with him for things we were unsure of, still, it was good value stay overall for us. :) And the bus-stop is just outside the apartment with a bus that takes you to Finchley Road and Swiss Cottage underground in 5 minutes!"}, {"name": "Lauren", "date": "2013-05-12", "review": "Winston's place is in a really great location for people who want to be out of the busy parts of London but close to great public transport options for a quick trip into the city centre.\r<br/>\r<br/>The apartment itself is furnished really comfortably and was the perfect space for my colleague and I to call home base for our week in London. The beds are comfortable, and the kitchen and living room is well equipped. Despite the rail line at the back of the house, it was not that disturbing.\r<br/>\r<br/>We made use of BT's Openzone wifi network during our stay which was pretty good all round, however doesn't seem to have coverage in the bedrooms so work is restricted to the living space (which isn't so bad!). It means you can use the wifi network while out and about which is also good.\r<br/>\r<br/>Winston was a very responsive host, despite living in Hong Kong, and his mother let us in and showed us the local neighborhood which was very kind."}, {"name": "David", "date": "2013-05-23", "review": "Very few words needed to let you know how my mother and I felt about our stay here.  Fantastic, Wonderful, and Truly Enjoyable!\r<br/>\r<br/>Quite honestly, if you are coming to London and looking for a great place to stay at a great rate, then this is it."}, {"name": "Maribeth", "date": "2013-07-04", "review": "Winston's flat is in a great location - easy access to central London but in a great little neighbourhood.  Winston's mum was wonderful and helped us into the flat and was very kind and showed us around. \r<br/>\r<br/>The flat does back on to a railway line and so you do hear train noise. The main bedroom is spacious and great - but the second bedroom's bed isn't super comfortable. However, at the price point and for the location it's a a good choice. \r<br/>\r<br/>"}, {"name": "Joni", "date": "2013-07-07", "review": "The apartment was very comfortable and had all that we needed for our short stay.  Winston was very quick to sort things out when AirBnB mistakenly cancelled the transaction.  Considering that he is in a different time zone, Winston very quickly and politely responded to messages \u2013 a real gentleman.  His sweet mum met us at the apartment with the keys and showed us around.  She is the best \u2013 just love her!  With regard to amenities, the combination washer/dryer was very much appreciated and easy to use.  We did not cook, but it looked like everything is provided for \u2013 spices, cooking oil, pots/pans, and utensils.  As mentioned in the description, one can hear the trains passing \u2013 an occasional low hum in the background \u2013 but we were not bothered.   The location is ideal as it is close to many places to eat, a pub with live music is just down the street, and tube, train and bus stations are only a few minutes away.  Overall, this was one of the best places that we\u2019ve stayed in thus far, and the host and his mum made us feel very welcome."}, {"name": "Maria Beatrice", "date": "2013-07-25", "review": "We enjoyed very much our stay, the apartement,the location  (close to many transport and food services) and above all Mrs Hammill, the mother of Winston. A very special person!\r<br/>\r<br/>The rail track (as Winston mentioned on the description) was little bit disturbing my daughter (12 ys old...) also because it was a period very hot in London and she left the window opened.\r<br/>\r<br/>I recommended it! \r<br/>"}, {"name": "Sarah", "date": "2013-08-26", "review": "I had a great stay at Winston's flat! Mrs Hammill was there to greet me and was very helpful and informative, and Winston was able to answer any questions I had in great time.\r<br/>\r<br/>It is in a good location with buses just outside to take you to Camden markets and the big Westfield shopping centre, as well as having 2 convenient tube lines about 3-5mins walk from the flat.\r<br/>\r<br/>All in all a great stay,would definitely stay here again.\r<br/>Thanks Winston! "}, {"name": "Yola", "date": "2013-09-02", "review": "Good location and everything in fairly good working order and clean.  The one big downside for us were the 100\u00b0/\u00b0 polyester sheets.  It has taught me to find out what sheets are made of before booking another airbnb...\r<br/>Other than that Winston was very helpful, even at a distance."}, {"name": "Babajimi", "date": "2018-02-17", "review": "We spent 2 fantastic months at Winston's apartment in Kilburn. It was very central, which was important to us, and the apartment itself had everything we needed. The lounge was nice and spacious, with a large TV, and the bedrooms were decently proportioned. Getting in touch with Winston was only a Whatsapp message away, and he always responded promptly. Highly recommended."}, {"name": "Juna", "date": "2021-06-19", "review": "Winston is a wonderful host and an excellent communicator. He was always available for me via whatsapp despite being in a different time zone and always checked in to see if there was anything I needed. Thank you for the comfortable stay Winston!"}]}