{"id": 10206241, "listing_url": "https://www.airbnb.com/rooms/10206241", "name": "Newly renovated one-bed flat with parking", "description": "A one-bedroom newly-refurbished flat, on the first floor and set in a quiet mews. You get the WHOLE FLAT + WIFI.<br /><br />It is 5 minutes walk from Upton Park tube station, which is on both the District and Hammersmith & City tube lines, with easy access to Liverpool St, King's Cross, Stratford, and Canary Wharf.<br /><br />It is also a short walk from West Ham park, and next to Queen\u2019s Market, with fresh, cheap fruit and vegetables.<br /><br />My place is good for couples, solo adventurers, and business travellers.", "host_name": "Helen", "host_id": 5730803, "host_url": "https://www.airbnb.com/users/show/5730803", "host_picture_url": "https://a0.muscache.com/im/users/5730803/profile_pic/1364903529/original.jpg?aki_policy=profile_x_medium", "neighbourhood_cleansed": "Newham", "latitude": 51.53418, "longitude": 0.03529, "property_type": "Entire rental unit", "room_type": "Entire home/apt", "accommodates": 2.0, "bathrooms": 1.0, "bedrooms": 1, "beds": 1, "amenities": ["Essentials", "Wifi", "Washer", "Free parking on premises", "Shampoo", "TV", "Long term stays allowed", "Smoke alarm", "Iron", "Hangers", "Kitchen", "Heating", "Breakfast"], "price": 75.0, "numbers_of_review": 7, "review_scores_rating": 4.57, "reviews": [{"name": "Ami-Jayne", "date": "2017-04-10", "review": "Lovely flat. Host very helpful.  Great, quiet area. Would definitely recommend. <br/>"}, {"name": "MoDae", "date": "2017-04-30", "review": "Everything were perfect. They were always kind and communicated very well.<br/>I think she is a best of best host who I have met.<br/>I really recommend this house :)"}, {"name": "Rashida", "date": "2017-05-07", "review": "The communication with Catie and Helen was perfect !! Great flat, very comfy. We also really enjoyed the location (many shops, restaurants, Upton Park station only at 5 minutes walk). I recommand!"}, {"name": "Joel", "date": "2017-05-28", "review": "Helen was super helpful and accommodating to my schedule "}, {"name": "Brandon", "date": "2017-06-13", "review": "Helen was very accomodating and checking in and out was a breeze. This flat is very nice, clean, and as mentioned recently renovated. The flat is about 3-5 minute walk to the upton park underground station which is very nice to be so close at the end of the day. "}, {"name": "Michael", "date": "2017-07-09", "review": "Very pleasant stay. Super cute interior."}, {"name": "Aliena", "date": "2017-07-26", "review": "The flat was small but comfortable and clean. It was situated in a mostly quiet neighbourhood and there seemed to be no tourism at all. The next underground station (Upton Park, zone 3, District and Hammersmith&City line, about 30 minutes to the city centre) was only 5 minutes away, as well as the next supermarket and other shops. Helen was a nice, polite and helpful host and easy to communicate with."}]}