{"id": 10201140, "listing_url": "https://www.airbnb.com/rooms/10201140", "name": "Cosy studio flat Queens Park", "description": "We would like to offer you our nice and cosy home in a friendly neighbourhood with local bakeries, coffee shops, restaurants but still only 15 minutes away from Central London, Soho, Notting Hill and Portobello Road market where all the fun begins.<br /><br /><b>The space</b><br />This is a unique Studio Apartment with a private and secluded garden and a round bed.<br /><br /><b>Guest access</b><br />Apartment comprises of: bathroom, entry area with build-in wardrobe, kitchen, living/sleeping area, patio and garden<br /><br /><b>Other things to note</b><br />Close to Tube station, shops, busses etc..", "host_name": "Ivana", "host_id": 3463435, "host_url": "https://www.airbnb.com/users/show/3463435", "host_picture_url": "https://a0.muscache.com/im/pictures/user/e0904b82-0a49-4635-8120-4065c828bd1b.jpg?aki_policy=profile_x_medium", "neighbourhood_cleansed": "Brent", "latitude": 51.53143, "longitude": -0.19995, "property_type": "Entire rental unit", "room_type": "Entire home/apt", "accommodates": 2.0, "bathrooms": 1.0, "bedrooms": null, "beds": 1, "amenities": ["Essentials", "Wifi", "First aid kit", "Washer", "Long term stays allowed", "Shampoo", "Smoke alarm", "Hair dryer", "Carbon monoxide alarm", "Hangers", "Kitchen", "Heating"], "price": 58.0, "numbers_of_review": 4, "review_scores_rating": 3.25, "reviews": [{"name": "Andi", "date": "2016-03-18", "review": "Die Schl\u00fcssel\u00fcbergabe hat sehr gut funktioniert. Die Gastgeberin haben wir leider nicht kennengelernt, aber wir k\u00f6nnten per Mail oder SMS mit Ihr kommunizieren. "}, {"name": "Florian", "date": "2016-03-29", "review": "super appart, super suivit des h\u00f4tes... "}, {"name": "Erik", "date": "2016-05-01", "review": "Nice host. Good communication. Clean apartment."}, {"name": "Elana", "date": "2016-05-10", "review": "The apartment was as expected.  It was clean and functional.  The toilet seat was broken and kept falling off and the sheets were a bit stained.  Ivana needed to get some mail and asked me to leave the only set of keys outside at night while I was sleeping so should could come in and get her mail.  I didn't oblige because I didn't feel safe.  Her neighbors were incredibly loud and one let a pitfall sit in the hallway unleashed which made it hard to leave at times.  Also she had me pay her through paypal for a couple of the dates which made me feel a bit uncomfortable.  I stayed a week nd know that there is a discount for this on airbnb but since I didn't through the website there was no discount.  Overall I wouldn't recommend this place to stay.  "}]}