{"id": 10219867, "listing_url": "https://www.airbnb.com/rooms/10219867", "name": "Double bedroom in quirky Victorian home, zone 2", "description": "Comfortable double room. Westfield shopping centre local. Within easy reach of centre by bus, tube (3 lines) and overground transport. Piano available. Private bathroom possible. TV & wifi in room. Patio garden.<br /><br /><b>The space</b><br />Well maintained Victorian terraced house on a quiet residential street in Shepherd's Bush, west London.<br />The room has a comfortable double bed with 100% white cotton bed linen and bath towels provided. There is Freeview television, wifi and access to DVDs.<br /><br />Use of the bathroom is usually exclusive - it's yours to enjoy - but there might be times when we can't offer this. The rest of the house - lounge, dining room, kitchen and patio garden, are also accessible if you wish. This is our home so we will be around and if you want to cook light meals we are happy to agree on times and work around you.<br /><br />There is free access to wireless broadband throughout the house.<br /><br />There is also flexibility regarding both check-in ", "host_name": "Nicolas", "host_id": 52514452, "host_url": "https://www.airbnb.com/users/show/52514452", "host_picture_url": "https://a0.muscache.com/im/pictures/user/5c09a445-e81a-4f26-9faf-4816bb11116e.jpg?aki_policy=profile_x_medium", "neighbourhood_cleansed": "Hammersmith and Fulham", "latitude": 51.50634, "longitude": -0.24009, "property_type": "Private room in townhouse", "room_type": "Private room", "accommodates": 2.0, "bathrooms": 1.0, "bedrooms": 1, "beds": 1, "amenities": ["Extra pillows and blankets", "First aid kit", "Fire extinguisher", "Hair dryer", "Wine glasses", "Dining table", "Hangers", "Piano", "Cleaning products", "Dishes and silverware", "Essentials", "Outdoor furniture", "Baking sheet", "Cooking basics", "Bed linens", "Clothing storage: dresser and closet", "Carbon monoxide alarm", "Bathtub", "Shower gel", "Variable shampoo", "Variable body soap", "Central heating", "Wifi", "Coffee maker", "Dishwasher", "Long term stays allowed", "Hot water kettle", "Bidet", "Portable fans", "Microwave", "Host greets you", "Room-darkening shades", "Outdoor dining area", "Private patio or balcony", "Bose Bluetooth sound system", "Iron", "Kitchen", "Drying rack for clothing", "Free washer \u2013 In building", "Hisense stainless steel gas stove", "Toaster", "Paid street parking off premises", "25\\ TV with standard cable", "Dedicated workspace", "Hot water", "Board games", "Hotpoint stainless steel oven", "Private fenced garden or backyard", "Smoke alarm", "Becka refrigerator", "Laundromat nearby", "Cable TV", "Freezer"], "price": 53.0, "numbers_of_review": 40.0, "review_scores_rating": 4.88, "reviews": [{"name": "Sinam Inaoton", "date": "2016-04-30", "review": "Ummm. What to say ! I think a place is only as great as it's own people. And with the world becoming more and more complicated and fast paced, you need your own corner just to relax a bit and reassess your place on the earth. We had very very high hopes about London. And, LONDON didn't disappoint ! Because, Nicolas & Christine were WONDERFUL. We won't mind staying at the same place every time we are in London. They are the best hosts there ever can be !!\r<br/>"}, {"name": "Guillaume", "date": "2016-05-07", "review": "Nicolas was extremely accomodating and the bedroom and bathroom were very clean and neat. I would highly recommend to stay there and will do so, next time i need to stay in London. The street is very quiet and you are very close to bustling Sheperd's Bush and all its restaurants."}, {"name": "Armand", "date": "2016-09-19", "review": "We were warmly greeted by Nicolas and Christine, who made us feel at home. They are very kind and caring, and they made everything for our stay to be as nice as possible. \r<br/>The room was perfectly clean and comfortable."}, {"name": "Ben", "date": "2017-04-23", "review": "Nicolas' property is in an ideal location. Close to public transport, bars and restaurants. Would definitely recommend!"}, {"name": "Deniz", "date": "2017-04-30", "review": "We loved our time in this house, Christine and Nicolas were so kind, room and bathroom were so clean. House's location is so good its so near to the tube stations and bus stop. If you want a place that is owned by very nice people, clean with a comfy bed and near to the tube this is the place that you are looking for. And we woke up with classical music every morning which was a big plus. "}, {"name": "Vicente", "date": "2017-05-26", "review": "EXCELENTE"}, {"name": "Ian", "date": "2017-06-12", "review": "Comfortable accommodating in a quiet location, yet walkable to<br/>shops and public transport."}, {"name": "Derek", "date": "2017-07-02", "review": "Enjoyed my stay at Nicholas and his wife. It was a very quaint and English-styled home so do choose this place if you always wondered what's behind those pretty houses! Nicholas and wife were very welcoming, we had everything we needed. Clean towels, laundered bed which had a lovely garden outside. The next day we had a homely breakfast. I liked the fact that they were very open in sharing their kitchen and supplies. We had delicious toasted museli, juice, tea and sat there eating their homemade toast with spreads for over an hour! Also had a lovely conversation with both on intellectual and knowledgeble topics. <br/>The place may be abit far from Shephard Bush station tho, have to catch a bus otherwise walking looks easily 20 minutes. <br/>A very value-for-money AirBnb just what we needed for a 1 night stay before heading to Inverness! :) "}, {"name": "Kate", "date": "2017-08-28", "review": "We really enjoyed staying at Nicolas and Christine's place. A lovely, quirky house 10 minutes walk from Shepherds Bush market tube station. They are a lovely family and provided us with a healthy breakfast each morning, with fresh coffee and interesting conversation. They helped us with any queries. Would reccomend :)"}, {"name": "Ruth", "date": "2017-09-01", "review": "A comfortable, clean home, with easy access to all there is to see on London. I would recommend Nicolas's home."}]}