{"id": 10216172, "listing_url": "https://www.airbnb.com/rooms/10216172", "name": "Cozy double room in large house", "description": "Quiet residential street within 5 mins walk to Lewisham station (zone2)-national rail and DLR, only 10min to London Bridge Station, 20 min to Charing Cross,Waterloo is 15 mins away. The area is brilliantly served by shops and parks and the daily market. We are all young professionals who get along well so there is a good atmosphere in the house.Fully equipped kitchen,2bathrooms. Please note that there is a friendly golden Retriever called Molly in the house(never enters the room). Big garden!", "host_name": "Diana", "host_id": 52495233, "host_url": "https://www.airbnb.com/users/show/52495233", "host_picture_url": "https://a0.muscache.com/im/pictures/user/7389ed16-5c03-47f8-94fa-60645abd0962.jpg?aki_policy=profile_x_medium", "neighbourhood_cleansed": "Lewisham", "latitude": 51.46314, "longitude": -0.00724, "property_type": "Private room in home", "room_type": "Private room", "accommodates": 2.0, "bathrooms": 2.0, "bedrooms": 1, "beds": 1, "amenities": ["Essentials", "Wifi", "Washer", "Long term stays allowed", "Hair dryer", "Kitchen", "Heating"], "price": 30.0, "numbers_of_review": 1, "review_scores_rating": 5.0, "reviews": [{"name": "Emiliano", "date": "2016-02-06", "review": "I spent one month at the Diana place and my experience was absolutely positive. The room is very nice and cosy, exactly as it appears in the photos. The house is located in a very quiet area in Lewisham 3 minutes walking distance from all the principal amenities and 8 minutes distance to a big Tesco and the DLR and train station.\r<br/>In the flat are living other people from all over the world and I found them being very nice and friendly, helping me with all the basic needs as I have just moved in the city. \r<br/>Even if I didn't meet Diana in person, I have got a good opinion of her. When I need to contact her for some reason, she suddenly answer me and always has been very kind figuring out any problems. I am glad to have spent time there and I surely recommend this place to everyone.\r<br/>\r<br/>Good luck!\r<br/>\r<br/>\r<br/>\r<br/>"}]}