{"id": 1021525, "listing_url": "https://www.airbnb.com/rooms/1021525", "name": "Fully Equipped, minimalist flat by  Dock E16 Excel", "description": "Beautiful, bright, fully equipped (kitchen,washing,ironing, towels), plenty of storage space, large bathroom, clean, organised, minimalist, with Cable TV, Fast Wifi!<br />A Queens bed and double bed Sofa bed for extra guests.<br />A minute away from a metro/tube station, 2 mins away from the Royal Victoria Dock station, Food shop downstairs of a building, easy-access with two lifts in a building. <br />Fast and responsive, caring host.<br />Easy check in and out system.<br />Manual is provided upon arrival.<br /><br /><b>The space</b><br />The flat is clean, bright, neat, clutter free - that keeps my mind well organised.<br />I really love retro Skandi style.<br /><br /><b>Guest access</b><br />Just opposite the tube station, minute away. Lift is available.<br /><br /><b>Other things to note</b><br />Update 31.7.2020<br />Brand new sofa bed and double bed, pillows, new sofa bed, upgraded keybox.<br />Welcoming video and instructions, manual provided to ensure a wonderful and stressless", "host_name": "Maria", "host_id": 5622927, "host_url": "https://www.airbnb.com/users/show/5622927", "host_picture_url": "https://a0.muscache.com/im/pictures/user/28497f23-bc2b-45f4-be98-5d4778c7dbce.jpg?aki_policy=profile_x_medium", "neighbourhood_cleansed": "Newham", "latitude": 51.50911, "longitude": 0.02123, "property_type": "Entire rental unit", "room_type": "Entire home/apt", "accommodates": 4.0, "bathrooms": 1.0, "bedrooms": 1, "beds": 1, "amenities": ["Extra pillows and blankets", "First aid kit", "Oven", "Hair dryer", "Wine glasses", "Dining table", "Hangers", "Cleaning products", "Waterfront", "Dishes and silverware", "Essentials", "Shampoo", "Clothing storage: closet", "Ceiling fan", "Cooking basics", "Bed linens", "Smart lock", "Carbon monoxide alarm", "Wifi", "Heating", "Coffee maker", "Dishwasher", "Long term stays allowed", "TV", "Hot water kettle", "Microwave", "Refrigerator", "Room-darkening shades", "Iron", "Kitchen", "Drying rack for clothing", "Stove", "Toaster", "Hot water", "Washer", "Elevator", "Smoke alarm", "Freezer"], "price": 70.0, "numbers_of_review": 55.0, "review_scores_rating": 4.87, "reviews": [{"name": "Ian", "date": "2017-11-16", "review": "Firstly I should say Maria is the most welcoming host I\u2019ve yet to meet and I\u2019ve met quite a few! She made a point of greeting me personally, met me at the DLR station and escorted me to get apartment, and was very flexible about check in (and check out) time and spent a long time making sure I was aware of how everything worked and where everything was. Im sure she will soon be an \u2018elite host\u2019!<br/>This is her own place but she had cleared out plenty of storage space, hangers etc for my use and was happy for me to use her cooking spices, tea coffee etc etc. She also provided water, biscuits, cereal milk, eggs  and fruit in case I didn\u2019t have time to pick up breakfast on the way in.<br/>Maria was also willing to meet up with my usual (also excellent) host Emily before and after my visit to exchange the bag I keep in London.<br/>Her apartment is actually nicer and more spacious than it looks in the pictures, clean, cosy - easy to use Netflix on the TV, a very comfortable bed and a well equipped kitchen. Very good value for money!<br/>Location is perfect - only 1 minute walk from the dlr station (visible from living room window) - a few stops from the cinema and nightlife at West India Quay - one stop from Canning Town and the fast jubilee line to central London and historic Greenwich. Taking the alternate exit to the building there is a slightly upmarket late night opening Tesco\u2019s supermarket next to the entrance with a good range of stuff, a few nearby bars and restaurants and a few minutes walk away the emirates airline cable car - a scenic route to the O2 complex with cinema, clubs, a wide range of eateries and bars. Recommend doing this st disc as the views are wonderful. <br/>Overall an excellent place to stay - I will certainly stay with Maria whenever Emily can\u2019t put me up!"}, {"name": "Heather", "date": "2017-11-17", "review": "A really stylish apartment, with a very comfortable bed, plus a great location for Excel.  A pleasure to talk to, Maria was very flexible and went out of her way to help me check in, and had thought of every single possible comfort for her guests.  Would happily stay again."}, {"name": "Davy", "date": "2017-11-19", "review": "Beautiful apartment. Maria is Very kind ^^, thank you so much, i recommend :)"}, {"name": "Emily", "date": "2017-11-23", "review": "Maria\u2019s apartment was clean, quiet and comfortable. I couldn\u2019t have wished for a better stay for the conference. She responded to my messages quickly and was incredibly warm and welcoming. A definite recommend. Thanks Maria!"}, {"name": "Shahar", "date": "2018-02-08", "review": "On top of the perfect location for Excel goers, and the clean & modern apartment, you will find a fascinating person to talk with. Excellent value, and a very pleasant experience!"}, {"name": "Jay", "date": "2018-02-16", "review": "Great stay in a great location. Right next to dlr & a few local restaurants to try out. Maria was always quick to respond & flexible when I had to change my stay a little"}, {"name": "Ahmed", "date": "2018-05-07", "review": "Great place to stay in and Maria is very helpful. One of the best flat that I rent from airbnb"}, {"name": "Lucinda", "date": "2018-05-19", "review": "Maria went above and beyond! She was such a great host and her place is fantastic. Really great location for the excel, I would recommend to anyone."}, {"name": "Sadek", "date": "2018-05-27", "review": "Maria was an amazing hostess who went above and beyond to make sure we were well looked after and has an amazing apartment that is situated fantasticly for the Excel! She was well accommodating with her check in/out times and communication with her was great!<br/>"}, {"name": "Ian", "date": "2018-06-14", "review": "Second stay in Maria\u2019s small but beautiful apartment. Perfect location for Excel and O2 with easy access to London. Maria goes out of her way to welcome her guests personally and leased with Emily my usual host to transfer my bag at short notice this time <br/>Recommend staying at Maria\u2019s place anytime"}]}