{"id": 1022977, "listing_url": "https://www.airbnb.com/rooms/1022977", "name": "Charming Double Room in Kings Cross", "description": "A home away from home in Central London<br /><br /><b>The space</b><br />Located within 12 minutes walk from Kings Cross station, the Eurostar at St Pancras , Central Saint Martins University and the British Library, this is a generously proportioned room in a tastefully decorated two bed flat on the third floor of a modern building. The room is comfortable and bright with a double bed, a desk and space to hang clothes.  <br /><br />There is shared use of the bathroom and breakfast making facilities in the kitchen, free Wi-Fi, a hairdryer and all sheets and towels are provided, along with tea and coffee and breakfast foods. I have a cleaner who comes once a week.   <br /><br />As I am out at work from 9am-6pm each week day guests have the flat to themselves during this time and can relax in the large and airy living room/diner.  <br /><br />This flat is in a brilliant location - a short walk away from shops, restaurants and cafes and well served by public transport.  It is in an area w", "host_name": "Gail", "host_id": 5631643, "host_url": "https://www.airbnb.com/users/show/5631643", "host_picture_url": "https://a0.muscache.com/im/pictures/user/d8ea0a32-dc9b-4341-98a3-89731246ed26.jpg?aki_policy=profile_x_medium", "neighbourhood_cleansed": "Islington", "latitude": 51.53939, "longitude": -0.12102, "property_type": "Private room in rental unit", "room_type": "Private room", "accommodates": 1.0, "bathrooms": 1.0, "bedrooms": 1, "beds": 1, "amenities": ["Extra pillows and blankets", "Oven", "Hair dryer", "Wine glasses", "Dining table", "Private entrance", "Hangers", "Cleaning products", "Dishes and silverware", "Essentials", "Shampoo", "Cooking basics", "Bed linens", "Clothing storage", "Bathtub", "Wifi", "Heating", "Coffee maker", "Dishwasher", "TV", "Hot water kettle", "Microwave", "Refrigerator", "Host greets you", "Iron", "Body soap", "Drying rack for clothing", "Kitchen", "Stove", "Toaster", "Breakfast", "Conditioner", "Hot water", "Washer", "Elevator", "Smoke alarm", "Freezer"], "price": 65.0, "numbers_of_review": 122.0, "review_scores_rating": 4.84, "reviews": [{"name": "Vivianne", "date": "2013-04-29", "review": "I spent a wonderful week at Gail's Bright double room near St Pancras. It was my first experience with Airb&b and it couldn't be better. It was Gail's first time too but it felt like she is used to it 'cause everything was so perfect. Gail is a great host and so is her cat, Toots! She was very friendly and made me feel at home!\r<br/>The entire flat is very neat, quiet and cosy. My room was big, very confortable and very well decorated. \r<br/>Another great thing about her place is the location. It's very close to King's Cross tube station and there's the bus 390 available to take you to many destinations in London.\r<br/>"}, {"name": "Kylee", "date": "2013-05-06", "review": "Gail was a terrific host. Great location - a 10 minute walk to the station. Thanks for having me. I look forward to returning."}, {"name": "Nikita", "date": "2013-05-19", "review": "Was really enjoying to stay with Gail. Nice person with such a wonderful cat! I definitely recommend this room! Very clean and very nice bed:) I will stay there again if I have to go to London.\r<br/>\r<br/>Thanks Gail\r<br/>\r<br/>Nikita"}, {"name": "Marco", "date": "2013-05-21", "review": "Gail is a charming host, she makes you feel very comfortable, we had an excellent communication and she is always willing to help. The room is great, clean, bright , warm, the wifi worked perfectly , it is located in a quiet neighborhood , it is close to the train station or bus stop, you can find restaurants and everything you may need at a walking distance. I would stay there again definitely. Thanks Gail."}, {"name": "Achim", "date": "2013-05-23", "review": "I felt very comfortable at Gail's place. She is an easygoing host and I would definitely recommend the room to anyone who is going to stay in the King's Cross area. Thanks a lot, Gail!"}, {"name": "Steve", "date": "2013-05-24", "review": "Ver friendly host.Comfy bed\r<br/>Great location to get to Kings Cross and St Pancras"}, {"name": "Cynthia", "date": "2013-06-15", "review": "Gail's flat and the room are comfortable, attractive, clean and offer enough privacy. She is a warm, welcoming hostess and went out of her way to make me feel welcome."}, {"name": "Jakob", "date": "2013-06-17", "review": "Even before getting there, I got good advice from Gail: buy an Oystercard she recommended. This I did and it made my travels in London so much easier and hassle free.\r<br/>\r<br/>Check-in couldn't be before 6pm which was fine with me as it allowed me to spend some time wandering through London. Once I arrived (a bit late, due to works at King's Cross/St Pancras), Gail was already there, and so was Toots the cat. Gail explained the few idiosyncrasies of how to work the key, how to connect to the Wifi etc, and then let me discover the room I'd be sleeping in for the next two night. It was more spacious than many hotel rooms, clean, fresh towels, and a bottle of water and a glass on the nightstand; very thoughtful!\r<br/>\r<br/>Breakfast was included and uncomplicated (just help yourself to whatever you find in the fridge). Access to public transport is just three or four minutes away (the 390 bus). However, at least at the time of writing, don't trust Google maps which wants you to catch the bus at Randall's street bus stop (which is closed due to road works in York way), but the York Way Railway Bridge stop.\r<br/>\r<br/>Weather was mostly pleasant (yay!), and my stay at Gail's \"bright room near St. Pancras\" and very first Airbnb experience was friendly, uncomplicated and easy-going.\r<br/>"}, {"name": "Anthony", "date": "2013-06-25", "review": "This was a very comfortable and enjoyable stay. Gail has a lovely home and makes you feel well, at home. I couldn't recomend it more. her apartment is close to public transport, and a bonus is not being far from St Pancras Interational and Kings Cross Stations.  I have no hesitation in recommending, 'Bright double room near St Pancras'. Cheers Tony"}, {"name": "Friederike", "date": "2013-06-26", "review": "Very friendly and cosy accommodation close to St. Pancras and Kings Cross. I enjoyed my time!"}]}