{"id": 10222320, "listing_url": "https://www.airbnb.com/rooms/10222320", "name": "Leafy Urban Retreat in SW London (near Wimbledon)", "description": "Our 3 bed apt. sits on the edge of extensive parkland, but is minutes from Putney Village and Putney High Street. Bus, tube and train links make Central London, Wimbledon and Twickenham easily accessible, making it a great retreat in a great city.<br /><br />The All England Lawn Tennis & Croquet Club (the venue for the Wimbledon tournament) is less than 2 miles away and can be reached by walking (35 minutes), cycling (10 minutes) or bus (20 minutes).<br /><br /><b>The space</b><br />Fully equipped kitchen, with dining area within the main living room which extends out to the balcony overlooking the Heath. Two double beds and a single bed room.<br /><br /><b>Guest access</b><br />The flat will be all yours for the duration of your stay.", "host_name": "William", "host_id": 52493867, "host_url": "https://www.airbnb.com/users/show/52493867", "host_picture_url": "https://a0.muscache.com/im/pictures/user/1971e8b8-fe02-40e7-bbeb-11a7d6d9e0ee.jpg?aki_policy=profile_x_medium", "neighbourhood_cleansed": "Wandsworth", "latitude": 51.45434, "longitude": -0.2262, "property_type": "Entire rental unit", "room_type": "Entire home/apt", "accommodates": 5.0, "bathrooms": 1.0, "bedrooms": 3, "beds": 3, "amenities": ["Wifi", "Washer", "Shampoo", "TV", "Fire extinguisher", "Smoke alarm", "Carbon monoxide alarm", "Kitchen", "Heating"], "price": 75.0, "numbers_of_review": 13.0, "review_scores_rating": 4.54, "reviews": [{"name": "Kevin", "date": "2016-02-21", "review": "Nice clean tidy flat, close to amenities and rail networks.  William left clean bedding and towels. The description was as stated and contact before the stay was fantastic. "}, {"name": "Vanessa", "date": "2016-05-09", "review": "The flat was nice and tidy. There is a 24 hour bus that stops in front of the flat and there Are many shops in Putney high street that is Not far from William's flat. The flat was as it said in the description and the comunication with the host was really fantastic. "}, {"name": "Geraldine", "date": "2016-05-15", "review": "William was very helpful, great communication. Flat as described, good links into London, and a short walk into Putney with plenty of bars and restaurants. "}, {"name": "Aur\u00e9lien", "date": "2016-05-22", "review": "William a \u00e9t\u00e9 tr\u00e8s sympa et arrangeant, son appartement est bien situ\u00e9 (pas loin du m\u00e9tro et des bus). A 5 personnes, nous avons pass\u00e9 un tr\u00e8s bon s\u00e9jour !"}, {"name": "Paul", "date": "2016-07-03", "review": "A great location for Wimbledon (a 20 minute walk, or bus right outside.)\r<br/>Putney is a great area with lots to do balanced with the river and heath for walks etc.,"}, {"name": "Jens", "date": "2016-07-25", "review": "Eine tolle Unterkunft! Sehr gut gelegen und ein sehr netter Gastgeber!\r<br/>Thanks William!!! "}, {"name": "Yasmina", "date": "2016-08-28", "review": "The flat was exactly as described. William was there to welcome us and gave us very good advice for our stay. A bus stop is just opposite the flat and Putney station is a few minutes away by bus. Putney heath is just across the flat."}, {"name": "Ann", "date": "2017-01-02", "review": "William's flat was perfect for my family group of five adults . The flat was lovely and it was clean and tidy. The beds were very comfortable and the shower was great with plenty of hot water for all of us . It is in a great area for public transport if you want to go into centre of  London and has a lot of nice pubs and walks in the area if you dont go into London centre. William contacted me a few days before the visit and the key arrangements went smoothly . William was an excellent host and I would highly recommend his flat."}, {"name": "Victor", "date": "2017-04-16", "review": "A very good place to stay in. Better than I expected. Would recommend to a friend."}, {"name": "Chris", "date": "2017-04-30", "review": "Location! Location! Location! Set in Leafy Putney Heath and looking directly onto this area of natural beauty - we couldn't really of hoped for a better... location! Fifteen minutes walk into Putney and 5 minutes or so to The Telegraph Country Pub (highly recommended) and The Green Man, it was perfect for our requirements. Locals in the area were extremely friendly and we felt very much welcome in the area. The accommodations are all pretty much as described and once again, the location itself has caused me to be a bit jealous: even when I live in a huge private park. Check in was very simple as was check out - and the minor issues left by poor cleaning contractors were easily dealt with. Would I/we go back again? Without hesitation!!! Perfect for exploring bustling Putney, grand Richmond and of course Twickenham. A quite delightful apartment with a stunning view, well equipped and super quiet!"}]}