{"id": 10222786, "listing_url": "https://www.airbnb.com/rooms/10222786", "name": "Entire modern / spacious flat, Bow", "description": "Excellent location in zone 2, East London. 12 min walk to Mile End (Central line) and 6 min walk to a DLR stop. The flat is cosy, homely and has an open plan living room / kitchen. 1st floor in gated block. Very safe / secure.", "host_name": "James", "host_id": 46966087, "host_url": "https://www.airbnb.com/users/show/46966087", "host_picture_url": "https://a0.muscache.com/im/pictures/user/c0632d50-70a0-4ef9-b186-8c17343a9413.jpg?aki_policy=profile_x_medium", "neighbourhood_cleansed": "Tower Hamlets", "latitude": 51.51806, "longitude": -0.02519, "property_type": "Entire rental unit", "room_type": "Entire home/apt", "accommodates": 2.0, "bathrooms": 1.0, "bedrooms": 1, "beds": 1, "amenities": ["Essentials", "Wifi", "Washer", "Long term stays allowed", "TV", "Smoke alarm", "Iron", "Carbon monoxide alarm", "Hangers", "Dryer", "Kitchen", "Heating"], "price": 45.0, "numbers_of_review": 9, "review_scores_rating": 4.78, "reviews": [{"name": "Brian", "date": "2016-01-25", "review": "Really nice flat in a very convenient location for exploring London. Exceptionally good value. Host's communication was good beforehand, and very quick to respond to a couple of queries during our stay. Recommended."}, {"name": "Phil", "date": "2016-02-22", "review": "James was very efficient and clear in our communications and was helpful in explaining how to get to his apartment. Although we did not meet, he was very helpful and the flat was very clean. We had a wonderful stay and will stay again next time we come to London. Thankyou James!"}, {"name": "Kestutis", "date": "2016-03-29", "review": "James was very friendly and his flat is very nice and tidy, We have found everything we need in it :)"}, {"name": "Erandi", "date": "2016-04-02", "review": "El lugar es muy c\u00f3modo y amplio, la cama es muy c\u00f3moda y todo esta limpio. Tiene una parada de autob\u00fas cerca que te lleva al metro y de ah\u00ed ya puedes moverte a los lugares de inter\u00e9s, no es muy c\u00e9ntrico, pero funciona si quieres solo llegar a dormir.  James es muy accesible, pero no nos dio la direcci\u00f3n completa y eso hizo que tardaramos mucho en encontrar el lugar, pero al final todo sali\u00f3 perfecto."}, {"name": "Edward", "date": "2016-04-15", "review": "The flat was very clean and had everything we needed and James was very helpful. Would definitely recommend staying here "}, {"name": "Aline", "date": "2016-07-30", "review": "We spent a lovely tome in London thanks to James. His flat was perfectly situated. Near supermarkets, buses, train."}, {"name": "Thu Huong", "date": "2016-08-08", "review": "James est tr\u00e8s sympathique, il nous a bien accueilli. Le logement est \u00e0 15 min de marche du m\u00e9tro avec 3 lignes de m\u00e9tro donc c'est facile d'aller au centre ville. Le logement est plut\u00f4t conforme aux descriptions. Par contre, pas tr\u00e8s calme le quartier, le frigo n'est pas nettoy\u00e9, il y a une fuite d'eau dans le toilette,  la baignoire n'est pas tr\u00e8s propre, il n'y a pas de couette, il nous a donn\u00e9 deux serviettes mais une serviette a plein de trous, c'est pas terrible \u00e7a. Globalement, c'est acceptable comme logement pour un court s\u00e9jour."}, {"name": "Kemi", "date": "2018-04-04", "review": "Amazing place. James was a great host."}, {"name": "Laura", "date": "2018-05-07", "review": "Very nice apartment, I recomend a lot! Thanks James"}]}