{"id": 10225090, "listing_url": "https://www.airbnb.com/rooms/10225090", "name": "Large Double room in Zone 2", "description": "Come and stay in a great double room in Kilburn. You'll have the whole room to yourself with a comfy double bed, large Chesterfield sofa, desk, fridge, art on the walls and some friendly flat mates for your stay in a vibrant central London borough.<br /><br /><b>The space</b><br />Large double room with a comfy double bed, 3 seater sofa, desk, mini fridge, art on the walls.<br /><br /><b>Guest access</b><br />Double room to yourself. Shared use of a tv room, kitchen and bathrooms. We also have a nice garden out of back .", "host_name": "Duncan", "host_id": 3155507, "host_url": "https://www.airbnb.com/users/show/3155507", "host_picture_url": "https://a0.muscache.com/im/pictures/user/2eff9d22-d2c6-40ee-a356-713cac357781.jpg?aki_policy=profile_x_medium", "neighbourhood_cleansed": "Brent", "latitude": 51.53997, "longitude": -0.20259, "property_type": "Private room in rental unit", "room_type": "Private room", "accommodates": 2.0, "bathrooms": 1.5, "bedrooms": 1, "beds": 1, "amenities": ["Extra pillows and blankets", "First aid kit", "Oven", "Hair dryer", "Dishes and silverware", "Essentials", "Shampoo", "Cooking basics", "Bed linens", "Carbon monoxide alarm", "Wifi", "Heating", "Long term stays allowed", "Microwave", "Refrigerator", "Kitchen", "Stove", "Hot water", "Washer", "Smoke alarm", "Dryer"], "price": 25.0, "numbers_of_review": 3, "review_scores_rating": 4.67, "reviews": [{"name": "Augustina", "date": "2016-01-28", "review": "Staying at Duncan's was great. The room is really big and confortable and the location is very good, less than 10 minutes from the tube station.\r<br/>We didn't meet Duncan, but he let us everything well prepared. His flat mates were really nice with us, and helped us in everything we needed. I totally recommend staying here!"}, {"name": "Karine", "date": "2016-07-10", "review": "Appartement tr\u00e8s bien situ\u00e9 \u00e0 10min maximum du tube. Chambre spacieuse avec tout le n\u00e9cessaire laiss\u00e9 \u00e0 disposition. Disponible pour toute question et flexible sur l'horaire de d\u00e9part et d'arriv\u00e9e, il est agr\u00e9able de s\u00e9journer chez  Darren."}, {"name": "Emilie", "date": "2016-08-20", "review": "We didn't have the chance to meet Darren but his flatmate was very kind and really  accommodating about check-in timing. His room is huge and the appartment really nice, close to the tube. If you're visiting London, Darren's place is perfect. Thanks again for hosting us!"}]}