{"id": 10226283, "listing_url": "https://www.airbnb.com/rooms/10226283", "name": "Top floor entire home with terrace & Skyline views", "description": "My place is good for couples, solo adventurers, and business travellers.<br /><br />Brand new very clean flat with amazing views of the London skyline and all the facilities you need from sound system to dishwasher and wifi - even PlayStation VR is available to use!<br /><br /><b>The space</b><br />My flat is pretty nice - it's only two years old so it's still fresh! It's on the top floor and I have a balcony, a communal roof terrace (that's always quiet) with panoramic views of the London skyline which is beautiful at night time. I also have a dining table that can seat four persons, a desk for using your laptop to get work done, free hi-speed wifi, a Bose sound system, a piano, a guitar, a 52 inch television, a playstation 4 with virtual reality kit, Amazon prime video and Netflix on the tv that you are welcome to use. a kitchen with cooker, oven, microwave, a dishwasher, a washer/dryer, a nice bathroom and shower and a comfy king size bed. <br /><br />The sofa in the living room is ", "host_name": "Paul", "host_id": 8673208, "host_url": "https://www.airbnb.com/users/show/8673208", "host_picture_url": "https://a0.muscache.com/im/users/8673208/profile_pic/1378562462/original.jpg?aki_policy=profile_x_medium", "neighbourhood_cleansed": "Southwark", "latitude": 51.47767, "longitude": -0.08886, "property_type": "Entire rental unit", "room_type": "Entire home/apt", "accommodates": 4.0, "bathrooms": 1.0, "bedrooms": 1, "beds": 2, "amenities": ["Oven", "Hair dryer", "Private entrance", "Hangers", "Dishes and silverware", "Essentials", "Shampoo", "Cooking basics", "Paid parking on premises", "Wifi", "Heating", "Air conditioning", "Dishwasher", "Long term stays allowed", "TV", "Host greets you", "Microwave", "Refrigerator", "Private patio or balcony", "Iron", "Kitchen", "Stove", "Dedicated workspace", "Hot water", "Washer", "Paid parking off premises", "Elevator", "Smoke alarm", "Dryer", "Lockbox", "Outdoor furniture"], "price": 75.0, "numbers_of_review": 7.0, "review_scores_rating": 5.0, "reviews": [{"name": "Lazaro", "date": "2018-09-26", "review": "Paul's place was delightful. It was everything that we expected and more. After our flight was delayed, Paul went out of his way and met us late into the evening. The location is really great. Camberwell has many great little restaurants; the Camberwell Arms, Theo's, Trattoria, Pigeon Hole and Balu's, a turkish restaurant, which was our favorite.<br/>The location is especially great for UAL and UOL Goldsmiths. We were there to set up our daughter in her new Uni (Goldsmiths) and it was very convenient for us. Separately, it was easy to get to central London's many sites. <br/>We highly recommend Paul's place. It was very clean, nice, and had all of the amenities. Enjoy!"}, {"name": "\u0420\u043e\u043c\u0430\u043d", "date": "2020-03-10", "review": "Paul is very welcoming and nice!  The apartment is excellent and fully equipped with everything necessary.  I completely recommend his accommodation."}, {"name": "Daniel", "date": "2021-03-06", "review": "I stayed here between house moves. The apartment is very spacious and comfortable. Everything you\u2019d need for a short trip. <br/>Paul made the whole process very easy with quick communication to any questions. I\u2019d definitely stay here again."}, {"name": "Vincent", "date": "2021-04-03", "review": "Nice home, with a slight view of the city. Paul\u2019s home is bigger than it appears in pictures!"}, {"name": "Stephanie", "date": "2021-04-21", "review": "The experience was amazing! Great host, great house! Thank you for all your help. Defiantly would recommend and will use in the future!"}, {"name": "Melissa", "date": "2022-08-12", "review": "Very nice place to stay."}]}