{"id": 10245266, "listing_url": "https://www.airbnb.com/rooms/10245266", "name": "Quirky, calm & cosy garden flat", "description": "Come to Harringay! This is a cosy and bright family friendly flat with a freshly renovated sunny decked garden. Two double bedrooms and a lovely open plan living space with a well equipped and characterful kitchen.<br /><br /><b>The space</b><br />This flat is on a very peaceful and quiet street but is seconds away from the very buzzy and bustling Green Lanes.  See details below about the local area. I live in the flat most of the time with my toddler twins so we have all the toys and baby paraphernalia you will ever need if you're bringing a baby!  Both bedrooms are cosy and have space for two adults.  The smaller bedroom is a double mattress on the floor.  The larger bedroom has a king sized bed.  A child or small adult could sleep on the large sofa in the living room comfortably for a couple of nights.  Note that neither bedroom has much storage space for hanging clothes unless you have booked for a longer term stay, as the flat is well lived in. Lovely fluffy towels are always prov", "host_name": "Joanna", "host_id": 19831387, "host_url": "https://www.airbnb.com/users/show/19831387", "host_picture_url": "https://a0.muscache.com/im/pictures/user/f7687a9e-1760-41ba-a2a9-33267d3db480.jpg?aki_policy=profile_x_medium", "neighbourhood_cleansed": "Haringey", "latitude": 51.58201, "longitude": -0.09773, "property_type": "Entire rental unit", "room_type": "Entire home/apt", "accommodates": 4.0, "bathrooms": 1.0, "bedrooms": 2, "beds": 2, "amenities": ["Extra pillows and blankets", "Oven", "Hair dryer", "Hangers", "Dishes and silverware", "TV with Chromecast", "Amazon Prime Video", "Netflix", "Essentials", "Shampoo", "Cooking basics", "Bed linens", "Wifi", "Heating", "Coffee maker", "Dishwasher", "Long term stays allowed", "Host greets you", "Refrigerator", "Outdoor dining area", "Private patio or balcony", "Iron", "Kitchen", "Free washer \u2013 In building", "BBQ grill", "Stove", "Hot water", "Private fenced garden or backyard", "Paid parking off premises", "Smoke alarm", "Outdoor furniture"], "price": 164.0, "numbers_of_review": 19.0, "review_scores_rating": 4.89, "reviews": [{"name": "Renata", "date": "2016-03-20", "review": "Joanna is a lovely and welcoming person. The flat was amazingly cute and well decorated. It was comfortable, clean, cozy and she was so generous with her fridge and cupboard, it was like going to your mother's house. The beds were comfortable, bed lining and towels super good. I would tottaly recomend the flat! Transport in the area and local restaurants and supermarkets are also great! Special place, just felt like home!"}, {"name": "Ann", "date": "2016-04-18", "review": "Joanna place is like a home from home in the city. Very comfortable, and a great location, well connected to the centre of town. Lots of great local places to eat nearby too, that are worth checking out."}, {"name": "Rachel", "date": "2016-04-28", "review": "We loved staying at Joanna's place, such a lovely cosy flat with so many great books. Joanna was very welcoming and relaxed about us staying with our one year old son. We had everything we needed and Joanna was always incredibly quick in responding to emails. Would definitely stay there again on a trip to London. "}, {"name": "Harald", "date": "2017-07-17", "review": "We enjoyed our stay at Joannas flat.  Everything you need is around the corner, even several bus lines that take you right to the center. We had a great time. Thank you Joanna for having us!"}, {"name": "Adriana", "date": "2018-06-26", "review": "Joanna place it is nice and cosy. The flat has all the comforts needed. The area is vibrant and full of restaurants and bars. Joanna is lovely and very quick replying to all needs. The flat was for my family coming to London visiting me and they will definitely stay there again in the future!!"}, {"name": "Jordi", "date": "2018-10-07", "review": "It was a great stay! The apartment is very cute and well located. Joanna is always available and replies swiftly to every question."}, {"name": "Ruth", "date": "2018-10-31", "review": "Lovely and cosy flat -- a perfect spot for going out to explore the city and a relaxing flat to come back to for a glass of wine at the end of the day."}, {"name": "Hannah", "date": "2019-02-24", "review": "We absolutely loved Joanna\u2019s beautiful apartment-warm, cosy & fabulously curated. Good location with fantastic transport links. We hope to stay again next time!"}, {"name": "Kate", "date": "2019-04-12", "review": "Great host and a lovely space, close to amenities and transport links. Thanks again to Joanna for being pet friendly xx"}, {"name": "Yesim", "date": "2019-05-15", "review": "This is a truly beautiful place, a little haven in London. Wherever you look your eyes will meet beauty in some shape or form. The flat was also very clean, comfortable & cosy (& sunshine filled!) easy to access with shops of all kinds nearby. Joanna was very communicative and made sure we had an comfortable stay. Even as I was feeling poorly, this was the most enjoyable air bnb experience for me so far. Thank you Joanna!"}]}