{"id": 10244083, "listing_url": "https://www.airbnb.com/rooms/10244083", "name": "Bright, airy room by London Bridge and river", "description": "For solo travellers with reviews: <br /><br />Bright, airy room in very central but peaceful location, metres from the iconic Tower Bridge and popular riverbank cafes and restaurants. Less than ten minutes walk to London Bridge station, Borough market, Maltby Street food market, and Bermondsey Street for many more restaurants, cafes and White Cube contemporary art gallery.<br /><br /><b>The space</b><br />Your personal space is the bedroom. The kitchen, living space and bathroom are shared with us.<br /><br /><b>Guest access</b><br />Tea, coffee, milk, cereals, juice, bread (toast) and natural yoghurt are available to help yourself to for breakfast and throughout the day.<br /><br /><b>Other things to note</b><br />Smoking<br />The flat is a non smoking environment. Drugs are not allowed. <br /><br />Pets<br />We love animals and have previously hosted a guest and her pug. You are welcome to visit with a small dog.<br /><br />Parking  <br />Parking can be booked in the estate at \u00a310 pe", "host_name": "Ningo", "host_id": 31461584, "host_url": "https://www.airbnb.com/users/show/31461584", "host_picture_url": "https://a0.muscache.com/im/pictures/user/0a607d6c-108d-4589-862b-55beec332375.jpg?aki_policy=profile_x_medium", "neighbourhood_cleansed": "Southwark", "latitude": 51.50173, "longitude": -0.08039, "property_type": "Private room in rental unit", "room_type": "Private room", "accommodates": 1.0, "bathrooms": 1.5, "bedrooms": 1, "beds": 1, "amenities": ["Essentials", "Wifi", "First aid kit", "Washer", "Free parking on premises", "Shampoo", "TV", "Smoke alarm", "Carbon monoxide alarm", "Kitchen", "Heating"], "price": 56.0, "numbers_of_review": 41.0, "review_scores_rating": 4.98, "reviews": [{"name": "Irina", "date": "2016-08-03", "review": "\r<br/>I had a very pleasant stay with Ningo and Hugh! The flat is lovely like the photos. The bedroom is bigger than it looks. The bathroom is quite small and the toilet is downstairs but the shower is powerful and everywhere was very clean. I could walk to Tower Bridge and  along the river in no time and the transport links were great.\r<br/>The hosts were very quick to respond.  \r<br/>I was travelling with a dog (my pug) and they were very welcoming and happy to have her. Hosts were up for a chat but also respectful of my privacy.\r<br/>Thoroughly enjoyed and would recommend to anyone :)"}, {"name": "Leo", "date": "2016-08-07", "review": "Amazing Location! This flat is right in the thick of it. Just 2 minutes walk from Tower Bridge, and the amazing Bermondsey St. \r<br/>\r<br/>The room is really comfy, bright, and airy, and also really quiet too. \r<br/>\r<br/>The bathroom is new, and super clean. \r<br/>The sitting room is a nice size, with all the kit you need. \r<br/>\r<br/>Hugh & Nina were really easy to work with, and very helpful \r<br/>I highly recommend it! "}, {"name": "Fiona", "date": "2016-08-28", "review": "J'ai pass\u00e9 un tr\u00e8s bon s\u00e9jour chez Ningo. Le logement \u00e9tait tr\u00e8s propre et il est tr\u00e8s bien situ\u00e9 (au c\u0153ur de Londres).\r<br/>Ningo et son petit ami ont \u00e9t\u00e9 tr\u00e8s gentils et serviables.\r<br/>\r<br/>Je recommande vivement."}, {"name": "Maria", "date": "2016-09-14", "review": "It was definitely my best stay with airbnb for the moment! Nina and Hugh are very nice and hospitable hosts. The room is very comfortable, all necessary things are provided. Bathroom is clean which is very important for me. Also I should point out good location: about 5 minutes walking from Tower Bridge, 8-12 minutes from London Bridge tube station, Tesco supermarket is available in the neighbourhood as well as numerous caf\u00e9s. All photos fully correspond to reality. I would recommend it to everybody who wants to have a great stay in London!"}, {"name": "Marianna", "date": "2016-09-25", "review": "I really loved everything about Nina and Hugh's apartment. \r<br/>- The bedroom is clean, bright, big, and the bed is very comfortable.\r<br/>- Bathroom is very clean, both shower and bath tub. \r<br/>- The kitchen and the living are large and clean. \r<br/>- The location is 10 minute walking from London Bridge Station.\r<br/>- Both Nina and Hugh are very nice, welcoming, and helpful. \r<br/>Hope to come back again for my next trip in London! "}, {"name": "David", "date": "2016-09-29", "review": "I visited London on business. The flat was very well equipped and furnished to a high standard. The hosts made me feel welcome whilst giving me privacy. It is in a fabulous location just round the corner from tower bridge. In fact I spent every evening of my stay walking along the river soaking up the sights. It was a wonderful stay and I'd stay again without a doubt."}, {"name": "Selen", "date": "2016-10-06", "review": "My hosts were great, they were very friendly and helpful. I really enjoyed my stay. Room is cozy and beautiful. Apartment is right in the center."}, {"name": "Arnaud", "date": "2016-10-22", "review": "Hugh m'a accueilli tr\u00e8s chaleureusement en me donnant plein de conseils et adresses pour visiter Londres. Le logement est \u00e9galement tr\u00e8s bien. A conseiller fortement !\r<br/>"}, {"name": "Nicola", "date": "2016-11-04", "review": "I stayed at this lovely place for almost two weeks and loved it. Hugh and Nina were communicative and helpful, before, and during my stay. Their home is warm, friendly, and very welcoming. Both Hugh and Nina were kind beyond what was necessary, and I had a lovely time staying with them. I wish I had been home more so as to spend more time with them, as we had some great conversations when I did coincide with them. I would absolutely stay again if I could. The room was light, comfortable, big enough for all my things. The apartment is very clean, and it feels happily lived in. The shower also gets a mention with great temperature control and really good pressure.\r<br/>\r<br/>The apartment block is lovely, and there are nice views of a park from the bedroom. The kitchen is also well equipped, so I pictured all the amazing things I could have made had I been less busy in London! The area is fantastic, a really nice, clean area with many restaurants, and convenient food stores. It's a very quick walk (or bus ride) to a central underground line, and national rail service. There are also many buses to be found going into central London near the station. This was very important to me. The apartment is very close to the Thames, so within a block's walk, one can stroll along the river, a beautiful walk I did on a sunny day. It's so close to the amazing Borough Market, and I walked to the Tate Modern! It's incredibly conveniently placed.\r<br/>\r<br/>Hugh and Nina were wonderful hosts, as one could only wish for, especially in a city as mad as London, it was fantastic to have such a happy, quiet space to retreat to at the end of some very long and busy days."}, {"name": "Sehrish", "date": "2016-11-14", "review": "Ningo and Huge are amazing host, always there to help and very considerate....really good human beings was happy I choose to stay here  :)\r<br/>House is beautiful very cosy and clean and just a minute away from tower bridge makes it even amazing. Well connected with tube and busses. Totally worth it."}]}