{"id": 10242370, "listing_url": "https://www.airbnb.com/rooms/10242370", "name": "Lovely 1 bedroom flat in Shoreditch", "description": "Lovely one bedroom flat ideal for a couple, located in the heart of Shoreditch, seconds away from the bars and restaurants of Hoxton Square and Shoreditch High Street. We live right next door, and can help out straight away if you need anything!", "host_name": "Sara", "host_id": 52639821, "host_url": "https://www.airbnb.com/users/show/52639821", "host_picture_url": "https://a0.muscache.com/im/pictures/user/a8a3f92f-5d8f-4784-bf1d-5a3286049075.jpg?aki_policy=profile_x_medium", "neighbourhood_cleansed": "Hackney", "latitude": 51.52706, "longitude": -0.07948, "property_type": "Entire rental unit", "room_type": "Entire home/apt", "accommodates": 2.0, "bathrooms": 1.0, "bedrooms": 1, "beds": 1, "amenities": ["Essentials", "Washer", "Long term stays allowed", "Shampoo", "Elevator", "Hair dryer", "Dryer", "Hangers", "Kitchen", "Heating"], "price": 100.0, "numbers_of_review": 1, "review_scores_rating": 5.0, "reviews": [{"name": "Alice", "date": "2016-01-12", "review": "I had a great time staying at Sara's place! I booked super last minute and she responded straightaway, and was very welcoming and helpful getting me settled. She lives right across the hall and both her and her boyfriend Louis were really friendly and gave me some great recommendations for the area. The flat is very clean, cosy and warm with a great little balcony/terrace. Location couldn't be better - 10 minute walk from Old Street tube, loads of buses and right in the heart of Shoreditch which has loads of cool bars, caf\u00e9s, restaurants etc. Thank you guys, I had a great time and would definitely stay again! "}]}