{"id": 10246533, "listing_url": "https://www.airbnb.com/rooms/10246533", "name": "Large Garden Flat in Balham", "description": "The apartment is huge for (65 sqm). Massive living room with double sofa bed. Large bedroom with kingsize bed. Modern bathroom and kitchen with all mod cons.<br /><br />Patio and private garden at rear.<br /><br />Quiet residential tree lined street less than 3 mins walk to Balham Station (Northern Line and Overground).", "host_name": "Ian", "host_id": 21078395, "host_url": "https://www.airbnb.com/users/show/21078395", "host_picture_url": "https://a0.muscache.com/im/users/21078395/profile_pic/1410179892/original.jpg?aki_policy=profile_x_medium", "neighbourhood_cleansed": "Wandsworth", "latitude": 51.44304, "longitude": -0.14628, "property_type": "Entire rental unit", "room_type": "Entire home/apt", "accommodates": 4.0, "bathrooms": 1.0, "bedrooms": 1, "beds": 2, "amenities": ["Essentials", "Wifi", "Washer", "Long term stays allowed", "TV", "Smoke alarm", "Hair dryer", "Iron", "Carbon monoxide alarm", "Hangers", "Kitchen", "Heating"], "price": 70.0, "numbers_of_review": 2, "review_scores_rating": 5.0, "reviews": [{"name": "Shaily", "date": "2016-07-11", "review": "Excellent ommunication with the host who was extremely flexible to accommodate for our checkin and checkout times. Apartment was very clean and very large with all the amenities you would need. It is also very conveniently located for balham tube as well as all restaurants nearby. Would definitely recommend. "}, {"name": "Carlo", "date": "2016-09-16", "review": "Great host, great flat."}]}