{"id": 10259809, "listing_url": "https://www.airbnb.com/rooms/10259809", "name": "Cosy bedroom in a very nice neighbourhood", "description": "A cosy single bedroom just a few steps up from a sunny and spacious bathroom on the top floor of our family home, with access to the kitchen and garden on the ground floor.  Convenient travel connections to east & central London. Friendly and relaxed neighbourhood, with a great local high street and plenty of parks nearby.<br /><br /><b>The space</b><br />The room is on the top flour of our family home is only steps away from a sunny and garden-facing  bathroom. The bedroom is perfect for a single person on a short trip. It has a foldable table, shelves and storage area.<br /><br /><b>Guest access</b><br />Guest are very welcome to use our kitchen and garden, and we can make space in the fridge.", "host_name": "Kathrin", "host_id": 3084930, "host_url": "https://www.airbnb.com/users/show/3084930", "host_picture_url": "https://a0.muscache.com/im/pictures/user/1cd49e21-94c2-401d-9175-608da491b9d7.jpg?aki_policy=profile_x_medium", "neighbourhood_cleansed": "Hackney", "latitude": 51.55414, "longitude": -0.04227, "property_type": "Private room in home", "room_type": "Private room", "accommodates": 1.0, "bathrooms": 1.0, "bedrooms": 1, "beds": 1, "amenities": ["Essentials", "Extra pillows and blankets", "Wifi", "Hot water", "Washer", "Private fenced garden or backyard", "Paid parking off premises", "Host greets you", "BBQ grill", "Smoke alarm", "Bed linens", "Hair dryer", "Carbon monoxide alarm", "Bathtub", "Hangers", "Kitchen", "Heating", "Lock on bedroom door", "Luggage dropoff allowed"], "price": 35.0, "numbers_of_review": 19.0, "review_scores_rating": 4.84, "reviews": [{"name": "Marie-Kristin", "date": "2017-03-06", "review": "We (a friend of mine and me) enjoyed staying at Kathrins very much. She and her husband offered us tipps and advises whenever we needed some. <br/>The room is very small, but we didn't need more space, because we just went there for sleeping. <br/>The way to the city and back is quite easy, because the public transportation stops aren't far away and one of the busses runs 24 hours. <br/>Thanks for everything!:)"}, {"name": "Tine", "date": "2017-05-29", "review": "Es ist ein sehr gem\u00fctlich und liebevoll eingerichtetes Haus, in dem ein Doppelzimmer und ein Badezimmer zur Verf\u00fcgung steht. <br/>Kathrin ist eine sehr nette Person, die zu allem, was du wissen m\u00f6chtest, gerne Tipps gibt. Egal ob Besichtigungen, Verkehrsmittel, Essen oder Einkaufen gehen.<br/>Eine Tasse Tee morgens im Sonnenschein auf ihrer Terrasse zu trinken ist einfach ein herrlicher Start in den Tag.<br/>F\u00fcr Leute, die einfach eine g\u00fcnstige, saubere Unterkunft zum Schlafen suchen, von der aus das Zentrum gut erreichbar ist, sind hier sehr gut aufgehoben !!<br/>Viel Spa\u00df !!!"}, {"name": "Temi", "date": "2017-06-02", "review": "Kathrin and David's family home is lovely to come to after weeks or months on the road. The fact that it's a family home is lovely - as weeks of bland and ultra modern hotels can feel lifeless after a while. The bed is supremely comfortable. I'd say it's better for a solo person than a couple as it's very small (as mentioned!), but we were more than fine. "}, {"name": "Cedric", "date": "2017-07-30", "review": "A helpful host who was only too happy to help."}, {"name": "Elie", "date": "2018-05-28", "review": "Kathrin trusted us with her place as they were away on holiday. Everything went smooth, it\u2019s lovely spacious house, tastefully decorated with a great bed and a luscious garden. It\u2019s well located, with coffee and brunch spots within walking distance and lots to see and explore (for brunch try Rehab). Would 110% recommend"}, {"name": "Michael", "date": "2018-07-08", "review": "Reasonably good for the price paid. Great location if you're interested in what Hackney and Dalston have to offer and easily walkable from train and bus services. Colourful and with lots of character, plus a lovely garden.<br/>Kathrin got back to us promptly to make  a plan for check-in and since she and family were away on the Friday night when we arrived, she left a key for us and  trusted us to look after the home until they returned on Saturday evening. <br/>We appreciated being left to it for the weekend, as we had plenty planned, however did not appreciate one of the children opening the door to our room at around 11pm without knocking, walking in and saying hello before going back to bed. This was a bit weird and it's made us unlikely to choose a room in a house with children again."}, {"name": "Katie", "date": "2018-07-16", "review": "We really enjoyed our stay with Kathrin and her family. Their home is lovely, clean, bright and colourful, and the neighbourhood is great, too: friendly, safe and full of interesting shops and cafes. Trains and buses are a short walk away. We felt very welcome and would love to stay again."}, {"name": "Luca", "date": "2019-03-10", "review": "Artsy space in a familiar environment. Great family with beautiful children!"}, {"name": "Mami", "date": "2019-05-26", "review": "Lovely and creative family home in great location. Clean and comfortable room on the very top of the house, guest will be welcome to the kitchen, living room and pretty garden. Easy access to the London overground, worthwhile visiting cafes and restaurants will be found through the main road to the station."}, {"name": "Matt", "date": "2019-07-05", "review": "Kathrin and David were very welcoming and helpful throughout my stay. The house is very clean and the bedroom was nice and quiet. The house is also in a great location close to chatsworth road. Definitely would stay again."}]}