{"id": 10258151, "listing_url": "https://www.airbnb.com/rooms/10258151", "name": "Gorgeous and spacious family flat in Westminster", "description": "A very spacious (170m2) beautiful three-bedroom appartment in a historical Victorian building. This is a perfect family flat, quiet, very bright and ideally located, a stone throw from Buckingham Palace, St James's Park and Big Ben.<br /><br /><b>The space</b><br />Our place is an exceptionally spacious flat in the heart of Westminster.  Located on the fourth floor of an elegant Victorian Mansion block, it has plenty of natural light.<br />Its main features are:<br />- large double reception room with wooden floors and high ceilings<br />- the dining room has double French windows opening onto a balcony. You will love the amazing view on Westminster Cathedral. The dining room can be transformed into a fourth bedroom thanks to double folding doors and a very comfortable double sofa bed.<br />- the living room with a brand new wall hung TV and a very comfortable sofa for lazy evenings at home.<br />- a good size modern kitchen, fully equipped with integrated appliances and granite workto", "host_name": "Amaury", "host_id": 46868276, "host_url": "https://www.airbnb.com/users/show/46868276", "host_picture_url": "https://a0.muscache.com/im/pictures/user/0c0a7fcb-e461-4367-ac4d-7311fd2616c4.jpg?aki_policy=profile_x_medium", "neighbourhood_cleansed": "Westminster", "latitude": 51.49426, "longitude": -0.14098, "property_type": "Entire rental unit", "room_type": "Entire home/apt", "accommodates": 7.0, "bathrooms": 2.5, "bedrooms": 3, "beds": 5, "amenities": ["First aid kit", "Fire extinguisher", "Hair dryer", "Hangers", "Crib", "Essentials", "Shampoo", "Carbon monoxide alarm", "Indoor fireplace", "Wifi", "Heating", "Children\u2019s books and toys", "TV", "Host greets you", "Iron", "Kitchen", "Breakfast", "Hot water", "Washer", "Elevator", "Smoke alarm", "High chair", "Dryer"], "price": 350.0, "numbers_of_review": 6, "review_scores_rating": 5.0, "reviews": [{"name": "Joyce", "date": "2016-10-25", "review": "Amaury's flat in London is extraordinary.  It is located near the underground and within walking distance of many noteworthy historic sights. The flat has plenty of space, it is very clean and appointed with nice furnishings. The beds were very comfortable. Amaury was readily available to answer any questions we had and was also accommodating when we needed extra time to check out. Thoroughly enjoyed our stay. <br/>Thank you. "}, {"name": "Susie", "date": "2016-12-31", "review": "My family of seven (my husband and myself, three teenagers, three year old toddler, and six month old baby) stayed here for one week during the Christmas Holidays. The flat is spacious, light, and breathtakingly beautiful, and situated in a great central location near Victoria Station.  The incredibly tall walls contribute to the spaciousness. There are many large windows that allow plentiful natural light (facing the beautiful Westminster Cathedral). We were able to walk to many attractions (Buckingham Palace, Big Ben, Westminster Abbey for example), or hop on a train at Victoria Station within a short five-minute walk. There were several grocery stores, coffee shops and restaurants within a five or ten minute walk. Despite being so centrally located, the flat itself is located on a quiet and beautiful street, and we rarely heard noise from any neighbors. <br/> We were a large group in terms of number of people to bedrooms, but we still felt like we had plenty of room (my baby and three-year old toddler were with us in the master suite, in a crib and mattress on the floor respectively, and we still felt very comfortable). Even with seven of us, we never felt crowded, as there is an eat-in kitchen, a separate dining room, and large living room in addition to the spacious bedrooms. There was a sofa bed in the dining room that could have used to create an additional private bedroom, but we ended up not using it as my two teenage girls ended up wanting to share a room (one slept in the larger of the single beds in the room, while the other slept on an air mattress on the floor that my sister, a local resident of London, provided. Both girls felt very comfortable).  The flat was clean and homey, and everything we needed from linens to towels to pots and pans were provided. During correspondence, Amaury was welcoming, prompt, and very helpful. He provided a helpful guide via email prior to our arrival detailing information about the flat and the surrounding area, and phoned me after arrival to ensure that we were comfortable. We had so many wonderful experiences during our stay here\u2026 cooking and celebrating our Christmas dinner here particularly stands out. We did not want to leave! We could not have asked more for a more beautiful and comfortable place in which to enjoy our London vacation.<br/>"}, {"name": "Shannon", "date": "2017-04-15", "review": "The place was as outlined and better. Large, clean, beautiful with everything we could need. Amaury was super responsive, checked in every day and helped us feel at home. There was plenty of room and the various children's items helped to make our kids feel right at home. Such a great location... only a few minute walk to Victoria station. The location was close to everything yet quiet and quaint. We couldn't have had a better stay! We would recommend to anyone. "}, {"name": "Heather", "date": "2017-08-07", "review": "An absolutely beautiful and family-friendly home in prime location. It has every amenity. Close to the Victoria underground station and several shops and restaurants. Amaury was very helpful and quick to respond whenever we had a question."}, {"name": "Fei", "date": "2018-08-02", "review": "\u975e\u5e38\u5b8c\u7f8e\u7684\u4f4f\u5bbf\u9009\u62e9<br/>1 \u5730\u7406\u4f4d\u7f6e\u5f97\u5929\u72ec\u539a \u6b65\u884c\u4e94\u5206\u949f\u5230\u8fbe\u767d\u91d1\u6c49\u5bab\u548c\u7ef4\u591a\u5229\u4e9a\u8f66\u7ad9 \u8fd8\u6709\u7e41\u534e\u7684\u5546\u5708 \u5403\u996d\u548c\u8d2d\u7269\u90fd\u5341\u5206\u65b9\u4fbf \u6b65\u884c\u5341\u5206\u949f\u53ef\u5230\u8fbe\u897f\u654f\u5bfa \u5927\u672c\u949f \u6cf0\u6664\u58eb\u6cb3 \u6b65\u884c\u4e8c\u5341\u5206\u949f\u53ef\u5230\u8fbe\u6d77\u5fb7\u516c\u56ed \u7ef4\u591a\u5229\u4e9a\u827a\u672f\u9986 \u81ea\u7136\u535a\u7269\u9986 \u54c8\u7f57\u5fb7\u767e\u8d27<br/>2 \u516c\u5bd3\u95f9\u4e2d\u53d6\u9759 \u4e0d\u53d7\u8857\u4e0a\u70ed\u95f9\u5546\u533a\u5e72\u6270 \u623f\u95f4\u5bbd\u655e\u660e\u4eae \u9694\u97f3\u6548\u679c\u6781\u4f73 \u6709\u8db3\u591f\u7684\u5367\u5ba4\u548c\u6d17\u624b\u95f4\u4f9b\u6211\u4eec\u4f7f\u7528 \u5404\u79cd\u5668\u5177\u9f50\u5168<br/>3 \u623f\u4e1c\u70ed\u60c5\u8d1f\u8d23 \u603b\u80fd\u53ca\u65f6\u4e3a\u6211\u4eec\u63d0\u4f9b\u5e2e\u52a9"}, {"name": "Josh", "date": "2018-12-31", "review": "It was a great experience at Amaury\u2019s flat.  He was honest and reliable, very good at communicating with me prior to arrival and helping me get settled.  He even checked in to make sure I was finding my stay to be going well during the week.  Great location and value"}]}