{"id": 102565, "listing_url": "https://www.airbnb.com/rooms/102565", "name": "South Bank Bijou Studio Flat", "description": "<b>The space</b><br />This newly finished bijou studio flat has an independent entrance. It is wonderfully secluded, yet situated in the heart of London's culturally rich South Bank. Beautifully detailed and designed, this unique space sits behind our Georgian terraced house. Private, en suite bathroom with shower.<br /><br />The studio is well appointed with all new appliances. The kitchenette includes a microwave, refrigerator kettle, and sink and is suitable for preparing basic ready-meals, coffee and tea but is not appropriate for full-scale cooking; double bed,  WIFI, hairdryer, iron + ironing board. <br /><br />Sheets and towels are provided. For stays longer than 1 week, we arrange for a cleaner to refresh the flat. <br /><br />We consider ourselves very lucky to be in such a fabulous location. This vibrant neighbourhood has numerous restaurants and shops and Borough Food Market is a 15-minute walk.  The cultural amenities of the South Bank are all literally just outside the doo", "host_name": "Anne", "host_id": 536025, "host_url": "https://www.airbnb.com/users/show/536025", "host_picture_url": "https://a0.muscache.com/im/users/536025/profile_pic/1403684788/original.jpg?aki_policy=profile_x_medium", "neighbourhood_cleansed": "Lambeth", "latitude": 51.50551, "longitude": -0.10952, "property_type": "Private room in rental unit", "room_type": "Private room", "accommodates": 2.0, "bathrooms": 1.0, "bedrooms": 1, "beds": 1, "amenities": ["Essentials", "Wifi", "Coffee maker", "Hot water", "Microwave", "Refrigerator", "Clothing storage: closet", "Cooking basics", "Bed linens", "Hair dryer", "Heating", "Wine glasses", "Private entrance", "Iron", "Hangers", "Kitchen", "Cleaning products", "Toaster", "Dishes and silverware"], "price": 115.0, "numbers_of_review": 354.0, "review_scores_rating": 4.91, "reviews": [{"name": "Harley", "date": "2011-05-18", "review": "The Studio flat is so good...I don't want to rate it for fear that it will become so popular, that I won't be able to book it for future trips I may do to London!\r<br/>\r<br/>Clean, spacious, modern. Fantastic location and a lovely host in Anne. I highly recommend the studio flat for those wishing to be located close to central London.\r<br/>\r<br/>I will stay there again."}, {"name": "Daniel", "date": "2011-05-29", "review": "I am in an ethical quandary. Spread the news about this fantastic place or try to keep it to myself? Ah well, the truth must out. This studio is wonderful in every respect - comfort, quiet, aesthetics, location, conveniences. Anne is a super-considerate and helpful host. I loved the feel of the South Bank yet being the shortest of walks across the bridge from West End etc."}, {"name": "Chi", "date": "2011-06-15", "review": "The flat was excellent - clean, gorgeously decorated and well located. Anne was very hospitable and was willing to share her knowledge of London.\r<br/>\r<br/>I would highly recommend staying here!\r<br/>"}, {"name": "Greg", "date": "2011-06-26", "review": "We thoroughly enjoyed our stay & Anne's attention to detail & generosity. This is the perfect retreat for a couple at the end of a day's sight-seeing & is very well situated for all public transport & walking."}, {"name": "Scott", "date": "2011-07-02", "review": "Anne was a fantastic host and the apartment was clean, comfortable and perfectly situated near the center of London.   Like Anne's past guests, I'm hesitant to speak to highly of the apartment, in case it gets TOO popular!  \r<br/>\r<br/>"}, {"name": "Sandhya", "date": "2011-07-08", "review": "I started my two week vacation in Europe (first time there) starting with London. It was the smartest thing to choose Anne's cute studio for my stay. As an architect, I love beautiful spaces and this studio couldn't have been better. Anne was a wonderful host and she took the time to have tea with me on two occasions to talk about London and give recommendations.\r<br/>\r<br/>As for the location of the studio, it couldn't have been better if you are visiting London for fun. Like Anne describes, it is within walking distance to major attractions.\r<br/>\r<br/>I would surely stay with Anne when I visit London again."}, {"name": "Varun", "date": "2011-07-16", "review": "Anne's studio is an absolute gem, especially the sky light as well as the coffee shop around the corner."}, {"name": "Lucy", "date": "2011-07-24", "review": "Ann and John were wonderful hosts.  The South Bank is a very  convenient place to stay in London, right on the Thames without all the crowds..the flat is very nicely designed and equipped, even had hair dryer, us adapter, coffee maker and microwave, and bakery around the corner."}, {"name": "Shannon", "date": "2011-07-27", "review": "Anne is the best airbnb host ever. This place is not only super centrally located to everything you want to see in London, but also super cute, organized and had everything we needed, including a hair dryer :)"}, {"name": "Thomas", "date": "2011-08-02", "review": "Only my second experience with airbnb. And I honestly have no idea how it still could get better! 10 out of 10 possible points for our stay in this flat. Thank you Anne for beeing such a good host!"}]}