{"id": 10258657, "listing_url": "https://www.airbnb.com/rooms/10258657", "name": "Large private room in Zone 2", "description": "We are renting out a room in our spacious maisonette in Maida Hill. The flat is typical of the area, and has a cute private garden at the back. The flat is only an 8 min walk from Westbourne Park or Queens Park tube and very near local amenities.", "host_name": "Bethany", "host_id": 11210916, "host_url": "https://www.airbnb.com/users/show/11210916", "host_picture_url": "https://a0.muscache.com/im/users/11210916/profile_pic/1389479288/original.jpg?aki_policy=profile_x_medium", "neighbourhood_cleansed": "Westminster", "latitude": 51.52733, "longitude": -0.20011, "property_type": "Private room in rental unit", "room_type": "Private room", "accommodates": 2.0, "bathrooms": 1.0, "bedrooms": 1, "beds": 1, "amenities": ["Essentials", "Wifi", "Washer", "Long term stays allowed", "TV", "Smoke alarm", "Iron", "Carbon monoxide alarm", "Hangers", "Dryer", "Kitchen", "Heating"], "price": 30.0, "numbers_of_review": 1, "review_scores_rating": 4.0, "reviews": [{"name": "Mat", "date": "2016-01-24", "review": "Bethany was a pleasure! Our room was clean, comfortable and we were conveniently located near public transit. I would definitely rebook."}]}