{"id": 10259817, "listing_url": "https://www.airbnb.com/rooms/10259817", "name": "Bright family home sleeps six", "description": "A spacious and bright family house with three bedrooms in a very quiet and friendly neighbourhood. Sunny child-friendly garden and a very good selection of shops, bars, restaurants and parks nearby.<br /><br /><b>The space</b><br />There is a bright front room with fireplace, a dining room overlooking the garden and a compact but practical kitchen with direct access to the garden on the ground floor. Upstairs are three bedrooms. One with a double bed, one with a bunk bed and one with a bunk bed and double sofa bed. <br /><br />The garden is south facing and offers a green and calm shady oasis.<br /><br />Ideal for families.<br /><br /><b>Guest access</b><br />Access to all areas on the ground and first floor and to the bathroom with washing machine and shower on the lower ground floor.<br /><br /><b>Other things to note</b><br />Note that our house is very close to extensive green areas - so if you are planning a city trip, add another day or two to enjoy the Lea Vally, the Olympic Par", "host_name": "Kathrin", "host_id": 3084930, "host_url": "https://www.airbnb.com/users/show/3084930", "host_picture_url": "https://a0.muscache.com/im/pictures/user/1cd49e21-94c2-401d-9175-608da491b9d7.jpg?aki_policy=profile_x_medium", "neighbourhood_cleansed": "Hackney", "latitude": 51.55452, "longitude": -0.04251, "property_type": "Entire home", "room_type": "Entire home/apt", "accommodates": 5.0, "bathrooms": 1.0, "bedrooms": 3, "beds": 4, "amenities": ["Essentials", "Wifi", "First aid kit", "Hot water", "Washer", "Paid parking off premises", "Host greets you", "Cooking basics", "Smoke alarm", "Hair dryer", "Private entrance", "Iron", "Indoor fireplace", "Hangers", "Carbon monoxide alarm", "Kitchen", "Heating", "Children\u2019s books and toys"], "price": 91.0, "numbers_of_review": 4, "review_scores_rating": 5.0, "reviews": [{"name": "Francesca", "date": "2017-04-16", "review": "the house is very nice and confortable. we were in five people, two adults and three child and the kids have been very happy to stay in a house full of toys.there is also a nice garden.<br/>near the house there are a lot of shops and cafe where is possible to but take away food."}, {"name": "Anna", "date": "2022-08-05", "review": "Superfijn huis met tuin, rustpunt in de stad. Veel bus verbindingen richting centrum Londen in de buurt. We verbleven er met ons gezin met drie kinderen, fijn om ook af en toe even te chillen voor of na sightseeing. Winkels en restaurants in de buurt ook prima. Communicatie met host was top, en het huis is van alle gemakken voorzien."}, {"name": "Charlotte", "date": "2022-08-14", "review": "We had a great stay at the house. It was clean and spacious and the garden was was an added bonus. Communication with the hosts was easy and quick. We loved the area and enjoyed popping out to Chatsworth Road. Would highly recommend to others"}, {"name": "Ilana", "date": "2023-08-13", "review": "We loved our stay at Kathrin and David\u2019s place! The house was so artsy, cool and fun, and had an amazing deck and backyard that we spent loads of time on. The neighborhood was also really fun, with tons of great coffee, food, and little shops for everything you might need. Kathrin and David were super responsive and helpful to everything we asked. We had a fantastic stay and can\u2019t wait to come back."}]}