{"id": 10268676, "listing_url": "https://www.airbnb.com/rooms/10268676", "name": "Covent Garden Penthouse Double Room", "description": "Double bed room, shared bathroom. Top floor above Spanish tapas bar, between the Vaudeville Theatre and a Venetian tapas bar. Surrounded by bars, restaurants, theatres. A very central base to explore the city.<br /><br /><b>The space</b><br />This location is very central for entertainment, tourist attractions and business. It doesn't get much more central. Our street is full of restaurants, pubs and theatre stage doors but we even squeeze in a church and a cafe or two at each end. We never know which famous face is going to come along next. Most likely you'll never know that you had coffee or dinner sitting next to x.<br /><br /><b>Guest access</b><br />I don't mind people using the microwave and kettle but please don't use the cooker. People simply never clean it properly and it's unpleasant for everyone else.", "host_name": "Uravara", "host_id": 38597581, "host_url": "https://www.airbnb.com/users/show/38597581", "host_picture_url": "https://a0.muscache.com/im/users/38597581/profile_pic/1440200642/original.jpg?aki_policy=profile_x_medium", "neighbourhood_cleansed": "Westminster", "latitude": 51.5116, "longitude": -0.12186, "property_type": "Private room in rental unit", "room_type": "Private room", "accommodates": 2.0, "bathrooms": 1.0, "bedrooms": 1, "beds": 1, "amenities": ["Essentials", "Wifi", "Long term stays allowed", "Host greets you", "Heating"], "price": 110.0, "numbers_of_review": 9.0, "review_scores_rating": 4.43, "reviews": [{"name": "Sanjay", "date": "2016-01-02", "review": "Great place close to all amenities. Met David at the restaurant downstairs who showed me to my room. Room was as described and clean. Bed was comfortable. There were 2 other rooms on the same level (3rd floor) with shared bath/toilet. kitchen was well equipped with microwave, fridge, kettle, cutlery,  coffee , sugar etc . David was friendly and approachable. Checked out midday they were no other bookings and David was fine with me having  a lie in.\r<br/>Room was well heated and extra blankets were available in case guests needed it.\r<br/>A great place to stay in central London."}, {"name": "Manel", "date": "2016-02-26", "review": "The flat was exactly as described, located in a very central area of London. It is quite quiet though located in a busy area. Simply furnished but with all necessary amenities.\r<br/>I didn't meet with Uravara, but she made sure the person she sent welcomed me and was very helpful."}, {"name": "Frederic", "date": "2016-04-27", "review": "Tout s'est bien pass\u00e9 comme convenu.\r<br/>Appartement calme et chambre correcte; salle de bain heureusement pour nous seuls du fait de l'absence de location de la chambre attenante.\r<br/>Propret\u00e9 des parties communes (escalier, couloir) \u00e0 am\u00e9liorer.\r<br/>Emplacement id\u00e9al."}, {"name": "Thobias", "date": "2016-06-19", "review": "Our flight was delayed, but our host was understanding and sent information about how to get from the station to the room. Very nice! The room is as described and very nice in London Std. I would go here again if I was visiting London. Very central location, able to walk to every part of London. "}, {"name": "Elisa", "date": "2016-06-27", "review": "What I loved was the patience that we were paid as we arrived later than we expected. The location could not be more perfect! The place was clean with nice shared kitchen and washroom. I also enjoyed chatting with, Thomas, another guest. I wish we could have stayed longer. The bedroom was adequate."}, {"name": "Shirley", "date": "2017-05-26", "review": "Uravara's place is clean and extremely convenient. She was a very helpful host and I would definitely recommend this location with the caveat that it is noisy at night."}, {"name": "Maxwell", "date": "2017-07-02", "review": "We booked a 1 day stay 1 day prior and it turned out great. Uravara and team are very easy to communicate with. We did not know this but it happens to be a very favorable spot for Canadians (especially on July 1). Overall quite pleased with the stay."}]}