{"id": 10263900, "listing_url": "https://www.airbnb.com/rooms/10263900", "name": "Covent Garden Theatreland double", "description": "Double bedroom, shared bathroom. Surrounded by all London is best for, theatres, restaurants, bars, clubs & cafes. Above a Thai restaurant, next door to a theatre and Venetian tapas bar. The oldest restaurant in London, Rules, is across the street.<br /><br /><b>The space</b><br />This location is very central for entertainment, tourist attractions and business. It doesn't get much more central. Our street is full of restaurants, pubs and theatre stage doors but we even squeeze in a church and a cafe or two at each end. We never know which famous face is going to come along next. Most likely you'll never know that you had coffee or dinner sitting next to x.<br /><br /><b>Guest access</b><br />Use the microwave and the kettle but please don't use the cooker. People simply never clean it properly and it's unpleasant for everyone else.<br /><br /><b>Other things to note</b><br />Covent Garden life beats to a rhythm you may be used to. Mornings are slow for us. Many of us won't wake up muc", "host_name": "Uravara", "host_id": 38597581, "host_url": "https://www.airbnb.com/users/show/38597581", "host_picture_url": "https://a0.muscache.com/im/users/38597581/profile_pic/1440200642/original.jpg?aki_policy=profile_x_medium", "neighbourhood_cleansed": "Westminster", "latitude": 51.511, "longitude": -0.12167, "property_type": "Private room in rental unit", "room_type": "Private room", "accommodates": 2.0, "bathrooms": 1.0, "bedrooms": 1, "beds": 1, "amenities": ["Essentials", "Wifi", "Long term stays allowed", "Hair dryer", "Heating"], "price": 115.0, "numbers_of_review": 7, "review_scores_rating": 4.43, "reviews": [{"name": "Thomas", "date": "2016-07-10", "review": "V\u00e6rten var meget venlig og hj\u00e6lpsom. Jeg kan anbefale dette sted."}, {"name": "Mike", "date": "2016-09-15", "review": "I only stayed 1 night so the room and location was perfect"}, {"name": "Allan", "date": "2016-12-08", "review": "Everything ran exactly to plan with good communication from the host, the room is clean as are the bathroom and kitchen facilities. Great value and in a great location "}, {"name": "Jeremy", "date": "2016-12-11", "review": "So central"}, {"name": "Jason", "date": "2017-06-13", "review": "Central with very easy access to the Strand. 15 minute walk to the National Theater, 10 minute walk to Soho. 5 minute walk to the tube. It is loud on the weekends and bathroom and kitchen are shared. The hosts were in excellent communication with me to make sure I arrived safely and had all my questions answered. "}, {"name": "Vineeta", "date": "2017-07-07", "review": "Absolutely brilliant location. Really nice room, with all you need at your doorstep. The owner-managers are really lovely. Couldn't have a better place to stay for a night. "}, {"name": "Anne Marie", "date": "2017-07-09", "review": "We had a great time staying here; great location, nice and comfortable room and some very helpful hosts. Thank you :-)"}]}