{"id": 10263031, "listing_url": "https://www.airbnb.com/rooms/10263031", "name": "Light, Spacious 1 Bedroom Flat", "description": "Recently renovated two bedroom flat in the heart of Deptford.  Only one bedroom has a bed. The other can accommodate a travel cot if necessary. <br /><br />A three minute walk to Deptford High Street, the Market Yard, and Deptford station; and a three minute walk in the other direction to New Cross station for trains to central and east London.  Historic Greenwich is a 20 minute walk.<br /><br /><b>The space</b><br />A comfortable, open plan flat with a fully equipped kitchen including dishwasher, washing machine and breakfast bar; a large living/dining area that can seat 6 comfortably; and a large balcony overlooking the small park next door, complete with BBQ and outdoor table and chairs. WiFi is also available.", "host_name": "Oliver", "host_id": 7592218, "host_url": "https://www.airbnb.com/users/show/7592218", "host_picture_url": "https://a0.muscache.com/im/pictures/user/f43ef267-ad53-4215-9578-e9fc8f028549.jpg?aki_policy=profile_x_medium", "neighbourhood_cleansed": "Lewisham", "latitude": 51.47892, "longitude": -0.02908, "property_type": "Entire rental unit", "room_type": "Entire home/apt", "accommodates": 2.0, "bathrooms": 1.5, "bedrooms": 1, "beds": 1, "amenities": ["Essentials", "Wifi", "Hot water", "Washer", "Pack \u2019n play/Travel crib", "TV", "Host greets you", "Free street parking", "Fire extinguisher", "Smoke alarm", "Room-darkening shades", "Hair dryer", "Iron", "Bathtub", "Hangers", "Carbon monoxide alarm", "Kitchen", "Heating"], "price": 85.0, "numbers_of_review": 15.0, "review_scores_rating": 4.93, "reviews": [{"name": "Marc", "date": "2017-02-17", "review": "Really nice place. Great location for a conference being hosted at Goldsmiths Uni and also near Deptford for some nice drinks afterwards too."}, {"name": "Stevie", "date": "2017-02-19", "review": "We had a great time staying in the flat. It was really comfortable, and spacious. Very clean!! Our hosts were brilliant answering all questions in advance and giving us lots of information when we arrived. They were very friendly and welcoming. We stayed here with our two children would definitely recommend it for a small family or two couples. Transport links and local shops/restaurants are good too. "}, {"name": "Alexander", "date": "2017-03-13", "review": "we had a lovely stay at oliver's place, it's close enough to deptford high street to find all the things you need (iceland, tesco express, asda and several small shops and restaurants), yet remote enough that you're not bothered by any noise outside. would definitely recommend to friends and family."}, {"name": "Lesley", "date": "2017-04-18", "review": "The flat is great; bright, clean and well-equipped.  We found it quite difficult to find it on the first night- the number on the gate is virtually impossible to read in the dark, but the flat itself is great. Oliver was extremely polite and always on hand to help. The weekend went like clockwork. "}, {"name": "Jill", "date": "2017-04-23", "review": "The flat was everything we needed and Oliver made sure checking in/out went smoothly. Thank you Oliver and Dan "}, {"name": "Shrenik", "date": "2017-05-01", "review": "Oliver's place is a good place to stay when in London.<br/>It feels away from the London action but is mostly 40 mins from everywhere and more importantly it is convenient traveling (from the overground New Cross station).<br/>The place was accurate from how it is described. House was clean, tidy and had everything we needed.<br/>Oliver is communicative, he contacted us well in advance and made the check in process smooth.<br/>All in all worth staying if not being in the central part of London is a deal breaker."}, {"name": "Thao", "date": "2017-05-09", "review": "Everything was very nice. Train Station are nearby. And the supermarket is around the Corner. I would fully recommend the flat."}, {"name": "Darian", "date": "2017-07-10", "review": "Very nice, thanks!"}, {"name": "Alexander", "date": "2017-07-21", "review": "This was my second stay at Oliver and Dan's place and once again everything was absolutely great. Their well-equipped kitchen, two bedrooms and living area made it a very enjoyable stay and the weather allowed frequent use of the balcony. Thank you guys very much!"}, {"name": "Anna", "date": "2017-09-28", "review": "Our stay in Oliver\u2019s place couldn\u2019t have been better. Spotless place, great hosts and lots of local tips to feel like at home. The house had everything you need and Oliver was very generous. Would highly reccommend!"}]}