{"id": 10260835, "listing_url": "https://www.airbnb.com/rooms/10260835", "name": "Beautiful family home", "description": "Spacious, modern 5 bedroom family home just a 15 minute train journey from central London. The perfect base for 2 families with children. Three lovely parks are a short walk away, as are numerous independent cafes, restaurants and shops.<br /><br /><b>The space</b><br />Take your pick from 5 bedrooms. The master bedroom has a kingsize bed, while the second has a double. The third bedroom has a bunk bed for two children and the fourth bedroom  a toddler bed. The fifth bedroom has a day-bed that converts to a single bed, for use by adults or children. We can also provide a travel cot and mattress if required.<br /><br /><b>Guest access</b><br />All rooms in the house", "host_name": "Joe", "host_id": 47998248, "host_url": "https://www.airbnb.com/users/show/47998248", "host_picture_url": "https://a0.muscache.com/im/pictures/user/f26c1c6b-d98f-4bad-9f8f-3d42e5a9c7e5.jpg?aki_policy=profile_x_medium", "neighbourhood_cleansed": "Lewisham", "latitude": 51.44929, "longitude": -0.03373, "property_type": "Entire home", "room_type": "Entire home/apt", "accommodates": 6.0, "bathrooms": 2.0, "bedrooms": 5, "beds": 6, "amenities": ["Essentials", "Wifi", "First aid kit", "Washer", "Free parking on premises", "Long term stays allowed", "TV with standard cable", "Fire extinguisher", "Smoke alarm", "Hair dryer", "Iron", "Carbon monoxide alarm", "Dryer", "Kitchen", "Cable TV", "Heating"], "price": 130.0, "numbers_of_review": 1, "review_scores_rating": 5.0, "reviews": [{"name": "Edilou", "date": "2016-04-07", "review": "We met Joe and his family before our stay and got along really well. Our host left the house clean and tidy for our stay and went the extra mile by leaving  goodies  for us to enjoy. The kitchen was well stocked with everything you could possibly need to cook a nice meal. The whole house felt very welcoming and comfortable. The area is well connected to transport and there are plenty of local shops within walking distance. My kids had a great time playing outside and with the toys available.  "}]}