{"id": 10279056, "listing_url": "https://www.airbnb.com/rooms/10279056", "name": "Large attic room for one guest", "description": "A large attic room in zone 4 of the London Underground, with access to a shared shower/toilet; 20min to Kings Cross and within walking distance to many amenities.<br /><br />Within 5-10 minutes you can reach numerous grocery shops, restaurants, pubs and takeaways. The park is right on the corner, just a minute away. Buses that take you to shopping centers and central London are within 5 mins walk and the tube station is 10 mins on foot.<br /><br /><b>The space</b><br />Large attic room with a desk and chair facing a large window, single bed and a radiator. The ceiling is slanted and the room is reached by a flight of stairs. There is no door to the room but as you have a screen to hide the stairs and the whole floor to yourself, it is still very private.<br /><br /><b>Guest access</b><br />A washing machine is available to use for free once a week; \u00a33 per use if you want to use it more than that. The house is large and centrally heated meaning you do not have control over the temperatu", "host_name": "Mila", "host_id": 48247266, "host_url": "https://www.airbnb.com/users/show/48247266", "host_picture_url": "https://a0.muscache.com/im/pictures/user/f68c37ef-b441-4e7b-a93b-f6a446137882.jpg?aki_policy=profile_x_medium", "neighbourhood_cleansed": "Barnet", "latitude": 51.60131, "longitude": -0.18501, "property_type": "Private room in home", "room_type": "Private room", "accommodates": 1.0, "bathrooms": 1.0, "bedrooms": 1, "beds": 1, "amenities": ["Barbecue utensils", "Paid washer", "Hair dryer", "Hangers", "Essentials", "Free parking on premises", "Shampoo", "Cooking basics", "Bed linens", "Carbon monoxide alarm", "Shower gel", "Wifi", "Heating", "Long term stays allowed", "Microwave", "Iron", "Toaster", "Security cameras on property", "Hot water", "Smoke alarm", "Laundromat nearby"], "price": 40.0, "numbers_of_review": 31.0, "review_scores_rating": 4.65, "reviews": [{"name": "Aneta", "date": "2016-02-09", "review": "Together with my friend we spent a really great time in Mila's apartment. She was very kind, welcomming and provided us everything that we wanted. I really recommend this place :) "}, {"name": "Tianwei", "date": "2016-05-20", "review": "I can say Mila is the best host ever for me. She accomendated me so warmly, making my stay so comfortable.. Also, she is very willing to share anything she knew in order to help me. \r<br/>This attic room is quite and very clean, everything is perfect!  The position again is very convenient, only takes several minutes you can go to gym tesco tubes etc......\r<br/>strongly recommend the room! And Mila is a great lady with a great heart."}, {"name": "Tim", "date": "2016-06-15", "review": "Mila is very welcoming host, talking with guests and showing them around her home. The place is a good location with a park, shops bus/tube stations nearby.\r<br/>\r<br/>Would recommend staying here to anyone else."}, {"name": "Hanna", "date": "2016-12-13", "review": "Jag skulle inte rekommendera n\u00e5gon att bo h\u00e4r en l\u00e4ngre tid eftersom v\u00e4rden verkar ha aggressionsproblem och g\u00e4rna skriker p\u00e5 sina g\u00e4ster. "}, {"name": "Andy", "date": "2017-09-27", "review": "I spent two nights in Mila's lovely converted attic room. Everything was as described and Mila herself could not have been more hospitable and kind. <br/>A very nice relaxing place to stay within 5 mins walk of the tube."}, {"name": "Joseph", "date": "2017-10-25", "review": "I had such a great stay with Mila I extended my stay. The accommodation was perfect; very peaceful, comfortable, spotlessly clean - it was everything I wanted!!"}, {"name": "Joseph", "date": "2017-10-29", "review": "A Fantastic host and great accommodation. I had the perfect stay; peaceful, restful and without a single disturbance. <br/>Highly recommended."}, {"name": "Ramona", "date": "2018-04-14", "review": "Stayed for a short period, the place is ok and Mila is very kind. Maybe a bit apprehensive as a host."}, {"name": "Rebecca", "date": "2018-09-16", "review": "Very comfortable and clean room and a welcoming host! Easy distance to East Finchley tube station so convenient to get into the centre and near plenty of different restaurants."}, {"name": "Simon", "date": "2018-12-14", "review": "Good location, 2 min walking from a variety of restaurants, 5 min waking from the tube station. Nice place and hospitality."}]}