{"id": 10270276, "listing_url": "https://www.airbnb.com/rooms/10270276", "name": "Gorgeous flat near Broadway Market", "description": "We're a well-travelled couple working in marketing, PR and social media. Our renovated flat is open to guests looking for a taste of living like a local. Book for a comfortable stay with East London life on your doorstep and most tourist attractions under 20 mins away. Check out our guides for a proper taste of what it's like to live here.<br /><br />*For film and photoshoots please contact us with an overview of what you are filming, how many people etc and we will provide a separate quote.<br /><br /><b>The space</b><br />This is a one bed apartment that has been renovated to a high standard with quirky features such as brass fittings, wood surfaces and sliding barn doors. A haven away off the busy streets of London with all the facilities you need for a comfortable stay. You won't find a place this beautiful at this price anywhere else in the area.<br /><br /><b>Guest access</b><br />Guests have access to the entire place, including: Kitchen, Living space, Dining area, Toilet, Bedro", "host_name": "Tom", "host_id": 17255099, "host_url": "https://www.airbnb.com/users/show/17255099", "host_picture_url": "https://a0.muscache.com/im/users/17255099/profile_pic/1429056566/original.jpg?aki_policy=profile_x_medium", "neighbourhood_cleansed": "Tower Hamlets", "latitude": 51.53439, "longitude": -0.05471, "property_type": "Entire rental unit", "room_type": "Entire home/apt", "accommodates": 2.0, "bathrooms": 1.5, "bedrooms": 1, "beds": 1, "amenities": ["Oven", "Fire extinguisher", "Wine glasses", "Dining table", "Hangers", "Sonos sound system", "Cleaning products", "Faith In Nature - Eco Friendly Shampoo :-) shampoo", "Dishes and silverware", "Luggage dropoff allowed", "Essentials", "Baking sheet", "Cooking basics", "Bed linens", "Pour-over coffee", "Clothing storage", "Carbon monoxide alarm", "Bathtub", "Wifi", "Heating", "Coffee maker", "Free dryer \u2013 In unit", "Dishwasher", "Long term stays allowed", "Hot water kettle", "Refrigerator", "Portable fans", "Room-darkening shades", "Iron", "Kitchen", "Drying rack for clothing", "Stove", "Toaster", "Paid street parking off premises", "Dedicated workspace", "Hot water", "Smoke alarm", "Free washer \u2013 In unit", "Laundromat nearby", "40\\ TV with Amazon Prime Video", "Chromecast", "Netflix", "Lockbox", "Freezer"], "price": 125.0, "numbers_of_review": 50.0, "review_scores_rating": 4.98, "reviews": [{"name": "Ashleigh", "date": "2016-02-28", "review": "Tom made us feel so at home, the apartment is exactly how it looks in photos, even better. We had everything we needed, and was on call for any questions we had!\r<br/>\r<br/>I would recommend this place! Great location, just a road away from the main road which has so many different shops and bars.\r<br/>\r<br/>Thanks Tom! x"}, {"name": "Suleyman", "date": "2016-03-06", "review": "Place is exactly how it looks in the photos. Really nice feel to the place.  Tom and Yazmin were both very helpful with our requests.  Would deffo stay again."}, {"name": "Alexandros", "date": "2016-03-11", "review": "Amazing apartment in great newly trendy area. 15min walk from brick lane and served by both underground and overground. This is a real apartment and not another \"airbnb\" one. The host is a great guy that will welcome you in a very friendly way and make you feel at home. Very clean and perfectly decorated, this place will make you feel almost like a lucky Londoner. "}, {"name": "Julie", "date": "2016-03-13", "review": "Tom was great, welcoming and provided all the information needed about the apartment and the neighbourhood. Not to mention great granola, coffee etc. Absolutely LOVED the neighbourhood. There was lots to do and great food, restaurants and activities in walking distance. It was walking distance to the tube, but who needs to go into main London when there was so much to do right in the neighbourhood. It was fantastic! "}, {"name": "Kelly", "date": "2016-04-10", "review": "Tom's place is great, the perfect London crash pad. 5 min walk from Cambridge Heath station. Ideal for 1 or 2 people, probably best suited to a couple due to the open plan set-up but would also be fine for 2 mates sharing. The lounge / kitchen area is spacious and really well equipped. The bedroom and bathroom are fab, very stylish and the bed is super comfy! At night there was a bit of noise from the flats below and the street outside but nothing major. The area seemed pretty safe and quiet although you might want to get a taxi back to the flat if it's late at night. Tom was really helpful, very flexible and accommodating and gave me some great advice on where to go in the surrounding area. The only things I can think of that would have improved my stay would be 1) Having access to a iron/ironing board 2) A curtain or blind in the bedroom - you're not directly overlooked but it means you're awake as soon as the sun comes up! Would recommend and stay again. "}, {"name": "Tasha", "date": "2016-05-01", "review": "Tom & Yaz's apartment was perfect! On arrival they showed us around their place, made us feel very welcome and ran us through a printed itinary that they leave for thier guests. \r<br/>\r<br/>The apartment had recently been recently renovated and had everything we needed for our stay.  The area had a lot to offer and we were able to park our car outside the apartment . \r<br/>\r<br/>Satans Whiskers was a great place for a cocktail and some food, it is reasonably priced and was only a 5-10 minute walk. \r<br/>\r<br/>Thanks again for a brilliant stay! "}, {"name": "Sanaz", "date": "2016-05-04", "review": "Nice place,like its describ!! Train stop close by and great area! Recommand that place!! Thanks Tom and Yaz.."}, {"name": "Nic", "date": "2016-05-09", "review": "Stayed at Yaz and Tom's place for a sunny weekend in London and it was great!\r<br/>\r<br/>The apartment is open and spacious with wonderful finishings and loads of natural light. It is located less than a 10 minute walk from London Fields, and even closer to Victoria Park. It is also really close to an overground train that connects directly to Liverpool Street station, making it really easy to access the most central bits of London.\r<br/>\r<br/>To top it off, Tom and Yaz were friendly and exceptionally accommodating hosts, even going as far as to offering some mutual industry insights which assisted with my business trip.\r<br/>\r<br/>Highly recommended! "}, {"name": "Natalie", "date": "2016-05-15", "review": "Myslef and friend stayed in Tom and Yaz's flat for a night out in Shoreditch.<br/>The flat is in a prime location, close to the tube station and local amenities. <br/> The flat was clean and looked exactly like the photos. <br/>The handbook which was left was really useful and gave us some great ideas of where to go and what to do during our stay.<br/>Both and Tom and Yaz were so helpful and flexible during our stay. They were always on hand if we needed them - even helping us with what tubes to get to find the flat.<br/>I would 100% recommend to stay to anyone.<br/>Thank you for making our weekend away so amazing :-) "}, {"name": "Geordie", "date": "2016-05-29", "review": "Tom and Yaz were brilliant hosts. They arranged for a friend to meet me and show me round the flat and left some local hints and tips to help me find my way around. They checked in regularly during the week to make sure everything was going smoothly. On top of this, the flat is beautiful and the area is great. A wonderful place to spend the week in London."}]}