{"id": 10274171, "listing_url": "https://www.airbnb.com/rooms/10274171", "name": "Bright Contemporary East London Guest room", "description": "A lovely double room in a 4th floor 2-bedroom apartment in a quiet residential street in East London. 7-minute walk from the town centre shops and station. People might think that Barking is way out of the city but  surprisingly it's only 14 minutes  on the C2C to Fenchurch Street/Tower Hill -  great for visitors to London. 35 mins by tube to ExCel London.10 min walk for doctors studying PLAB2 course at Common Stations. A great place to stay if you want peace and tranquility.<br /><br /><b>The space</b><br />Hi my name is Carole. I moved into my newly built  2-bedroom apartment in September 2015 and I love it.  It's light, airy and uncluttered with simple and tasteful decor and art  - making it a comfortable and ideal place to retreat and relax from a busy day in the city.  Situated on the 4th floor it has easy lift access and private entrance  with only 4 other apartments on the floor.<br /><br />The guest room is a good sized double bedroom  with a 4'6 comfortable double bed, two bes", "host_name": "Carole", "host_id": 37829148, "host_url": "https://www.airbnb.com/users/show/37829148", "host_picture_url": "https://a0.muscache.com/im/pictures/user/aa935da4-1b4c-4b2f-b5d1-dd4f95b15986.jpg?aki_policy=profile_x_medium", "neighbourhood_cleansed": "Barking and Dagenham", "latitude": 51.54282, "longitude": 0.07743, "property_type": "Private room in condo", "room_type": "Private room", "accommodates": 2.0, "bathrooms": 1.0, "bedrooms": 1, "beds": 1, "amenities": ["Extra pillows and blankets", "First aid kit", "Oven", "Fire extinguisher", "Hair dryer", "Hangers", "Dishes and silverware", "Luggage dropoff allowed", "Essentials", "Shampoo", "Free street parking", "Cooking basics", "Bed linens", "Carbon monoxide alarm", "Bathtub", "Heating", "Wifi", "Coffee maker", "Dishwasher", "Backyard", "Long term stays allowed", "TV", "Host greets you", "Microwave", "Portable fans", "Refrigerator", "Iron", "Body soap", "Drying rack for clothing", "Kitchen", "Stove", "Lock on bedroom door", "Security cameras on property", "Dedicated workspace", "Hot water", "Clothing storage: closet and dresser", "Elevator", "Smoke alarm", "Free washer \u2013 In unit", "Dryer", "Lockbox"], "price": 43.0, "numbers_of_review": 69.0, "review_scores_rating": 4.99, "reviews": [{"name": "Ania", "date": "2016-03-20", "review": "We had a great pleasure to spend St Patrick's weekend in London this year and were also visiting out friends who live in Barking. \r<br/>It's brand new, spacious, warm and fully equipped apartment, which we practically had it to ourselves as Carole was out most of the days. \r<br/>With such a short distance to Metro/Train station the location of Carole's place was very convenient as a base to do a good deal of sightseeing. Barking is a developing, multicultural area. With only a short journey from the city centre, it's a great spot. District and Hammersmith & City underground lines get you to the City in 25 minutes. Rail: to Fenchurch Street (15 minutes/every 10 minutes). \r<br/>As for London, we just didn't have enough time, even if we extended our stay for another 2 weeks! It's such a great city and with a help of a The Underground you can get around everywhere within minutes.\r<br/>We will be back very soon.\r<br/>\r<br/>Carole was a lovely host, warm, open, welcoming full of chat and helpful information. We connected straight away and it was just a pity that we didn't have much time together. We would love to stay with her again! Carole was very considerate, she had breakfast, coffee and we even shared a glass a wine. We felt as we were visiting a friend. \r<br/>\r<br/>We hope to be back this year again.\r<br/>\r<br/> "}, {"name": "Karan", "date": "2016-06-12", "review": "I stayed for 4 days for a conference. It was my first experience at airbnb. Carole is a wonderful host. She has given lots of thought in setting up the flat. Bed was comfy. Very near to train station. Parking wasn't an issue. I felt most welcomed. Overall was an wonderful experience."}, {"name": "Caroline", "date": "2016-06-18", "review": "The stay with Carole in Barking was superb.\r<br/>\r<br/>Carole is delightful, and you really couldn't ask for more from a hostess. She was welcoming and friendly and extremely helpful in local knowledge and helping us to orientate ourselves.\r<br/>\r<br/>The flat is even nicer than the pictures suggest. It is bright, clean and airy. The street is quiet and the building is safe and secure. There is free parking available close by which is excellent, and it is a short (10-15min) walk from the station which is an easy route into the centre.\r<br/>\r<br/>Despite the proximity to the railway, the flat is very quiet and the building insulates from the noise.\r<br/>\r<br/>If you are looking for something in this area, don't hestitate in booking here, recommend it very highly!"}, {"name": "Josie", "date": "2016-07-01", "review": "Carole was a wonderful host, and made every effort to ensure that I felt comfortable and at home. The apartment was bright, clean and modern with beautiful art works and an amazing book shelf! I would highly recommend anyone who is looking for an airbnb in the area to Caroles home. Thankyou for a wonderful few days Carole, I hope to stay in touch! "}, {"name": "Dee", "date": "2016-07-02", "review": "Needed to book a room quickly as I had to go on a course on short notice. Carole was really helpful and agreed to let me stay. I felt comfortable as soon as I read her messages and this did not change when I arrived at her home.  It felt like staying at a friends, she made me feel at home and went out of her way for me. Would recommend."}, {"name": "Patty", "date": "2016-07-04", "review": "We booked this trip very last minute due to a layover that we had in London and needed to get a place to stay asap. Carole was a very wonderful host and extremely accommodating, going above and beyond for us.<br/>This was our first time in London and had no idea how to use the transportation and Carole provided us with clear and concise directions from the underground to her beautiful home. She even picked us up from the station to her home because we were sooooo overwhelmed that day (we did walk it later from the flat to the station and it's only a 10 min walk)!<br/>Her home was very clean and beautiful (I fell in love with the artwork).<br/>I would recommend this to anyone staying near Barking and thanks Carole for providing us with such a wonderful experience!"}, {"name": "Valerie", "date": "2016-07-09", "review": "Together with my friend I stayed in Carole's apartment for three nights and it was all we could have wished for. The place was super clean and comfortable, Carole is a fun, friendly and helpful host and after a short walk to the train station we could easily get to all the places in London we wanted to visit. Even though Barking is now of the bucket list, I would gladly book a stay with Carole again. "}, {"name": "Elizabeth", "date": "2016-07-18", "review": "For our first experience using Airbnb our choice couldn't have been any better whatsoever.  Carole was absolutely amazing and made us feel so much more than just welcome into her home.  It was like visiting a good friend of many years.  Carole is the perfect hostess and very committed to making your stay the best is can possibly be. 10 out of 10 for sure.  Very relaxing and comfortable apartment, light and airy with everything you could possible need at hand. So much better than booking into a hotel I must say. Our stay was more on the business side of things for us, so literally used the apartment as our place to sleep and chill after a busy day in the city centre but must say it was very easy to drive into the city from this location, but cannot comment on accessibility via train etc. Would definitely book here again in the future, no question. Thank you Carole it was wonderful to meet you and look forward to seeing you again soon."}, {"name": "Luke & Alla", "date": "2016-08-05", "review": "Carole, thank you again for a fantastic time! You gave us everything that Airbnb travellers can dream about! You were a lovely host that made us feel comfortable and relaxed so quickly. It felt more like I was staying at my witty & caring auntie the whole time rather than anything else. I wish I had one like that!\r<br/>\r<br/>The actual room was much bigger than it seems in the photo. We had more than enough space for all our stuff: a rail with hangers and many pockets, the chest of drawers and 2 bed-side tables so it was easy to keep the room free from mess. There is also a big window. Apart from that Carol provided us with nice spa-like dressing gowns which was cool and all little things you may expect in a nice hotel."}, {"name": "Jamie", "date": "2016-08-14", "review": "Carole is an excellent host - she was warm, welcoming and made us feel at home almost immediately. We were provided with an excellent room with superb facilities, even down to the dressing gowns which were a great touch!\r<br/>\r<br/>The apartment itself is very secure and a lift allows easy access. It's reasonably quiet with a lovely balcony and is well-equipped all round. It's advertised as brand new and you do get the impression that it is the case - it's perfectly clean and very tidy.\r<br/>\r<br/>Overall I would 100% stay with Carole again if I was in the area and would recommend it to anybody! The price just made it even better!"}]}