{"id": 10277306, "listing_url": "https://www.airbnb.com/rooms/10277306", "name": "Second loft room conversion", "description": "New loft conversion in stylish late Victorian two-story terraced house in leafy North London, with washroom (wc and washbasin only in room). Shower/bath in main bathroom. This room is not suitable for couples. One person per room. Single occupancy only.<br /><br /><b>The space</b><br />The house is immaculate and cleaned regularly and i expect guests to leave the common spaces as immaculate as they have found them. The house is cleaned regularly and standards of hygiene high. It would be good if guests introduce themselves when contacting me before they ask if the room is free. thank you.<br /><br /><b>Guest access</b><br />Limited access to the living room (no television there).<br /><br /><b>Other things to note</b><br />Bi-weekly cleaning of the room is also included in the rent.<br />Please be responsible with the closing of windows and locking of doors, as well as the use of alarm.<br />The washing machine is for use once a week.<br />No smoking in the house.<br />Please remember ", "host_name": "Laurie", "host_id": 49237805, "host_url": "https://www.airbnb.com/users/show/49237805", "host_picture_url": "https://a0.muscache.com/im/pictures/user/08496530-990a-4e03-92a5-a9ab2105230f.jpg?aki_policy=profile_x_medium", "neighbourhood_cleansed": "Enfield", "latitude": 51.61227, "longitude": -0.12686, "property_type": "Private room in home", "room_type": "Private room", "accommodates": 1.0, "bathrooms": 1.5, "bedrooms": 1, "beds": 1, "amenities": ["Essentials", "Wifi", "First aid kit", "Hot water", "Washer", "Long term stays allowed", "Host greets you", "Free street parking", "Fire extinguisher", "Smoke alarm", "Private entrance", "Iron", "Carbon monoxide alarm", "Hangers", "Kitchen", "Heating"], "price": 51.0, "numbers_of_review": 5, "review_scores_rating": 5.0, "reviews": [{"name": "Pierfranco", "date": "2016-02-23", "review": "Laurie is a wonderful host. She cares very much for her house and for her guests. The room was cosy and tidy with a private toilet and sink, plus broadband and easy parking on the street.\r<br/>Great value for money. If you love cats you can't miss this; if you don't, well, maybe afte meeting Pushkin you will..."}, {"name": "Barry", "date": "2018-03-10", "review": "Laurie is a lovely person whom has a very clean and comfortable home. The room has the added bonus of your personal toilet and handbasin. Very convenient , about  a 5 minute walk to the tube. I would recommend staying with Laurie as long as you know how to respect another persons home and not treat it as you might a hotel room.<br/>I will try and book with Laurie again if I am in London for a few days or more .<br/>Barry"}, {"name": "Billy Dee", "date": "2018-10-14", "review": "Great hostess! Well organized home. plenty bang for the Buck!<br/>Billy Dee"}, {"name": "Odell", "date": "2018-10-22", "review": "Laurie is very nice and the house cosy and clean"}, {"name": "Marcello", "date": "2022-07-28", "review": "My stay at Laurie's was great. The house is extremely comfy and cosy, with a picturesque garden. Everything was very clean. The host was incredibly friendly, caring and helpful at all times. I highly recommend Laurie's house to anyone. Thanks, Laurie! Close to Bounds Green Underground station and Bowes Park railway station."}]}