{"id": 10279290, "listing_url": "https://www.airbnb.com/rooms/10279290", "name": "Double Room with balcony, desk, sofa, coffee table", "description": "Private room with balcony, sofa, desk with chair, coffee table, excersie bike. 3 bathrooms in the house with kitchen, living room and conservatory downstairs.", "host_name": "Rebecca", "host_id": 43454699, "host_url": "https://www.airbnb.com/users/show/43454699", "host_picture_url": "https://a0.muscache.com/im/pictures/user/e08ab837-4ae8-41dd-8872-7215d6d3c311.jpg?aki_policy=profile_x_medium", "neighbourhood_cleansed": "Ealing", "latitude": 51.52401, "longitude": -0.31947, "property_type": "Private room in home", "room_type": "Private room", "accommodates": 2.0, "bathrooms": 3.0, "bedrooms": 1, "beds": 1, "amenities": ["Essentials", "Wifi", "First aid kit", "Washer", "Free parking on premises", "Long term stays allowed", "TV", "Fire extinguisher", "Smoke alarm", "Hair dryer", "Iron", "Carbon monoxide alarm", "Hangers", "Kitchen", "Heating"], "price": 17.0, "numbers_of_review": 1, "review_scores_rating": 3.0, "reviews": [{"name": "Camille", "date": "2016-06-23", "review": "The room was nice and big but not very clean, we were quite disappointed. But we slept well."}]}