{"id": 10274558, "listing_url": "https://www.airbnb.com/rooms/10274558", "name": "A beautiful new flat near Heathrow", "description": "A sparkling double room in a brand new apartment built in 2015, with all the modern features.<br /><br />Japanese style bed and fitted designer wardrobe. <br />Access to fully fledged  kitchen and bathroom.<br /><br />TFL Red Buses every 20 mins to Heathrow central bus stop . Also a Grocery store and a pub nearby.", "host_name": "Prashant", "host_id": 52838058, "host_url": "https://www.airbnb.com/users/show/52838058", "host_picture_url": "https://a0.muscache.com/im/pictures/user/9e647138-ab8b-45bd-ace7-9d7a18614ecf.jpg?aki_policy=profile_x_medium", "neighbourhood_cleansed": "Hounslow", "latitude": 51.48358, "longitude": -0.39928, "property_type": "Private room in rental unit", "room_type": "Private room", "accommodates": 2.0, "bathrooms": 1.0, "bedrooms": 1, "beds": 1, "amenities": ["Wifi", "Washer", "Free parking on premises", "Long term stays allowed", "TV", "Smoke alarm", "Carbon monoxide alarm", "Hangers", "Dryer", "Kitchen", "Heating", "Hot tub"], "price": 45.0, "numbers_of_review": 1, "review_scores_rating": 3.0, "reviews": [{"name": "Ankush", "date": "2016-01-14", "review": "I didn't stay because I would have arrived 45 minutes later than I let the host know and this meant the host would not let me in. He did reimburse me the cost plus \u00a310 extra (although I lost the airbnb booking fee) but it was a lot of hassle that could have been avoided if he had told me that he wouldn't be in after a certain time. "}]}