{"id": 10287438, "listing_url": "https://www.airbnb.com/rooms/10287438", "name": "Cosy One Bedroom Flat in Blackheath", "description": "My flat is a cute and cosy space that I have slowly been doing up since I bought it.  It's got a double bed in the bedroom and a double sofa bed in the living room.  There is a large communal garden at the back and a small patio at the front with a table and chairs for a coffee in the morning! So close to Greenwich, the Heath and all transport links. 12 mins to London Bridge. Local stations are Blackheath mainline, Kidbrooke mainline and North Greenwich tube.<br /><br /><b>The space</b><br />It's cosy and compact!<br /><br /><b>Guest access</b><br />Access to all areas.", "host_name": "Natasha", "host_id": 52918752, "host_url": "https://www.airbnb.com/users/show/52918752", "host_picture_url": "https://a0.muscache.com/im/pictures/user/7ff01a91-decd-4d9d-a1e3-00d75ab2da52.jpg?aki_policy=profile_x_medium", "neighbourhood_cleansed": "Greenwich", "latitude": 51.47408, "longitude": 0.02844, "property_type": "Entire rental unit", "room_type": "Entire home/apt", "accommodates": 2.0, "bathrooms": 1.0, "bedrooms": 1, "beds": 2, "amenities": ["First aid kit", "Cleaning before checkout", "Dishes and silverware", "Luggage dropoff allowed", "Essentials", "Free parking on premises", "Shampoo", "Free street parking", "Carbon monoxide alarm", "Wifi", "Heating", "Long term stays allowed", "Refrigerator", "Outdoor dining area", "Private patio or balcony", "Iron", "Kitchen", "HDTV with Amazon Prime Video", "Apple TV", "Netflix", "Hot water", "Washer", "Smoke alarm", "Private garden or backyard", "Outdoor furniture"], "price": 105.0, "numbers_of_review": 35.0, "review_scores_rating": 4.6, "reviews": [{"name": "Noel", "date": "2016-04-24", "review": "Natasha was very helpful and flexible with regards to the arrangements and car parking. She helped take a lot of stress away from the eve of the Marathon and the flat was exactly as described. I would recommend her to others."}, {"name": "Sascha", "date": "2016-05-16", "review": "Natasha is a very friendly person, who was very helpful and kind. Communication was easy and friendly. The flat is small but cosy, we have been there with 2 adults and a 9yo and it was spacious enough for all 3 of us. The equipment is good, only the cooking gear is a bit sparsely. We enjoyed our stay at Natasha's place!"}, {"name": "Mark", "date": "2016-05-21", "review": "Small cosy flat, did the trick whilst out of our own home. "}, {"name": "K", "date": "2016-08-16", "review": "Natasha was always available on the phone and gave us a good overview of the house. The place is nice and compact for 2 people and is located in a nice part of London and travelling was never a problem for us. We were provided with all the basic amenities we needed. The house is located in a busy area and you can hear some of the traffic however it gets really peaceful at bed time and it stays that way till about early office hours. Overall it's a great place for a short term stay, 10/10 would recommend staying there.  "}, {"name": "Michael", "date": "2016-09-23", "review": "Great communication from host Natasha.   Extremley accurate description of property.  Would highly recommend.  "}, {"name": "Michael", "date": "2016-10-07", "review": "This was the second stay at Natasha's.  Great communication as usual and everything needed to feel at home while working away!!"}, {"name": "Heather", "date": "2017-02-14", "review": "It was great, it's a sweet and cosy little apartment, comfy bed, all necessary things there, and she was AWESOME. I'll definitely want to stay again and recommend it highly!"}, {"name": "Sally", "date": "2017-06-25", "review": "A fabulous flat - small, but absolutely perfect, with good transport links and local amenities. Natasha was friendly, helpful and welcoming, even though we didn't get to meet her. A+++  "}, {"name": "Jim", "date": "2017-07-19", "review": "Natasha is a lovely friendly & courteous host . It was a pleasure to meet her . The flat is small & cosy , very well kept & clean . It is within walking distance to Blackheath & Greenwich ( lovely walk through the park ) . Bus stops to either place short distance from premises . Overall a nice place for single person or couples to stay ."}, {"name": "Yannis", "date": "2017-08-07", "review": "Great place great host"}]}