{"id": 10281626, "listing_url": "https://www.airbnb.com/rooms/10281626", "name": "Central London home", "description": "King size bed and a relaxing sitting room <br /><br />Exclusive, clean ( 5* Quality Beddings) and very clean, beautiful, on top posh area of London. Pont street, Harrods, kings road are walking distance and  restaurants, designer shoes (Gucci, Boss), supermarkets are all around.<br /><br />Welcome for the discounted price for limited time !!!<br /><br /><b>The space</b><br />It's very wide area enough for three up to 4 people with 3 bed<br /><br /><b>Guest access</b><br />Tv, Shower  ( with towels, shower bath, shampoo,conditioner and soap and cream), kitchen if needed.<br /><br />1. It is on the 3rd no lifts<br /><br />2. Room privet lock key <br /><br />3. It is 2 min away from station shapes the famous   Victoria station about 5 min away a lot of shops restaurant around very interesting part of London, Harrods, Hide park is about 15 min walk.<br /><br /><b>Other things to note</b><br />Important:  <br /><br />1. On arrival and every time you use the communal door please close the do", "host_name": "Eliora", "host_id": 52878991, "host_url": "https://www.airbnb.com/users/show/52878991", "host_picture_url": "https://a0.muscache.com/im/pictures/user/d23462ef-ee26-4281-b2c9-8bd60a706cf6.jpg?aki_policy=profile_x_medium", "neighbourhood_cleansed": "Kensington and Chelsea", "latitude": 51.49172, "longitude": -0.15545, "property_type": "Entire home", "room_type": "Entire home/apt", "accommodates": 2.0, "bathrooms": 1.0, "bedrooms": 1, "beds": 2, "amenities": ["Essentials", "Wifi", "First aid kit", "Washer", "Shampoo", "TV with standard cable", "Fire extinguisher", "Smoke alarm", "Hair dryer", "Heating", "Iron", "Carbon monoxide alarm", "Dryer", "Hangers", "Kitchen", "Cable TV", "Air conditioning", "Breakfast", "Hot tub"], "price": 142.0, "numbers_of_review": 21.0, "review_scores_rating": 4.44, "reviews": [{"name": "Claudine", "date": "2016-03-18", "review": "My colleage and me come to London for our customers. Eliora was very welcoming. It was a pleasure for us to sleep there. All was like if we choose an hotel (bathroom, sheets, towels...), all was perfect.\r<br/>For some nights in central London her prices are really really good. The apartment is near bus station, underground station from walking. The bedroom, bathroom and sitting room are very spacious. \r<br/>Thanks for all, if we can have more customers in London we don't hesitate to come back. \r<br/>"}, {"name": "Kimmo", "date": "2016-03-23", "review": "Hello. I had a great time at Elioras place. She had put everything ready, towels, shampoo, body gel etz... She really made me welcome. Place it self is in very nice area, lots of shops, cafeterias and eating places are just few minute walk away. Its very handy to take the Tube and explore London, Sloane Square station is 2 minute walk from the apartment.\r<br/>\r<br/>I will visit this place again.\r<br/>\r<br/>Thank you Eliora."}, {"name": "Andrew", "date": "2016-03-26", "review": "Eliora very kindly helped me find the apartment and showed me around the place. She was very inviting and the rooms were very clean. I'm amazed at how cheap the rent is for how nice the place was and its location being perfect. I definitely enjoyed the time I spent here!"}, {"name": "Doug", "date": "2016-04-04", "review": "Great location, 2 minute walk to Sloane Square Underground station and just about 15 minutes from most of the city's main sites.  Nice neighborhood.  Comfortable bed and very clean and quiet flat.  Terrific and caring host...will stay with Eliora again on my next visit."}, {"name": "Paul", "date": "2016-04-06", "review": "I needed a place to stay near Victoria and I found Eliora. She replied to all my emails very promptly so I was well informed before I got there. The accommodation is excellent and very comfortble and she made me feel most welcome with tea and coffee making facilities and KitKats! I look forward to returning soon.\r<br/>"}, {"name": "Sa\u00efd", "date": "2016-04-08", "review": "It was very good. The room were clean and nice. We got KitKat! :)\r<br/>The area is well-located (Sloan Square) not very far from King's Cross, and close to nice areas (Piccadilly, etc.).\r<br/>Definitively a nice place to stay when you need to go in London."}, {"name": "Brian", "date": "2016-04-14", "review": "Eliora's place is great! The location is just perfect, great neighborhood, Starbucks around the corner and great restaurants a few short blocks away. The room was quite, clean and big. Her attention to detail was amazing and felt like a hotel. There was ample light, WiFi, etc. Would definitely stay here again anytime in London!"}, {"name": "Tabar\u00e9", "date": "2016-04-19", "review": "Great room, great location. I was only there for one evening (and a late one at that), but room has a wonderful bed for a relaxing sleep. As for the location: quiet, safe, and within walking distance to Victoria Rail and Coach Stations. Would reserve again the next time I'm in London!"}, {"name": "Natasha", "date": "2016-04-26", "review": "Eliora's house was in the perfect London location! Nice Neighbourhood, centrally located and easy to find. The house was clean and lovely - the beds comfortable and Eliora had everything from soaps to towels prepared. <br/>Will definitely stay here again if I'm in London. "}, {"name": "Anne-Charlotte", "date": "2016-05-02", "review": "Appartement id\u00e9alement situ\u00e9 (2 min max de la station de m\u00e9tro) , au calme, et tr\u00e8s propre. Eliora nous a accueilli avec le sourire et s'est fait tr\u00e8s discr\u00e8te lors de notre s\u00e9jour. \r<br/>\r<br/>Je recommande vivement cet endroit"}]}