{"id": 10291452, "listing_url": "https://www.airbnb.com/rooms/10291452", "name": "Beautiful 4 bed Victorian townhouse near Wimbledon", "description": "Stylish 4 bedroom (1x super king, 2x king and 1x double) Victorian townhouse a short walk from Southfields village and Wimbledon tennis and within walking distance of the ever popular Wimbledon Village.  Located nearby are useful transport links to central London, Wimbledon, and Surrey. The house has sky tv in 3 rooms, fast broadband, and outdoors there is a beautiful South West facing garden equipped with gas BBQ and sofa area for alfresco dining.<br /><br /><b>The space</b><br />This Victorian townhouse has been recently refurbished adding a large open plan kitchen and dining area that leads on to the sunny garden. With plenty of room to lounge in the kitchen or double reception room there is plenty of space for the whole family. Upstairs on the first floor you will find 3 bright and airy bedrooms, two king size and one double, and a family bathroom complete with shower and bath. Up to the master suite on the top floor, the room features a super king bed, luxury goose down duvet and ", "host_name": "Charlotte", "host_id": 52943109, "host_url": "https://www.airbnb.com/users/show/52943109", "host_picture_url": "https://a0.muscache.com/im/pictures/user/e345d7ac-2dab-4fa9-a81b-004af724ad56.jpg?aki_policy=profile_x_medium", "neighbourhood_cleansed": "Wandsworth", "latitude": 51.442417869181185, "longitude": -0.2002679316802161, "property_type": "Entire home", "room_type": "Entire home/apt", "accommodates": 6.0, "bathrooms": 2.5, "bedrooms": 4, "beds": 4, "amenities": ["Fire extinguisher", "Hair dryer", "Wine glasses", "Dining table", "Hangers", "Cleaning products", "Dishes and silverware", "Essentials", "Stainless steel oven", "TV with standard cable", "Outdoor furniture", "Cooking basics", "Bed linens", "Clothing storage", "Carbon monoxide alarm", "Bathtub", "Wifi", "Heating", "Coffee maker", "Dishwasher", "Long term stays allowed", "Hot water kettle", "Microwave", "Refrigerator", "Iron", "Kitchen", "BBQ grill", "Toaster", "Hot water", "Washer", "Private fenced garden or backyard", "Smoke alarm", "Laundromat nearby", "Dryer", "Cable TV", "Freezer"], "price": 350.0, "numbers_of_review": 6, "review_scores_rating": 5.0, "reviews": [{"name": "Rudolph", "date": "2022-08-12", "review": "A beautiful house in a lovely neighbourhood of London. A quiet district only 30 minutes away from the centerof the city. Charlotte was very helpful and answered our questions (only a few, because the information was very complete) in a lovely way. She and the house created a feeling of wishing to come back as soon as possible."}, {"name": "Rebecca", "date": "2022-08-27", "review": "Proximity to public transport was great! The neighborhood was lovely as was the house! Would readily stay there again!"}, {"name": "Lucisha", "date": "2022-09-06", "review": "A beautiful house and amazing hosts. We will definitely stay again"}, {"name": "Erin", "date": "2022-10-02", "review": "Please publish previous post."}, {"name": "Claudia", "date": "2022-12-28", "review": "Our stay at Charlotte\u2019s house was absolutely brilliant! <br/>The communication with the host was smooth and quick. She was very kind to explain how the house works and shared the information in advanced, so the check in was seamless. On the day, my family arrived from the airport a bit earlier and she was very kind to allow an early check in. <br/>The house is beautiful, the pictures don\u2019t do it justice! The place was impecable, the rooms nicely decorated and the house was very cosy. <br/> <br/>My family had a lovely time at this airbnb, so we would definitely recommend staying here! Thank you for everything Charlotte! :)"}, {"name": "Osvaldo", "date": "2023-04-09", "review": "I recently had the pleasure of staying in this wonderful accommodation and was thoroughly impressed with my experience. The space comfortably accommodated my party of six, with plenty of room to relax and unwind. The beds were incredibly comfortable, and we all slept soundly each night.<br/>The kitchen was well equipped with everything we needed. The high speed internet was a big plus, and we enjoyed staying connected throughout our trip. The beautiful garden was a quiet retreat.<br/>The heating system was excellent, and we were always warm and comfortable, even on cold nights. Supermarkets and restaurants were conveniently located nearby, so it was easy to stock up on provisions.<br/>The location was truly stunning, with a serene and tranquil setting perfect for relaxing.<br/>All in all, I highly recommend this accommodation for a comfortable and convenient stay."}]}