{"id": 10293188, "listing_url": "https://www.airbnb.com/rooms/10293188", "name": "Beautiful Ensuite Room in Victorian house Brixton", "description": "This light ensuite room is in our gorgeous Victorian house. We have a beautiful kitchen and breakfast room and a charming garden. We have worked hard to make it a heaven from the bustle of London life - a place to step back and replenish after a busy day in London. <br /><br />This is our home and a nurturing incubator for art and birth-related practices. We are enjoying sharing it with the Airbnb community. Please take the time to read about us and the house guidelines before booking.<br /><br /><b>The space</b><br />The room is light and peaceful, overlooking our garden. It is on its own floor so has a more private feel than the other rooms. It has its own fantastic ensuite bathroom, with a lovely strong shower. Please be aware that there is no door between the bathroom and bedroom, though a separating screen is available on request. <br /><br />We have a large contemporary kitchen and dining room for your use at breakfast. Please note that access to the kitchen is allowed only until", "host_name": "Dyana", "host_id": 10115, "host_url": "https://www.airbnb.com/users/show/10115", "host_picture_url": "https://a0.muscache.com/im/pictures/user/49fcd7e9-0d11-43be-a3f3-6d9a3364dfe6.jpg?aki_policy=profile_x_medium", "neighbourhood_cleansed": "Lambeth", "latitude": 51.45817, "longitude": -0.1237, "property_type": "Private room in townhouse", "room_type": "Private room", "accommodates": 2.0, "bathrooms": 1.0, "bedrooms": 1, "beds": 1, "amenities": ["Oven", "Fire extinguisher", "Hair dryer", "Hangers", "Dishes and silverware", "Luggage dropoff allowed", "Essentials", "Shampoo", "Carbon monoxide alarm", "Wifi", "Heating", "Children\u2019s books and toys", "Coffee maker", "Backyard", "Long term stays allowed", "Host greets you", "Refrigerator", "Iron", "Kitchen", "Stove", "Hot water", "Washer", "Paid parking off premises", "Smoke alarm", "Dryer"], "price": 54.0, "numbers_of_review": 250.0, "review_scores_rating": 4.59, "reviews": [{"name": "Mo", "date": "2016-03-30", "review": "Great AirBnB! I will definitely stay here again and can highly recommend it! \r<br/>The house is beautiful with great features like an exposed stone wall and an upright piano, the room has a really nice vibe and a very comfortable futon bed, and the ensuite bathroom is another plus.\r<br/>The communication with Ryan was easy and reliable. Ryan and Elisa were very welcoming hosts, and their 3 year old daughter Serena is possibly the cutest girl on the planet! :) "}, {"name": "Mary", "date": "2016-04-07", "review": "Ryan was quick to respond to messages. He was friendly and welcoming. The room was just as described. \r<br/>We felt very safe in the neighbourhood during the day but were much more cautious at night - more so near the tube station."}, {"name": "Annette", "date": "2016-04-25", "review": "The house, room and hosts are all very pleasant! Ryan and his family are kind and friendly. The rooms is spacious, clean, quiet...perfect for a good night sleep. Although it doesnt have a door the bathroom is private and new. The neighbourhood is nice and quiet, a bit away from town but really well connected by underground and buses. I recommend staying here! "}, {"name": "Chris", "date": "2016-05-02", "review": "The house is in a quiet road on the borders of Brixton and Clapham, and the room was very comfortable and as described.  Ryan and family are very laid back and easy going, and I felt welcome and instantly at home.  "}, {"name": "Katherine", "date": "2016-05-16", "review": "Very pleasant quiet area. The room was as described, comfortable, clean and spacious."}, {"name": "Lyndsey", "date": "2016-09-25", "review": "Ryan's communication was excellent and he was very flexible, friendly and accommodating as a host. The room was lovely, with a comfy futon, nice bedding and a powerful shower. The street was very quiet, although the sounds of family life are audible in the room as it's on a middle floor in the house. Good public transport links nearby are a bonus."}, {"name": "Kay", "date": "2016-10-05", "review": "Great location! Lovely family :) "}, {"name": "Tian", "date": "2016-10-16", "review": "Very nice experience staying with Ryan and his family. They are extremely friendly and helpful. <br/>Location is quite easy to find! Nearest tube station is easy to access with luggage, and easy connect with no matter to train station or airport.<br/>Private room with window and bathroom is so brilliant! <br/>"}, {"name": "Claire", "date": "2016-10-23", "review": "Quartier int\u00e9ressant du Sud de Londres, maison victorienne en cours de restauration (qui promet d'\u00eatre super). Ryan nous a accueilli assez tardivement (merci \u00e0 lui) lors de notre arriv\u00e9e. Nous avons eu par la suite peu de contact. Chambre agr\u00e9able et tr\u00e8s beau jardin. "}, {"name": "Catherine", "date": "2016-11-01", "review": "Great location in downtown Brixton, 10 minute walk to the Tube, Brixton Market, and pubs. Hosts were friendly & helpful. Room was cozy, perfect for a single traveller. Bathroom was wonderful with hot water pressure, however there is no door from the bedroom to the bathroom & therefore privacy would be a concern if you're travelling with anyone else. Hosts have a small child and pets so be aware of the possibility of a noisy stay. Overall good quality! "}]}