{"id": 10291282, "listing_url": "https://www.airbnb.com/rooms/10291282", "name": "Lovely London room with kingsize bed", "description": "This is a bright, spacious room in a homely Victorian house in Leytonstone. Quiet location, a few minutes' walk to local cafes, pubs, restaurants & shops. 8 mins to underground station & then 20-30 mins to Central London.<br /><br /><b>The space</b><br />Your room is the main bedroom in the house, so it is large, with wardrobe space for you to hang your clothes and a desk.  There is a king-sized bed, bedside tables, reading lamps and a hairdryer. The room has bare floorboards. There is also a small folding bed, suitable for a young child. Please request this if you want me to make it up for you.<br /><br /><b>Guest access</b><br />You have use of all the facilities in the house, including kitchen, bathroom (please note there is only one shared bathroom) and garden.  We also have a piano that you are more than welcome to use!<br /><br /><b>Other things to note</b><br />It is a Victorian house, approximately 120 years old, and this shows in places.  We like its character and hope you do ", "host_name": "Liz", "host_id": 39310337, "host_url": "https://www.airbnb.com/users/show/39310337", "host_picture_url": "https://a0.muscache.com/im/pictures/user/198543dd-320f-4c38-8e2b-36ed724262e9.jpg?aki_policy=profile_x_medium", "neighbourhood_cleansed": "Waltham Forest", "latitude": 51.57023, "longitude": 0.01727, "property_type": "Private room in home", "room_type": "Private room", "accommodates": 2.0, "bathrooms": 1.0, "bedrooms": 1, "beds": 1, "amenities": ["Essentials", "Wifi", "Long term stays allowed", "Shampoo", "TV", "Smoke alarm", "Hair dryer", "Hangers", "Kitchen", "Heating"], "price": 27.0, "numbers_of_review": 25.0, "review_scores_rating": 5.0, "reviews": [{"name": "Gareth", "date": "2016-02-26", "review": "Highly recommended, very much enjoyed my stay here. I was made to feel very welcome, the room was great, very conducive to working/relaxing. Easy enough to walk to Leytonstone station, there's open countryside nearby and a nice pub at the end of the street. Would definitely stay again!"}, {"name": "Fabienne", "date": "2016-03-10", "review": "Liz a \u00e9t\u00e9 super sympa. Nos \u00e9changes par mails ont \u00e9t\u00e9 tr\u00e8s agr\u00e9ables. Elle est tr\u00e8s serviable.\r<br/>Ma fille et son ami ont \u00e9t\u00e9 enchant\u00e9s par son accueil. La chambre \u00e9tait tr\u00e8s jolie. Tout \u00e9tait parfait ! Lors d'un prochain s\u00e9jour nous recontacterons Liz."}, {"name": "Zlata", "date": "2016-03-15", "review": "There's a cozy and beautiful house not far from the centre of London with friendly owner Liz, who enjoys to meet new people. We felt honestly welcomed! The room itself is sunny and comfortable. The owner of the house, Liz, gave us many advices with whatever we needed to know. There're places to have fun, have a beer or listen to some jazz in the evening, also forests and lakes to go for a walk. It is very close to the tube if you want to get to the centre of London, if you can leave that wonderful comfortable bed. Our first time in London, first experience with Airbnb, and couldn't be better :)"}, {"name": "Genevieve", "date": "2016-03-18", "review": "What a wonderful place and sweet host.  I was made to feel welcomed and Liz was exceptional as the first day I had to come in rather late.  I also had all the required space to allow me to tuck into my work.  On my last morning, I finally had the time to spend and chat with Liz and it was so hard for me to leave as she is so fascinating and nice.\r<br/>The bedroom is ample and warm and as pictured.  I feel rather lucky to have found such a place."}, {"name": "Anna", "date": "2016-03-31", "review": "Liz was such a wonderful, warm and welcoming host! She made me tea when I first arrived and gave us great advice what to see and how to get around London. She also treated us to hot cross buns for Easter which was the sweetest thing! The room itself is gorgeous, full of sunlight and really spacious. The rest of the house is just as beautiful, complete with a lovely garden in the back. It is a close walk to the tube to get to central London and the surrounding area is nice to explore as well. I couldn't be happier for my first time in London and would highly recommend staying at Liz's place in the future! "}, {"name": "Szigeti", "date": "2016-04-13", "review": "Liz was a really nice and helpful host. She was open to conversation at any time. The house was comfy and well-situated, the city centre just 30 minutes travel with the underground. The room was comfortable, quiet and bright, really spacious as you can see on the pictures. Definitely recommended."}, {"name": "Donna", "date": "2016-04-22", "review": "Liz was the most generous, kind and caring person. She was so helpful and a pleasure to talk to. I can't say enough about how great she was. Her house is beautiful and very warm and comfortable. The train station is close by and you can get to anywhere from there. I would most definitely stay there again. Liz and her home are gems. "}, {"name": "Franzi", "date": "2016-04-26", "review": "The house of Liz is the best choice if you want to stay in London for a few days. It is spacious and full of light, decorated with care in every detail and equipped with every comfort. Everything was clean and tidy. We enjoyed a relaxing nights sleep on the unbelievably comfortable bed. \r<br/>\r<br/>The house has a good location in a safe neighborhood. Supermarkets, a bakery, nice pubs, cafes, little shops where you can get daily consumables and so on are just around the corner. Nevertheless it's a really quiet place. The location also offers excellent transportation link. You can easily get to the underground station Leytonstone. The central line leads you e.g. directly to St. Paul\u2019s, Oxford Circus or Nothing Hill Gate. \r<br/>\r<br/>Liz is a really lovely, open-minded woman and fantastic host, answering all our questions and recommending us some lovely places around. Thank you again! \r<br/>\r<br/>We had a really good time and would definitely stay at this place again. Very highly recommended!!"}, {"name": "Shijie", "date": "2016-05-08", "review": "Liz's house is a really lovely place for travellers to stay! The room is warm and cozy with comfortable beds and lots of handy tools, books and travel guides. We felt like being at home and slept very well:D The kitchen and bathroom are clean and tidy and contain everything needed for travellers. <br/>The house located in a very quiet and relaxing place. Within 500m we could find nice cafe, supermarket, restaurants and bar. It is also very close to the central line metro station \"Leytonstone\" which connected us to the busy city centre and various wonderful museums in London. After every day's busy trip, we felt being loved back home with a warm light at the door waiting for us:)<br/>Liz is a very lovely and caring lady, we enjoyed talking with her and listening to her kind advises.<br/>I will definitely recommend Liz's room to my friends when they travel to London.<br/>Thanks a lot Liz! ^-^"}, {"name": "Ulises", "date": "2016-05-23", "review": "La estad\u00eda con Liz fue muy buena. Ella es encantadora y fue muy atenta en todo momento, realmente fue un placer haber parado en su casa. La habitaci\u00f3n es muy linda. Su casa queda a 5/10 minutos del metro en un barrio tranquilo. La verdad recomendamos!"}]}