{"id": 10305703, "listing_url": "https://www.airbnb.com/rooms/10305703", "name": "Stylish home, Broadway Market, Hackney", "description": "A stylish and comfortable house on a quiet street in South Hackney. <br />This is a period property with modern kitchen, backroom and garden to kick back and relax in. <br />The entrance to Victoria Park is at the bottom of the road & Broadway Market is a couple of minutes walk away. <br />Tucked off the main roads, this home offers a peaceful rest-bite after a busy day in London. Fantastic spots to eat, the canal & parks are a stone's throw. The tube (Bethnal Green on the central line) is a 7 min walk away.<br /><br /><b>The space</b><br />A victorian period property with large windows and outside space", "host_name": "Emily Rose", "host_id": 26300417, "host_url": "https://www.airbnb.com/users/show/26300417", "host_picture_url": "https://a0.muscache.com/im/users/26300417/profile_pic/1422124800/original.jpg?aki_policy=profile_x_medium", "neighbourhood_cleansed": "Hackney", "latitude": 51.53704, "longitude": -0.05485, "property_type": "Entire rental unit", "room_type": "Entire home/apt", "accommodates": 2.0, "bathrooms": 1.0, "bedrooms": 1, "beds": 1, "amenities": ["Essentials", "Wifi", "First aid kit", "Washer", "Long term stays allowed", "Smoke alarm", "Hair dryer", "Private entrance", "Carbon monoxide alarm", "Kitchen", "Heating"], "price": 150.0, "numbers_of_review": 10, "review_scores_rating": 5.0, "reviews": [{"name": "Jack", "date": "2020-09-07", "review": "We stayed at Emily's place for 6 weeks. It was a lovely light-filled place, with a thoughtful approach to the design of the place. Great location. Lovely garden."}, {"name": "Avigail", "date": "2022-10-08", "review": "Beautiful little house in a good location."}, {"name": "Patrick", "date": "2022-10-15", "review": "Emily's place is amazing - so tastefully decorated, perfect location, couldn't recommend it more."}, {"name": "Louis", "date": "2023-01-23", "review": "L'appartement est tr\u00e8s bien plac\u00e9, il est agr\u00e9able et spacieux.<br/>Emily est tr\u00e8s sympa et r\u00e9active !"}, {"name": "Isabella", "date": "2023-05-28", "review": "Beautiful place just a stone\u2019s throw away from London Fields. Loved the location, and the house itself is beautifully decorated and very peaceful. Really enjoyed the stay here."}, {"name": "Eileen", "date": "2023-06-10", "review": "Wonderful location with lots of great food, close to a park, and convenient transportation."}, {"name": "Sarah Louise", "date": "2023-07-03", "review": "Wir verbrachten Ende Juni/Anfang Juli 2023 einige Tage bei Emily Rose.<br/>Ihre Wohnung ist eine Perle: aussergew\u00f6hnlich sch\u00f6n eingerichtet und bestens gelegen in einem coolen Viertel Londons. Trotzdem war es nachts ganz ruhig. Wir haben uns bei Emily Rose sofort wie zuhause gef\u00fchlt. Ihre Wohnung ist sauber und es hatte alles, was wir brauchten. Bus, Restaurant, Park, Lebensmittelgesch\u00e4ft und Veloverleih sind in unmittelbarer N\u00e4he. Emily Rose hat uns freundlich empfangen und w\u00e4hrend unseres Aufenthaltes nachgefragt, ob wir alles haben, was wir brauchen. Wir k\u00f6nnen einen Aufenthalt bei Emily Rose w\u00e4rmstens empfehlen und hoffen, wieder einmal zur\u00fcckzukehren! Top!"}, {"name": "Janine", "date": "2023-07-19", "review": "Emily\u2019s home is absolutely fabulous. It is furnished beautifully and at the same time allows you to feel at home and comfortable. <br/>It is very well situated in the heart of East London, only a short work to London fields where you can find great food and coffee. <br/>I loved my time at Emily\u2019s place and would 100% return should I have the opportunity."}, {"name": "Tania", "date": "2023-07-23", "review": "Emily\u2019s place is so lovely you hardly want to go outside, except to the garden\u2026a super relaxing stay with lovely books and objects to admire."}, {"name": "Jana", "date": "2023-08-16", "review": "Absolutely beautiful little house in London\u2019s east end, everything you need is near by and while we didn\u2019t get a chance to meet Emily Rose she was the perfect host."}]}