{"id": 10314009, "listing_url": "https://www.airbnb.com/rooms/10314009", "name": "Sunny Colliers Wood family home", "description": "Charming house located on the Colliers Wood / Mitcham border, 7 minutes on tram to Wimbledon.<br /><br />Two king beds, each with own bathroom, fully equipped kitchen, garden, BBQ, and separate living & dining areas.<br /><br />Tram, bus & tube in waking distance.<br /><br /><b>The space</b><br />Period house with real charm and character. Huge en-suite with bath in master bedroom, and modern shower-room and newly built bedroom on separate floor - excellent for two couples who'd want space and privacy, or a family of four.<br /><br />Can also convert beautiful Chesterfield sofa in living room into king-single sofa bed if required.<br /><br /><b>Guest access</b><br />Whole house, except one locked bedroom, will be accessible. WiFi and Netflix included. <br /><br />Kitchen is fully equipped for cooking, guests may use books and DVDs in living room, and built-in wardrobes will be accessible in master bedroom. Sunny private garden with gas BBQ and garden chairs also accessible.<br /><br />", "host_name": "Natalie", "host_id": 53119186, "host_url": "https://www.airbnb.com/users/show/53119186", "host_picture_url": "https://a0.muscache.com/im/pictures/user/032140c0-bd2f-4bc0-9f62-a0034f028e8c.jpg?aki_policy=profile_x_medium", "neighbourhood_cleansed": "Merton", "latitude": 51.40791, "longitude": -0.17493, "property_type": "Entire home", "room_type": "Entire home/apt", "accommodates": 5.0, "bathrooms": 2.0, "bedrooms": 2, "beds": 3, "amenities": ["Essentials", "Wifi", "Washer", "Long term stays allowed", "Shampoo", "TV with standard cable", "Smoke alarm", "Iron", "Indoor fireplace", "Dryer", "Hangers", "Carbon monoxide alarm", "Cable TV", "Heating", "Kitchen"], "price": 80.0, "numbers_of_review": 1, "review_scores_rating": 5.0, "reviews": [{"name": "Dean", "date": "2016-07-05", "review": "We stayed in this lovely, family friendly home for 10 nights.  The hosts were very friendly and accommodating.  We enjoyed using the large kitchen and dining area and enjoying the quiet garden when it was sunny.  The bed in the master bedroom was extremely comfortable and ensuite bathroom large and spotless.  Location is good for access to bus and underground trains into London.  Wimbledon is also close by - great during the tennis!"}]}