{"id": 10313679, "listing_url": "https://www.airbnb.com/rooms/10313679", "name": "Double room, Central Line - L'stone", "description": "This ground floor flat is on a quiet road off Leytonstone High Road, making it brilliant for travel! You will have the Overground 7mins walk away and the underground a 15min walk away. <br /><br />On offer is a double bed, shared bathroom and kitchen.<br /><br /><b>Guest access</b><br />The bedroom, shared bathroom, shared kitchen and living space", "host_name": "Erina", "host_id": 53068054, "host_url": "https://www.airbnb.com/users/show/53068054", "host_picture_url": "https://a0.muscache.com/im/pictures/user/09838026-f959-4fbd-8ccd-a7816a4be28c.jpg?aki_policy=profile_x_medium", "neighbourhood_cleansed": "Waltham Forest", "latitude": 51.56324, "longitude": 0.01263, "property_type": "Private room in bungalow", "room_type": "Private room", "accommodates": 1.0, "bathrooms": 1.0, "bedrooms": 1, "beds": 1, "amenities": ["Essentials", "Wifi", "First aid kit", "Washer", "Free parking on premises", "Shampoo", "Long term stays allowed", "TV with standard cable", "Smoke alarm", "Hair dryer", "Iron", "Carbon monoxide alarm", "Hangers", "Kitchen", "Cable TV", "Heating"], "price": 27.0, "numbers_of_review": 1, "review_scores_rating": 5.0, "reviews": [{"name": "Peter", "date": "2016-02-05", "review": "Erina'a partner made me very welcome and I found him to be intelligent and charming. I was only staying for one night and was  out much of the time but the stay suited me very well and I enjoyed my time there. I would go again if I had further need to be in that area. Leytonstone itself had a wide variety of places to eat and drink. "}]}