{"id": 10322681, "listing_url": "https://www.airbnb.com/rooms/10322681", "name": "Bright poetic room by Clapton Pond", "description": "Renting out my cosy room in Clapton while away on mission, close to everything you love about Hackney. The house is shared with Maddie (Australia) and Emile (New Zealand). Kitchen and bathroom with bathtub is shared with these lovely people.", "host_name": "Sandra", "host_id": 43855105, "host_url": "https://www.airbnb.com/users/show/43855105", "host_picture_url": "https://a0.muscache.com/im/pictures/user/7bf829b8-32b3-49ac-9ec7-0b6b27f57ec0.jpg?aki_policy=profile_x_medium", "neighbourhood_cleansed": "Hackney", "latitude": 51.55816, "longitude": -0.05074, "property_type": "Private room in rental unit", "room_type": "Private room", "accommodates": 2.0, "bathrooms": 1.0, "bedrooms": 1, "beds": 1, "amenities": ["Essentials", "Wifi", "Hot water", "Washer", "Paid parking off premises", "Long term stays allowed", "TV", "Host greets you", "Smoke alarm", "Carbon monoxide alarm", "Hangers", "Dryer", "Kitchen", "Heating"], "price": 29.0, "numbers_of_review": 3, "review_scores_rating": 3.67, "reviews": [{"name": "Anna", "date": "2017-11-17", "review": "Sandra's room was large, bright and everything was spotless. Didn't get the opportunity to meet but checking in and out was easy and did meet sandra's flatmates who were both very friendly! It's easy to get into London from there and there are nice cafes and pubs in the area. Thanks!"}, {"name": "Phoebe", "date": "2017-11-21", "review": "A terrible experience ever. The only thing she does was to take the money and then absolutely disappeared, no response, no guidelines or anything. As I couldn't contact to her after my late arrival to London, I had to stay all night outside. <br/>This house shouldn't be on the Airbnb list"}, {"name": "Alicia", "date": "2018-06-27", "review": "Very clean place, great location , very helpful and friendly host,<br/>I would definitely stay at Sandra\u2019s place again.<br/>Thank you for everything, Sandra:)<br/>Take care"}]}