{"id": 10325545, "listing_url": "https://www.airbnb.com/rooms/10325545", "name": "Large, sunny double room in Ealing", "description": "A comfortable east-facing 2.75 x 3.75 m. double room on the first floor of a friendly family home with a shared bathroom (with one other) next door, on a quiet road, metres from excellent transport links (buses/tube/overground) to central London.<br /><br /><b>The space</b><br />A double bed, a large built-in wardrobe, a big comfy armchair, a chest of drawers, a small computer table and a chair - in a characterful, cosy room on the middle floor of a three-storey period family house with a small south facing patio.<br /><br /><b>Guest access</b><br />There is a bathroom next door to  the bedroom which you'd be sharing with my stepson. You're welcome to use the (large and well-equipped) kitchen - let's talk about how often you'd be wanting to cook. Light use (tea, coffee, snacks) OK at  any time. Washing machine, fibre-optic Wi-Fi included. The house is cleaned weekly - we have just upgraded to a first-class cleaner who is outstandingly thorough.<br /><br /><b>Other things to note</b><br", "host_name": "Rosalind", "host_id": 4920960, "host_url": "https://www.airbnb.com/users/show/4920960", "host_picture_url": "https://a0.muscache.com/im/pictures/user/15da42af-a1b2-48a2-a954-ba7e3636fe89.jpg?aki_policy=profile_x_medium", "neighbourhood_cleansed": "Ealing", "latitude": 51.51006, "longitude": -0.3163, "property_type": "Private room in home", "room_type": "Private room", "accommodates": 1.0, "bathrooms": 1.0, "bedrooms": 1, "beds": 1, "amenities": ["Essentials", "Wifi", "Dedicated workspace", "Hot water", "Washer", "Dishwasher", "Oven", "Long term stays allowed", "Microwave", "Refrigerator", "Cooking basics", "Iron", "Hangers", "Kitchen", "Heating", "Stove", "Dishes and silverware"], "price": 40.0, "numbers_of_review": 46.0, "review_scores_rating": 4.85, "reviews": [{"name": "Brian", "date": "2016-01-27", "review": "Ros was a fantastic host and I felt very welcome in her house. From the freshly picked Daffs on the mantelpiece above the fire in my room, to the kind offer of a cup of tea, on arrival, I felt very welcome and would strongly recommend Ros and her double room to any other AirBnBer's. \r<br/>\r<br/>The location is also very good, on a quite street, yet within close proximity to parking, Ealing Broadway and many resturants and bars."}, {"name": "Chris", "date": "2016-02-05", "review": "I stayed with Ros for a few days while working in the area. The room was a good size and the bed comfortable; Ros and her family were friendly and welcoming. The location is quiet but just off the main road with plenty of shops and restaurants. A very pleasant stay."}, {"name": "Faisal", "date": "2016-04-07", "review": "Nice and convenient stay. Love these old houses in Ealing. Some really nice features in this house such as the fireplaces,<br/>Rosalind was very friendly and helpful. <br/>Lovely friendly cat in the house too. <br/>Walpole park is a minute away and is great to walk through. "}, {"name": "Florian", "date": "2016-07-15", "review": "Ros, Ken and Sam are absolutely lovely and care a lot about their guests well being. I was utterly nervous about staying at some strangers house in a foreign country for three full months, but they made it very easy for me to really feel at home. \r<br/>\r<br/>The room fits the descriptionquite very well- it was even more spacious than the photos suggested! As far as London standards are concerned, this is a very lavish accomodation- lots of space for storing clothing and other stuff and very sunny. Access to the kitchen, washing mashine and bathroom were no problem at all and as the guest I was even offered precedence.\r<br/>\r<br/>The neighbourhood is very nice- you have access to bus stops just around the corner, a very nice local pub just at the corner and all the shops you need on the nearby high street. There are a lot of restaurants and pubs around- mainly Indian and Persian- but if you don't mind a 10 minute stroll, you can get to a German Doner/Kebab diner, a very highly recommendable Pizzeria and Asian Restaurants down towards Ealing Broadway.\r<br/>\r<br/>I am very happy to have found this place and will miss it just as I will miss the lovely people living there!\r<br/>\r<br/>\r<br/>"}, {"name": "Gemma", "date": "2016-09-25", "review": "The house was lovely and Rosalind was very accommodating. Great value and convenient for everything you might need. "}, {"name": "Jules", "date": "2017-02-06", "review": "I spent 4 very nice months at Rosalind's house : This family is really friendly, Ken, Sam & Ros' were really perfect with me (and the word is weak). I was invited sometimes to eat with them for lunch or dinner, Ros' was always helpful with me, and it was really nice to discuss every day with them. <br/>The house is better than the description and pictures on the website. it's very welcoming and roomy. I love this kind of house with the old fireplace. The room was really good with a lot of storage units. The bed was very confortable and large. Moreover, the radiator just beside is not an harm and the street is very quiet. About the place, Ealing is nice. You have all bus at the corner of the street & the tube station Ealing Broadway in 10 minutes by foot, South Ealing and Boston Manor to 10 min by bus. You can find every kinds of shops around the house like Tesco, The Coop of Sainsbury and M&S. Pubs, bars and restaurants are of course abundant in the high street. To resume Ithere is not negative point with Rosalind. I recommend this place. "}, {"name": "Stuart", "date": "2017-03-17", "review": "This was really a great place to stay. It was really clean, The room was large and it was so well located to get to my place of study. Lots of places to eat and visit nearby. Safe area and for a jogger like me the proximity to local parks was a welcome plus. Ros was welcoming and keen to ensure I had a good stay. Would definitely recommend."}, {"name": "Richard", "date": "2017-03-24", "review": "Ros is a super welcoming host. The room is simple and basic and well located for West London."}, {"name": "Rachael", "date": "2017-03-31", "review": "I booked this place for my mum who was visiting from Australia. It was perfect for our needs and Rosalind was a kind and helpful host who made my mum feel at home. Recommended. "}, {"name": "Philip", "date": "2017-04-07", "review": "I stayed at Rosalinds place for 1 week during my move in London, lovely family, very piecefull place and a great price. It would be a pleasure to stay again A*"}]}