{"id": 1032090, "listing_url": "https://www.airbnb.com/rooms/1032090", "name": "SUPER-HOST Apt Belsize Park/Camden + Free parking", "description": "Five star Service and Accommodation in Hampstead, Belsize Park, post code NW3 4HB and Primrose Hill all in one...an easy 6 minutes walk to Swiss Cottage and Belsize Park stations <br />And plenty of buses...<br />Take a walk to top of Primrose Hill - view spectacular view of London, the zoo in Regents Park, plus Hampstead Heath/Kenwood<br />Enjoy brekkers & coffee at the boutique coffee houses close by...<br />Plus gyms in Swiss Cottage, Belsize Lane and Pond Street, cinemas and theatres at Swiss Cottage, close by<br /><br /><b>The space</b><br />A large self-contained modern style flat which is available as a 1 bedroom or 2 bedroom apartment.   <br />A double bedroom for 2 people, a 2nd bedroom with 2 single beds, (please enquire for additional price for including the 2nd bedroom), <br />A spacious living room with open plan kitchen fully fitted with washer/dryer, dishwasher and fridge freezer.    All cooking utensils are provided.<br />Start the day with a coffee from our Nespresso m", "host_name": "Barrie", "host_id": 5679041, "host_url": "https://www.airbnb.com/users/show/5679041", "host_picture_url": "https://a0.muscache.com/im/users/5679041/profile_pic/1364580638/original.jpg?aki_policy=profile_x_medium", "neighbourhood_cleansed": "Camden", "latitude": 51.54712, "longitude": -0.17233, "property_type": "Entire rental unit", "room_type": "Entire home/apt", "accommodates": 4.0, "bathrooms": 1.0, "bedrooms": 2, "beds": 2, "amenities": ["First aid kit", "Oven", "Cleaning before checkout", "Hair dryer", "Private entrance", "Hangers", "Dishes and silverware", "Luggage dropoff allowed", "Essentials", "Free parking on premises", "Shampoo", "Cooking basics", "Bed linens", "Babysitter recommendations", "EV charger", "Carbon monoxide alarm", "Bathtub", "Wifi", "Heating", "Children\u2019s books and toys", "Coffee maker", "Dishwasher", "Long term stays allowed", "Pack \u2019n play/Travel crib", "TV", "Hot water kettle", "Microwave", "Refrigerator", "Iron", "Kitchen", "BBQ grill", "Stove", "Gym", "Security cameras on property", "Hot water", "Washer", "Private fenced garden or backyard", "Smoke alarm", "Ethernet connection", "Dryer", "Lockbox", "Outdoor furniture"], "price": 229.0, "numbers_of_review": 73.0, "review_scores_rating": 4.9, "reviews": [{"name": "Shiro", "date": "2013-04-26", "review": "My wife and I were very lucky to find this lovely flat at a great leafy location, close to Swiss Cottage and Belsize Park tube stations at a bargain price! \r<br/>\r<br/>The flat, especially the bedroom is very quiet at night, perfect for a good sleep after a day of wild London shopping spree (if that's your thing). \r<br/>\r<br/>The central heating, and the under floor heating kept us nice and warm during the cold evenings.\r<br/>\r<br/>The high speed wifi, made it easy to connect online for work and for  pleasure.\r<br/>\r<br/>Very cosy flat with lovely modern style, and an open space kitchen and comfy living, it was exactly as in the pictures, plus more, like the huge garden at the back which was sun drenched during our beautiful sunny London week. \r<br/>\r<br/>Added bonus is, it is very close to the local leisure centre, where we joined the gym on a short term basis (5 days at GBP 28.00), and the Odeon cinema at Swiss Cottage is nearby, where you can catch a blockbuster movie or two.\r<br/>\r<br/>Barrie and Beverley are a caring host, and we were greeted on arrival with a lovely vase of freshly cut flowers, a pint of milk with tea and coffee, even a nice loaf of bread with butter and some eggs in the fridge, so we had a mini fry up in the morning for breakfast the next day.\r<br/>\r<br/>My wife and I truly felt as if we were staying at our own home. I can highly recommend Barrie's flat to anyone and hope to be back soon!"}, {"name": "Andrea", "date": "2013-05-01", "review": "I had a wonderful stay - the apartment is lovely in every way and Barrie was the perfect host, very friendly and helpful. I'm already looking forward to my next visit!"}, {"name": "Pam", "date": "2013-05-12", "review": "This is our second stay here, and I hope it will be available when our friends will be in London later this year. Highly recommended for those who appreciate the little extras that thoughtful hosts provide."}, {"name": "Pam", "date": "2013-05-24", "review": "We thoroughly enjoyed our stay here. A bright, light, clean, spacious and well appointed apartment of above average standard. Excellent wifi. Little extras eg eggs butter bread and milk supplied, big fluffy towels, good quality bedding and a very comfortable bed. Barrie and Beverley were most hospitable, and flexible re arrival and departure times. The location is in a very attractive quiet suburb, with good transport options. We are returning for another stay soon."}, {"name": "Andrea", "date": "2013-09-14", "review": "Another wonderful stay in Barrie and Beverly's delightful apartment! Can't recommend it highly enough, it has every comfort and an excellent location, with the most friendly and helpful hosts."}, {"name": "Cheryl", "date": "2013-11-09", "review": "I had the pleasure of staying for almost 8 weeks in this lovely apartment. For me it was both a base and a sanctuary as I took my first real holiday in 9 years.\r<br/>\r<br/>Although leaving for overseas on the day of my arrival, Barrie arranged for me to be met at 8am in the morning at the property. He even texted from the airport to ensure all had gone smoothly. I arrived to a kitchen stocked with fresh eggs, milk and a still warm loaf of rustic rye bread. What a joy after 24hours in transit. \r<br/>\r<br/>Barrie and his partner Beverley are warm and welcoming whilst discreet. Living in the adjacent premises, they are accessible should you have any queries, but you are left to enjoy the peace of this lovely centrally heated garden flat. Barrie asked permission twice during my stay to show the apartment to other potential clients and gave notice each time.\r<br/>\r<br/>If you are staying for more than a few days, the washer/dryer is very welcome.\r<br/>\r<br/>I also took advantage of the opportunity to make use of a second bedroom in the property when a friend from Australia came to stay for 12 days. This additional charge was definitely worth it to us for the convenience.\r<br/>\r<br/>There are two tube lines within easy walking distance and they will get you almost anywhere you want to go. Both Primrose Hill park and Hampstead Heath are also within walking distance and well worth the visit.\r<br/>\r<br/>Whether you are travelling alone, couple/s or a small family, I wholeheartedly recommend staying in this welcoming space in a gorgeous part of London. "}, {"name": "Francesco", "date": "2013-12-07", "review": "Super kind and polite people. Thank you Barrie!\r<br/>Great place, quiet and clean.\r<br/>Location is also good: residential area, not far from Primrose Hill. "}, {"name": "Martha", "date": "2013-12-18", "review": "Barrie and beverley's flat was fab- spacious and bright with a huge garden outside for the children to run around in.  It was also great having barrie and beverley on hand upstairs for any queries and v helpful when i locked us out twice.  The bedlinen was lovely and the towels were huge and fluffy.  Wish we could have stayed longer!"}, {"name": "Phil", "date": "2014-10-16", "review": "Barrie warmly greeted us with the key on our arrival. He was very helpful giving us a quick tour of the apartment and had thoughtfully left a welcome food pack in the fridge and bread bin, which we really appreciated after a long flight from Australia. Barrie also left an extremely useful two page print out of recommended local facilities including supermarkets, restaurants and cinemas, plus a map of the area. The apartment was very comfortable and exactly as described on airbnb. The apartment was situated in a leafy quiet area yet close to public transport.\r<br/>We would not hesitate to book the apartment again.\r<br/>\r<br/>Regards Phil and Norma.  "}, {"name": "Silke", "date": "2014-11-24", "review": "I had the greatest time at Barrie's guest apartment. Both he and Beverly were so welcoming and hospitable. Fresh eggs, bread, milk and butter were provided upon my arrival. The apartment had the perfect layout (especially for a family or group) and high end appliances and electronics. The mattress was very comfortable and the Ralph Lauren linens were so fresh/soft. <br/>The location does not get any better with easy access to Swiss Cottage tube station (great Wed farmer's market there) and short walks to hampstead, primrose hill and camden marketplace. Odeon Swiss cottage movie theatre is also nearby. <br/>In total, I will definitely come back to stay in the lovely apartment at Barrie's. The accommodations and surrounding area was truly the highlight of my trip.  Thanks so much Barrie and Beverly! 'The Best B&B;)'"}]}