{"id": 10328522, "listing_url": "https://www.airbnb.com/rooms/10328522", "name": "Richmond Riverside Apartments", "description": "A large 1 Bed Luxury Apartment situated on the banks of the River Thames, Sleeps 2+, High ceilings and fully fitted kitchen including,  Washing Machine & Dryer, Dishwasher, Nespresso Coffee Machine, 42 Inch LED TV. Magnificent views of the River Thames and ideally located close to Richmond Park, Kew Gardens, Twickenham Rugby stadium with great transport links into the city centre.<br /><br /><b>The space</b><br />Bike and Boat rental available at a cost within 50 meters of the Property<br />River cruises depart hourly to Central London and Hampton Court Palace<br />Fantastic trekking/running trails along the Thames<br />An array of fantastic Pubs and Restaurants to choose from<br />In the Centre of Richmond, close to all amenities.<br /><br /><b>Guest access</b><br />Access into the building using an access card.", "host_name": "David", "host_id": 25072709, "host_url": "https://www.airbnb.com/users/show/25072709", "host_picture_url": "https://a0.muscache.com/im/pictures/user/165ef692-6a16-4740-8c20-0e89f563bd5a.jpg?aki_policy=profile_x_medium", "neighbourhood_cleansed": "Richmond upon Thames", "latitude": 51.45872, "longitude": -0.30524, "property_type": "Entire rental unit", "room_type": "Entire home/apt", "accommodates": 2.0, "bathrooms": 1.0, "bedrooms": 1, "beds": 1, "amenities": ["First aid kit", "Oven", "Hair dryer", "Hangers", "Dishes and silverware", "Luggage dropoff allowed", "Essentials", "Shampoo", "TV with standard cable", "Free street parking", "Cooking basics", "Carbon monoxide alarm", "Wifi", "Heating", "Coffee maker", "Dishwasher", "Long term stays allowed", "Host greets you", "Microwave", "Refrigerator", "Iron", "Kitchen", "Stove", "Security cameras on property", "Hot water", "Washer", "Paid parking off premises", "Smoke alarm", "Dryer", "Cable TV"], "price": 280.0, "numbers_of_review": 39.0, "review_scores_rating": 4.58, "reviews": [{"name": "Todd", "date": "2016-10-07", "review": "Very accommodating on arrival and departure times as well as being very responsive the entire time of my stay.  Thank you again for that."}, {"name": "Jerry", "date": "2017-04-29", "review": "Super view and location.  "}, {"name": "Richard", "date": "2017-07-27", "review": "Great place for enjoying everything Richmond has to offer. "}, {"name": "Mary", "date": "2017-08-05", "review": "Good for Kew Gardens."}, {"name": "Diana", "date": "2017-10-28", "review": "How dirty and unprofessional and badly finished off the whole flat was"}, {"name": "Jason", "date": "2018-12-20", "review": "Great location in Richmond just off the high street, near many pubs and restaurants. <br/>Very nice view, clean and neat apartment. <br/>Great host with fast and friendly communication. <br/>Very quiet during the week but a bit noisy at night on the weekends due to the restaurant downstairs. <br/>Overall, a nice stay. Will consider for future Richmond stays. Thank you, David."}, {"name": "Vivian", "date": "2019-01-23", "review": "A wonderful space. Some reviews complained about the noise from the nightclub below, but I had no problem with the sound. It was only on Saturday night, and nothing to keep me awake. <br/>I will definitely book again!"}, {"name": "Poovashnee", "date": "2019-02-15", "review": "David\u2019s place was perfectly located for my needs with a minute walk to work. And although it was right by the river, located just above Heron Square it was quite, there was no disturbance from the planes or road side traffic. The amenities were basic but had everything needed."}, {"name": "Johnny", "date": "2019-03-25", "review": "Great view of River Thames and wonderful location. For those who loves wants a piece of the best of England countryside but remaining in London. This is a great choice if you can put up with a small shower room! And the host is a super host who responds to your request quick as a flash!"}, {"name": "Chris", "date": "2019-07-13", "review": "Great flat straight off the high street and an amazing view of the river."}]}