{"id": 10333052, "listing_url": "https://www.airbnb.com/rooms/10333052", "name": "Beautiful Spacious Room", "description": "We have a beautiful spacious double room available 2mins walk from Bethnal Green station (central line).  The flat is located in a stunning garden apartment building minutes walk from local shops and trendy bars in east London.", "host_name": "Nicholas", "host_id": 9360602, "host_url": "https://www.airbnb.com/users/show/9360602", "host_picture_url": "https://a0.muscache.com/im/users/9360602/profile_pic/1418585141/original.jpg?aki_policy=profile_x_medium", "neighbourhood_cleansed": "Tower Hamlets", "latitude": 51.52834, "longitude": -0.05478, "property_type": "Private room in rental unit", "room_type": "Private room", "accommodates": 2.0, "bathrooms": 1.0, "bedrooms": 1, "beds": 1, "amenities": ["Essentials", "Wifi", "Washer", "Free parking on premises", "Long term stays allowed", "Smoke alarm", "Dryer", "Kitchen", "Heating"], "price": 32.0, "numbers_of_review": 1, "review_scores_rating": 2.0, "reviews": [{"name": "Jenneke", "date": "2016-02-08", "review": "When we arrived there were some problems with the keys, but luckily we could enter the appartement.\r<br/>Sadly the place wasn't as clean as expected. There was a lot of dust and dirt on the carpet and the blanket was dirty and stained.\r<br/>Location wise it was perfect to explore London, cause it's so close to an underground station.\r<br/>The appartement is pretty much what you see on the pictures and read in the description, but the place was definitly not as clean as it should be."}]}