{"id": 1033691, "listing_url": "https://www.airbnb.com/rooms/1033691", "name": "Room + ensuite in Victorian Villa", "description": "THE BLUE ROOM, Clapton, Hackney, London, Overground zone 2. Large, quiet, first-floor, double bed, wood floors, ample storage, own ensuite shower room/toilet. Shared kitchen with fridge, microwave, washing machine/dryer, access to shared roof terrace. Hi-speed Wi-fi.<br /><br /><b>The space</b><br />THE BLUE ROOM is in Hackney, London E5. 27m2 with double bed, wood floors, ample storage, adjoining shower room/toilet. Use of shared kitchen with fridge, microwave, washing machine/dryer, plus access to rear roof terrace. Broadband included.<br /><br />THE BLUE ROOM is in Hackney, London E5 (travel Zone 2). Located in a Victorian Merchants\u2019 Villa mixing historic original features with modern European design, the room offers a generous 27 square metre BEDROOM and living space with double bed, three-metre high ceilings, original polished wood floors, generous storage and bay windows to the street, plus your own ENSUITE with shower, washbasin, toilet and bidet (Philippe Starck and Arne Jacobs", "host_name": "Leena", "host_id": 4864106, "host_url": "https://www.airbnb.com/users/show/4864106", "host_picture_url": "https://a0.muscache.com/im/users/4864106/profile_pic/1361206327/original.jpg?aki_policy=profile_x_medium", "neighbourhood_cleansed": "Hackney", "latitude": 51.56633, "longitude": -0.05053, "property_type": "Private room in home", "room_type": "Private room", "accommodates": 2.0, "bathrooms": 1.0, "bedrooms": 1, "beds": 1, "amenities": ["Window guards", "Extra pillows and blankets", "Fireplace guards", "First aid kit", "Fire extinguisher", "Hair dryer", "Wine glasses", "Baby bath", "Hangers", "Table corner guards", "Crib", "Cleaning products", "Dishes and silverware", "Luggage dropoff allowed", "Essentials", "Outlet covers", "Shampoo", "Cooking basics", "Bed linens", "Babysitter recommendations", "Baby safety gates", "Carbon monoxide alarm", "Shower gel", "Indoor fireplace", "Heating", "Children\u2019s books and toys", "Fast wifi \u2013 71 Mbps", "Coffee maker", "Free dryer \u2013 In unit", "Long term stays allowed", "Pack \u2019n play/Travel crib", "Hot water kettle", "Bidet", "Microwave", "Refrigerator", "Outdoor dining area", "Changing table", "Iron", "Body soap", "Drying rack for clothing", "Free washer \u2013 In building", "Kitchen", "Toaster", "Lock on bedroom door", "Conditioner", "Paid street parking off premises", "Dedicated workspace", "Hot water", "Board games", "Clothing storage: closet and dresser", "Baby monitor", "Shared patio or balcony", "Children\u2019s dinnerware", "Smoke alarm", "Laundromat nearby", "High chair", "Outdoor furniture"], "price": 62.0, "numbers_of_review": 17.0, "review_scores_rating": 5.0, "reviews": [{"name": "Nathaniel", "date": "2013-05-15", "review": "Very satisfied with all aspects of this booking. I would highly recommend these hosts and use them again!"}, {"name": "Caroline", "date": "2013-06-24", "review": "Leena was away and Brian was home to welcome us,  He was very friendly, helpful and available.  Our room, the blue room, was perfect for us, with a view of the street, and the comings and goings, if only we had had time to stand and stare!  It was really quiet.  We were able to open the windows as London felt very close and warm on two of the nights we stayed.  The terrace on the first floor was a lovely spot to have our morning cuppa before hitting the streets of Hackney with a hectic schedule cooked up by our daughter.  It was great fun and we walked for miles!  We hope to come back if Brian and Leena will have us.  Many thanks to you both for having us to stay in your comfy room.  "}, {"name": "Gerlind", "date": "2013-08-01", "review": "My first experience with Airbnb and it exceeded all my expectations! Leena, Brian and Mia were perfect hosts. The \u201cBlue Room\u201d was lovely \u2013 spacious, bright and clean, with a comfortable bed and large ensuite bathroom. I stayed just over a month (researching for my PhD thesis) and this place really felt like a home away from home. \r<br/>It\u2019s just a short walk to Clapton Station (overground, zone 2) and from there only 12 minutes to Liverpool Street Station. There are also good travel connections by bus. Leena was very helpful in suggesting the fasted and most comfortable routes. \r<br/>I had a great time and I hope to come back soon!"}, {"name": "Gabriele", "date": "2014-08-01", "review": "I spent five lovely weeks in the blue room and felt at home immediately. Leena and Brian are wonderful hosts! The room is really nice and comfortable! As I picked the weeks with the most perfect summer weather, I also enjoyed many sunny mornings on the beautyful terrace. It is easy to get around by bus or train and a great variety of supermarkets is available just around the corner. I also really enjoyed the neighbourhood with all the nice cafes and restaurants. Thanks a lot Leena and Brian! "}, {"name": "Joelle", "date": "2014-10-01", "review": "I stayed for one month (September 2014) at the \u2018Blue room\u2019 and enjoyed my stay very much. It was the perfect choice for me! Brian and Leena were excellent hosts, very open, friendly and helpful. The Blue Room is really beautiful, bright, clean and spacious. The kitchen area was nice and clean as well. I finished my dissertation there and it was very quiet so I could focus well and work uninterruptedly. The area is also very pleasant, with easy access to the city centre. I can fully recommend this place and I hope to return there sometime myself, in the future. Thanks again, Brian and Leena, I wish you all the best."}, {"name": "Sandhya", "date": "2015-08-31", "review": "Wow what can I say! We had such a wonderful month living with Leena and Brian. Their house is immaculately designed and maintained but in a way that makes you feel so comfortable and at home too. Everything was prepared with utmost hospitality in mind so we felt welcomed from the moment we set foot in the room. \r<br/>\r<br/>The blue room is wonderfully big so you can easily spend some time reading or writing by the desk. The well equipped shared kitchen and deck were such a bonus too. \r<br/>\r<br/>It's located very close to an overground station so you're only a 12 minute train trip to Liverpool street. It's also walking distance to Stoke Newington which we loved! It's also well connected by bus to all the cool spots in the east. Plus just within walking distance is Springfield park and some great running tracks by the canal so you can really escape from the London hustle! \r<br/>\r<br/>Leena and Brian themselves were more helpful than we could have expected. They answered all our questions and were full of useful advice and information. \r<br/>\r<br/>We couldn't have been happier with our stay. Couldn't recommend it more! "}, {"name": "Justin", "date": "2015-09-29", "review": "We had a wonderful time with Leena and Brian and felt very much at home. They explained the room and it's amenities very well and gave us great tips for how to get into town and had some great insider tips on the neighbourhood. The room was immaculate and really comfortable. The room was really quiet so that we could get a good nights sleep. A wonderful experience."}, {"name": "Antonio Carlos", "date": "2016-08-22", "review": "Estivemos duas vezes na casa de Leena e Brian no mes de agosto, por mais de 15 dias. Nossa primeira experiencia de hospedagem AirBnb numa casa de fam\u00edlia foi realmente reveladora. Leena \u00e9 muito agrad\u00e1vel e discreta, sua casa \u00e9 linda, cuidadosamente cuidada nos detalhes, clara e arejada numa rua bastante agrad\u00e1vel. O quarto \u00e9 muito confort\u00e1vel e silencioso. A localiza\u00e7\u00e3o \u00e9 \u00f3tima, perto do overground na zona 2, a dez minutos do centro, a regi\u00e3o \u00e9 tranquila e com boas op\u00e7\u00f5es. Para n\u00f3s especialmente a localiza\u00e7\u00e3o foi ainda mais conveniente por estarmos a apenas uma quadra da casa de nossa filha que vive em Londres. Agradecemos muito a Leena e Brian por terem nos proporcionado uma \u00f3tima estadia e recomendaremos a todos de nossa fam\u00edlia e amigos que visitarem Londres. "}, {"name": "Antonio Carlos", "date": "2016-08-31", "review": "Sempre uso o AirBnb para alugar apartamentos inteiros quando viajamos. Mas esta foi nossa primeira experiencia de hospedagem numa casa de fam\u00edlia e foi realmente reveladora. Leena \u00e9 muito agrad\u00e1vel e hospitaleira, sua casa tipica, linda, cuidadosamente cuidada nos detalhes, clara e arejada numa rua bastante agrad\u00e1vel. O quarto \u00e9 muito confort\u00e1vel e silencioso. A localiza\u00e7\u00e3o \u00e9 \u00f3tima, perto do overground na zona 2, a dez minutos do centro, a regi\u00e3o \u00e9 tranquila e com boas op\u00e7\u00f5es de mercados e pequenos restaurantes. Para n\u00f3s especialmente a localiza\u00e7\u00e3o foi ainda mais conveniente. Agradecemos muito a Leena e Brian por terem nos proporcionado uma \u00f3tima experiencia. "}, {"name": "Valdir Donizete Dos", "date": "2018-01-03", "review": "Leena & Brian s\u00e3o \u00f3timos anfitri\u00f5es, cuidadosos e bastante simp\u00e1ticos. A casa \u00e9 bem localizada, pr\u00f3xima a diversos pontos de \u00f4nibus e de uma esta\u00e7\u00e3o de trem (Clapton Station - Zona 2), ambos com f\u00e1cil acesso ao metr\u00f4 e aos principais pontos de interesse da cidade de Londres. O quarto \u00e9 bastante amplo, limpo e confort\u00e1vel. Recomendo imensamente a hospedagem!"}]}