{"id": 10336601, "listing_url": "https://www.airbnb.com/rooms/10336601", "name": "1 bedroom cozy flat - Heart of London", "description": "A fabulously located spacious appartment in a private, secured, recent development. You will be walking distance from the Tower of London, the craze of Shoreditch night life and the charm of Brick Lane sunday market.<br /><br /><b>The space</b><br />A lovely 1-bed 1-bath flat with floor to ceiling window and a balcony access from the living room. This is a highly secured property in East London with 24/7 Concierge service. The bedroom is carpeted and the rest of the flat is with wooden flooring. It's spacious with huge comfy beds and blackout curtains, and is the perfect place to get a good night sleep after a long day in London.<br /><br /><b>Guest access</b><br />You have the whole apartment for yourself: the bedroom, bathroom, living room, kitchen area, and the balcony.", "host_name": "Annikka", "host_id": 11202102, "host_url": "https://www.airbnb.com/users/show/11202102", "host_picture_url": "https://a0.muscache.com/im/pictures/user/864aadff-f4b6-4043-bb9e-010c1871e6aa.jpg?aki_policy=profile_x_medium", "neighbourhood_cleansed": "Tower Hamlets", "latitude": 51.51174, "longitude": -0.06713, "property_type": "Entire rental unit", "room_type": "Entire home/apt", "accommodates": 4.0, "bathrooms": 1.0, "bedrooms": 1, "beds": 2, "amenities": ["Essentials", "Wifi", "Oven", "Washer", "Long term stays allowed", "Shampoo", "Elevator", "Microwave", "Refrigerator", "Cooking basics", "Smoke alarm", "Hair dryer", "Iron", "Dryer", "Hangers", "Kitchen", "Heating", "Stove", "Hot tub", "Dishes and silverware"], "price": 110.0, "numbers_of_review": 10, "review_scores_rating": 4.8, "reviews": [{"name": "Nathaniel", "date": "2016-01-27", "review": "Annikka and Bruno were perfect guests, helpful and welcoming, and they made this stay very pleasant.\r<br/>\r<br/>The appartment is spotless and cozy, with an awesome location.\r<br/>\r<br/>I highly recommand this place !!!"}, {"name": "Jose Maria", "date": "2016-03-20", "review": "La casa est\u00e1 bien en un entorno moderno y sorprendente (el patio central es un lago artificial). Habitaciones grandes con camas grandes y un ba\u00f1o para cada una. La decoraci\u00f3n es minimalista pero est\u00e1 bien, y la cocina peque\u00f1a pero muy c\u00f3moda.\r<br/>Muy cerca de Tower of London (10 min. andando) y del metro Aldgate East lo hace perfecto para visitar Londres.\r<br/>Reina la tranquilidad en la zona y en la casa, especialmente por la noche. \r<br/>Lo recomiendo.\r<br/>"}, {"name": "Jorge", "date": "2016-03-26", "review": "Piso en zona muy tranquila (cuando se est\u00e1 todo el d\u00eda pateando la ciudad, se agradece bastante). Perfecto para dos parejas ya que tiene dos ba\u00f1os independientes que da la privacidad que se busca. Todo muy limpio y con multitud de adaptadores (muy \u00fatil para despistados como yo que olvidan comprarlos antes de viajar).<br/>Volver\u00eda a repetir en el mismo alojamiento sin duda."}, {"name": "Luke", "date": "2016-07-03", "review": "Anika made us feel welcome. The apartment was exactly as described. The neighborhood was great. A perfect starting point for our trip."}, {"name": "Alessandro", "date": "2016-07-17", "review": "Before joining the flat, Annika and Bruno have been always super responsive and happy to answer to doubts. The stay was amazing. the flat was very clean and silent, but at the sime time perfectly located for visiting London! It has been a really pleasure!\r<br/>"}, {"name": "Catherine", "date": "2016-08-14", "review": "Tr\u00e8s bel appartement tr\u00e8s bien situ\u00e9 au centre de Londres ayant tout le confort. La description faite de l'appartement est tr\u00e8s bonne. Pas de mauvaise surprise au contraire on a \u00e9t\u00e9 tr\u00e8s bien accueilli. Pour pr\u00e9parer notre s\u00e9jour Annika nous a envoy\u00e9 des adresses, des visites \u00e0 faire et tout ce que nous avons test\u00e9 \u00e9tait tr\u00e8s bien. Un grand merci \u00e0 Annika pour ce merveilleux s\u00e9jour."}, {"name": "Sophia", "date": "2016-09-19", "review": "Nous avons pass\u00e9 un excellent s\u00e9jour en famille chez Annikka et Bruno. L'appartement se situe dans le centre de Londres, il est confortable et correspond \u00e0 la description indiqu\u00e9e. De plus, Annikka et Bruno savent se rendre disponibles si besoin, ce qui est tr\u00e8s agr\u00e9able. \r<br/>Merci pour tout. "}, {"name": "Verena", "date": "2016-12-04", "review": "It was a really nice weekend in this flat. It's central and you are a five minutes walk away from Tower Bridge. We really enjoyed this Trip!"}, {"name": "Lorant", "date": "2017-05-28", "review": "The place is well located in the City, 4-5 mins walk from the Tube. That apartment is new, clean, well equipped with a charm. Grocery store open 'till 11PM just 2 mins walk. With 2 bedrooms and 2 bathrooms is ideal for family with kids. I highly recommend for any visitor to London. "}, {"name": "Richard", "date": "2017-09-15", "review": "Had a great stay at Annikka and Bruno's place. Annikka was extremely responsive and pleasant with messages and very accommodating, and the place itself is really homely and comfortable; exactly what I needed!"}]}