{"id": 10346208, "listing_url": "https://www.airbnb.com/rooms/10346208", "name": "Stunning Fresh 3 Bed London Home", "description": "Beautiful 3 (4 bedroom originally) house sat in a quiet cul de sac road in Morden, London. The house has recently been fully renovated with a walk in wardrobe room, brand new kitchen, two new bathrooms fitted and decorated to a high standard.<br /><br /><b>The space</b><br />The house is extremely clean and has been finished to the highest standard, sleeping 6 people comfortably within 3 double bedrooms, with two bathrooms upstairs (one en-suite). The house includes the following:<br /><br />-Master bedroom with en-suite bathroom, including bath and shower;<br />-Second double bedroom;<br />-Third double bedroom;<br />-Fourth bedroom converted to a walk in wardrobe;<br />-Bathroom with walk in shower (upstairs);<br />-Large living room;<br />-Large fully fitted kitchen with all appliances and table for 6 people;<br />-Large garden with table and chairs;<br />-Separate room with washing machine;<br />-Third toilet downstairs in kitchen;<br />-Off-street parking.<br /><br />There is a fu", "host_name": "Laura", "host_id": 53250518, "host_url": "https://www.airbnb.com/users/show/53250518", "host_picture_url": "https://a0.muscache.com/im/pictures/user/e28d7610-9998-42d6-a0b3-728c8d0a8996.jpg?aki_policy=profile_x_medium", "neighbourhood_cleansed": "Merton", "latitude": 51.38938, "longitude": -0.21985, "property_type": "Entire home", "room_type": "Entire home/apt", "accommodates": 6.0, "bathrooms": 2.5, "bedrooms": 3, "beds": 3, "amenities": ["Essentials", "Wifi", "First aid kit", "Washer", "Free parking on premises", "Long term stays allowed", "TV with standard cable", "Fire extinguisher", "Smoke alarm", "Iron", "Carbon monoxide alarm", "Dryer", "Kitchen", "Cable TV", "Heating"], "price": 120.0, "numbers_of_review": 1, "review_scores_rating": 5.0, "reviews": [{"name": "Bunmi", "date": "2016-03-08", "review": "It was a fantastic house.  Bright and spacious."}]}