{"id": 10349880, "listing_url": "https://www.airbnb.com/rooms/10349880", "name": "Family home near Wembley Stadium", "description": "Beautiful brand new, fully equipped apartment next to the Jubilee line. 5min tube ride to Wembley Stadium and shopping centre, 30min to London Bridge. 5min walk to supermarkets, restaurants and shops.<br /><br />Fast WiFi, dishwasher, washing machine, detergent, towels, hairdryer, and toiletries. Breakfast includes Nespresso coffee and milk, also eggs, cereal, bread, cheeses and spreads when available.<br /><br />Our place is great for families with kids, couples or solo travelers. House-trained pets welcome.<br /><br /><b>The space</b><br />You'll enjoy a bright modern apartment, with comfy beds throughout. We'll make room for your clothes by leaving an empty drawer or two in each bedroom for your exclusive use.<br /><br /><b>Guest access</b><br />You'll have access to our entire flat, including all our kitchen and toiletry items. We'll provide clean towels and linens. Our home is your home during your visit!<br /><br />The bunk bed in the kids' bedroom is adult-sized (200m long) so s", "host_name": "Laura", "host_id": 27876789, "host_url": "https://www.airbnb.com/users/show/27876789", "host_picture_url": "https://a0.muscache.com/im/pictures/user/0bb32113-6fab-4e55-8870-ed4028805157.jpg?aki_policy=profile_x_medium", "neighbourhood_cleansed": "Brent", "latitude": 51.58343, "longitude": -0.28104, "property_type": "Entire rental unit", "room_type": "Entire home/apt", "accommodates": 5.0, "bathrooms": 2.0, "bedrooms": 2, "beds": 5, "amenities": ["Essentials", "Wifi", "First aid kit", "Washer", "Free parking on premises", "Shampoo", "Elevator", "TV with standard cable", "Fire extinguisher", "Smoke alarm", "Hair dryer", "Iron", "Carbon monoxide alarm", "Hangers", "Kitchen", "Cable TV", "Heating", "Breakfast"], "price": 120.0, "numbers_of_review": 13.0, "review_scores_rating": 4.69, "reviews": [{"name": "Rory", "date": "2016-06-19", "review": "Laura's communication was fantastic, she produced a guide for us which was fantastic. The home was immaculate and very clean and tidy. There were no photos of Laura and her family up which I found slightly strange as I didn't get to meet Laura in person and picked up the keys from a locked garage near the apartment. I found the pillows very hard to sleep on. They were very uncomfortable. I would stay again as it is London and \u00a3100 wouldn't get you much in terms of a hotel so would recommend this apartment to anyone visiting the Wembley area. The tube is two minutes walk from the apartment so it's in a great location. Parking was great too. All in all I would recommend this place to anyone. There were only one or two minor negatives. Thnaks for letting me stay Laura:)"}, {"name": "Melanie", "date": "2016-07-04", "review": "Just got back from a lovely stay. Laura was really helpful with access instructions and advise on how to get to Wembly. The flat is ideally situated being minutes from the underground and only one stop to Wembley. The flat was clean and bright and had secure parking I would definitely go back and recommend it for a comfortable stay in a great location."}, {"name": "Xiuchen", "date": "2016-07-18", "review": "We've had a enjoyable stay at Laura's house, it is very clean and we really feel at home\uff01Thanks for Laura's kindness and  clear instructions on how to get to the house and the operation with the door lock."}, {"name": "Petra", "date": "2016-08-05", "review": "I definitely recommend Laura's apartment to anyone looking for a place to stay in London. The apartment is spacious, comfortable and had no problem accommodating 5 of us.\r<br/>Laura was really helpful and always quick to answer. We had no problem finding the place and checking-in.\r<br/>Commuting to central London was also no trouble as the journey takes less than 30 minutes."}, {"name": "Laura", "date": "2016-08-28", "review": "Laura's family home was fantastic.  For us, this modern, bright and spacious apartment gave us the brain space for a lovely few days holiday.  It was absolutely spotless and show home quality, but still very comfortable home from home.  Laura wasn't able to meet us in person, but did provide us with very clear check-in instructions, and was quick to respond to our messages when we had a few questions.  The location was perfect!  Only a few minutes walk away from Kingsbury tube station, local shops and even a park for those with children. Secured parking was also a massive bonus and an essential for us.\r<br/>Thank you so much for letting us stay.  We would definitely recommend to others and stay here again ourselves.\r<br/>"}, {"name": "Eve", "date": "2016-09-11", "review": "What a lovely apartment! Laura, the host, was so accommodating, especially when I messed up the initial booking! She was available on the phone when I couldn't access the instructions on my phone. <br/>The apartment was so convenient for Wembley stadium, only one short stop away. We were able to use the car parking space in the secure underground car park. <br/>Laura had left little notes on drawers and items in the bathroom we could use, this was so helpful and thoughtful. <br/>Highly recommend a stay here! Thank you Laura for your hospitality :) "}, {"name": "Richard", "date": "2016-10-09", "review": "Everything was just as described and just what we needed. We were a bit surprised at first that this is obviously where Laura and her family live ( probably missed it in the description ) but they had cleared everything away and organised things to make sure that this did not affect our enjoyment of the place. The description and explanations provided by Laura were excellent. Overall idea for us to enable us to get quickly and easily to Wembley stadium for the match and then off to Heathrow the next day for my flight. "}, {"name": "Veronique", "date": "2016-10-31", "review": "tr\u00e8s bonne organisation et conseils , logement tr\u00e8s propre bien situ\u00e9 si vous allez \u00e0 Wembley, m\u00e9tro proche. Une tr\u00e8s bonne adresse."}, {"name": "Jacqui", "date": "2016-11-13", "review": "Laura was a great host and she went out of her way to let us drop our stuff off before check-in which we really appreciated. We were attending an event at Wembley stadium and the apartment was just great for that being only one stop away - and in the opposite direction from the vast majority of the crowd. It was really easy to travel to from the city centre as well. The apartment is spacious and well equipped and we felt really at home there. The surrounding area has plenty of choice for food and drinks and I would recommend it for people going to Wembley arena/stadium and would definitely stay again."}, {"name": "Gr\u00e9gory", "date": "2016-12-28", "review": "Appartement tr\u00e8s bien situ\u00e9, tr\u00e8s proche du m\u00e9tro. Laura est facilement joignable et disponible. L'appartement est moderne, calme et bien \u00e9quip\u00e9. Nous \u00e9tions 5 et avons eu assez de place."}]}