{"id": 10358269, "listing_url": "https://www.airbnb.com/rooms/10358269", "name": "Luxury double, terrace/private en-suite, leafy N10", "description": "Refurbished house with beautiful, light, large double room, king size bed and exceptional contemporary private en-suite  bathroom. Lovely, quiet, tree lined road in easy walking distance to a wealth of cafes & restaurants in Crouch End & Muswell Hill, the amazing Everyman cinema, shops, lovely parks/woods. 14 mins walk to Highgate Tube, less by bus (northern line). Also direct buses to Finsbury Park (victoria & piccadilly lines) and central London.<br /><br /><b>The space</b><br />Recently refurbished, large, modern, light, lovely double room with big windows and own beautiful private en-suite bathroom. It is located on a lovely, quiet, tree-lined road in Muswell Hill.<br /><br />Tea and coffee making facilities, lots of different teas, biscuits, coffee, microwave, fridge, cups, plates, cutlery, fresh milk, hairdryer, tv, alarm clock, desk and chair.<br /><br /><b>Guest access</b><br />Own en-suite beautiful bathroom. Facilities also include access to roof terrace to eat breakfast in w", "host_name": "Katrina", "host_id": 36014737, "host_url": "https://www.airbnb.com/users/show/36014737", "host_picture_url": "https://a0.muscache.com/im/users/36014737/profile_pic/1434520855/original.jpg?aki_policy=profile_x_medium", "neighbourhood_cleansed": "Haringey", "latitude": 51.58658, "longitude": -0.14219, "property_type": "Private room in home", "room_type": "Private room", "accommodates": 2.0, "bathrooms": 1.0, "bedrooms": 1, "beds": 1, "amenities": ["Washer \u2013\u00a0In building", "Hair dryer", "Hangers", "Dishes and silverware", "Luggage dropoff allowed", "Essentials", "Patio or balcony", "Free parking on premises", "Shampoo", "TV with standard cable", "Free street parking", "Bed linens", "Babysitter recommendations", "Carbon monoxide alarm", "Shower gel", "Bathtub", "Wifi", "Heating", "Children\u2019s books and toys", "Long term stays allowed", "Pack \u2019n play/Travel crib", "Host greets you", "Microwave", "Refrigerator", "Iron", "Breakfast", "Conditioner", "Hot water", "Smoke alarm", "Cable TV"], "price": 75.0, "numbers_of_review": 92.0, "review_scores_rating": 4.89, "reviews": [{"name": "Abi", "date": "2016-09-19", "review": "My stay with Karina was very lovely. She was welcoming and kind! I highly recommend her place if you're looking for a homely, comfortable and peaceful place to stay. The house is immaculate and everyone living there made me feel more than comfortable. It was lovely to catch up with Katrina and her sister, I was also able to have a lovely conversation with Sven who is living there - very genuine and kind. It was quite far out for me but apart from that, perfect. Thank you very much for having me. I will definitely stay again. "}, {"name": "Margarita", "date": "2016-10-20", "review": "A very comfortable and well-designed house with a great location in a trainquil area. Shops, supermarkets, banks and even a gym are within walking distance. The bedroom is lovely although the bed is squeaky. Katrina, a very welcoming hostess, let us use the kitchen which impressed us by its spaciousness and brightness. Its design makes wonderful use of light and space. Katrina and Sven really went out of their way to make us feel welcome.<br/>We really appreciate everything Katrina and Sven did for us during our stay and highly recommend this place! <br/>"}, {"name": "Elizabeth", "date": "2016-11-28", "review": "Warm greeting from Katrina, her sister and aupair Sven! Easy and quick communication. Well behaved children. I arrived via Highgate tube station about a 15 minute walk to Katrina's (easy with one piece of rolling luggage). Great pub next to the tube station called The Woodman. Lovely home. The room was large and luxurious. It was perfect place to relax after a long tiring week of travel. Walking distance to Highgate Wood, Queens Wood and all the shops and restaurants of Muswell Hill. Muswell Hill is a delight. I recommend a stay."}, {"name": "Elizabeth", "date": "2016-12-10", "review": "I enjoyed it so much the first time, I stayed again!"}, {"name": "Matthew", "date": "2017-01-08", "review": "This place was a saving grace. My friend and I were living at a different home in Muswell Hill and we decided to leave because of how poor the air quality was at the previous home. We looked for a new place to stay immediately and found Katrina's! It was so great, it was clean, new, and welcoming. Sven and Katrina's sister were able to help us out with little things. The kids might be playing music during the day, but quiet at night consistently which was great. Muswell Hill was also rated one of the best places to live outside of London a few years ago- nice area, lots of restaurants, pharmacies, grocery stores, and easy to get downtown with an oyster card. The room is also very spacious and the bed didn't really creak at all like a previous reviewer said. Would definitely recommend this place!"}, {"name": "Thomas", "date": "2017-01-19", "review": "Beautiful House. Good location - close to public transport. I didn't quite get to meet the host, but that didn't detract from anything. Check in was good and Sven was very helpful. Katerina ensured I had everything I needed too. Recommended. "}, {"name": "Delia", "date": "2017-01-30", "review": "The accommodation was as decribed. Clean, nice view, cosy and soft bed. Communication was easy. Katerina and her family are very nice. Muswell Hill is a very nice area with lots if cafes and restaurant. Easy to get to central London. The street is quite steep which I knew as I used to live on that road. So for us it was no problem, but people who have trouble walking should consider this. All in all a great stay."}, {"name": "Diane", "date": "2017-02-18", "review": "Good location. Beautiful house with comfortable cosy room. Great links to central London."}, {"name": "William", "date": "2017-03-14", "review": "Katrina catered for me at very short notice which was greatly appreciated.<br/>It's the perfect spot for exploring North London. Moments from Muswell Hill's lovely centre and a few minutes stroll to the tube.<br/>The room itself was perfect, everything was thought of. I would highly recommend staying.<br/>Thanks again!"}, {"name": "Elizabeth", "date": "2017-03-27", "review": " This is a wonderful property and very economical way to stay and tour the beautiful historic area. "}]}