{"id": 10355698, "listing_url": "https://www.airbnb.com/rooms/10355698", "name": "1 bedroom with patio Little Venice", "description": "Feel at home in a cozy 1 bedroom with a fenced outdoor patio/terrace. The front door opens onto the canals of Little Venice, and the back door onto a fenced patio with table and chairs, opening onto a communal garden with benches and more tables and chairs. Located just minutes from 2 tube stops in a beautiful location. <br /><br />PLEASE NOTE: This is a primary residence, not a hotel or Airbnb only location. It has the normal wear and tear of a primary residence.<br /><br /><b>The space</b><br />Enjoy some fresh outdoor space in London--a rarity! This charming apartment is a gem in Little Venice. Watch the canals from the benches out front; dine on the patio, picnic in the communal gardens out back or the others that dot the neighborhood, such as Rembrandt Gardens less than a 5 minute walk away. Enjoy easy access to Heathrow via Paddington Station; great transport connections; and leisurely strolls or canal boats to other exciting areas.<br /><br /><b>Guest access</b><br />You will ha", "host_name": "Jessica", "host_id": 3197447, "host_url": "https://www.airbnb.com/users/show/3197447", "host_picture_url": "https://a0.muscache.com/im/users/3197447/profile_pic/1389052480/original.jpg?aki_policy=profile_x_medium", "neighbourhood_cleansed": "Westminster", "latitude": 51.52185, "longitude": -0.18256, "property_type": "Entire rental unit", "room_type": "Entire home/apt", "accommodates": 3.0, "bathrooms": 1.0, "bedrooms": 1, "beds": 2, "amenities": ["Oven", "Hair dryer", "Hangers", "Dishes and silverware", "Essentials", "Shampoo", "Cooking basics", "Carbon monoxide alarm", "Wifi", "Heating", "Long term stays allowed", "Microwave", "Refrigerator", "Private patio or balcony", "Iron", "Kitchen", "Stove", "Hot water", "Washer", "Smoke alarm", "Lockbox"], "price": 83.0, "numbers_of_review": 66.0, "review_scores_rating": 4.62, "reviews": [{"name": "Nicolai", "date": "2016-03-15", "review": "The overall impression of Jessicas apartment and her communication was excelent. She gave all the required information and was even very honest in the beginning when she didn't recommend the apartment for three adults (due to the lack of three seperate beds). This gave me a great impression of Jessica as a person, and I was happy that I could convince her, that we would have no problem sharing a bed. \r<br/>\r<br/>The apartment was a perfect size for us, because we didn't spend much time there but just needed the space for sleeping. The location was perfect in the sense that it was very central at one hand and on another hand was in a very quiet area. This insured perfect sleeping conditions :)\r<br/>\r<br/>The little garden was very nice, even though we didn't use it. \r<br/>\r<br/>All in all, I can greatly recommend staying at Jessicas place if you are 2-3 people who dont mind sharing 1 bed and a couch. "}, {"name": "Katja", "date": "2016-03-24", "review": "First of all Jess is really nice! WE arrived pretty early and Jess made it possible that we could check in earlier than normal. Thanks so much! We arrived with three persons and there was plenty of sleeping space. The flat is located 5min from warwick avenue station and 15min from the Center although in my opinion the flat was not properly clean. The location is amazing and there is a really cool pub nearby. For a london sightseeing trip the flat is overall acceptable. Best wishes "}, {"name": "Fildza", "date": "2016-04-04", "review": "Jessica's apt is cosy and well-connected to tube stations and bus services. As a host, she was helpful and went out of her way to make us feel welcome. Her apt is perfect if you want to stay in London but away from the hustle and bustle of city life. The little river aka The Little Venice is an added plus. I highly recommend Jessica and her apt! Thanks Jess!"}, {"name": "Claude", "date": "2016-04-11", "review": "Petit studio simple bien situ\u00e9 bon emplacement calme pas loin du m\u00e9tro  paddington .\r<br/>De pr\u00e9f\u00e9rence pour 2 personnes et court s\u00e9jour.\r<br/>jessica nous a permis d'arriv\u00e9 plus tot,elle est disponible  par internet ou t\u00e9l\u00e9phone ,mais pas sur place.\r<br/> "}, {"name": "Andrew", "date": "2016-04-18", "review": "Jessica's flat is compact, but well equipped. Ideal for one person or a couple. There is lots of light with large south-facing windows and a patio off the living room with a large and lovely private communal garden beyond. The apartment is blissfully quiet, situated as it is on the picturesque Little Venice pool. Yet both Paddington and Warwick Avenue tube stations are an easy walk away. There is an excellent choice of shops, restaurants, pubs, and cafes in the surrounding tree-lined streets. Jessica is well organized, helpful, and communicative. We'll definitely return to Jessica's for future pleasant stays in London."}, {"name": "Marianne", "date": "2016-07-01", "review": "Jessica's flat in Maida Vale was ideal for us: a short and very pleasant walk to the excitement of central London, but in a quiet and comfortable residential neighborhood outside of the chaos. The flat was clean and uncluttered, and though small, provided ample space for our family of three. Communications couldn't have been better. We didn't actually meet Jessica, but access to the flat went smoothly and her instructions were clear and thorough. Highly recommended!"}, {"name": "Coreen", "date": "2016-07-05", "review": "Jess apartment is clean and cozy.  Necessities in the apartment is ok. The area is convenient and very safe. Very serene sitting along the canal watching people walk by or in their little boats. "}, {"name": "Didier", "date": "2016-07-13", "review": "Nous n'avons pas eu de contact visuel avec Jessica, mais elle nous a envoy\u00e9 par mail toutes les indications n\u00e9cessaires quant \u00e0 la location (modalit\u00e9s entr\u00e9e et sortie) et les services (magasins, restaurants, pharmacie, location v\u00e9los, m\u00e9tro ,...) aux alentours. Appartement bien \u00e9quip\u00e9, propre, confortable (lou\u00e9 pour 3 personnes) situ\u00e9 dans un quartier charmant ( \"littel venice\" \u00e0 d\u00e9couvrir !), calme et bien desservi par m\u00e9tro ( en zone 2) ou bus (  proches de l'appartement ) et m\u00eame mini-croisi\u00e8re en petite p\u00e9niche, qui permettent visites ais\u00e9es de Londres.  "}, {"name": "Lorena", "date": "2016-07-31", "review": "Jessica's flat in Little Venice is lovely and more than  expected. It is very comfortable, has a well equipped kitchen, lots of natural light and is very quiet. I stayed there for 18 days and  enjoyed every moment. The neighbourhood is lovely with its pintoresque Canals and boats, and very accesible to underground transport. Jessica was very helpful at all times, checked on us to see if everything was alright and available for any question that might arise. Highly recommendable for an enjoyable stay in London!"}, {"name": "Wai", "date": "2016-08-18", "review": "We had a lovely stay here, it was so homely.  Jess was very helpful allowing us to drop our luggage off early so that we could explore London straight away without having to stow our luggage.  The patio area was very welcome as it was very hot and our child was sleeping on the sofa-bed in the sitting room as it was not big enough for two.  The bedding and bath towels were great with a lovely hair dryer.  There were colouring pencils our child enjoyed using.  The apartment was only 5  minutes walk from the tube and quick to get to from Waterloo.  The only drawback was we couldn't find the coffee and the early departure, but you can't have it all.  We were very happy here and would love to come back.  Many thanks Jess!       "}]}