{"id": 10350394, "listing_url": "https://www.airbnb.com/rooms/10350394", "name": "Luxury 2B 2BA flat near Oxford St.", "description": "Newly refurbished luxury flat. 2 Bedrooms & 2 Bathrooms. <br />Excellent location, north of Oxford Street at the rear of Selfridges.<br />Private Portman Square park entrance<br />Fully furnished, Sky TV in lounge. <br />The apartment is on the 2nd floor with Porter", "host_name": "Sumer", "host_id": 44412204, "host_url": "https://www.airbnb.com/users/show/44412204", "host_picture_url": "https://a0.muscache.com/im/pictures/user/28fb2c61-f71c-4658-98e5-63ca9e29d181.jpg?aki_policy=profile_x_medium", "neighbourhood_cleansed": "Westminster", "latitude": 51.51546, "longitude": -0.15474, "property_type": "Entire rental unit", "room_type": "Entire home/apt", "accommodates": 4.0, "bathrooms": 2.0, "bedrooms": 2, "beds": null, "amenities": ["Essentials", "Wifi", "First aid kit", "Washer", "Long term stays allowed", "Elevator", "TV with standard cable", "Fire extinguisher", "Heating", "Carbon monoxide alarm", "Hangers", "Dryer", "Kitchen", "Cable TV", "Air conditioning"], "price": 754.0, "numbers_of_review": 2, "review_scores_rating": 5.0, "reviews": [{"name": "Hemant", "date": "2016-06-23", "review": "A perfect place for a small family. Right near Oxford Street, excellent location and very good concierge service. Completely safe for the family. \r<br/>My host, Sumer was very pro active and had all our pre requisites in place. Very prompt and caring.\r<br/>Would love to come back and stay here again.\r<br/>Cheers !\r<br/>"}, {"name": "Vidit", "date": "2018-06-15", "review": "Comfortable Place"}]}