{"id": 10351152, "listing_url": "https://www.airbnb.com/rooms/10351152", "name": "Private double room and bathroom in beautiful home", "description": "Immaculate, light and spacious double bedroom and bathroom in artist's peaceful, interior-designed period home. Quiet residential street in fabulous central, up-market area. Excellent shops and restaurants. Stunning Battersea Park (200 acres of parkland, including small zoo, boating lake, caf\u00e9) less than 1 min walk. Brilliant transport links to the rest of London via Victoria, Sloane Square, Waterloo or Clapham Junction Stations. Great for day trips to Brighton, Bath, Oxford and the Cotswolds.<br /><br /><b>The space</b><br />You will be our only guests.  We have one Immaculate double guest room with an extremely comfortable double bed (new mattress) and sofa, in our quiet, interior-designed, period home. We provide feather and down pillows and duvet, Egyptian cotton sheets, and excellent quality towels.<br /><br />There is a large bathroom (bath, loo, and twin wash-basins), and a separate shower room. Occasionally my daughter will use the bathroom when she is at home from university, ", "host_name": "Angel", "host_id": 53274341, "host_url": "https://www.airbnb.com/users/show/53274341", "host_picture_url": "https://a0.muscache.com/im/pictures/user/61ef4b77-5eb4-48e0-b8a1-a10c212db70d.jpg?aki_policy=profile_x_medium", "neighbourhood_cleansed": "Wandsworth", "latitude": 51.47526, "longitude": -0.15414, "property_type": "Private room in home", "room_type": "Private room", "accommodates": 2.0, "bathrooms": 2.0, "bedrooms": 1, "beds": 1, "amenities": ["Essentials", "Wifi", "Hot water", "Dishwasher", "Oven", "Paid parking off premises", "Host greets you", "Refrigerator", "Lake access", "Smoke alarm", "Private entrance", "Hangers", "Kitchen", "Heating", "Dishes and silverware"], "price": 46.0, "numbers_of_review": 102.0, "review_scores_rating": 4.75, "reviews": [{"name": "Sue", "date": "2016-02-05", "review": "Angel's house was exactly same as what I could see on the pictures. The room was big, super cozy and clean and warm. Also the house is so beautiful and located just next to Battersea park, so I could enjoy walking around the park. There are many buses going to directly central London and tourist places and close to rail station. Pretty convenience. Angel was very nice, kind and friendly, so I could feel comfortable during my 5 nights stay. She always tried to help me and asked me if I need something else. I highly recommend her place to stay as I felt like my sweet home in London."}, {"name": "Fran\u00e7ois", "date": "2016-02-08", "review": "Tout aussi accueillante qu'attentionn\u00e9e, Angel est l'h\u00f4te parfait. Sa charmante maison \u00e9tait d'une propret\u00e9 impeccable. Nous avons pass\u00e9 un s\u00e9jour magnifique. Je recommande Angel les yeux ferm\u00e9s!"}, {"name": "Dominica", "date": "2016-04-11", "review": "It was a real pleasure staying with Angel and her daughter. From the first minute onward she was very helpful and quick with her responses. Due to our flight we were only able to arrive after the normal check-in time, but no problem: she left us a charming note welcoming us in her home. The next day she was there to give us all the tips and information the thoroughly-put-together house book had not given us yet. \r<br/>\r<br/>The description and pictures are 100% accurate and we enjoyed especially the neighborhood: sights and other parts of the city are easy reachable with the public transports, battersea park is simply breathtaking and the neighborhood is full of authentic, off-the-beaten-track pubs and restaurants full of locals.\r<br/>\r<br/>Next time I'm in London we'll definitely swing by again :)"}, {"name": "Louis", "date": "2016-04-24", "review": "Very nice place, welcoming host and comfortable stay. Highly recommended. "}, {"name": "Gustavo", "date": "2016-05-01", "review": "Many thanks to Angel and her daughter Marina for their warm welcome in their house. We felt like at home. Everything was really clean and cozy, the house is well located. You can even walk to the centre if you like walking!\r<br/>Angel was really helpful providing everykind of information and tips. We thank you again, and we hope to see you soon in Madrid or Alicante!\r<br/>Many thanks "}, {"name": "Kasia", "date": "2016-05-07", "review": "If you are looking for safe, beautiful place to stay, close to the center and everything else you may need, you've just found the perfect offer. <br/>Angel's house is beautiful and very tidy. Me and my friend stayed there for a week. Angel was very nice host, she respected our privacy but also was willing to answer all our questions. <br/>There are few bus stops and railway station next to the house, so getting anywhere is very easy! <br/>I'm very happy I've chosen Angel's offer for my stay in London and I'm sure I'll book again, next time I come. "}, {"name": "Jacqueline", "date": "2016-05-11", "review": "The house is close to Battersea Park and very easy to reach by public transport. There is a bus stop just around the corner. <br/>Our host was super friendly and explained everything in detail. We also had some lovely chats in the evening. The dogs are beyond cute! All in all the atmosphere was very welcoming. <br/>The house has 4 floors. The room is on the second floor. There is a private bathroom with a bathtub which is super nice. The room itself is spacious and very clean. There was never a moment we felt uncomfortable. <br/>The large kitchen is downstairs and we were free to use it. Grocery shops are also just around the corner. <br/>We felt very welcomed and would always consider coming back!"}, {"name": "Tim", "date": "2016-05-16", "review": "The time at Angels House was amazing! Angel is a really lovely and helpful host.<br/>The house is well located and the next bus stop is just around the corner to get into the city.<br/>We would definitly stay again at angels house!<br/>Regards Maike and Tim"}, {"name": "Claudia", "date": "2016-05-21", "review": "Bereits vor unserer Anreise war Angel eine gro\u00dfartige Unterst\u00fctzung f\u00fcr unsere Reiseplanung mit ausf\u00fchrlichen und sehr hilfreichen Tipps und Hinweisen. Dieser Eindruck hat sich vollauf best\u00e4tigt w\u00e4hrend unseres Aufenthalts, bei dem wir ihre Tochter und Mutter ebenfalls kennengelernt haben und die meinen Sohn und mich herzlichst willkommen gehei\u00dfen haben. Das Haus ist gro\u00dfartig und das Zimmer und die sanit\u00e4ren Einrichtungen sauber und wirklich komfortabel. Es gibt sowohl in Fussweite viele sch\u00f6ne Ecken zu erkunden (Battersea Park, Chelsea, Kings Road...), aber auch die Anbindung an das \u00f6ffentliche Verkehrsnetz ist sehr gut, durch die Bushaltestelle, die in unmittelbarer N\u00e4he ist. F\u00fcr unseren n\u00e4chsten Aufenthalt in London w\u00fcrden wir wirklich jederzeit wieder bei Angel buchen. Wir k\u00f6nnen dieses viktorianische Schmuckst\u00fcck definitiv nur weiter empfehlen!"}, {"name": "Rafa\u0142", "date": "2016-05-27", "review": "Angel is very kind and positive person. House nad room was very clean. Perfect location if you need a short way to city center. 100% recommendation ! "}]}