{"id": 10355803, "listing_url": "https://www.airbnb.com/rooms/10355803", "name": "*****Lovely one bedroom Flat*****", "description": "Just refurbished this cozy one bedroom flat within walking distance to Soho and all amenities of the West End the ideal place for a short visit in London<br />Private bathroom with shower. Also a shared bathroom on the 3rd floor can be used for emergency.<br />This is our guests' favorite part of London, according to independent reviews. In this area you can shop 'til you drop for popular brands like Cartier, Herm\u00e8s, H&M, Zara, Nike.<br /><br /><b>Guest access</b><br />If two guests needs the sofa as a bed please make the booking  for three guest. <br />Thank you<br /><br /><b>Other things to note</b><br />The apartment is set on the second floor of the building, there are 33 steps in total to climb. <br />It is a self contained flat, kitchen and bathroom are private.<br />There is not maid services included, I provide only the check out cleaning.<br />90 days and over price can be <br />negotiated.<br /><br />Booking for 1 or 2 guests only one double bed will be available<br />Booking", "host_name": "Antonio", "host_id": 3582986, "host_url": "https://www.airbnb.com/users/show/3582986", "host_picture_url": "https://a0.muscache.com/im/pictures/user/bbffec69-5851-4272-9ca8-d1c67e70f1cf.jpg?aki_policy=profile_x_medium", "neighbourhood_cleansed": "Camden", "latitude": 51.52075, "longitude": -0.13477, "property_type": "Entire rental unit", "room_type": "Entire home/apt", "accommodates": 4.0, "bathrooms": 1.0, "bedrooms": 1, "beds": 2, "amenities": ["Extra pillows and blankets", "First aid kit", "Oven", "Fire extinguisher", "Hair dryer", "Wine glasses", "Baby bath", "Dining table", "Hangers", "Cleaning products", "Dishes and silverware", "Luggage dropoff allowed", "Essentials", "Shampoo", "Clothing storage: closet", "Cooking basics", "Single level home", "Bed linens", "Babysitter recommendations", "Carbon monoxide alarm", "Bathtub", "Carex body soap", "Shower gel", "Heating", "Wifi", "Children\u2019s books and toys", "Coffee maker", "Long term stays allowed", "Keypad", "TV", "Hot water kettle", "Microwave", "Refrigerator", "Room-darkening shades", "Iron", "Kitchen", "Drying rack for clothing", "Stove", "Toaster", "Security cameras on property", "Hot water", "Washer", "Paid parking off premises", "Smoke alarm", "Ethernet connection", "Laundromat nearby", "Freezer"], "price": 163.0, "numbers_of_review": 74.0, "review_scores_rating": 4.36, "reviews": [{"name": "Yves", "date": "2016-05-08", "review": "L'appartment est tr\u00e8s bien situ\u00e9, dans un adorable quartier tr\u00e8s proche de Soho. L'immeuble a du charme. Mais le num\u00e9ro de code qu'Antonio nous a remis pour d\u00e9bloquer l'entr\u00e9e du logement n'\u00e9tait pas le bon et nous n'avons pu finalement entrer que par l'arriv\u00e9e providentielle du logeur, qui nous a fourni un autre code, alors qu'il \u00e9tait pr\u00e8s de minuit. En outre, le logement n'\u00e9tait pas d'une propret\u00e9 impeccable. Les serviettes de bain, en particulier, \u00e9taient mal nettoy\u00e9es. Mais nous avons globalement pass\u00e9 un bon s\u00e9jour."}, {"name": "Nila", "date": "2016-05-17", "review": "As I know the area by heart I knew that the location is perfect for a central stay in London. The apartment was clean at arrival, towels provided and very bright. As it is situated on Goodge Street, it tends to get quite noisy during the weekend. The small kitchen was a plus and the bathroom clean and well equipped."}, {"name": "Cindy", "date": "2016-06-13", "review": "Wonderful flat in a fantastic location. My children and I spent 4 nights and were quite comfortable. Antonio was very attentive to any questions we had and was immediate in his responses. Would definitely stay again and recommend to my friends!"}, {"name": "Connor", "date": "2016-06-18", "review": "The listing description was perfect, everything you would need in a little flat! I was even surprised by wifi which was a bonus! Situated so central, I was expecting some noise from the street below, but it was lovely and quiet past 12 o'clock when I was getting into bed!"}, {"name": "Rosanne", "date": "2016-06-25", "review": "We didn't meet Antonio, but he gave us clear instructions how to get into the apartment. When we arrived, everything was clean and ready for us. The apartment is spacious and in a great location in central London. The only strange thing was that on the second day we were there, some other guests arrived and had been told they'd booked the same apartment as us, with the same code to get in. The mistake was rectified by a man who lives upstairs, but if we hadn't been there these other guests would have entered our apartment and gotten a shock to see all our things there. Other than that, everything was great and I would highly recommend this place!"}, {"name": "Jean-Remi", "date": "2016-06-29", "review": "Nous n'avons pas vu Antonio en personne mais nous avons dialogu\u00e9 avec lui par SMS tr\u00e8s facilement et il a toujours r\u00e9pondu rapidement. \r<br/>\r<br/>L'acc\u00e8s \u00e0 l'appartement est tr\u00e8s facile : Antonio donne le code pour la porte du bas de l'immeuble et celui de l'appartement situ\u00e9 au deuxi\u00e8me \u00e9tage : pas de clef, c'est tr\u00e8s pratique! L'appartement est situ\u00e9 pile entre la gare de st pancras et le centre touristique de Londre, avec des commerces tout autour (supermarch\u00e9, restaurants...) c'\u00e9tait parfait, nous avons tout fait \u00e0 pied depuis l'appartement. \r<br/>\r<br/>En plus du lit principal et du canap\u00e9 lit, Antonio nous a gentiment mis \u00e0 disposition un lit d'appoint suppl\u00e9mentaire car nous \u00e9tions 3 adultes avec un b\u00e9b\u00e9. Bonne surprise, nous avions un code pour un acc\u00e8s wifi et un adaptateur pour les prises fran\u00e7aise dans la cuisine. L'appartement est petit mais confortable et propre. \r<br/>\r<br/>Attention, le vendredi et le samedi soir, pas mal de bruit c\u00f4t\u00e9 rue (l'appartement est situ\u00e9 au dessus d'un restaurant \u00e0 hamburger), pr\u00e9voyez des boules quies ou bien dormez dans le canap\u00e9 lit dans la pi\u00e8ce qui ne donne pas sur la rue. Les autres soirs de la semaine c'est beaucoup plus calme. \r<br/>\r<br/>On a eu un souci avec le chauffe-eau mais Antonio a r\u00e9agi tr\u00e8s rapidement et a fait venir quelqu'un pour le r\u00e9parer durant la journ\u00e9e. Les draps, serviettes, gel douche et champoing \u00e9taient fourni. \r<br/>\r<br/>Antonio est tr\u00e8s flexible au niveau des arriv\u00e9e/d\u00e9part. Normalement on doit arriver apr\u00e8s 15h et repartir avant midi afin de laisser assez de temps pour le m\u00e9nage mais nous sommes arriv\u00e9 pendant que le m\u00e9nage se faisait et \u00e7a n'a pas pos\u00e9 de probl\u00e8me, l'essentiel \u00e9tant de ne pas se g\u00e9ner entre locataire entrant et sortant. \r<br/>\r<br/>Pour r\u00e9sum\u00e9, les plus : l'emplacement, la propret\u00e9, le service en g\u00e9n\u00e9ral. Les moins : le bruit les soirs de week-end, le chauffe-eau en panne (mais r\u00e9par\u00e9 rapidement) et peut-etre la taille (c'est petit, mais bon on ne va pas \u00e0 Londres pour rester conc\u00e9 dans un appartement !). \r<br/>\r<br/>Globalement nous sommes tr\u00e8s satisfait, merci Antonio !"}, {"name": "Vivek", "date": "2016-07-01", "review": "Great apartment and a great location. Keyless entry made the whole process very smooth. Didn't get to meet Antonio but overall a great stay. "}, {"name": "Monik", "date": "2016-07-11", "review": "I was so pleased with our stay. The apt was very clean and comfortable. It looked just like the pictures. The location couldn't have been better. Antonio was very responsive and accommodating. I would stay there again and recommend to others. "}, {"name": "Laurie", "date": "2016-07-20", "review": "Our flat was just as described and perfect for our trip.  It was very clean and had everything we needed (including a strong Wifi signal). They keyless entry was a bonus as it eliminated the need to deal with key pick up and return. It was a 2 min walk to the Tube which made it a perfect \"home base\" for our trip.  \r<br/>Antonio was an awesome host.  He was always very quick to answer any questions we had.  When an unexpected issue arose, Antonio was quick to come over and take care of it. \r<br/>Would definitely like to stay there again and would recommend it to friends."}, {"name": "Hans", "date": "2016-07-25", "review": "We enjoyed our stay in Antonios apartment very much. Although we never met Antonio, he responded quick to our questions. The apartement lived up to our expectations, and especially the neighbourhood is very nice, with numerous good restaurants, literally outside the doorstep. The weather was hot while we were there, so we slept with open windows, and that gave some disturbances from the street during night. "}]}