{"id": 10365290, "listing_url": "https://www.airbnb.com/rooms/10365290", "name": "Private room in Islington", "description": "Located within a 2 floor maisonette, we offer a good size ( 11ft x 11ft ; 3.3m x 3.3m) bedroom with double bed, TV,and wardrobe; separate WC; share of bath/shower facility; use of kitchen to prepare own snacks. Tea/Coffee/milk & sugar are provided, and breakfast cereals are available.<br /> <br />Extremely convenient for the vibrant hub of Camden Town, also for Upper Street Islington & Hampstead Heath. Good tube and bus links into Central London.<br /><br />Free parking in quiet side street is available at weekends<br /><br /><b>Guest access</b><br />Guests have access to their bedroom, bathroom, and kitchen", "host_name": "Mark", "host_id": 41289749, "host_url": "https://www.airbnb.com/users/show/41289749", "host_picture_url": "https://a0.muscache.com/im/pictures/user/d3c0a149-756e-44bb-bef0-ec644ee0d8c1.jpg?aki_policy=profile_x_medium", "neighbourhood_cleansed": "Islington", "latitude": 51.55454, "longitude": -0.12328, "property_type": "Private room in rental unit", "room_type": "Private room", "accommodates": 2.0, "bathrooms": 1.5, "bedrooms": 1, "beds": 1, "amenities": ["Essentials", "Wifi", "Hot water", "TV", "Smoke alarm", "Carbon monoxide alarm", "Hangers", "Kitchen", "Heating"], "price": 37.0, "numbers_of_review": 7, "review_scores_rating": 4.86, "reviews": [{"name": "Gabriele", "date": "2017-05-07", "review": "Host gentilissimi e simpatici, stanza semplice ma pulita e dotata di ogni confort necessario. Consigliato al 100%"}, {"name": "Alan", "date": "2017-07-30", "review": "Mark and Rebecca are great hosts who make you feel really welcome. <br/>If anyone gets to stay I would recommend The Swimmers at Grafton Arms which is a 10 min walk from Mark's place. Great for beer and the food is spot on. A really chilled place with a good atmosphere. Mark recommended it to me and both Mark and Rebecca also have plenty more recommendations for the surrounding area."}, {"name": "Patrizia", "date": "2017-10-08", "review": "Really clean and tidy room just 10 minutes by walk from Caledonian tube station . near to king s cross station  as well . Mark and Rebecca are really nice and helpful for any question or suggestion you need for your future staying. Hight recommended"}, {"name": "Daniel", "date": "2017-10-29", "review": "Had a great stay at Mark's place. The location was super close to public transportation, the room was nice and clean and Rebecca and Mark are very kind hosts. Would definitely stay there again!"}, {"name": "Daniela", "date": "2018-04-02", "review": "Marke and Rebecca have been really nice and polite people. The our room and the house was clean and tidy. We\u2019ve spent spent two stunning day in London and the public transport is close as well. Thank you!"}, {"name": "Grace", "date": "2018-04-15", "review": "Mark is kind and polite.I appreciated his caring."}, {"name": "David", "date": "2018-04-22", "review": "Lovely couple that made us feel very welcome. Even offered us breakfast and coffee on both mornings. TV and Wifi in the bedroom. Great location for exploring Lovdon."}]}