{"id": 10364825, "listing_url": "https://www.airbnb.com/rooms/10364825", "name": "Lovely One Bedroom Flat in London", "description": "We've got our cosy one bedroom flat for you in Shepherds Bush, Zone 2, close to Westfield Shopping Centre and the glamour of Chelsea, Notting Hill and Kensington.<br />Locally there is a large selection of restaurants & local pubs.<br /><br />Quiet location, it is an ideal place to stay for business or pleasure in London.<br />The extensive transport links make it a convenient base to explore the city.<br /><br /><b>The space</b><br />It's our beloved home what we keep clean and tidy at all time. It's a third floor flat with a splendid view of West London with all the amenities you need.<br /><br /><b>Guest access</b><br />The entire flat is for your comfort.", "host_name": "N\u00e1ndor", "host_id": 37495562, "host_url": "https://www.airbnb.com/users/show/37495562", "host_picture_url": "https://a0.muscache.com/im/users/37495562/profile_pic/1436036634/original.jpg?aki_policy=profile_x_medium", "neighbourhood_cleansed": "Hammersmith and Fulham", "latitude": 51.50732, "longitude": -0.2315, "property_type": "Entire rental unit", "room_type": "Entire home/apt", "accommodates": 2.0, "bathrooms": 1.0, "bedrooms": 1, "beds": 1, "amenities": ["Essentials", "Wifi", "First aid kit", "Washer", "Long term stays allowed", "Shampoo", "Fire extinguisher", "Smoke alarm", "Hair dryer", "Iron", "Carbon monoxide alarm", "Hangers", "Kitchen", "Heating", "Hot tub"], "price": 55.0, "numbers_of_review": 5, "review_scores_rating": 5.0, "reviews": [{"name": "Thomas", "date": "2016-05-28", "review": "We had a great time at the flat. A very comfortable little place in a great location just 5 mins from the tube. They did everything they could to make our stay there really comfortable. Great hosts! Thanks guys."}, {"name": "Max", "date": "2016-08-08", "review": "I had a wonderful time in this flat. From the beginning I felt very welcome and at home, and the flat itself is very nice. The location is also ideal, most parts of London can be reached very quickly from there. Very happy to have stayed there, thanks a lot! "}, {"name": "Petr", "date": "2016-08-17", "review": "Nandor was perfect! Even if there were complications on my side, he guided me and helped me with everything and I'm very thankful for that. Flat is very cozy and with every piece of equipment for nice vacation. Thank you!"}, {"name": "Iwan", "date": "2016-12-12", "review": "The hosts couldn't be more accommodating and pleasant in their welcome. Did everything they could to ensure our stay went well. Very clean and warm flat less than 5 minute walk from nearest tube station (shepherd's bush market ) and a further 5 minutes to Shepherd's Bush tube with plenty of local restaurants. Third floor flat so wouldn't recommend for anyone who struggles with stairs but otherwise would thoroughly recommend and would happily stay again when next in London."}, {"name": "Anna", "date": "2017-06-05", "review": "Nandor was a perfect host. He was all the time available for everything we might need. A great appartment also, fully equipped and perfectly clean. Near the tube station. I strongly recommend it! "}]}