{"id": 103682, "listing_url": "https://www.airbnb.com/rooms/103682", "name": "Newly upgraded! 2 private rooms, bath, kitchenette", "description": "Recently remodeled relaxing private space in a secure family townhouse with a Scandi, arty feel. <br /><br />Two private rooms, bathroom, and kitchenette. Sleeps up to five - perfect for family, friends, couple or business in Central London's hip East End! <br /><br />Located near Shoreditch, Canary Wharf, Queen Mary University, galleries, markets, shopping, pubs, parks and canals. Short journey to the West End. <br /><br />Guests with ID, photo, and reviews welcome.<br /><br />*We follow Airbnb COVID 19 cleaning guidelines.<br /><br /><b>The space</b><br />This listing is for a cosy guest bedroom and lounge which can comfortably accommodate up to 5 people:<br />- 1 bedroom (double bed + comfy sofa chair)<br />- New, private bathroom<br />- New, private kitchenette<br />- New, private lounge (with comfy futon sofa bed).<br />The space is light, clean and relaxing, accessible on the ground floor level in a uniquely designed, modern, 3 level London townhouse. <br /><br />Our house is cre", "host_name": "Rachel", "host_id": 540340, "host_url": "https://www.airbnb.com/users/show/540340", "host_picture_url": "https://a0.muscache.com/im/users/540340/profile_pic/1392156358/original.jpg?aki_policy=profile_x_medium", "neighbourhood_cleansed": "Tower Hamlets", "latitude": 51.5347, "longitude": -0.03215, "property_type": "Private room in townhouse", "room_type": "Private room", "accommodates": 5.0, "bathrooms": 1.0, "bedrooms": 2, "beds": 3, "amenities": ["Extra pillows and blankets", "First aid kit", "Fire extinguisher", "Hair dryer", "Hangers", "Dishes and silverware", "Essentials", "Shampoo", "Cooking basics", "Single level home", "Bed linens", "Carbon monoxide alarm", "Shower gel", "Wifi", "Heating", "Children\u2019s books and toys", "Long term stays allowed", "TV", "Host greets you", "Microwave", "Refrigerator", "Room-darkening shades", "Iron", "Hot water", "Washer", "Paid parking off premises", "Children\u2019s dinnerware", "Smoke alarm", "Dryer"], "price": 68.0, "numbers_of_review": 64.0, "review_scores_rating": 4.92, "reviews": [{"name": "Christina", "date": "2012-11-07", "review": "This was our first airbnb experience and we are happy we had such open minded and nice hosts! The place gives you a real feeling of east London. The area in general is vibrant and lots of nice markets are really close. \r<br/>Rachel and her husband  provided lots of great ideas and very helpful tips of what we could do. Chatting with them felt like talking with friends. \r<br/>I highly recommend staying at this place if you like to get into East London."}, {"name": "Damien", "date": "2017-08-13", "review": "Nice quite place, central located. You can hire bikes for cheap not far away from the house. Really kind people and  helpful. Highly recommended"}, {"name": "Marina", "date": "2017-09-30", "review": "The room is very big and it's a great opportunity to know more about the east London and also it's very close to the Bethanal Green station (central line). Rachel and your family are very nice. They made me feel like home. Rachel is a very nice person and she gave me a lot tips and indicated good places to go. The apartament is beautiful and very artistic. I strongly recommend!!"}, {"name": "Priyanka", "date": "2017-10-10", "review": "We had an amazing stay, really lovely people and the house and location is really nice as well. Almost felt like a home away from home.. will definitely stay here again. The house is organised to make the stay very comfortable and easy. Very generous family with their time and space."}, {"name": "Claire", "date": "2017-10-16", "review": "Rachel's home is perfect. Situated in a lovely neighbourhood and within a close proximity to both shops and the tube. Rachel was great at keeping in contact and ensured everything was right at all times for the stay. I would definitely stay here again and recommend to anyone looking!"}, {"name": "Sean", "date": "2017-10-21", "review": "I had a fantastic stay at Rachel's place! I booked the room just one day before checking in and Rachel was quick to contact me and arrange my stay. Rachel was traveling at the time, so her co-host Vyacheslav arranged to meet me at the house to hand me the key and show me around the house. The house is lovely and I felt very much at home. The room is huge and very comfortable! I really looked forwards to coming back to it after a long day out. Rachel and Vyacheslav were great hosts. They were very friendly and helpful in answering any questions I had about the house and I felt well taken care of. It was great to have met Rachel (virtually), and I would highly recommend a stay at her house."}, {"name": "Heidi", "date": "2017-10-24", "review": "Really cute place. Rachel was very helpful and quick to respond when emailing. The nearest tube is about 15 minutes away walking, which is good to consider when timing getting to and from places in central London. We had a great stay!"}, {"name": "Thierry En Adinda", "date": "2017-11-05", "review": "Rachel and Martin are very nice an open-minded people with good taste and great sense of humour. They know the good places around in London. The neighbourhood is very nice, you can see the real life at the east-end. Just a few minutes from bus and Underground that take you to the center of London. At night it was a very calm neighbourhood, what we appreciated. Thnx Rachel for your hospitality."}, {"name": "Laura", "date": "2017-11-12", "review": "Rachel\u2019s place was awesome, the room looked exactly as it did in the pictures. The house was really lovely and very clean & tidy. Location was great, super close to central London, safe & easy to get around and a short pleasant walk to transport links. Rachel & her family were very welcoming and perfect hosts! I loved my stay and would happily recommend to the air bnb community."}, {"name": "Nick", "date": "2017-11-19", "review": "Rachel y su familia son encantadores , una comunicaci\u00f3n r\u00e1pida y muy buena, la habitaci\u00f3n es lo suficientemente grande para 3/4 personas, limpia y c\u00f3moda , ba\u00f1o privado , ba\u00f1o con ducha en el segundo piso, y cocina en el tercero. La casa est\u00e1 en una zona tranquila y familiar, cerca de un Tesco (supermercado) a 15 minutos de un metro en una l\u00ednea principal, y a escasos minutos de una parada de bus, con buses que pasan cada 8 minutos y te dejan en el metro o bien cerca al centro . En general la casa est\u00e1 muy bien ubicada , zona 2. <br/>Rachel , estuvo muy pendiente de nosotros antes del viaje, y durante el viaje, nos ayud\u00f3 a llegar y con cualquier duda, lo recomiendo cien por cien, sin duda volver\u00eda a contar con ellos en un futuro viaje ."}]}