{"id": 10372509, "listing_url": "https://www.airbnb.com/rooms/10372509", "name": "Lovely bright flat opposite station", "description": "Beautiful, bright, clean flat with a big lounge, double bedroom, wooden floors and antique furniture. 2 minutes' walk from New Cross station. 6 mins' train ride to London Bridge, 15 mins to Shoreditch. All yours while we're traveling: mid May to mid June. LGBTQ-friendly.<br /><br /><b>The space</b><br />This flat is a great base from which to explore London, located right opposite New Cross station. It's in a converted Victorian terraced house, and is surprisingly quiet as it's up on the first floor. Big windows in both the living room and bedroom allow for lots of natural light. There's wooden flooring throughout, and superfast wifi.<br /><br />The living room is spacious with a big comfy couch, desk, smart TV (with Netflix), DVD player and all the usual kitchen facilities.<br /><br />The bedroom is a good-sized double with a wrought iron bed, great mattress, lots of wardrobe space, chest of drawers and full-length mirror.<br /><br />The bathroom is modern, bright and very clean. Towe", "host_name": "Amy", "host_id": 13942567, "host_url": "https://www.airbnb.com/users/show/13942567", "host_picture_url": "https://a0.muscache.com/im/pictures/user/1ed1bbde-7dba-4291-abc4-fe0b0a1469c0.jpg?aki_policy=profile_x_medium", "neighbourhood_cleansed": "Lewisham", "latitude": 51.47662, "longitude": -0.03323, "property_type": "Entire rental unit", "room_type": "Entire home/apt", "accommodates": 2.0, "bathrooms": 1.0, "bedrooms": 1, "beds": 1, "amenities": ["Essentials", "Wifi", "Washer", "Long term stays allowed", "TV", "Smoke alarm", "Hair dryer", "Carbon monoxide alarm", "Hangers", "Kitchen", "Heating", "Hot tub"], "price": 43.0, "numbers_of_review": 1, "review_scores_rating": 5.0, "reviews": [{"name": "Jonathan", "date": "2016-03-15", "review": "My partner and I were extremely happy with Amy's apartment - we stayed a full month and it was the perfect size for the two of us. Great location (close to London Bridge) with two train stations very close by. Fantastic facilities with a very modern bathroom and the bed was nice and comfy. Amy was very friendly and welcoming and even bought us breakfast which we really appreciated! Would definitely recommend her apartment to others!"}]}