{"id": 10376278, "listing_url": "https://www.airbnb.com/rooms/10376278", "name": "Single Room in family home", "description": "Single furnished room in a period detached property. Shared used of bathroom, kitchen, living & garden facilities. No smoking indoors.<br /><br />Wifi. Off street parking. On Bus route 120, linking to tube & rail. Easy access to Heathrow, M4/M25 & London", "host_name": "Alex", "host_id": 19693623, "host_url": "https://www.airbnb.com/users/show/19693623", "host_picture_url": "https://a0.muscache.com/im/pictures/user/31d8a155-a49b-4e8e-a1ba-47debb38e011.jpg?aki_policy=profile_x_medium", "neighbourhood_cleansed": "Ealing", "latitude": 51.49197, "longitude": -0.37059, "property_type": "Private room in home", "room_type": "Private room", "accommodates": 1.0, "bathrooms": 1.0, "bedrooms": 1, "beds": 1, "amenities": ["Essentials", "Wifi", "Washer", "Free parking on premises", "Long term stays allowed", "TV", "Hair dryer", "Iron", "Hangers", "Kitchen", "Heating"], "price": 23.0, "numbers_of_review": 13.0, "review_scores_rating": 4.77, "reviews": [{"name": "Ben", "date": "2016-01-27", "review": "Had a pleasant stay. Very welcoming and homely. Will definitely stay again."}, {"name": "Steve", "date": "2016-03-10", "review": "Alex was very welcoming and helpful. Good communication beforehand."}, {"name": "Steve", "date": "2016-04-13", "review": "Another very comfortable stay at Alex's house. He made me feel welcome. Will return again."}, {"name": "Steve", "date": "2016-05-13", "review": "Another comfortable stay. Good communication and made to feel welcome."}, {"name": "Adam", "date": "2016-05-24", "review": "Great location , perfect cleanliness of the home. The pleasure of drinking tea in the well-kept, large garden and effective escape from the hustle and bustle of London is difficult to overestimate. Alex is very friendly and professional. This is definitely a place that you can come back to.\r<br/>"}, {"name": "Bethany", "date": "2016-05-28", "review": "Alex and his housemates made me feel very welcome and were very accommodating for all my needs and timings. "}, {"name": "Stephen", "date": "2016-05-31", "review": " I stayed two nights at this address and it was an undoubtedly positive experience. The home is as beautiful and well presented as it looks on the photograph, both inside and out. I found the host, Alex, to be helpful and friendly. The house is very nice and well looked after and likewise the room itself. The bed was very comfortable as well. "}, {"name": "Krist\u00edna", "date": "2016-06-03", "review": "I really enjoyed my stay! It's a beautiful big house located really close to the Heathrow airport. The room was cozy and bed comfortable, I didn't miss anything. Alex was super nice, I'll be glad to stay if I need to wait for another connection flight sometime :)"}, {"name": "Christopher", "date": "2016-06-08", "review": "Short but sweet experience. Alex was very patient as my flight was delayed into Heathrow but he was kind enough to wait up until I arrived close to midnight. Kept in touch by text. I happened to be on the sofa bed but slept well in a quiet room."}, {"name": "Lauren", "date": "2016-06-20", "review": "Alex was the most welcoming and accommodating host! He was patient with me as I adapted to the new experience and offered lots of helpful and exciting information which helped me enjoy my stay. The room I stayed in was clean, private and cozy. It offered quick access to Heathrow, plus buses & underground."}]}