{"id": 103865, "listing_url": "https://www.airbnb.com/rooms/103865", "name": "Double Room Ensuite Garden Room", "description": "Self-contained double en suite in large house, ideal for professional who wants to cut the London commute. The garden room has double bed, shower, loo, hand basin and  wireless broadband. As well as the room you would have shared access to living room, kitchen and garden. Easy access to the the city, west end, Heathrow and Gatwick (residents parking can be arranged)<br /><br /><b>The space</b><br />We are in a nice residential area with good local pubs, restaurants and excellent transport links. We are 1 mile away from Europe's largest indoor shopping center (Westfield) and 2 minutes from the river Thames. We are close enough to the get to the traditional tourist areas but far enough away to mix with locals if you want.", "host_name": "Richard", "host_id": 492218, "host_url": "https://www.airbnb.com/users/show/492218", "host_picture_url": "https://a0.muscache.com/im/pictures/user/cb287486-9825-45a7-bcc0-4e433abcff8c.jpg?aki_policy=profile_x_medium", "neighbourhood_cleansed": "Hammersmith and Fulham", "latitude": 51.4866, "longitude": -0.22458, "property_type": "Private room in home", "room_type": "Private room", "accommodates": 1.0, "bathrooms": 1.0, "bedrooms": 1, "beds": 1, "amenities": ["Washer", "Long term stays allowed", "Fast wifi \u2013 89 Mbps", "Smoke alarm", "Hair dryer", "Lockbox", "Iron", "Indoor fireplace", "Dryer", "Kitchen", "Heating"], "price": 103.0, "numbers_of_review": 6, "review_scores_rating": 5.0, "reviews": [{"name": "Michael", "date": "2022-07-09", "review": "I had a terrific stay at Richard\u2019s. The property is clean and comfortable, and within walking distance of Hammersmith station. The house is also well equipped with all modern facilities, and Richard was always a pleasure to deal with. I\u2019d highly recommend!"}, {"name": "Margherita", "date": "2022-10-06", "review": "Really lovely stay at Richard\u2019s home. He was communicative, easy going, the place was clean and a great space to stay at during London travels. Highly recommend."}, {"name": "Line Johanne", "date": "2022-11-14", "review": "Har v\u00e6ret hos Richard i lidt over en m\u00e5ned. Dejligt sted og Richard er en meget god v\u00e6rt."}, {"name": "Dana", "date": "2023-09-30", "review": "Everything was so great! It was in the perfect location for what I needed. Richard was very kind and helpful, and the room was exactly as expected."}, {"name": "Dana", "date": "2023-10-16", "review": "The place is exactly like in the photos. It was easy to find and access, close to different means of public transport, near the Thames. Richard is a great host and I enjoyed staying there. Thank you!"}, {"name": "Alli", "date": "2023-11-05", "review": "I stayed at Richards house for a week as I was doing an event at Olympia. It was the perfect location - just 20 mins from Olympia in a really nice neighbourhood, quiet and easily accessible from the A4/M4.<br/>I could also park my vehicle easily for a pretty good cost per day for the week - that was another godsend as it can be tricky and expensive in London. Richards house was nice and he was super easy to get along with. The room is simply decorated, clean and a good size with a private bathroom which was great.  There is a Tesco express nearby for groceries and some nice restaurants/take aways within 5 mins. I really liked Kenta, a Japanese restaurant just around the corner.  I would definitely stay again. Oh and Hammersmith tube is just about 5-10 mins walk."}]}