{"id": 1038126, "listing_url": "https://www.airbnb.com/rooms/1038126", "name": "Crayford - Camden Islington", "description": "Impressive one bedroomed split-level flat offers ample living space in stylish surroundings and boasts naturally bright rooms and wood floors.<br /><br /><b>The space</b><br />This impressive one bedroomed split-level flat offers ample living space in stylish surroundings and boasts naturally bright rooms and wood floors.<br />Stylishly combining charming period features and contemporary d\u00e9cor, this spacious one bedroomed flat is presented in excellent condition.<br />Arranged over three floors of a wonderful period conversion, the property comprises reception room with wood floors, kitchen, bedroom with ample storage and a nice bathroom.<br />The property is entered at street level via a communal entrance hall and stairs to the first floor.<br />The Reception Room has front-aspect sash window, storage cupboard, wiring for ceiling light, wood floor. The Kitchen has rear-aspect sash window, stainless steel sink and drainer unit with chrome mixer tap over, four ring gas hob with extracto", "host_name": "Grazia", "host_id": 5389343, "host_url": "https://www.airbnb.com/users/show/5389343", "host_picture_url": "https://a0.muscache.com/im/users/5389343/profile_pic/1362856917/original.jpg?aki_policy=profile_x_medium", "neighbourhood_cleansed": "Islington", "latitude": 51.55514, "longitude": -0.12581, "property_type": "Private room in rental unit", "room_type": "Private room", "accommodates": 4.0, "bathrooms": 1.0, "bedrooms": 1, "beds": 1, "amenities": ["Essentials", "Wifi", "Hot water", "Washer", "Oven", "Long term stays allowed", "TV", "Host greets you", "Refrigerator", "Cooking basics", "Hair dryer", "Paid parking on premises", "Hangers", "Kitchen", "Heating"], "price": 102.0, "numbers_of_review": 19.0, "review_scores_rating": 4.74, "reviews": [{"name": "Kim", "date": "2013-06-29", "review": "Tr\u00e8s bon s\u00e9jour, l'appartement est vraiment fiable au niveau des photos. N\u00e9anmoins il n'y a pas le wifi ce qui \u00e9tait un me contraignant ! "}, {"name": "Amanda", "date": "2013-09-16", "review": "Our stay in Crayford's flat was absolutely great. The flat is big, comfortable and beautiful. The neighbourhood is friendly and very accessible through public transport. Grazia was an excellent host. She and her son provided us always the information needed. We enjoy a lot the almost three months that we stayed there. My husband and I absolutely recommend this flat to stay in London feeling as comfortable as home.    "}, {"name": "Maia", "date": "2014-08-26", "review": "I loved staying here.  It really felt like home.  It had everything I needed and was very comfortable!"}, {"name": "Lea", "date": "2014-09-30", "review": "Great stay! The flat is even better than you can see from the pictures. Beautiful and clean, with bus and tube to all London spots nearby. Grazia's son, Simone, was very kind and responsive since before we arrived. Really recommend!"}, {"name": "Ho", "date": "2015-09-23", "review": "Simone and Grazia are fantastic hosts for the past 6 months that we rented their home. It was a very comfortable and spacious house along beautiful Crayford road in Islington. We appreciated their prompt response whenever we had a query - before and during our stay. Thank you for sharing your home with us! "}, {"name": "Rob", "date": "2015-11-09", "review": "Excellent host with an excellent flat. Simone was really helpful and responsive. Would recommend highly.\r<br/>\r<br/>Rob Rea"}, {"name": "Clementine", "date": "2016-05-04", "review": "Appartement sale , accueil tr\u00e8s bref pas de pr\u00e9sence de l'h\u00f4te au moment du d\u00e9part . \r<br/>Probl\u00e8me de gaz au milieu du s\u00e9jour. Tr\u00e8s insatisfaite de l'h\u00f4te "}, {"name": "Burcu", "date": "2016-07-16", "review": "Nice house in a great location, \u0131 recommend to everyone, also Grazia is very helpfull and kind"}, {"name": "Johnpaul", "date": "2016-09-05", "review": "I stayed in her House for 7 weeks in this summer to study English and I highly recommend it!!!!!\r<br/>It has wonderful location to reach at city centre by bus(n. 29) and by tube. And this area is one of safety zone in London because the policeman's family houses are behind of the house. What's more it has everything what you need in the house. I think that you can't find any other house that has everything with this reasonable price in London. And of course, the hosts, Grazia e Simone will give you very details to arrive and to stay and also will make you to feel at home. \r<br/>If I have another chance to stay in London I definitely try to stay at Grazia's house. \r<br/>I really appreciate to Grazia and Simone. "}, {"name": "Derya", "date": "2017-07-15", "review": "I recommend Grazia's home. It was a nice place, peaceful and safe. Grazia thank you for your host."}]}