{"id": 10385275, "listing_url": "https://www.airbnb.com/rooms/10385275", "name": "Studio Flat in Richmond", "description": "Central modern studio flat on Richmond Hill, with wooden floors, Wireless internet, 40 inch HD TV, Apple TV, Netflix, oven, microwave. <br /><br />Very close to shops, river Thames, Richmond Park and train station - 20 minutes commute to central London.<br /><br /><b>The space</b><br />Charming studio located in the heart of Richmond, London's most attractive borough.<br /><br /><b>Guest access</b><br />Full access to entire Apartment.", "host_name": "Axel", "host_id": 9398627, "host_url": "https://www.airbnb.com/users/show/9398627", "host_picture_url": "https://a0.muscache.com/im/users/9398627/profile_pic/1381673643/original.jpg?aki_policy=profile_x_medium", "neighbourhood_cleansed": "Richmond upon Thames", "latitude": 51.45629, "longitude": -0.30379, "property_type": "Entire rental unit", "room_type": "Entire home/apt", "accommodates": 2.0, "bathrooms": 1.0, "bedrooms": null, "beds": 1, "amenities": ["Essentials", "Wifi", "Washer", "Long term stays allowed", "Shampoo", "TV", "Smoke alarm", "Hair dryer", "Iron", "Dryer", "Hangers", "Kitchen", "Heating"], "price": 50.0, "numbers_of_review": 2.0, "review_scores_rating": 5.0, "reviews": [{"name": "Cristiana", "date": "2016-02-15", "review": "Very nice & clean apartment close to shops, and transport into the city! Axel was very friendly, accommodating and quick to answer any question I had. Just 5 minutes from Richmond Park! I would recommend this apartment to anyone considering a stay in London."}]}