{"id": 1039149, "listing_url": "https://www.airbnb.com/rooms/1039149", "name": "Victorian flat in Chelsea - 3.3m ceiling, 55sq m", "description": "Due to \u201c90-day per year\u201d rule in London the flat may show very limited availability, but it\u2019s not always accurate. Send me a message with your dates if you\u2019d like to stay.<br /><br />Central London (Kensington and Chelsea area), 1 min walk to the metro station Earls Court (8 min direct line to Piccadilly Circus, direct line from Heathrow - 40 min).<br />The property sleeps four with comfort<br /><br /><b>The space</b><br />The apartment is on a raised ground floor in the traditional Victorian house.  Bay windows, high ceiling (3.3 meters).  May sleep up to 4 adults and 1 young kid (1-5 years old). <br />Very spacious living room with L-shape sofa bed (can unfold into a comfortable sleeping place for two), 40' Sony LCD TV, cable TV with lots of channels, DVD player.  Open plan kitchen with all kitchen and dining necessities, built-in washing machine.  Bedroom with a superking size bed (2.2x2.2m), big bathroom with a bath tab.  All furniture is made from solid wood, modern and new. <br /", "host_name": "Veronica", "host_id": 5721067, "host_url": "https://www.airbnb.com/users/show/5721067", "host_picture_url": "https://a0.muscache.com/im/pictures/user/f5bfb0c1-7e3f-4eae-b2f3-96d1ff0070a1.jpg?aki_policy=profile_x_medium", "neighbourhood_cleansed": "Kensington and Chelsea", "latitude": 51.48814, "longitude": -0.19705, "property_type": "Entire rental unit", "room_type": "Entire home/apt", "accommodates": 4.0, "bathrooms": 1.0, "bedrooms": 1, "beds": 2, "amenities": ["Essentials", "Wifi", "Oven", "Washer", "Long term stays allowed", "Shampoo", "Building staff", "TV with standard cable", "Microwave", "Refrigerator", "Cooking basics", "Smoke alarm", "Hair dryer", "Iron", "Carbon monoxide alarm", "Hangers", "Kitchen", "Cable TV", "Heating", "Dishes and silverware"], "price": 150.0, "numbers_of_review": 28.0, "review_scores_rating": 4.73, "reviews": [{"name": "Sarah", "date": "2013-11-16", "review": "I stayed for approximately 8 weeks in the flat from Sept-Nov.  Everything is perfect with the flat.  It is in a great location since it is only a block from the train station and in zone 1, cozy temperature, tons of storage and very convenient in all aspects.  If I come back to London, I wouldn't hesitate to book the same flat again.  There were no negatives at all."}, {"name": "Nik Sorfina Najwa", "date": "2013-12-30", "review": "beautiful apartment and you can't get a better location than this in central london. highly recommended! Veronika wasn't around but her neighbour Justina was a big help :)"}, {"name": "Laurence", "date": "2014-06-02", "review": "We had a really nice time in Veronika's flat. Great location, extremely close to Earl's Court tube station, shops and the Thames for nice runs in the morning. The flat is roomy and very homely. Though we never met Veronika, she was always quick to respond via email and very flexible. I definitely advise that flat.\r<br/>"}, {"name": "Joy", "date": "2014-06-26", "review": "We really enjoyed our stay in Veronika's apartment while we were in London. It is very spacious and very clean. <br/>We were welcomed by Veronika and her neighbor, Justina. If we had any problems, we were to contact Justina but there was no need during our stay. <br/>The apartment is a minute walk from the underground and a short walk away from MANY caf\u00e9s and restaurants.  Also, there is a huge Tesco (supermarket) close by. <br/>Thank you Veronika for hosting us!"}, {"name": "Chantal", "date": "2014-07-01", "review": "Chez Veronika, pas de contraintes horaires pour l'arriv\u00e9e et le d\u00e9part. La sympathique Justine est l\u00e0 pour s'occuper du check in. Si vous avez une question un e mail \u00e0 Veronika qui r\u00e9pond tr\u00e8s rapidement. L'appartement est bien situ\u00e9, proche du m\u00e9tro et d'un arr\u00eat de bus. Une sup\u00e9rette (Mark and Spencer) \u00e0 proximit\u00e9 o\u00f9 l'on trouve de la baguette fran\u00e7aise et de d\u00e9licieux cookies.\r<br/>L'appartement est bien \u00e9quip\u00e9 et confortable. Londres est une ville tr\u00e8s agr\u00e9able."}, {"name": "Makar", "date": "2014-07-17", "review": "Veronika was very helpful with her tips about where to get things and how to get there. The apartment is very convenient, being so close to the underground and to various food outlets. I highly recommend it for a stay in London."}, {"name": "Jindra", "date": "2014-07-23", "review": "The flat looks exactly the same as on the pictures. Very convenient  apartment, I really appreciated reliable and almost online communication with Veronika. Perfect location, underground station even closure than 2 minutes walk!"}, {"name": "Cherie", "date": "2014-08-04", "review": "The Victorian Flat in Chelsea was wonderful.  Veronika made arrangements for the people in the upstairs to meet us and give the keys which worked out really well.  She is very quick at reponding to any inquires. The tube at Earl's Court was less than a block away and we could get a direct ride from the airport to the flat and everywhere else we needed to go.  The washing machine was handy since we did not have our luggage the first few days.  Shopping and restaurants were very close.  The pull out bed in the living room and the one in the bed room were both comfortable.  The back bedroom was very quite. It was nice to have a refrigerator.  All in all a great experience!"}, {"name": "Jen", "date": "2016-11-28", "review": "Very central location-very close to the tube. Safe, well lit up area. Very clean and comfortable. Also lovely and warm-heating was on most of the time which was lovely. Would definitely recommend."}, {"name": "Rafa", "date": "2016-12-08", "review": "Perfecta ubicaci\u00f3n, muy c\u00f3modo, situaci\u00f3n inmejorable. Muy recomendable."}]}