{"id": 10399925, "listing_url": "https://www.airbnb.com/rooms/10399925", "name": "Large double room, perfect location", "description": "Ground floor flat with access to private back-yard garden, and shared space in front. Room is perfect spot to recharge as you explore London - 10 minutes walk from Kings Cross, 12 minutes to Angel, Islington and 2 minutes onto the canal for Camden.", "host_name": "Amina", "host_id": 14911688, "host_url": "https://www.airbnb.com/users/show/14911688", "host_picture_url": "https://a0.muscache.com/im/pictures/user/abde6465-336f-4a42-bf0f-fbeb55c3f368.jpg?aki_policy=profile_x_medium", "neighbourhood_cleansed": "Islington", "latitude": 51.53347, "longitude": -0.11515, "property_type": "Private room in rental unit", "room_type": "Private room", "accommodates": 2.0, "bathrooms": 1.0, "bedrooms": 1, "beds": 1, "amenities": ["Essentials", "Wifi", "First aid kit", "Long term stays allowed", "TV", "Smoke alarm", "Hair dryer", "Iron", "Kitchen", "Heating"], "price": 41.0, "numbers_of_review": 2, "review_scores_rating": 4.5, "reviews": [{"name": "Gosia", "date": "2016-02-01", "review": "The room is cosy and the apartment is comfortable. It was a nice stay. "}, {"name": "John", "date": "2016-02-05", "review": "Nice apartment centrally located."}]}