{"id": 10397875, "listing_url": "https://www.airbnb.com/rooms/10397875", "name": "Stroll to Covent Garden from a Tranquil City Base", "description": "**PLEASE READ HOUSE MANUAL AND MAKE CONTACT BEFORE BOOKING**<br /><br />Wake up feeling refreshed in a modern private room in a flat moments away from the River Thames in one of London's most historic areas. The bedroom's modern design, custom furniture, and luxury finishes enhance the minimalist charm, while offering modern technology throughout.  The flat is on the first floor (one floor above street level) with around 25 stairs, and no lift/elevator. All windows have secondary glazing so the flat is quiet despite being on a busy street.", "host_name": "Ian", "host_id": 4325599, "host_url": "https://www.airbnb.com/users/show/4325599", "host_picture_url": "https://a0.muscache.com/im/pictures/user/e1fd3640-b95e-4a9d-97e9-93aa557d418f.jpg?aki_policy=profile_x_medium", "neighbourhood_cleansed": "Westminster", "latitude": 51.50886, "longitude": -0.12293, "property_type": "Private room in rental unit", "room_type": "Private room", "accommodates": 2.0, "bathrooms": 1.0, "bedrooms": 1, "beds": 1, "amenities": ["Wifi", "Coffee maker", "Paid parking off premises", "Washer", "TV", "Smoke alarm", "Hair dryer", "Bathroom essentials", "Iron", "Carbon monoxide alarm", "Self check-in", "Heating", "Bedroom comforts", "Air conditioning"], "price": 140.0, "numbers_of_review": 86.0, "review_scores_rating": 4.87, "reviews": [{"name": "Kerry", "date": "2016-01-17", "review": "A lovely relaxing stay. Really enjoyed and would highly recommend anyone to stay. Very comfortable and very welcoming. "}, {"name": "Kelly", "date": "2016-01-18", "review": "What a wonderful, clean and comfortable room in an excellent location. Everything is just as described.  Nothing was too much trouble for Ian, he is a lovely host. He didn't even object to me needing the ironing board and iron at 6am for my early start. I can't recommend this room highly enough."}, {"name": "Heather", "date": "2016-01-29", "review": "Ian was a great host and full of helpful tips on the local area. He was very friendly and made me feel welcome when I arrived.\r<br/>The apartment is in an amazing location so it's easy to walk everywhere within Central London and tube and train stations are in easy reach.\r<br/>Next time I'm in London I'll definitely choose to stay here again, I can't rate it more highly.\r<br/>"}, {"name": "Aurora", "date": "2016-02-01", "review": "Exellecent!!\r<br/>The place is well-located, so moving around London is easy.\r<br/>The room and bathroom were perfect (very clean and quiet) although the street is noisy. \r<br/>Ian was extremely kind and helped me to organize my trip back home.\r<br/>I felt like being at home.\r<br/>"}, {"name": "Maddy", "date": "2016-02-08", "review": "My boyfriend and I had a great stay at Ian's apartment. The room was lovely and the apartment is in such a great location. Ian was a great host and made us feel very welcome, would definitely stay again."}, {"name": "Marcin", "date": "2016-02-12", "review": "It was third time I stayed at Ian place, this time in different room - It was great. "}, {"name": "James", "date": "2016-02-16", "review": "Apartment was incredibly clean and had everything you could need. The location was perfect; surrounded by shops, restaurants, bars and 2 tube stations. The host was friendly and helpful when we needed I formation."}, {"name": "Sapan", "date": "2016-02-28", "review": "My second time here and I shall continue to come here. Immaculate place. Great location and a gentleman host! Most recommended!!"}, {"name": "Leo", "date": "2016-03-02", "review": "It was very meaningful tour because this tour with my wife was the first time since I got married on 1994year. My wife has many experience for hotel accommodation due to she worked for flight attendant for a long time. So we decided to select any nice guest house in London for our special tour and Ian\u2019s house was perfect for us, especially my wife liked very much. We could go and come by walking for every famous places with arm and arm and lovely chatting because the house was located in the middle of the famous places.\r<br/>I felt that Ian was not much talkative but very kind and thoughtful person, especially he knows and understands about oriental people whose behavior is very much different from western one because he lived Singapore 4 years(he told me). I would like to recommend Ian\u2019s house if you want to get in reasonable place. My wife and I will go Ian\u2019s house if we have another chance to go to London.     \r<br/>"}, {"name": "Ella", "date": "2016-03-12", "review": "Was an absolutely fabulous experience, very warm and inviting"}]}