{"id": 10401320, "listing_url": "https://www.airbnb.com/rooms/10401320", "name": "Lovely Garden Studio Private Access", "description": "Garden studio with private entrance, 5 min walk from Crouch End & its many shops & restaurants. All modern amenities: Wifi, Freeview TV, small fridge.  Lots of room & very quiet!  Rest assured, we are taking our already strict cleaning procedure up a notch in response to COVID-19. We use the same, professional cleaner between stays, have added extra time between bookings, & are following Airbnb's COVID-19 Cleaning protocols.  Regretfully, we are unable to host guests who are self-isolating.<br /><br /><b>The space</b><br />Beautiful studio with a king size bed, a sofa & coffee table.  Little kitchen area, equipped with a toaster, kettle, fridge, and cups, bowls, cutlery plates & biscuits! Light, self-service breakfast provided. Nice lighting and art, and a place for your suitcase and to hang your clothes. Blackout curtains for peaceful sleep. Studio is equipt with a an electric, thermostatic heater, and a  tower fan provided in the Summer.<br /><br /><b>Guest access</b><br />Once you h", "host_name": "Jenny", "host_id": 16148175, "host_url": "https://www.airbnb.com/users/show/16148175", "host_picture_url": "https://a0.muscache.com/im/pictures/user/7e863380-b231-4bf5-875b-841abe331709.jpg?aki_policy=profile_x_medium", "neighbourhood_cleansed": "Haringey", "latitude": 51.58313, "longitude": -0.12217, "property_type": "Private room in guesthouse", "room_type": "Private room", "accommodates": 2.0, "bathrooms": 1.0, "bedrooms": 1, "beds": 1, "amenities": ["First aid kit", "Fire extinguisher", "Hair dryer", "Private entrance", "Hangers", "Dishes and silverware", "Essentials", "Patio or balcony", "Free parking on premises", "Shampoo", "Free street parking", "Bed linens", "EV charger", "Shower gel", "Wifi", "Heating", "Coffee maker", "Long term stays allowed", "TV", "Host greets you", "Refrigerator", "Iron", "Lock on bedroom door", "Breakfast", "Hot water"], "price": 81.0, "numbers_of_review": 229.0, "review_scores_rating": 4.95, "reviews": [{"name": "Amie", "date": "2016-03-16", "review": "Fantastic host, fantastic location and fantastic accommodation ! As you can tell we really enjoyed our stay with Jenny. Both her, Kenny and her children made us feel very welcome and made sure we had everything we needed from pastries to wine! The accommodation was extremely comfortable with the comfiest bed! The location was great with a bus stop right outside and Finsbury Park station not far. All amenities close too. We will definitely be back to stay on our next visit to London! Thank you! X"}, {"name": "David", "date": "2016-04-24", "review": "Jenny and Kenny were fantastic hosts. Their accommodation was as described and located at the bottom of their lovely garden. This gave both parties plenty of privacy yet accessibility. The accommodation was cosy, clean and spacious enough. The breakfast items, milk, fresh fruit were greatly appreciated and wine was a kind gesture. There were plenty of guide books and transportation information. \r<br/>\r<br/>The local 'town centre' of Crouch End with all it's eateries and shops was a five minute stroll with plenty on offer for all tastes. Buses were literally on the doorstep. We felt very safe in the locality, even on our late night returns.\r<br/>\r<br/>Jenny and Kenny have got their set up just right. Both being happy to help with advice on what to do and the best ways of getting about. Kenny was kind enough to give us a lift to a rather obscure location that would have been tricky to reach via public transport.\r<br/>\r<br/>We had a great time there and would thoroughly recommend a stay here."}, {"name": "Lorna", "date": "2016-05-02", "review": "We had a fantastic two day stay with Jenny and Kenny, whilst visiting our son and grandson in Highgate. We were given an extremely warm welcome by Jenny and her daughter Martha and the studio lived up to all our expectations, extremely clean, well layer out and gave us everything we needed. Breakfast was lovely, with cereals, toast and pastries on offer, and the complimentary bottle of wine is a lovely gesture.<br/>We will definitely be back on our next visit to London, thank you for a lovely stay you have got things just right.<br/>Lorna and  Nigel from Devon -  30 April/2 May"}, {"name": "Clara", "date": "2016-05-07", "review": "It has been a pleasure stay in Jenny's studio, they made us feel like home. Great location and lovely decoration for our three day home. Everything was so clean and the breakfast was so complete with lovely details. They even gave us a present for my boyfriends birthday. I just can recommend the place and thank Jenny and her family."}, {"name": "Anni", "date": "2016-05-23", "review": "Majoitus vastasi kuvausta ja ylitti jopa odotuksemme. Kaipasimme kiireisen Lontoon keskustassa vietetyn viikon j\u00e4lkeen rauhaa ja sit\u00e4 majoitus todella tarjosi! Pihalla lauloivat linnut ja orava temppuili puissa. Jenny ja Kenny saivat meid\u00e4t tuntemaan olomme tervetulleiksi ja kertoivat meille vinkkej\u00e4 ravintoloista sek\u00e4 kuinka liikkua paikasta toiseen. Kaksi y\u00f6t\u00e4 skandinaavistunnelmallisessa 'm\u00f6kiss\u00e4' olivat ihania. Suosittelemme l\u00e4mpim\u00e4sti!"}, {"name": "Georgia", "date": "2016-05-27", "review": "This place was perfect for what we needed. The bed was super comfy - we both slept like babies - and the shower was nice. Everything was spotlessly clean and they had gone to a lot of effort to leave lots of special touches. We didn't get to eat the pastries or drink the wine but both were greatly appreciated."}, {"name": "Jim", "date": "2016-06-05", "review": "We really enjoyed staying in the \"Shed\" for 6 nights.  The accommodation was exactly as shown, modern, bright, clean, beautifully decorated & well equipped.  Our hosts were very helpful. Crouch End is really nice, lots of local shops and places to eat.\r<br/>Thank  you Jenny, Kenny & family.\r<br/>"}, {"name": "Irma", "date": "2016-06-09", "review": "Een zeer geslaagde stedentrip mede door het prachtige woninkje wat we hadden gehuurd bij Jenny.\r<br/>Alles was prima voor elkaar en we voelden ons zeer welkom. Voor vragen konden we altijd bij haar terecht.\r<br/>Het staat in een rustige Londense wijk met op loopafstand winkels en restaurants. \r<br/>Met een bushalte voor de deur ben je snel bij de metro en overige bezienswaardigheden.\r<br/>Een aanrader!\r<br/>\r<br/>"}, {"name": "Jonah", "date": "2016-06-13", "review": "Great getaway spot for any couple! We loved this little haven tucked away in the adorable crouch end neighborhood. The area hosts so many unique eateries and bakeries and is very quiet after walking all day in the city. We loved the complimentary breakfast bagels and felt like we got a true bed and breakfast experience. Very clean and had everything we needed and appreciated the flexibility with checking in and out. Highly recommend staying here! "}, {"name": "Mar\u00eda", "date": "2016-06-20", "review": "Jenny and her family gave my parents and me a warm welcome and they tried in every moment to make they feel confortable and their stay wonderful. The place is superb and my parents really enjoyed this beatiful studio and nice garden. I highly recommend it in beatiful Crouch End."}]}