{"id": 10408740, "listing_url": "https://www.airbnb.com/rooms/10408740", "name": "Trendy 2 bedroom flat in Shoreditch", "description": "A new, modern and spacious 2 bedroom/2 bathroom apartment situated in the heart of East London - 5 minutes from Shoreditch, 5 minutes from Dalston, 10 minutes from Islington and 15 minutes from Oxford Circus.<br /><br />There is a gym and sauna too!<br /><br /><b>The space</b><br />The space is a converted Victorian school and is recently refurbished. There are very high ceilings, floor-to-ceiling windows, modern bathrooms and an open kitchen with all new appliances. <br /><br />There are two large bedrooms, two bathrooms, a large living room with sofa, full kitchen, washer/dryer, 50\" TV with satellitte channels, a gym with sauna, car park and garden.<br /><br />It is also very near to all public transport.<br /><br /><b>Guest access</b><br />You will be able to access all of the property including the gym and car park.<br /><br /><b>Other things to note</b><br />You are right in the heart of East London with great restaurants, bars and clubs nearby.", "host_name": "Joseph", "host_id": 7807701, "host_url": "https://www.airbnb.com/users/show/7807701", "host_picture_url": "https://a0.muscache.com/im/pictures/user/bbea0bfa-1443-486b-9fd8-fc18d1f7b745.jpg?aki_policy=profile_x_medium", "neighbourhood_cleansed": "Hackney", "latitude": 51.54002, "longitude": -0.07955, "property_type": "Entire rental unit", "room_type": "Entire home/apt", "accommodates": 4.0, "bathrooms": 2.0, "bedrooms": 2, "beds": 2, "amenities": ["Essentials", "Wifi", "Washer", "Free parking on premises", "Shampoo", "Elevator", "TV with standard cable", "Long term stays allowed", "Smoke alarm", "Carbon monoxide alarm", "Dryer", "Hangers", "Kitchen", "Cable TV", "Heating", "Gym"], "price": 148.0, "numbers_of_review": 6, "review_scores_rating": 4.83, "reviews": [{"name": "Holly", "date": "2016-01-21", "review": "Joseph was the perfect host - his flat was super stylish and fully equipped with everything we needed for our stay. It was very handy for everywhere we wanted to be - Dalston and Shoreditch are just a short stroll away. Joseph was quick to respond to all enquiries, reliable and very friendly. We will definitely be back next time we are in London! Thanks for a great stay Joseph!"}, {"name": "Megan", "date": "2016-03-29", "review": "Joseph's apartment in Haggerston, London was perfect! My friend and I stayed there for a month while we were working in London and immediately felt at home in the apartment. The transport links are great, there are tons of shops and restaurants around and Joseph was always super quick to respond to any questions we had. "}, {"name": "Lucy", "date": "2016-07-03", "review": "Joseph's apartment was perfect for our requirements.\r<br/>\r<br/>It was nice and clean with plenty of space for all guests and had everything we needed for an enjoyable stay.\r<br/>\r<br/>Plenty of amenities nearby and a short walk to bars and restaurants in the area. The overground is literally a 2 minute walk away and plenty of buses run from the main road.\r<br/>\r<br/>The apartment block is very secure and easy to find and Joseph was always on hand by phone if we needed anything at all. He met us when we arrived to show us around and how things worked.\r<br/>\r<br/>All in all, could not have had a better experience staying in his stylish flat. I would highly recommend. "}, {"name": "Wim", "date": "2016-08-12", "review": "Joseph was zelf niet aanwezig tijdens ons verblijf maar laat zich wel omringen door fantastische mensen die ervoor zorgen dat je aankomst en verblijf aangenaam verloopt. \r<br/>Hij was wel telkens via mail en telefoon direct aanspreekbaar. Helaas was er een probleem met het internet. Zowel hij als zijn entourage hebben er alles aan gedaan om het probleem te verhelpen. Het mocht niet baten, maar we waardeerden hun inspanningen enorm. \r<br/>Het appartement was perfect gelegen om London te verkennen. Het was steeds aangenaam thuiskomen na een vermoeiende dag. \r<br/>Zeker aan te raden als je niet direct in het drukke centrum van Londen wil verblijven, maar toch wil genieten van alle voorzieningen op wandelafstand. Bedankt Joseph!"}, {"name": "Tim", "date": "2016-12-08", "review": "Great place in every way<br/>Pleasure to deal with Joseph<br/>Would recommend to anybody <br/>Big thank you"}, {"name": "Jesper", "date": "2016-12-12", "review": "This modern apartment in an old school building is really nice, even better than we expected. its located in the cute area haggerston with loads of small restaurants/caf\u00e9s and just a short walk to Shoreditch. Joseph replied to our messages very fast. We can definitely see ourselves staying here again! "}]}