{"id": 10400391, "listing_url": "https://www.airbnb.com/rooms/10400391", "name": "Little house in Peckham", "description": "Lovely little house in a secluded mews, in the heart of vibrant Peckham.<br />The house itself has been recently refurbished, it has one bedroom, a sitting room, kitchen, dining room and bathroom, perfect for a couple.<br /><br />Communal garden<br /><br /><b>The space</b><br />Choumert Square is a small residential street in the centre of Peckham, known for its victorian cottages and wonderful gardens.", "host_name": "Simon And Mary", "host_id": 12351343, "host_url": "https://www.airbnb.com/users/show/12351343", "host_picture_url": "https://a0.muscache.com/im/pictures/user/d66ecb1b-fa2c-4b41-b76c-18afd49e8e94.jpg?aki_policy=profile_x_medium", "neighbourhood_cleansed": "Southwark", "latitude": 51.46733, "longitude": -0.07025, "property_type": "Entire home", "room_type": "Entire home/apt", "accommodates": 2.0, "bathrooms": 1.0, "bedrooms": 1, "beds": 1, "amenities": ["Essentials", "Wifi", "Washer", "Long term stays allowed", "Smoke alarm", "Hair dryer", "Indoor fireplace", "Hangers", "Kitchen", "Heating"], "price": 79.0, "numbers_of_review": 35.0, "review_scores_rating": 4.83, "reviews": [{"name": "Beth", "date": "2016-03-31", "review": "Absolutely incredible! Huge thanks to Simon and Mary. We did not get the chance to meet them, but they were extremely friendly/easy to communicate with and their house was perfect. Cozy and in a perfect location. Highly recommend staying here if you are new to London or just want a relaxing time in a cute environment."}, {"name": "Sergio", "date": "2016-04-24", "review": "The house was very comfortable for our party of the two. Very well equipped and supplied. The bed is fantastic. One feels at home. Owner was very supportive. Agreeable neighborhood, full of nice restaurants and grocery stores. Two minutes walking from the overground station and 15 minutes by train from Victoria Station. "}, {"name": "Dean", "date": "2016-05-31", "review": "Simon was a fantastic host, his place was amazing and he went above and beyond the call of duty to make me and my girlfriend feel comfortable and welcome, I definitely recommend staying if you get the chance to! Thanks Simon."}, {"name": "Brad", "date": "2016-06-16", "review": "After a little mishap of a faulty lock and key, all was as described. Great location, peaceful and lovely neighbours. Travel into London in ten minutes to Victoria station. Local restaurants are all walking distance, so after heavy site seeing all day you can relaxe locally and stroll home. Great house."}, {"name": "Claire", "date": "2016-06-26", "review": "Simon and Mary's house is adorable and so typically British. It's located in a safe and lively neighborhood with easy access to the center of London. The house is in a lovely private street and very clean, ideal for a couple. They have great taste for design and books. We could not meet our hosts in person as we arrived quite late but they gave us clear instructions and communicated with us very well. I would absolutely recommend it and hope to come back soon."}, {"name": "Alastair", "date": "2016-07-10", "review": "This is a genuinely charming mini-house in a hidden mews. It has everything you need for a great stay - living room to relax, dining room for meals, fully equipped kitchen, comfortable bed - and the mews couldn't be prettier. London is a busy city and having a place like this to come back to is really great. Simon's communication was great and everything was as advertised. It's a perfect pad for a couple to have a great London getaway. "}, {"name": "Kristina And Stewart", "date": "2016-07-25", "review": "My mum and I had a great stay in this wee cozy house. Very convenient location as well! Arrival was very easy as everything was described exactly as it was. Thank you Simon and Mary, really enjoyed our stay in London!"}, {"name": "Tipi", "date": "2016-08-18", "review": "Nice little house very close to the station."}, {"name": "Toni", "date": "2016-08-21", "review": "A really great little house, in a lovely square, close to the train station. Interesting area of London. Hosts were really helpful and responsive. "}, {"name": "Inger", "date": "2016-08-29", "review": "Simon og Marys hus er utrolig idyllisk, ryddig og hyggelig. Omr\u00e5det er meget interessant, med det du trenger av mat, kultur og uteliv.\r<br/>Kommunikasjonen med dem gikk kjempefint, og de var behjelpelige p\u00e5 alle m\u00e5ter. Ville gjerne bodd der igjen!"}]}