{"id": 10413248, "listing_url": "https://www.airbnb.com/rooms/10413248", "name": "Large double room in quiet block near Shoreditch!", "description": "My place is close to Old Street Roundabout, Angel, Shoreditch and Hoxton. You\u2019ll love my place because of its easy transport links to Central London for theatre's etc or the opposite direction and Westfield shopping centre, both are 30-45minutes away. My place is good for couples, solo adventurers, and business travellers.<br /><br /><b>The space</b><br />Nice large double room with large double wardrobe and built in draws.  Decent amount of light from a floor to ceiling window.  King size bed and corner desk should you need to work.<br /><br /><b>Guest access</b><br />Lounge/Kitchen area.  Welcome to use the kitchen to cook and fridge/freezer to store food.  Smoking is allowed on the balcony ONLY which is accessed from the lounge.<br /><br /><b>Other things to note</b><br />Guests should be respectful inside the flat and keep noises down after 11pm.", "host_name": "Rich", "host_id": 51816436, "host_url": "https://www.airbnb.com/users/show/51816436", "host_picture_url": "https://a0.muscache.com/im/pictures/user/27a24081-5773-41a1-be7c-cb6477db6682.jpg?aki_policy=profile_x_medium", "neighbourhood_cleansed": "Hackney", "latitude": 51.53174, "longitude": -0.09173, "property_type": "Private room in rental unit", "room_type": "Private room", "accommodates": 2.0, "bathrooms": 1.0, "bedrooms": 1, "beds": 1, "amenities": ["Essentials", "Wifi", "Washer", "Long term stays allowed", "TV", "Elevator", "Smoke alarm", "Iron", "Carbon monoxide alarm", "Hangers", "Dryer", "Kitchen", "Heating"], "price": 60.0, "numbers_of_review": 1, "review_scores_rating": 5.0, "reviews": [{"name": "John", "date": "2016-10-09", "review": "Rich was very welcoming on arrival. He showed me around the flat, quickly made me feel at home and made sure I had everything I needed. He was also very informative about things to do in the local area.\r<br/>Flat is clean and well kept. Walking distance to Shoreditch restaurants and bars as well as to main transport links which was handy for me.\r<br/>Thoroughly enjoyed my stay."}]}