{"id": 10426187, "listing_url": "https://www.airbnb.com/rooms/10426187", "name": "IndigoFlats- King St Stunning Apt 1- Sleeps 5", "description": "This luxury one-bed apartment in Covent Garden is on the second floor of a small block of four holiday flats. This apartment has one king size bedroom and one bright spacious kitchen/lounge with Sofabed. Price includes bed linen, towels & wifi.  Please contact us direct for a discount! many thanks, Sarah<br /><br /><b>The space</b><br />This one-bed apartment is on the first floor of a small block of four holiday flats. Newly refurbished in modern neutral colours, this apartment has one king size bedroom and one bright spacious kitchen/lounge. The lounge area contains a flat screen TV and a 2-seater sofa-bed suitable for two adults.  A single fold out bed can be added for the fifth person, which will cost \u00a340 per week and include linen.<br /><br />Sleeps: Up to 4, 1 king size bed, 1 sofa bed.  Access to the apartment is by walk up stair only (no lift / elevator). It may not therefore be suitable for dis-ambulant or elderly guests. <br /><br />\u2022 1 bedroom,<br />\u2022 1 shower-room <br /><br", "host_name": "Sarah", "host_id": 29024847, "host_url": "https://www.airbnb.com/users/show/29024847", "host_picture_url": "https://a0.muscache.com/im/users/29024847/profile_pic/1425912836/original.jpg?aki_policy=profile_x_medium", "neighbourhood_cleansed": "Westminster", "latitude": 51.5125, "longitude": -0.12294, "property_type": "Entire rental unit", "room_type": "Entire home/apt", "accommodates": 5.0, "bathrooms": 1.0, "bedrooms": 1, "beds": 2, "amenities": ["Essentials", "Wifi", "Washer", "Long term stays allowed", "Shampoo", "TV", "Keypad", "Microwave", "Refrigerator", "Cooking basics", "Smoke alarm", "Hair dryer", "Iron", "Carbon monoxide alarm", "Dryer", "Hangers", "Kitchen", "Heating", "Dishes and silverware"], "price": 263.0, "numbers_of_review": 24.0, "review_scores_rating": 4.79, "reviews": [{"name": "Rodrigo", "date": "2016-02-08", "review": "It is a great apartment, very clean, well-organized, but the best advantage is the location os the flat. If I will visit London again, I will contact Sarah for sure.<br/>"}, {"name": "Tuck", "date": "2016-03-29", "review": "Great. Key box was really helpful as was an early check in. Location is amazing. Just perfect. "}, {"name": "Arnaud", "date": "2016-04-13", "review": "Hello Sarah, the flat have an excellent localisation, it was very Clean, and very well equiped. The key box system is very easy to use and confortable. Only Two suggestion : Windows need to be Cleaned and would be more confortable to leave luggages in the flat before d\u00e9parture. Thank you very Much'"}, {"name": "Marcy", "date": "2016-05-05", "review": "I stayed at the property with myself and three grown children. We loved the location. Could not beat it. The size of the property meet our needs. There is a grocery store down the street to bring back cereal and snacks. Again, the location was the key to this property.\r<br/>\r<br/>I actually enjoyed the key exchange. You were given codes to the main door and then a code to access the keys. Very easy to follow.\r<br/>\r<br/>Sarah, I would definitely rebook if I am in London.\r<br/>\r<br/>Thank you for sharing your home with us."}, {"name": "Bridget", "date": "2016-07-19", "review": "The apartment was quite small for 4 people, especially the shower & bathroom but overall for our short 3 night stay it had everything we needed & I couldn't fault the location which was a definite plus. The only negative would have been the communication. I had a query regarding staying longer & missed the opportunity due to lack of reply. And also I queried check in/check out as I had received 2 different times & I didn't receive the response for over 24 hours which didn't really help as we had already gone to the apartment & spoken to the cleaner who was lovely. "}, {"name": "Noa", "date": "2016-09-02", "review": "We stayed in the apartment for a week, 4 adults. It was a bit crowded but fine. The key-box was a good solution for us as we arrived late at night. The apartment is very well equipped, we really felt at home. \r<br/>On the first day there was a problem with the shower, but I wrote to Sarah and on the same day somebody came over (while we were out) and fixed it. The only think I would improve is that we didn't know when the housekeeping will come, and each day it was a surprise whether they came or not. I think they came every day except the weekend but I am not sure. Anyway a great stay, and of course a great location, I highly recommend it. "}, {"name": "Luke", "date": "2016-10-03", "review": "The apartment was great with a location almost in the covent garden market. If you are going to theatres everything is a walk. The place was clean and tidy and had everything provided, as a family of four this was important as we self catered for many meals. The communication and access arrangement were excellent with coded entry allowing flexibility in case of arrival delays.  A pleasant surprise was that the apartment was serviced each week day with garbage removed etc. "}, {"name": "David", "date": "2016-11-27", "review": "Excellent relatively quiet location. We enjoyed our stay in this very nice flat. Be aware it up almost 40 narrow steps and not easy to negotiate with heavy luggage. "}, {"name": "Ana", "date": "2017-04-12", "review": "Muy recomendable. Est\u00e1 localizado en un sitio inmejorable. Limpio y c\u00f3modo."}, {"name": "Vanessa", "date": "2017-06-27", "review": "You will LOVE the location... literally 25 steps to Covent Garden and VERY close to market and restaurants.  FYI - narrow, steep stairs but manageable overall.  It was a bit bright and sunny early in the morning and there was a little noise from foot traffic as late as midnight and as early as 5-6am but nothing that would take away from enjoying the location, cleaniness, space, laundry, dishwasher, good size fridge, etc.  Highly recommend this location and host!"}]}