{"id": 10420857, "listing_url": "https://www.airbnb.com/rooms/10420857", "name": "London Bridge - Tooley Street - 2 Bed apartment", "description": "Only a 2 minute walk from London Bridge Underground Station, offering the perfect solution for anyone coming to London.<br />Has been decorated to a very high standard and includes a fully equipped kitchen, dishwasher, washer/dryer. Photos are representative of a typical 2 bedroom apartment.<br /><br /><b>The space</b><br />Beautifully appointed two-bedroom two-bathroom apartment.<br />Living room with open plan kitchen.<br />Plenty of storage for clothes, suitcases and other items.<br /><br /><b>Guest access</b><br />You will benefit from weekly cleaning included with change of linens and towels.<br />Wifi and all bills included as well as a welcome pack (tea, coffee, fresh milk, chocolate, toiletries...)<br /><br /><b>Other things to note</b><br />Extra beds and baby cots are also available at extra charges. Photos are representative of a typical 2 bedroom apartment.", "host_name": "Dora", "host_id": 30253178, "host_url": "https://www.airbnb.com/users/show/30253178", "host_picture_url": "https://a0.muscache.com/im/pictures/user/66e6da11-5724-4803-8931-94fe2b10127d.jpg?aki_policy=profile_x_medium", "neighbourhood_cleansed": "Southwark", "latitude": 51.50312, "longitude": -0.0823, "property_type": "Entire rental unit", "room_type": "Entire home/apt", "accommodates": 4.0, "bathrooms": 2.5, "bedrooms": 2, "beds": 2, "amenities": ["Essentials", "Wifi", "Washer", "Long term stays allowed", "Shampoo", "TV", "Elevator", "Microwave", "Cooking basics", "Smoke alarm", "Hair dryer", "Lockbox", "Iron", "Carbon monoxide alarm", "Dryer", "Kitchen", "Heating"], "price": 375.0, "numbers_of_review": 44.0, "review_scores_rating": 4.54, "reviews": [{"name": "Jim", "date": "2016-04-23", "review": "Check-in was handled by email and messaging. It was straightforward but lacked the personal touch of our experience at other AirBnB properties."}, {"name": "Jean Pierre", "date": "2017-02-26", "review": "Super appartement  id\u00e9alement situ\u00e9 dans le centre de Londres A proximit\u00e9 d'un supermarch\u00e9 et des transports et de restaurants<br/>Bref une super adresse pour 4 au c\u0153ur de Londres <br/>Je reviendrais"}, {"name": "Margaret", "date": "2017-03-20", "review": "Regina's apartment is very clean and well ordered.  We found it to be a perfect spot to relax after a busy day of touring London.  This apartment's location is excellent as it is close  to Tower Bridge, the Tower of London, Borough Market, other sights in Southwark section of London.  There are many restaurants nearby as well as a grocery store, while the London Bridge tube station is within walking distance. Also, we appreciated the quick responses to any questions we had about the apartment. "}, {"name": "Claudine", "date": "2017-04-23", "review": "Tr\u00e8s bel appartement propre lumineux, tr\u00e8s bien situ\u00e9 avec resto, m\u00e9tro, supermarch\u00e9 \u00e0 proximit\u00e9"}, {"name": "Andr\u00e9a", "date": "2017-05-01", "review": "I stayed at Regina's apartment with my family and everybody loved the place. Everything was as described, clean, spacious and organized. The place is really well located and it was easy to everywhere. Thank you so much. I'll recommend your place for my friends! "}, {"name": "Peter", "date": "2017-05-17", "review": "Great place and location near Tower Bridge, close to trains, shops, pubs, restaurants, the river, Borough Market & the tube."}, {"name": "Kate", "date": "2017-06-24", "review": "Regina's place is centrally located and a great home base for exploring London."}, {"name": "J. J.", "date": "2017-07-18", "review": "Noisy flat on the 1st floor, lack of privacy in the bedroom windows open in the street level. And very poor internet connection "}, {"name": "Kim", "date": "2017-09-16", "review": "We rented this unit (#1) for a week in September and really enjoyed our stay.   The location is close to the train station, numerous restaurants & pubs, shopping, and historical sights.  We felt very safe walking around both during the day and night.  There was some occasional late night street noise but even friends who stayed on the 4th floor of the Hilton across the street experienced that.  Our unit was very clean, the beds were comfortable, and it was nicely updated.  The washer/dryer was nice to have since we traveled for two weeks with only carry-on luggage.  There is a coffee press, which we used every day and a nice selection of dishware.  The staff was highly responsive to any requests and the check-in process was a breeze and I would highly recommend this AirBnb!"}, {"name": "Jon", "date": "2017-11-02", "review": "Great new place.  All amenities included. Super clean. Will definitely stay again."}]}