{"id": 10434364, "listing_url": "https://www.airbnb.com/rooms/10434364", "name": "Chic entire onebed,great transport links,concierge", "description": "A modern, cosy and bright one bedroom with a balcony overlooking a townhall bell church. Perfect for a single person or two people.<br /><br />We are right in the centre of Barking (London zone 4)- one of the fastest developing areas in London. Old east London charm meets urban ethnic flair.<br /><br />4 mins walk to the station with lots of travelling options, incl 14 mins by train to the City. The flat is quiet with natural light.<br /><br /><b>The space</b><br />The flat consists of two good size rooms: a bedroom with a built in cupboard, and a living room combined with a kitchen which opens onto a little balcony . <br /><br />Please note that some furniture in the flat has been changed since I took the pix, namely there's a fold out sofa bed in the living room, no chair on the balcony.<br /><br /><b>Guest access</b><br />NB: I'm subletting this flat whilst my regular tenant is going away for 2 months. So the flat is in good condition, fully available, but note that one chest of dra", "host_name": "Katrina", "host_id": 19246103, "host_url": "https://www.airbnb.com/users/show/19246103", "host_picture_url": "https://a0.muscache.com/im/users/19246103/profile_pic/1412522003/original.jpg?aki_policy=profile_x_medium", "neighbourhood_cleansed": "Barking and Dagenham", "latitude": 51.53546, "longitude": 0.08116, "property_type": "Entire rental unit", "room_type": "Entire home/apt", "accommodates": 2.0, "bathrooms": 1.0, "bedrooms": 1, "beds": 1, "amenities": ["Essentials", "Wifi", "Hot water", "Long term stays allowed", "Shampoo", "Elevator", "Refrigerator", "Cooking basics", "Smoke alarm", "Bed linens", "Hair dryer", "Heating", "Free washer \u2013 In unit", "Iron", "Bathtub", "Kitchen", "Cleaning products", "Dishes and silverware"], "price": 43.0, "numbers_of_review": 7, "review_scores_rating": 4.71, "reviews": [{"name": "Supun", "date": "2016-06-27", "review": "Great experience - Katrina was very welcoming and her place is small, but very cosy and homely.  The flat is quiet, warm and bright, and has everything you need at its doorstep including various shops, supermarkets and the rail station is a 5 min walk away which gets you into the City in 15 min.  Wouldn't hesitate to book again if needed."}, {"name": "Sophie", "date": "2016-07-30", "review": "We arrived late at night, but Katrina provides great instructions to get to the apartment. The apartment was clean, great amenities. It is very close to a train station and supermarket. "}, {"name": "Grant", "date": "2016-08-09", "review": "The flat looked the same as shown in the photos. It was very clean, comfortable, and with everything needed to do some cooking and clothes washing. Katrina provided all the necessary information and was quick to reply to any questions. Would happily stay again."}, {"name": "Anusha", "date": "2016-08-18", "review": "Katrina was a great host and made us feel like home. even though she was not there to receive us on our arrival, she made sure we had everything. \r<br/>Good and safe locality. The location was also very convenient as everything (station, supermarket etc.) was walking distance from her house."}, {"name": "Henrik", "date": "2018-08-20", "review": "Good flat<br/>"}, {"name": "Hiba", "date": "2018-09-04", "review": "Katrina has a wonderful place and I made some lovely memories when I was there. <br/>A warm and comfy apartment with lots of personality!"}, {"name": "Harsh", "date": "2022-06-03", "review": "Katrina hhas been a wonderful host She made our stay super comfortable. Not only that she has also accommodated few of our additional requests and ensured that place is as per our taste.  <br/>I would recommend Katrina\u2019s place to anyone who wants to spend time in london and needs to have an amazing experience.<br/>Katrina is a gem.<br/>Thanks a lot Katrina.<br/>Regards<br/>Harsh"}]}