{"id": 10433973, "listing_url": "https://www.airbnb.com/rooms/10433973", "name": "Lovely and Colourful Flat in the Heart of Brixton", "description": "Welcome to my lovely 1/2 bedroom flat in the heart of vibrant Brixton!<br /><br />Located just 7 minutes away from Brixton Underground station, this is a perfect place for guests who enjoy lively and cosmopolitan areas - and Central London is just two stops away on the Tube! Great for small groups of friends, families and even business travellers. Everyone welcome!<br /><br /><b>The space</b><br />This is a spacious and colourful flat decorated to a very high standard and located just minutes away from Brixton station, offering excellent connections to Central London.<br /><br />The main living area is great for relaxing in the evening after a busy day exploring London. The fully-equipped kitchen and the large rustic dining table! are perfect if you prefer to cook at home, although Brixton is famous for being a foodie destination with lots of excellent bars and restaurants. Feel free to check out my local favourites in the 'Guidebook' section!<br /><br />The main bedroom has a plush ki", "host_name": "Christine", "host_id": 49233922, "host_url": "https://www.airbnb.com/users/show/49233922", "host_picture_url": "https://a0.muscache.com/im/pictures/user/eeb03452-358e-47d7-99db-8c9a2937a1d0.jpg?aki_policy=profile_x_medium", "neighbourhood_cleansed": "Lambeth", "latitude": 51.4605, "longitude": -0.12205, "property_type": "Entire rental unit", "room_type": "Entire home/apt", "accommodates": 4.0, "bathrooms": 1.5, "bedrooms": 2, "beds": 2, "amenities": ["Essentials", "Wifi", "Washer", "Long term stays allowed", "Shampoo", "Smoke alarm", "Hair dryer", "Lockbox", "Iron", "Carbon monoxide alarm", "Dryer", "Hangers", "Kitchen", "Heating"], "price": 75.0, "numbers_of_review": 8.0, "review_scores_rating": 4.57, "reviews": [{"name": "William", "date": "2016-08-29", "review": "Lots of very friendly messages and quick responses to questions.  The stay was extremely comfortable, really great location to access the vibrant sights and sounds of Brixton."}, {"name": "Amy", "date": "2016-09-08", "review": "The flat is really nicely decorated and extremely spacious. Great location for exploring Brixton. "}, {"name": "Amari", "date": "2016-09-11", "review": "Beautiful apartment, spacious and close to Brixton stations. Highly recommended."}, {"name": "Or", "date": "2016-10-09", "review": "Beautiful place. Good location"}, {"name": "Yane", "date": "2017-04-19", "review": "Appartement tr\u00e8s agr\u00e9able, bien plac\u00e9 dans le quartier populaire de Brixton, station de m\u00e9tro \u00e0 proximit\u00e9, grand supermarch\u00e9 Tesco juste en face, 2 chambres, 1 salle de bains et 1 petite salle de douche, tr\u00e8s pratique le matin. Pi\u00e8ce \u00e0 vivre joliment d\u00e9cor\u00e9e, avec cuisine int\u00e9gr\u00e9e. Wifi et possibilit\u00e9 de brancher un t\u00e9l\u00e9phone ou une tablette avec prise jack pour \u00e9couter sa musique. Toute la petite famille a beaucoup appr\u00e9ci\u00e9 son s\u00e9jour \u00e0 Londres gr\u00e2ce \u00e0 ce petit havre de paix apr\u00e8s des heures de visites !"}, {"name": "Laurence", "date": "2017-04-23", "review": "We had a great stay at Chrsitine's place. The appartement is well located, in a lively neighbourhood and 5-minutes walking distance from the tube. It is cosy, spacious and clean. However the second bed (coach) is quite uncomfortable. "}, {"name": "Victoria", "date": "2017-04-30", "review": "Overall experience was good. Brixton tube station is 5 mins walk, Tesco grocery store - just across the street. The area felt a bit unsafe though. The apartment is in the basement. I liked the welcoming design of the apartment."}]}