{"id": 10432957, "listing_url": "https://www.airbnb.com/rooms/10432957", "name": "Luxury Private Room & Bath", "description": "1 bedroom with private bath available for rent within luxury 2 bed 2 full bath, waterfront view apartment located in Canary Wharf.  Secure development with CCTV & concierge. Fantastic location within few mins walk to Canada Square, Transport Links.<br /><br /><b>The space</b><br />Stunning 2 bed 2 bath apartment wherein 1 spacious bedroom with double bed & private bath available for rent. Located on 5th floor with gorgeous waterfront view of Canary Wharf. Conveniently located  in the financial district with convenient stores easily available within walking distance (Tesco, Marks & Spencer, Waitrose) as well as shopping malls, restaurants & bars. The nearby underground tube provides for easy access to central London using the Jubilee Line.<br />This development is extremely sought after, housing a number of business professionals working in the area.", "host_name": "Delite", "host_id": 50032451, "host_url": "https://www.airbnb.com/users/show/50032451", "host_picture_url": "https://a0.muscache.com/im/pictures/user/b687a3c8-fb3a-4963-9b67-10e23fb3eab3.jpg?aki_policy=profile_x_medium", "neighbourhood_cleansed": "Tower Hamlets", "latitude": 51.50144, "longitude": -0.01842, "property_type": "Private room in rental unit", "room_type": "Private room", "accommodates": 1.0, "bathrooms": 1.0, "bedrooms": 1, "beds": 1, "amenities": ["Essentials", "Wifi", "Washer", "Long term stays allowed", "Shampoo", "TV with standard cable", "Fire extinguisher", "Smoke alarm", "Dryer", "Kitchen", "Cable TV", "Heating", "Pool", "Gym"], "price": 85.0, "numbers_of_review": 1, "review_scores_rating": 5.0, "reviews": [{"name": "Tk", "date": "2016-02-06", "review": "This Apartment is a great location for visitors who have to go to Canary Wharf ,financial city and Excel Exhibiton Centre. DLR station is just a 1 minute walk (South Quay). If you need to go downtown then all you need is just a few mins walk across the bridge to Canary Whaft tube.Delite , is an Excellent host and they really make me feel at home. I enjoyed chatting with them thru night.The apartment itself is great value for price, with Warm water Swimming Pool and gym. "}]}