{"id": 1043759, "listing_url": "https://www.airbnb.com/rooms/1043759", "name": "Room in Central London Paddington", "description": "Lovely room in Paddington, 15 minutes from Heathrow airport, great transportation link to all over London, 6-7 minutes to Paddington station, Warwick avenue station and Royal Oak station, bus stop is 1 minutes walking distance,<br />walking distance to Hyde park, Edgware Road and Queensway.<br />15 minutes by bus to Oxford street and Piccadilly circus.", "host_name": "Salwa", "host_id": 5747106, "host_url": "https://www.airbnb.com/users/show/5747106", "host_picture_url": "https://a0.muscache.com/im/pictures/user/6e63e3db-9699-44fc-b601-d443d94ac3fe.jpg?aki_policy=profile_x_medium", "neighbourhood_cleansed": "Westminster", "latitude": 51.51918, "longitude": -0.18648, "property_type": "Private room in rental unit", "room_type": "Private room", "accommodates": 1.0, "bathrooms": 1.0, "bedrooms": 1, "beds": 1, "amenities": ["Extra pillows and blankets", "Oven", "Dishes and silverware", "Luggage dropoff allowed", "Essentials", "Patio or balcony", "Shampoo", "Cooking basics", "Bed linens", "Indoor fireplace", "Wifi", "Heating", "Dishwasher", "Backyard", "Long term stays allowed", "Microwave", "Refrigerator", "Kitchen", "Stove", "Lock on bedroom door", "Hot water", "Washer"], "price": 40.0, "numbers_of_review": 185.0, "review_scores_rating": 4.46, "reviews": [{"name": "Elsabe", "date": "2013-06-17", "review": "Salwa provided a very comfortable bed which is what I needed after a long day.  She is very kind and I enjoyed staying with her."}, {"name": "Docteur", "date": "2013-07-03", "review": "Great location (the charming Little Venise and all main of public transport at five minutes), great host (a great encounter, a pleasure to speak and exchange about culture and food) !  \r<br/>\r<br/>Chiara : \"Splendida accoglienza. Salwa \u00e8 veramente una persona gentile, ospitale, accogliente e discreta, e con cui \u00e8 possibile fare chiacchierate interessanti. Per me era la prime volta a Londra e lei ha davvero saputo consigliarmi e darmi valide indicazioni. In pi\u00f9 ci ha guidato alla scoperta del quartiere dove abita, splendida little Venice, monstrandocene  i punti pi\u00f9 importanti e di ordine pratico : il quartiere \u00e8 magnifico, con canali e battelli da case piccole ma confortevole, con il letto matrimoniale pi\u00f9 comodo e grande del mondo!  \r<br/>\r<br/>Guillaume : \"Superbe accueil. Notre premi\u00e8re fois avec AirBnB, je ne crois pas que \u00e7a puisse mieux se passer. Dans tous les cas, \u00e0 Londres on retournera indubitablement chez Salwa. Merci pour la rencontre, et les moments pass\u00e9s ensemble.\" "}, {"name": "Josh", "date": "2013-07-12", "review": "I stayed with Salwa for a night during a 2 week journey i had across Europe.  When i arrived in London my original booking had been canceled and i was stranded.  Salwa was so nice in taking me in and accommodating me in a really bad situation.  Her place was clean, spacious, great location and she even hooked me up with dinner!!!  I felt like it was my mother away from home.  I wish i had just booked with her from the beginning.\r<br/>She also did a great job of giving me directions on navigating the city.  The metro stop and bus line was very close to her place so it was very easy to navigate the city.   I would absolutely recommend staying at her place.  Thanks again Salwa.  I had a great time visiting with you."}, {"name": "Cristian", "date": "2013-07-20", "review": "Meeting Salwa in her home has been a wonderful experience. She's really lovely and interesting woman. It has been a pleasure talking with her about our experiences, travels, businesses and lives. \r<br/>And it was lovely doing it drinking a coffee or sipping a glass of wine; time really passed so quickly...!\r<br/>The room is nice and clean, big and comfortable. Really an amazing and pleasant stay. "}, {"name": "Michael", "date": "2013-08-22", "review": "Salwa and her home are first class.  She is extremely nice, knows London really well, and makes the best coffee ever.  Her home is extremely clean and comfortable and the location cannot be beat, just a few minutes from Paddington Station and near restaurants and shopping.  Really terrific stay, I will definitely repeat and highly recommend."}, {"name": "Jay", "date": "2013-08-28", "review": "Salwa was an amazing host!  First day when we arrived, she made amazing Syrian coffee for us and showed us around the neighbourhood. She also offered to walk us to the Tube on numerous occasion and let us use her washer to wash our dirty clothes. <br/>The place itself is cute and cosy. Bed is extremely large and comfortable. Location is ideal, just a few minutes away from the underground transportation. It's in Little Venice and has a lovely little boat cafe nearby. Very quite and relaxing!<br/>Salwa was a kind, warmth and generous host that has a wonderful place for offer. I'd totally recommend her place to anyone who wishes to stay in London!"}, {"name": "Georgina", "date": "2013-09-09", "review": "We had an enjoyable stay at Salwas flat. It was comfortable and Salwa made us feel very welcome. Would recommend anyone looking for an easy stay in London."}, {"name": "Carolyn", "date": "2013-09-17", "review": "Salwa and her daughter are a delight! \r<br/>\r<br/>I enjoyed my stay with them, the room is bright and spacious and Salwa is very accomdating with your needs \r<br/>Also knows London well, so it makes it all feel very comfortable, especially for someone coming to London for a course, education, competition \r<br/>\r<br/>I will miss her hospitality!  \r<br/>\r<br/>Cheers\r<br/>Caroline "}, {"name": "Shannon", "date": "2013-09-28", "review": "Salwa is a very kind host, and I genuinely enjoyed meeting her. Whenever I had any questions about the area, she was quick to answer them and even walk me to the nearest public transit area if necessary. It was important for me to stay with someone who knew the area as this was my first time in London and I was traveling alone. If you need a safe and affordable place to stay and the reassurance of having someone kind who knows the area nearby, then I cannot recommend Salwa enough."}, {"name": "Ben", "date": "2013-10-03", "review": "Salwa was an incredibly nice, thoughtful and flexible host. She had coffee ready when I arrived and would have happily cooked me breakfast if I hadn't been in a rush. She was a pleasure to stay with and i'd definitely stay with her again if in London."}]}