{"id": 10430135, "listing_url": "https://www.airbnb.com/rooms/10430135", "name": "Charming Studio with Magic Garden", "description": "My one small-double bedroom with en-suite bathroom is full of light and Proven\u00e7al chic and character. The whole house has amazing energy. Everyone who has been to my house loves the feeling of being there. The guest bedroom has garden access and park access. You will love it.<br /><br /><b>The space</b><br />It has a garden view and access. Through the garden you have access to an amazing what feels like private park-Cannizaro Park. Plus it looks like a studio, with a separate entrance. Very quiet location.<br /><br /><b>Other things to note</b><br />Parking on street -free after 6,30 pm until 8,30 am<br />Parking permit voucher available to purchase for half day or full day", "host_name": "Julia", "host_id": 49894416, "host_url": "https://www.airbnb.com/users/show/49894416", "host_picture_url": "https://a0.muscache.com/im/pictures/user/7e9d05bb-93ed-4d53-9432-aeee3f70b876.jpg?aki_policy=profile_x_medium", "neighbourhood_cleansed": "Merton", "latitude": 51.42083, "longitude": -0.22861, "property_type": "Private room in home", "room_type": "Private room", "accommodates": 2.0, "bathrooms": 1.0, "bedrooms": 1, "beds": 1, "amenities": ["Extra pillows and blankets", "Mini fridge", "Hair dryer", "Wine glasses", "Private entrance", "Hangers", "Dishes and silverware", "Luggage dropoff allowed", "Essentials", "Bed linens", "Wifi", "Heating", "Coffee maker", "Long term stays allowed", "TV", "Hot water kettle", "Bidet", "Portable fans", "Host greets you", "Room-darkening shades", "Outdoor dining area", "Iron", "Drying rack for clothing", "Toaster", "Lock on bedroom door", "Paid street parking off premises", "Hot water", "Private fenced garden or backyard", "Clothing storage: closet and dresser", "Shared patio or balcony", "Outdoor furniture"], "price": 106.0, "numbers_of_review": 75.0, "review_scores_rating": 4.84, "reviews": [{"name": "Greg", "date": "2016-03-09", "review": "Julia's house is a couple of minutes walk off Wimbledon common. The bedroom is small but very cosy with a comfortable bed and there is a large bathroom which you have all to yourself. <br/>I had a very quiet and relaxing evening with a good nights sleep and liked the little touches so often overlooked (jug of water by the bedside and a box of tissues etc).  I was offered tea / coffee, fruit and an assortment of sweets for breakfast.  <br/>I would recommend Julia's for a short stop over. "}, {"name": "Caron", "date": "2016-03-16", "review": "Lovely private room.  Very close to parks and very quiet. Brilliant host thought of everything would defiantly book again when in the area. Thanks"}, {"name": "Simon", "date": "2016-03-17", "review": "Julia clearly has exceptional taste - the room (and ensuite) were beautifully decorated and, although small, incredibly cosy! The view over Julia's beautiful garden was exceptional also, and added to the whole charming experience of staying at Julia's house.\r<br/>Julia herself was very accommodating and left no stone unturned in making sure that I had everything I needed for my stay. \r<br/>Will definitely return and recommend highly!"}, {"name": "Gareth", "date": "2016-03-23", "review": "Julia's place was lovely and I'd recommend it to anyone. Ideally situated being just a stones throw from Wimbledon common and a short walk to the village. The room was very clean with a private bathroom and Julia was kind enough to provide tea, coffee and toast for breakfast"}, {"name": "Patricia", "date": "2016-05-29", "review": "Julia's studio was a tranquil haven for my quick & busy weekend stay in Wimbledon. Waking up in the mornings with birdsongs and both the bedroom and bath full of sunshine, it was English cottage charm feel out of a story book.  Everything was impeccably clean and orderly, with all the creature comforts necessary. I especially enjoyed having my breakfast in the lovely garden, flowers in full bloom with a very friendly kitty. Julia is the hostess of the mostess, who went the extra mile to have water, chocolate, variety of choices of coffee & tea, and even a treat of fresh warm croissant, butter & jam in the morning. Julia made all my comings and goings very easy with different entrance/access keys and provided helpful notes about the area. Being a runner, I especially enjoyed her place being literally right next to a park and long running trails nearby. A 10/10 airbnb experience!"}, {"name": "Isabelle", "date": "2016-06-13", "review": "Julia's place was very nice, perfectly located in the beautifull green Wimbledon. You can walk to Wimbledon village, wich is a really nice walk trough the park.\r<br/>Julia's appartment was very clean and super peacefull. Super comfortable bed, and everything you need is there, Julia did everything to make my stay very pleasant and I felt very welcome. She is flexible with check in/out times wich is great. So I enjoyed my stay very much perfect place to stay also when you have a busy work schedule. You def find peace here. "}, {"name": "Bryan", "date": "2016-06-18", "review": "Great stay at Julia's place<br/>Very clean and tidy <br/>And julia is a great host"}, {"name": "Karen", "date": "2016-06-19", "review": "Lovely little studio flat , nicely decorated throughout . Sadly didn't get to meet my host due to other commitments as checked in during the afternoon and left very early the following morning . \r<br/>\r<br/>Parking may have been an issue if staying during the week as would need a permit . However it worked out ok for me as stayed on the Friday.  \r<br/>\r<br/>Not sure how Airbnb works normally as this was my first time using this facility . Would recommend though . "}, {"name": "Alex", "date": "2016-07-01", "review": "I had the perfect Airbnb experience. The room and ensuite were immaculate with a comfortable bed and all the amenities anybody would need. Julia is a great host and I had a thoroughly enjoyable stay in Wimbledon during the championships. Thanks Julia!"}, {"name": "Angelika", "date": "2016-07-06", "review": "We enjoyed our stay in Julia's house! The room was quite small, but indeed very charming: clean, lovingly details as flowers, water and glasses f.e., absolutely quiet and with the separate entrance to our small flat we had privacy any time we wanted. We also enjoyed the garden in sitting outside and having a cup of tea. Julia was a great host, she made us feel welcome, her recommendations were very helpful to have an easy stay. Thanks a lot, Julia! All the best for you!"}]}