{"id": 1044873, "listing_url": "https://www.airbnb.com/rooms/1044873", "name": "Penthouse Room with Views over Park, near Station", "description": "Our light and airy penthouse has long views south, east and west. It\u2019s the top floor of a converted Victorian schoolhouse, oriented to catch all available sun, with south-facing terrace and lounge. Your room faces west, with views directly across London Fields park. You have shared use of kitchen, lounge, dining area, bathroom and terrace. London Fields station is 2 mins walk \u2013 Liverpool Street in 10 mins. We have 50m of year-round heated lido 2 mins walk away! Broadway Market is nearby.<br /><br /><b>The space</b><br />We\u2019ve lived here 16 years and we love our flat!<br />Your room has a double bed with 138 x 190 cm mattress (54\" x 75\"). The bed is 70cm high above the floor, because it folds up against the wall to reveal a desk. You can even leave your work on the desk when you lower the bed, so it stays ready to resume when you need.<br />As well as the desk, there is a table with chairs, so you can dine in private if you wish.<br />The room has clothes drawers and rail, hairdryer, US", "host_name": "Jo", "host_id": 49783090, "host_url": "https://www.airbnb.com/users/show/49783090", "host_picture_url": "https://a0.muscache.com/im/pictures/user/01a061ab-90f9-46ed-95cb-b51ab2cd3743.jpg?aki_policy=profile_x_medium", "neighbourhood_cleansed": "Hackney", "latitude": 51.54104, "longitude": -0.05818, "property_type": "Private room in condo", "room_type": "Private room", "accommodates": 2.0, "bathrooms": 1.0, "bedrooms": 1, "beds": 1, "amenities": ["Extra pillows and blankets", "First aid kit", "Fire extinguisher", "Hair dryer", "Clothing storage: dresser", "Dining table", "Hangers", "Piano", "Cleaning products", "Children\u2019s books and toys for ages 0-2 years old", "2-5 years old", "5-10 years old", "and 10+ years old", "Dishes and silverware", "Luggage dropoff allowed", "Essentials", "Bread maker", "Baking sheet", "Cooking basics", "Smart lock", "Bed linens", "Carbon monoxide alarm", "Bathtub", "Heating", "Wifi", "IKEA induction stove", "Coffee maker", "Dishwasher", "Long term stays allowed", "Hot water kettle", "Microwave", "Portable fans", "Room-darkening shades", "Outdoor dining area", "Siemens oven", "Iron", "Kitchen", "Drying rack for clothing", "Toaster", "Lock on bedroom door", "Dedicated workspace", "Hot water", "Board games", "Shared patio or balcony", "Smoke alarm", "Free washer \u2013 In unit", "Ethernet connection", "Outdoor furniture", "Freezer", "LG refrigerator"], "price": 85.0, "numbers_of_review": 302.0, "review_scores_rating": 4.87, "reviews": [{"name": "Gabriella", "date": "2013-05-27", "review": "Had a great stay at Jake's place in London Fields.  It's right in front of the park and only 2 minutes walk from the train station.  A really funky and fun area with cool cafes, outdoor pubs and Broadway Market."}, {"name": "Felicity", "date": "2013-06-27", "review": "Jake has a lovely and very well situated property and it was especially nice staying there during the summer - looking straight out onto London Fields.  It was great to have a private bathroom and access to a well equipped kitchen and all communication with Jake about my stay was friendly and straightfoward."}, {"name": "Corinne", "date": "2013-06-29", "review": "Great, nice full of light flat,lots of charm. Just beside London park, so very quiet. Have not met Jake, but has kept in touch with us by email. Wanted to stay 2 more nights, but was already booked. Gives a bit of an idea of what it is to live in an outside area like that and go to work to Central London. Thanks, would come back. Corinne"}, {"name": "Ljubov", "date": "2013-07-03", "review": "Jake and her family are the brave guys! We actually didn't even seen them, just followed all the instructions from the letter. And what we got? Great time in really great apartment! It is full of nice things from all over the world, very comfortable, bright & specious. My favorite part is Terrace. Absolutely wonderful to have a breakfast or just relax in it. \r<br/>The location of flat is the best: 1 min from train station and right on the beautiful park. As weather was delightful we also did swim in the Lido which is in 1,5 min from the house. Thank you so much for such a great place!"}, {"name": "Jane", "date": "2013-08-28", "review": "Great place to stay, near picturesque London Fields, transport, bars, cafes, restaurants, markets, bars .... Stay here.  Thanks Jake."}, {"name": "Sarah", "date": "2014-02-03", "review": "I had a lovely stay here. I had just arrived from Australia and everyone was very welcoming, making me feel right at home. Great room, location, close to transport, shops and markets. Thank you Jake!"}, {"name": "Stefanie", "date": "2014-04-11", "review": "One of the best airbnb's I have stayed. Super friendly hosts - you feel right at home. Room has amazing views over London Fields Park. Beautiful Victoria Park a short walk away, the infamous Broadway Market down the road, lots of fun community activities, yoga and gyms close by. Fun nightlife with all the local bars and pubs around. 5 minutes to central London from station right by the house! Highly recommend this airbnb and lovely hosts. Thanks again for a great stay x "}, {"name": "Tessa", "date": "2014-05-09", "review": "Jake and Jo's place was in a wonderful area and they were very friendly and helpful. I really enjoyed my stay and wish them all the best! Thanks :)  "}, {"name": "Giacomo", "date": "2014-05-14", "review": "Perfect private room and bath overlooking London Fields. Jake and Jo great hosts who made my mom's stay from the States relaxing and worry free. Steps away from E5 BAKEHOUSE and Broadway Market. Highly recommend."}, {"name": "Andrew", "date": "2014-05-25", "review": "Perfect location and perfect hosts! I felt at home immediately and was sad to leave. As a bonus, the park, pool and market are right on the doorstep....... I actually want to move into the area now :-) \r<br/>\r<br/>Thanks both, for a great stay.\r<br/>\r<br/>Andrew"}]}