{"id": 10449208, "listing_url": "https://www.airbnb.com/rooms/10449208", "name": "Amazing sunny loft in Notting Hill", "description": "Gorgeous sunny loft room in the amazing neighbourhood of Notting Hill. The room is large with a comfy double bed and the bathroom is almost exclusively yours. You also have a cool chill-out area outside the room & access to the fully fitted kitchen.<br /><br /><b>The space</b><br />Hey there,  ping me to give you more details about the area and exciting things happening around at this time. The place is just 5 minutes walking to Portobello Market and Ladbroke grove underground station, so in a great location to explore all of London!<br /><br /><b>Guest access</b><br />Loft room, bathroom, fully fitted eat-in kitchen.", "host_name": "Simona", "host_id": 46739555, "host_url": "https://www.airbnb.com/users/show/46739555", "host_picture_url": "https://a0.muscache.com/im/pictures/user/a208dc60-b6ce-4964-83c9-4c227209f68e.jpg?aki_policy=profile_x_medium", "neighbourhood_cleansed": "Kensington and Chelsea", "latitude": 51.51484, "longitude": -0.21535, "property_type": "Private room in rental unit", "room_type": "Private room", "accommodates": 2.0, "bathrooms": 1.0, "bedrooms": 1, "beds": 1, "amenities": ["Essentials", "Wifi", "Washer", "Long term stays allowed", "Smoke alarm", "Hair dryer", "Iron", "Hangers", "Dryer", "Kitchen", "Heating"], "price": 39.0, "numbers_of_review": 7.0, "review_scores_rating": 4.0, "reviews": [{"name": "Patricia", "date": "2016-02-01", "review": "The room was very nice like in the pics. Big closet but I would suggest to leave some hangers as there are none. It is close from metro station and buses. The bad thing if the room is that you can listen the noise from metro... Simona is very nice and welcoming. Always offering help and giving suggestions. "}, {"name": "Patricia", "date": "2016-02-02", "review": "Simona fue muy amable en todo momento. Siempre ofreciendo ayuda y pudiendo extender nuestra estancia por una noche mas en el ultimo momento"}, {"name": "Lionel", "date": "2016-07-08", "review": "It was an excellent stay at Simona s place. I enjoyed it. The room was really nice and the people very welcoming"}, {"name": "Cl\u00e9mence", "date": "2016-07-31", "review": "Great and easy location, comfy room and bed, easy to communicate with Simona. Her roomate is nice and helpful.  \r<br/>Metro station very close + direct metro line to St Pancras, which makes it easy. The roomates are very respectful and quiet. \r<br/>The bathroom could have been cleaner... \r<br/>"}, {"name": "Laurie", "date": "2016-08-06", "review": "I had a lovely stay at Simona's. She wasn't there at the time but I met all of her flatmates and they were great. Claude was there to greet me when I arrived for an early check in and I appreciated their flexibility in letting me drop my stuff off early so that I could go explore London during the day. The room is nice and large. I loved opening the windows and hearing the London noise as I slept. The room was clean and well kept. Towels were provided and plentiful. Being a solo female traveller, I was concerned about safety in the neighborhood at night but I had no issues and felt very safe in such a residential area. I look forward to staying at Simona's the next time I visit London! Cheers!"}]}