{"id": 1044356, "listing_url": "https://www.airbnb.com/rooms/1044356", "name": "Modern Luxury flat", "description": "A Stylish ONE BEDROOM GROUND FLOOR FLAT in the heart of Camden Town. The perfect combination of the comfort of a home on the doorstep of the quiet and atmospheric Regent's canal and a 6 min walk from the vibrant Camden Town High Street.<br /><br />PLEASE NOTE:<br />The flat is currently being redecorated and some elements of decoration might have been altered. Photoshoot is on the way.<br /><br /><b>The space</b><br />A superb ONE BEDROOM GROUND FLOOR FLAT in the heart of Camden town. The perfect combination of the comfort of a home on the doorstep of the quiet and atmospheric Regent's canal and 6 min walk from the vibrant Camden Town High Street. This entire 1-bedroom (with high quality mattress), 1 bathroom apartment with large living room, dining area, and kitchen is newly renovated with unique furnishings and decor. It includes WIFI Internet, cable TV, Universal Multi Plug Adapter US / AUS / EU to UK 5 pin, fully equipped kitchen with dishwasher, washer/dryer, and automatic central", "host_name": "Marcus", "host_id": 1920828, "host_url": "https://www.airbnb.com/users/show/1920828", "host_picture_url": "https://a0.muscache.com/im/users/1920828/profile_pic/1441172361/original.jpg?aki_policy=profile_x_medium", "neighbourhood_cleansed": "Camden", "latitude": 51.54117, "longitude": -0.13793, "property_type": "Entire rental unit", "room_type": "Entire home/apt", "accommodates": 5.0, "bathrooms": 1.0, "bedrooms": 1, "beds": 1, "amenities": ["First aid kit", "Fire extinguisher", "Hair dryer", "Dishes and silverware", "Essentials", "Shampoo", "Cooking basics", "Bed linens", "Carbon monoxide alarm", "Wifi", "Heating", "Coffee maker", "TV", "Microwave", "Refrigerator", "Iron", "Kitchen", "Stove", "Hot water", "Washer", "Smoke alarm", "Dryer"], "price": 196.0, "numbers_of_review": 36.0, "review_scores_rating": 4.29, "reviews": [{"name": "Judith", "date": "2013-08-04", "review": "Overall, the Camden apartment was everything I wanted and needed during a short term business trip.  It's very close to the tube and the overground and made my morning commute so easy.  The apartment is clean and the appliances and furniture are modern and in very good condition.  One slight negative is that you can hear the overground a little bit, but it's nothing too disturbing.  The neighborhood has plenty of restaurants and shops that are very convenient.  Marco and his staff were super accommodating to all my needs, and I'd be happy to stay there again.  Thank you!"}, {"name": "S\u00e9bastien", "date": "2013-12-27", "review": "Nice flat in a great area : Camden Town, which has to be seen. Marco and his team are very helpful, available and answer quickly. Everything is done to have a great stay."}, {"name": "Madge", "date": "2014-01-02", "review": "We had a great experience with the flat. It is in a very convenient location, and we enjoyed exploring Camden Town. The apartment is close to the tube and a grocery store. It's clean, comfortable, and well-appointed. It worked very well for our visit to London."}, {"name": "Julie", "date": "2014-06-27", "review": "We really enjoyed staying in this apartment in Camden. It was clean and quiet and really close to underground and British rail. There is also a large supermarket just 5 minutes walk from the apartment. Marco was very prompt to reply to our emails and very willing to cater to our extra requirements. We stayed here with our two young children and felt that the apartment served all our needs. We would happily stay again."}, {"name": "Carlos", "date": "2014-07-25", "review": "Marco and his team are very professional and courteous. Marco answered to all emails and inquires within 24-hours.\r<br/>\r<br/>The flat is nice, like the picture. On the other hand the neighborhood is very noisy. If you have a toddler or want to rest a bit; I wouldn't recommend this place. There were workers working on the roof on a Friday night at 9pm making a lot of noise; additionally the flat is on front of the main street; so you can hear everything that's happening outside. Believe it or not; there is people outside up to 1-2am\r<br/>\r<br/>If you are on your 20s; this place may fit you."}, {"name": "Matthieu", "date": "2014-10-27", "review": "L appartement est tr\u00e8s bien situ\u00e9 dans camden<br/>Au calme , super restaurant juste \u00e0 c\u00f4t\u00e9 qui fait de tres bon brunch "}, {"name": "Linda", "date": "2015-03-04", "review": "The apartment was great, very clean, great location, close to both the underground and rail stations. Supermarket only a few minutes away.<br/>Bed was very comfortable - this was important as my husband gets a sore back very easily when the bed is not right.<br/>Marco was always very prompt to respond to emails, and easy to deal with. <br/>We had no trouble finding the flat and were able to collect the keys without any problem - a representative was on site at the arranged time. She was knowledgeable about the workings of the apartment and all the things we needed to know. <br/>Camden was a very interesting ace to stay, would recommend the flat definitely"}, {"name": "Chris", "date": "2015-12-12", "review": "The listing was just as posted.. rally clean and great location. The apt had everything you need to make yourself at home. Looking forward to going back soon!"}, {"name": "Antoine", "date": "2016-02-15", "review": "Nous avons pass\u00e9 une tr\u00e8s agr\u00e9able semaine \u00e0 Londres. Le camp de base dans ce quartier de Camden est id\u00e9ale pour parcourir l'ensemble de Londres (ligne Northen du m\u00e9tro ou bus) et profiter de la proximit\u00e9 du canal et de Camden Road (Camden Market). Malgr\u00e9 la ligne de l'overground juste \u00e0 c\u00f4t\u00e9, l'appartement est situ\u00e9e dans une rue tr\u00e8s calme.\r<br/>"}, {"name": "Thierry", "date": "2016-04-11", "review": "Joli appartement situ\u00e9 proche du metro et du train. Tout le confort est la, peut \u00eatre un peu bruyant pour nous, mais nos journ\u00e9es harassantes nous aidaient bien \u00e0 dormir. Le quartier de Camden vaut vraiment le coup d'oeil."}]}