{"id": 10448696, "listing_url": "https://www.airbnb.com/rooms/10448696", "name": "Modern ensuite with king-size bed", "description": "Promotional price as I am new to Airbnb! Brand new and very clean double room with super-king size bed in a two bedroom flat in Poplar with a beutiful view on the park and Canary Wharf. The flat is about 10 minutes walking distance to Canary Wharf.<br /><br /><b>The space</b><br />The apartment is brand new and refined with the highest standards. Guests can therefore enjoy a clean and modern flat, with all comfs such as floor heating, swiss made super king-size memory foam mattress and a very modern, spacious, luxury bathroom. The flat has a ventilation system which allows fresh air to continuosly flow without opening windows. The windows are double glazed assuring complete silence when sleeping. The room has black blinds which assure a good rest.<br /><br /><b>Guest access</b><br />Guests can access the kitchen and livingroom as well as the spacious terrrace with view on Canary Wharf.<br /><br /><b>Other things to note</b><br />The building is very secure with double doors, electronic", "host_name": "Greta", "host_id": 53829780, "host_url": "https://www.airbnb.com/users/show/53829780", "host_picture_url": "https://a0.muscache.com/im/pictures/user/bfda9e05-5d27-45cc-b54e-aa45ed1c2f9a.jpg?aki_policy=profile_x_medium", "neighbourhood_cleansed": "Tower Hamlets", "latitude": 51.51508, "longitude": -0.02335, "property_type": "Private room in rental unit", "room_type": "Private room", "accommodates": 2.0, "bathrooms": 1.0, "bedrooms": 1, "beds": 1, "amenities": ["Essentials", "Wifi", "Washer", "Long term stays allowed", "TV", "Elevator", "Fire extinguisher", "Smoke alarm", "Hair dryer", "Dryer", "Heating"], "price": 37.0, "numbers_of_review": 4.0, "review_scores_rating": 5.0, "reviews": [{"name": "Christian", "date": "2016-02-07", "review": "Greta is a lovely host and the apartment was as described! It is well located, easy to reach and of high standard. We very much apreciated staying there!"}, {"name": "Vijay", "date": "2016-02-13", "review": "We had a excellent time at Greta's apartment. Both Greta and Mattia are very friendly and easy going. The bed was very comfortable and the room and the apartment are very clean and beautiful. It's also very close to Canary Wharf so perfect for us. Mattia and me had some interesting conversations during our trip and we wish both of them good luck."}, {"name": "Renaud", "date": "2016-02-16", "review": "Merci Greta et Mattia.\r<br/>Gr\u00e2ce \u00e0 votre accueil et votre gentillesse, gr\u00e2ce \u00e0 votre appartement et tous vos bons conseils, nous avons pu d\u00e9couvrir et profiter de Londres.\r<br/>A 5mn du DLR qui m\u00e8ne \u00e0 l'underground en 10mn, nous avons pu ais\u00e9ment profiter de toutes les commodit\u00e9s.\r<br/>Vue superbe sur le parc et Canary Wharf jour et nuit, grand lit et confort maximum,  \u00e9picerie ouverte 7/7 \u00e0 200m.\r<br/>Que du bonheur !\r<br/>Merci encore pour votre sourire.\r<br/>A bient\u00f4t, \u00e0 Metz, \u00e0 Bologne... ou \u00e0 Londres !\r<br/>Bernadette et Renaud"}]}