{"id": 1044109, "listing_url": "https://www.airbnb.com/rooms/1044109", "name": "Private room in Inner London", "description": "My flat next to Kennington Park comfortably sleeps 2 in a large double room with lots of afternoon sun. A short walk to several bus routes & 2 tube stops from Waterloo & Southbank, you can be in the heart of London in 20 mins. LGBT friendly.<br /><br /><b>The space</b><br />The 2nd bedroom in my flat is a large private double room with lots of afternoon sun in Kennington/Oval, just outside of Zone 1 in South London. Bed linen & towels are provided. Broadband wireless is available. The flat is next to Kennington Park & is less than 5 mins walk to good bus & tube connections (Northern line, Oval Station is 2 stops from Waterloo) or a 30-40 min walk to Southbank if you prefer. Bus routes include buses from most major train stations including Paddington, Victoria, Kings Cross, Liverpool St, London Bridge & Waterloo - no changes necessary. The local stop is St Marks Church or Kennington Park depending on the bus route.<br /><br /><b>Guest access</b><br />You will share the bathroom with me ", "host_name": "Miranda", "host_id": 5748372, "host_url": "https://www.airbnb.com/users/show/5748372", "host_picture_url": "https://a0.muscache.com/im/users/5748372/profile_pic/1364989862/original.jpg?aki_policy=profile_x_medium", "neighbourhood_cleansed": "Lambeth", "latitude": 51.48344, "longitude": -0.10678, "property_type": "Private room in rental unit", "room_type": "Private room", "accommodates": 2.0, "bathrooms": 1.0, "bedrooms": 1, "beds": 1, "amenities": ["Extra pillows and blankets", "First aid kit", "Oven", "Hair dryer", "Hangers", "Dishes and silverware", "Luggage dropoff allowed", "Essentials", "Cooking basics", "Single level home", "Bed linens", "Clothing storage", "Carbon monoxide alarm", "Wifi", "Heating", "Long term stays allowed", "TV", "Microwave", "Portable fans", "Refrigerator", "Room-darkening shades", "Iron", "Kitchen", "Drying rack for clothing", "Harmon Kardon Bluetooth sound system", "Stove", "Hot water", "Washer", "Smoke alarm", "Lockbox"], "price": 56.0, "numbers_of_review": 197.0, "review_scores_rating": 4.54, "reviews": [{"name": "Fiona", "date": "2013-04-14", "review": "I stayed with Miranda during the first week of my new job. The location was very convenient with good bus connections and a couple of Barclays Bike stations within a 5-10 minute walk. Miranda was a great host - very friendly and accommodating. I needed to iron my clothes for work, but as she didn't have an iron, she borrowed one from her neighbours and then immediately went out and bought one the next day! She was also kind enough to lend me some DVDs. I would definitely recommend her as a host."}, {"name": "Manish", "date": "2013-06-08", "review": "Very good host, comfortable stay with all the needed facilities in place."}, {"name": "Jasper", "date": "2013-06-17", "review": "Miranda's place is strategically located just outside London city, it is very convenient with lots of bus services that can take you into town. It only takes about 15 mins to reach the famous London Bridge and from there you can walk to most attractions. Miranda was a perfect host! She was very kind and attentive to my needs, constantly asking if everything was okay. Despite her busy schedule she managed to squeeze in time to check me in, i thought that was really nice. I definitely recommend her place!"}, {"name": "Sophie", "date": "2013-06-30", "review": "We had a great time at Miranda's.\r<br/>Miranda is a lovely host that did everything to make our stay pleasant.\r<br/>Her flat is very clean and on top of that very well located (12 min walk to the Themse). The room was very well equipped and pretty big for a guest room too. Me personaly would have prefered a softer bed but not a big deal as I never had back pain.\r<br/>\r<br/>I would truely recommend her accommodation!"}, {"name": "Carina", "date": "2013-07-05", "review": "La ubicacion es muy buena, pero Miranda no nos hizo sentir muy comodos. \r<br/>"}, {"name": "Antonio", "date": "2013-07-12", "review": "Miranda is very kind, and a helpful and responsive host too. We needed an adapter plug and easyly she got one for us. The room has plenty of  space and toilet in her flat was clean, well-maintained and has a generous shower  The flat is in a wonderful location near Kennington park  just a few minutes walking from Oval tube stop and many other bus combinations. We only stayed there for sleeping because we had friends linving in the same area, but Miranda gently offered her kitchen for making coffee or whatever with a big smile.<br/>Thank you Miranda !!"}, {"name": "Alexandra", "date": "2013-07-15", "review": "Mirandas place is really well located. It is not directly in the (tourist) center, but everything can be reached easily.\r<br/>Her flat was very clean and it was nice to have so much space, though we did not spent a lot of time there - London has just too much to see. Miranda was a very kind and helpful host. We definitely recommend her as host!"}, {"name": "Julia", "date": "2013-07-23", "review": "Miranda was a lovely host, taking care of us and providing everything we could have needed - even an adapter & london map was waiting for us! we could use her kitchen and bathroom which were both clean; the same day with us, a cute+active cat arrived and is quite hairy. we loved it to hang out in our room and cuddle with us :) since the weather was extraordinary warm, our bedroom was quite hot and the bed is indeed not the softest, though we had no problems to sleep after a long day in the city. one can walk in 15 min. to the southbank, after another 15 min. one is in westminster. thank you, Miranda! "}, {"name": "Luciano Jose", "date": "2013-07-29", "review": "Actually very good place of location and price, with all the necessary amenities. The place has wifi, washing machine that you can use whenever you want, refrigerator, microwave, toaster, television, iron, ironing board and the bathroom is large and comfortable. Maybe a little far from the center for night time and the neighborhood is not the best of London but for those wishing to explore London by day tours, as we did, or by day hikes, is a very good option. The means of transport to get to central London are close.\r<br/>Another issue to consider is the cat, haha\u200b\u200b, very nice and very cute for those who love, like my girlfriend, but I do not like to have to deal with cat hair all over the place and see it the top of the kitchen table, haha. It is a matter of each. Miranda really is very friendly and we had a good time, she performed all calls to the delivery for us and we talked a little about his life and ours. Very nice place."}, {"name": "Lisa", "date": "2013-08-08", "review": "Miranda is a welcoming host. The room is lovely, though it is facing the street so could be a little loud depending on the night. The apartment has all the amenities one needs, and Miranda is very generous with the space.\r<br/>\r<br/>The accommodations are well located close to three buses and the Oval Tube Station. If you get a bus pass or an all transport pass you will be able to get to all of the attractions you could want.\r<br/>\r<br/>The area is nice, with a restaurant or two and a nice grocery store within walking distance.  There is a convenience store right around the corner for anything else.\r<br/>\r<br/>Miranda also has a lovely kitty :) a welcome friend after a long journey."}]}