{"id": 10463876, "listing_url": "https://www.airbnb.com/rooms/10463876", "name": "3 Bedroom", "description": "3 bedroom, toilet, kitchen, living room in a convenient location. 5 minutes walk away from Brent cross shopping centre, 16 minutes walk away from Hendon Central Station, Convenient local store around, etc.<br /><br /><b>Guest access</b><br />3 out of 4 bedroom access, kitchen, bathroom, and toilet access", "host_name": "Precious", "host_id": 46933484, "host_url": "https://www.airbnb.com/users/show/46933484", "host_picture_url": "https://a0.muscache.com/im/pictures/user/c618dbe0-6ce7-490c-b13d-c574d965a2c1.jpg?aki_policy=profile_x_medium", "neighbourhood_cleansed": "Barnet", "latitude": 51.57501, "longitude": -0.23241, "property_type": "Private room in home", "room_type": "Private room", "accommodates": 6.0, "bathrooms": 1.0, "bedrooms": 1, "beds": 3, "amenities": ["Wifi", "Washer", "Free parking on premises", "Shampoo", "TV with standard cable", "Iron", "Kitchen", "Cable TV", "Heating"], "price": 40.0, "numbers_of_review": 2, "review_scores_rating": 3.0, "reviews": [{"name": "Sapfw", "date": "2016-10-01", "review": "I was truly disappointed. The house was dirtier than you can imagine, nobody could stay there. I had to book a last minute hotel room and that caught me off budget. I'm sorry, I wouldn't recommend it at all."}, {"name": "Jacob", "date": "2016-10-10", "review": "Precious was very easy to communicate with and very flexible on check-in and check-out times.  The flat was very clean and the amenities were fantastic. I would definitely stay here again and highly recommend Precious' flat to anyone looking to stay in London."}]}