{"id": 1046865, "listing_url": "https://www.airbnb.com/rooms/1046865", "name": "Tempur bed, new bathroom, vibrant, arty  area", "description": "This is an ideal location for the independent traveller who needs a boat hole away from the bustle of London, yet still wants to be v close to great transport links. Separate entrance to come & go freely. Less than 10mins ride to the City, 25 mins to Canary Wharf.<br /><br /><b>The space</b><br />Quiet, large, sunny, single room in the heart of trendy Dalston, Hackney and just 5-7 mins walk from 3 different train stations.  My studio/living room is open-plan, and I work from there, which is why I unfortunately can not offer access to the kitchen or common areas. There are no other airbnb tenants, i rent out one room only.<br /><br />More artists live in this postcode than anywhere else in Europe. Walking distance from restaurants, bars, galleries and shops, but set back from the road, so quiet. Excellent train links; minutes walk from 3 stations: Dalston junction, Dalston Kingsland and Hackney Downs and they will pretty much get you anywhere in London with fantastic transport links to ", "host_name": "Lorraine", "host_id": 5763777, "host_url": "https://www.airbnb.com/users/show/5763777", "host_picture_url": "https://a0.muscache.com/im/users/5763777/profile_pic/1365066156/original.jpg?aki_policy=profile_x_medium", "neighbourhood_cleansed": "Hackney", "latitude": 51.54844, "longitude": -0.06665, "property_type": "Private room in loft", "room_type": "Private room", "accommodates": 1.0, "bathrooms": 2.5, "bedrooms": 1, "beds": 1, "amenities": ["Extra pillows and blankets", "Mini fridge", "Hair dryer", "Private entrance", "Bikes", "Dishes and silverware", "Essentials", "Shampoo", "Free street parking", "Cooking basics", "Bed linens", "Shower gel", "Wifi", "Heating", "Building staff", "Long term stays allowed", "TV", "Microwave", "Body soap", "Lock on bedroom door", "Hot tub", "Gym", "Hot water", "Washer", "Smoke alarm", "Laundromat nearby"], "price": 46.0, "numbers_of_review": 181.0, "review_scores_rating": 4.57, "reviews": [{"name": "Dora", "date": "2013-07-08", "review": "Lovely flat, kind, friendly, helpful host and all around great stay. Couldn't recommend it more!"}, {"name": "Redmon", "date": "2013-07-16", "review": "Nice cozy room, very well situated. Lots of hip places around. The host is very hospitable . I would recommend to stay there if you are looking for a nice affordable room in London. "}, {"name": "Mikael", "date": "2013-08-20", "review": "Lorraine's home is in such a great location. You're about 5 or so minutes walk to several tube stations, buses leave from right outside the door and you're on the doorstep to Ridley Road Markets, one of the brightest and most culture-rich spots in the middle of Dalston.\r<br/>\r<br/>The room was a really good size with a fantastic bathroom in the hallway. Even though it looks over a train line, because the line itself is sandwiched by grass banks and the windows are double/triple glazed, the noise is never an issue. \r<br/>\r<br/>The rest of the house is Lori\"s private space. This is not the pad for you if you are looking for a homely spot with chats around the fire with your hosts, etc - it's more like  staying in a great hotel. Very private, your space is yours to yourself.\r<br/>\r<br/>But this is clear from the outset and made implicit in the listing. Lori herself, when I saw her, was really lovely and helpful. And the bed! My god, Tempura, memory foam. Easily worth the price of admission alone!\r<br/>"}, {"name": "Justin", "date": "2013-09-16", "review": "Cozy bed in a cozy room. Can barely hear the train. Nice bathroom with a great shower. Plenty of restaurants and bars nearby -- I'd recommend Servant Jazz Quarters on Bradbury Street -- and very easy access to buses and trains for anywhere else you'd need to go."}, {"name": "Julian", "date": "2013-10-03", "review": "Lorraine was a great host! I lived there for 2 1/2 weeks. Tidy room with comfortable bed in a nice vibrant area of London. \r<br/>Highly recommendable! "}, {"name": "Chris", "date": "2013-10-12", "review": "Lori was very friendly and helpful, it's a nice clean room with a very comfortable bed. The bathroom is clean and well equipped. Great location.    "}, {"name": "Daniel", "date": "2013-10-19", "review": "Really excellent room in a lovely part of London (one of my favorite musicians just happened to be playing a small venue down the street). Very clean and comfortable, nice natural light, and even a few plants. Lori was also a great host and seemed like a pretty cool lady, totally unobtrusive."}, {"name": "Suzannah", "date": "2013-10-22", "review": "Lovely host - Lori's place is warm, clean and comfortable.  No fuss, accessible.  And a great location.  Look forward to staying again!"}, {"name": "Kirsten", "date": "2013-10-28", "review": "Safe, clean, convenient and a very comfy bed-  great Airbnb-experience!"}, {"name": "Annie", "date": "2013-12-18", "review": "Very nice room beside the bathroom. No access to the kitchen, but there's a tiny fridge for milk etc. It is an excellent location for Hackney / London Fields at the end of Ridley Road market. Lori was very helpful and accommodating."}]}