{"id": 10462295, "listing_url": "https://www.airbnb.com/rooms/10462295", "name": "Gem of Highgate, Near Tube", "description": "Delightful one bed flat in a period house directly opposite 27-hectares of Highgate Wood. Completely refurbished to high standard. 3-minute walk from Highgate Station, making to the centre of London is less than 15 mins. Fully equipped kitchen.<br /><br /><b>The space</b><br />The apartment has been completely refurbished. There is a stunning large bedroom with a very comfortable bed. The living area is open plan with a sofa, arm chairs, TV, dinning table, chairs and fully equipped kitchen. There is unlimited free Wifi and Freeview channels.<br /><br />Lovely fluffy cotton towels are provided and bed linen is made up for your arrival.<br /><br />Excellent transport links with Highgate underground station right on your doorstep, giving easy access to London, Britain and Europe. <br /><br />If you are coming from Heathrow, this flat is perfect as you can get the Piccadilly line straight to King's Cross and change to Northern Line. If you're travelling via Eurostar, the apartment is less ", "host_name": "Amit", "host_id": 36737204, "host_url": "https://www.airbnb.com/users/show/36737204", "host_picture_url": "https://a0.muscache.com/im/pictures/user/5bfde040-6a67-45cb-809e-4820f408e2d6.jpg?aki_policy=profile_x_medium", "neighbourhood_cleansed": "Haringey", "latitude": 51.57863, "longitude": -0.15225, "property_type": "Entire rental unit", "room_type": "Entire home/apt", "accommodates": 2.0, "bathrooms": 1.0, "bedrooms": 1, "beds": null, "amenities": ["First aid kit", "Oven", "Hair dryer", "Hangers", "Dishes and silverware", "Essentials", "Shampoo", "TV with standard cable", "Free street parking", "Cooking basics", "Carbon monoxide alarm", "Wifi", "Heating", "Dishwasher", "Long term stays allowed", "Microwave", "Refrigerator", "Iron", "Kitchen", "Stove", "Hot water", "Washer", "Smoke alarm", "Dryer", "Cable TV"], "price": 87.0, "numbers_of_review": 147.0, "review_scores_rating": 4.67, "reviews": [{"name": "Kino", "date": "2016-02-14", "review": "Very wonderful landlord! He prepared my arrival very nicely. The apartment is in an old house ,very clean and neat. Amit prepared the food for me on the first day I arrived. I use the oven to cook breakfast everyday. You get pretty much everything you need. Lovely home!<br/>The location is 20 minutes away by tube from central London and 5 minutes walk from the station. I highly recommend !"}, {"name": "Luke", "date": "2016-03-19", "review": "Lovely flat, clean and cute, very near the tube!"}, {"name": "Elizabeth", "date": "2016-04-20", "review": "Without a doubt a Real Gem. Thank you for a warm and welcoming stay. I felt truly at home here, that flat was spotless, beautifully decorated and had everything I could possibly need: Well laid out living, dining, kitchen area, VERY comfortable bed in spacious bedroom, high spec bathroom, lovely hot shower, and a great washing machine. Amit and his family were exceptional hosts, from the generous provisions - tea, bread, cereal and milk - to welcome me to the flat, and mid- way through my stay professional clean. This part of London is stunning, and the flat perfectly placed to walk to Highgate Village or travel into the city. If you have the chance to stay here, jump at it!"}, {"name": "Francesca", "date": "2016-04-25", "review": "there are no words I can properly use to describe how available and collaborative Amit has been in helping me to organize my parents first time staying in London.<br/>simply, thank you.<br/>the apartment is cozy and bright, warmy and lovely refurbished. it looks like in the pics.<br/>3mins far from the tube station Highgate, and 5 from Sansbury supermarket.<br/>highly recommended. :)"}, {"name": "Ilias", "date": "2016-05-31", "review": "Nice flat. Quickly responsive host. Recommended."}, {"name": "Marta", "date": "2016-06-05", "review": "Ami ha been a grat Host for My parents Who Came to visit me for four day. The apartment is really Nice and Clean and at 5 minutes walking from the tube, Amit had left breakfast for them and had given alla the information we need.<br/>Absolutly recommended."}, {"name": "Geoff", "date": "2016-06-14", "review": "We had a great time at the apartment. The key pick up and communication was excellent. The apartment was spotless and was stocked for us with the essentials. It was a very short walk to the tube and the ideas on the guidebook where good as well. We would recommend anyone stay here you will enjoy the location.  Thanks "}, {"name": "Mark", "date": "2016-06-18", "review": "Great stay. Amit was very welcoming and flexible  Flat is perfect for one or two people using N6 as a base. Everything you need is provided. V clean and comfortable. Wouldn't hesitate to visit again."}, {"name": "Rob", "date": "2016-06-19", "review": "Very warm welcome from our host, and a beautiful and cozy flat. Great place to relax and unwind and a gorgeous neighbourhood too!"}, {"name": "Benjamin", "date": "2016-06-20", "review": "Amit was absolutely fantastic but in an unusual way.  I was caught in a nightmare scenario where my flight to London got cancelled and so I was not actually able to stay in Amit's apartment.  Amit was absolutely great about this, and very reasonable regarding the financial agreement we reached.  He was quite entitled to keep the money from the booking because I had to cancel at the last minute.  But instead we reached an agreement that we were both happy with.  I do not think it would be appropriate to give precise details, but what I can say is that Amit is a very reasonable person and will do what he can to treat you fairly and respectfully.  He is also easy and pleasant to communicate with and gets back to you promptly by text.  I am definitely planning to stay at his apartment next time I am in that part of London."}]}