{"id": 10469392, "listing_url": "https://www.airbnb.com/rooms/10469392", "name": "Lovely 3 bed House Perfect Location", "description": "Completely modernised house with all appliances, stunning new kitchen & bathroom. Great location perfect for both tourists and business users. 20 mins from Heathrow, and on both central and Picadilly tube lines. Beautiful Ealing Common location.<br /><br /><b>The space</b><br />Modern stylish refurb finished to a high standard and tastefully decorated meaning you can be certain to be comfortable on your stay. Underfloor heating in kitchen and bathroom and fully equipped modern designer kitchen for those who want to cook when traveling.<br /><br />Full modern home safety kit installed including smoke detectors, carbon monoxide detectors and alarms.<br /><br /><b>Guest access</b><br />When house booked as a whole complete access to house.<br /><br /><b>Other things to note</b><br />Full access to high speed wifi and cable TV entertainment package including Premier League football.", "host_name": "Myron", "host_id": 53948860, "host_url": "https://www.airbnb.com/users/show/53948860", "host_picture_url": "https://a0.muscache.com/im/pictures/user/7b20d36b-1328-458e-8669-97a40feb3c59.jpg?aki_policy=profile_x_medium", "neighbourhood_cleansed": "Ealing", "latitude": 51.50759, "longitude": -0.29736, "property_type": "Entire home", "room_type": "Entire home/apt", "accommodates": 8.0, "bathrooms": 1.0, "bedrooms": 3, "beds": 3, "amenities": ["Essentials", "Wifi", "First aid kit", "Washer", "Long term stays allowed", "Shampoo", "TV with standard cable", "Fire extinguisher", "Smoke alarm", "Iron", "Carbon monoxide alarm", "Dryer", "Hangers", "Kitchen", "Cable TV", "Heating"], "price": 89.0, "numbers_of_review": 63.0, "review_scores_rating": 4.7, "reviews": [{"name": "Jose", "date": "2016-02-16", "review": "Myron made my family very wellcome, the house was brand new, very clean and perfect conditions, fantastic location with easy transport to central london. the house and host exceed our expectations. "}, {"name": "Marie", "date": "2016-02-23", "review": "The house was lovely, really good value and we had a great stay for the 4 nights we were there super easy to get a tube to central too, would definitely stay again."}, {"name": "Johanna", "date": "2016-03-06", "review": "Myron was very nice and Took care of us. They answered very Quick.<br/>The house was clean and good looking. We had everything we needed! :)<br/>We had a good access to public transport. <br/>It was really lovly! Best choice for London! We would come back:)"}, {"name": "David", "date": "2016-03-11", "review": "Very nice house. It's lovely and clean and in a great spot.  Close to everything.  Highly recommended."}, {"name": "Laure", "date": "2016-03-13", "review": "Myron et Wendi ont une tr\u00e8s jolie maison. Une d\u00e9coration tr\u00e8s sympa qui donne un effet cosy aux lieux.\r<br/>La cuisine \u00e9tait tr\u00e8s bien \u00e9quip\u00e9e et les lits tr\u00e8s confortables. Par ailleurs, la localisation \u00e9tait parfaite: assez \u00e9loign\u00e9e du centre du quartier pour \u00eatre au calme et en m\u00eame temps le centre est tr\u00e8s accessible \u00e0 pieds (environ 10mn).\r<br/>En plus, 10 mn \u00e0 pied du m\u00e9tro qui nous m\u00e8ne directement dans le centre de Londres en environ 20mn! \r<br/>Nous avons ador\u00e9 notre s\u00e9jour! On se sent tr\u00e8s bien dans cette maison! \r<br/>Par ailleurs, Myron et Wendi on \u00e9t\u00e9 tr\u00e8s arrengeants pour le ckeck in! \r<br/>Si vous cherchez un endroit sympa o\u00f9 s\u00e9journer \u00e0 Londres, n'h\u00e9sitez pas!  "}, {"name": "L.Trevor", "date": "2016-03-17", "review": "We really enjoyed this London house in the Borough of Ealing.  The accommodation was very clean and updated and exactly as described.  This location had nice full service village nearby and great train access to the city.  Real nice kitchen and bath with heated floors and towel racks, what a bonus!  Also enjoyed the pub around the corner!  Would love to move in permanently, ha ha!   Thank you to Myron and Wendi for making this house available!  A true living in London experience."}, {"name": "\u6893\u840c", "date": "2016-03-19", "review": "Good"}, {"name": "Stephanie", "date": "2016-03-20", "review": "Great location and a welcoming clean home "}, {"name": "Jeffrey", "date": "2016-03-24", "review": "We loved staying at Myron &Wendi's place. Very nice and quiet neighborhood. Close to subway stops. Modern decor, clean, and new. How much better could it get?"}, {"name": "Sarah", "date": "2016-03-27", "review": "Great location for the house - easy to get into the city and everything you need at nearby Ealing Broadway.  Myron was a very helpful host - easy to get hold of and responds very quickly.  House was great - well equipped, clean and tidy.  Definitely recommend and we'll look forward to visiting again! Thanks."}]}