{"id": 10467506, "listing_url": "https://www.airbnb.com/rooms/10467506", "name": "Superb Central Loft - 2 BD Sleeps 6", "description": "My 2-bedroom apartment with an additional sofa bed has excellent transport links to the centre of London in 15 minutes. You'll love the unique furniture, exposed brickwork and green plants in a former Victorian sugar mill. The beds are very comfortable and come with high quality white bed linen. Relax in the bath or excellent rain shower after a long day exploring the city, or cook a proper meal for your guests in the kitchen!<br /><br /><b>The space</b><br />This large flat sits in a former sugar mill and is on 3rd floor - but easy to walk up to or take the lift if you have heavy bags.<br /><br /><b>Guest access</b><br />You will have access to the entire flat during your stay. 2 bedrooms, 2 bathrooms and a large living space including kitchen, dining and relaxing areas.<br /><br /><b>Other things to note</b><br />There is no TV in the flat, though there is an iMac that you could watch films on if you have your own Amazon or Netflix account. You can also login to Spotify to play music", "host_name": "Daniel", "host_id": 829888, "host_url": "https://www.airbnb.com/users/show/829888", "host_picture_url": "https://a0.muscache.com/im/pictures/user/42ad317e-0fc8-4aa4-9882-3cb520df85bd.jpg?aki_policy=profile_x_medium", "neighbourhood_cleansed": "Tower Hamlets", "latitude": 51.51237, "longitude": -0.06461, "property_type": "Entire loft", "room_type": "Entire home/apt", "accommodates": 6.0, "bathrooms": 2.0, "bedrooms": 2, "beds": 3, "amenities": ["Essentials", "Wifi", "Hot water", "Washer", "Long term stays allowed", "Shampoo", "Elevator", "Fire extinguisher", "Smoke alarm", "Bed linens", "Hair dryer", "Lockbox", "Babysitter recommendations", "Iron", "Carbon monoxide alarm", "Hangers", "Crib", "Kitchen", "Heating", "Dishes and silverware"], "price": 175.0, "numbers_of_review": 76.0, "review_scores_rating": 4.89, "reviews": [{"name": "Gareth", "date": "2016-04-24", "review": "This is a great Air BnB!<br/>Our best yet, a beautiful apartment with everything we needed, a very comfortable stay in a great location. The host was really helpful & just on the other end of the phone if we had any issues. We will certainly book this place again when next in London. "}, {"name": "Rita", "date": "2016-05-02", "review": "The host was really precise and accurate, he wrote down all the instructions on a practical PDF document. \r<br/>The flat position was perfect because it was easy to reach the main tube and bus stations from there and also Tower bridge was very near, only 15 minutes walking. The place was clean, cosy and warm, very nicely furnished. \r<br/>We enjoyed our stay. Thanks Daniel :)\r<br/>\r<br/>"}, {"name": "Magali", "date": "2016-05-22", "review": "Daniel is a great host. Very responsive and always happy to help. He also gave us lots of good tips for things to do and places to go in the neighborhood. The flat is gorgeous and perfectly situated. I definitely would recommend staying there!"}, {"name": "Max", "date": "2016-05-30", "review": "Simply perfect. Every single thing was better than I had hoped for when I booked this loft apartment for my girlfriend and her family. Daniel was a great host, we never met him but he was always available if I had any questions. The apartment is situated in a perfect location, 5 minutes from the tube and the area is quiet.   The rooms and bedrooms are very very comfortable and it's a great place to relax in the evening after a long day sight seeing.\r<br/>\r<br/>I would highly recommend this apartment for anyone who wants to spend time with there family in London.\r<br/>\r<br/>Thank you Daniel for allowing us to enjoy your home!  It was the perfect weekend in the right apartment.\r<br/>"}, {"name": "Mary", "date": "2016-06-30", "review": "We really enjoyed our stay in Daniel's flat. All communication prior to stay was great, quick responses from Daniel to my questions and the guide he provided had relevant information 're tube stations etc that we needed. The location was very good, only 15 minutes walk to Tower Bridge and 5 minutes walk to the tube station. \r<br/>The flat was very clean when we arrived, with good quality bed linen. I'm being picky when I say I would have liked a few more towels.  Although nothing to do with Daniel, we were disturbed by the noise of several young men talking whilst standing outside one of the flats opposite until 1am on our last night.\r<br/>Would we stay here again? Absolutely!\r<br/>Thank you Daniel."}, {"name": "Sarah", "date": "2016-07-25", "review": "Myself and my family visited (5 people in our group) Daniels apartment/flat last weekend. From the very first interaction with Daniel we found him very easy to deal with and very pleasant. He gave us some great tips in terms of where to eat and the suggestions he included on the property page were so helpful. We were actually blown away by how beautiful the flat was. It was very clean and had everything included that you would need for your trip. The flat is conveniently located near to the tube station for easy access to all the attractions London has to offer. We certainly felt like we were in a home away from home and will be recommending this property to all our friends and family who are visiting London. We'll definitely be back again soon! "}, {"name": "Josephine", "date": "2016-08-07", "review": "\u5ba2\u5385\u975e\u5e38\u5927\uff0c\u5149\u7ebf\u5145\u8db3\uff0c\u79bb\u4f26\u6566\u5854\u5f88\u8fd1"}, {"name": "David", "date": "2016-08-15", "review": "Very welcoming  Daniel is a great communicator and access was easy comfortable beds great location"}, {"name": "Katri", "date": "2016-08-22", "review": "Daniel's flat is as gorgeous as it seems in the photos. There was definitely more than enough room for our group of four, two tidy bathrooms and the most comfortable beds ever. Everything went smoothly - the check-in was made really easy for us. The location is great too, with a relatively short walk to the nearest underground station. I definitely highly recommend Daniel's apartment!"}, {"name": "Nicole", "date": "2016-08-29", "review": "wow wow wow!\r<br/>\r<br/>Do not hesitate to stay at this amazing place!\r<br/>\r<br/>We had such a great time here. Daniel is the most perfect host, great communication through out the stay. The place is furnished beautifully and a 10 min walk to to Aldgate east station. thank you to Daniel for making us feel so welcome :)\r<br/>\r<br/>"}]}