{"id": 10462768, "listing_url": "https://www.airbnb.com/rooms/10462768", "name": "Private Studio Flat, Thames Island", "description": "Lovely private studio flat 30 minute train away from Central London, 15 minute walk from Hampton Court.<br />3 minute walk to village with restaurants, pubs and shops.<br />Small well-equipped kitchen, lovely wet room and communal green.<br />Travel cot available.", "host_name": "Corrinne", "host_id": 35620446, "host_url": "https://www.airbnb.com/users/show/35620446", "host_picture_url": "https://a0.muscache.com/im/users/35620446/profile_pic/1434108562/original.jpg?aki_policy=profile_x_medium", "neighbourhood_cleansed": "Richmond upon Thames", "latitude": 51.39553, "longitude": -0.33113, "property_type": "Entire place", "room_type": "Entire home/apt", "accommodates": 2.0, "bathrooms": 1.0, "bedrooms": 1, "beds": 1, "amenities": ["Essentials", "Wifi", "Washer", "Free parking on premises", "Shampoo", "Long term stays allowed", "Smoke alarm", "Hair dryer", "Iron", "Dryer", "Hangers", "Kitchen", "Heating", "Breakfast"], "price": 65.0, "numbers_of_review": 16.0, "review_scores_rating": 4.81, "reviews": [{"name": "Daniel", "date": "2016-02-28", "review": "We were her first guests since she joined airbnb but let me tell you, it was as though she'd been doing for years!\r<br/>\r<br/>From the start she was helpful with directions (even when we were on the wrong island...) and when we arrived she made us feel  welcome instantly. The studio had all the amenities we required, with nice little touches such as breakfast, and the views around the property were utterly astounding.  This is the perfect base for anyone hoping to explore the area and I recommend visiting Hampton Court and the Ye Olde Swan Pub."}, {"name": "Ailsa", "date": "2016-03-17", "review": "Lovely flat in an idyllic location with a very accommodating host. Would definitely recommend to anyone staying in the area."}, {"name": "Jacqui", "date": "2016-03-21", "review": "Lovely little place, well equipped with very comfy bed!  Much appreciated for a good night's rest before running a half marathon at Hampton Court Palace.  Hope to come back with husband and explore Hampton Court Palace and visit Central London."}, {"name": "Alex", "date": "2016-03-23", "review": "Great hosts. Amazing location. Comfortable and well-equipped unit. A perfect solution. "}, {"name": "Nic", "date": "2016-04-01", "review": "Thanks for a lovely stay. Clean, quiet and comfy bed."}, {"name": "Nicola", "date": "2016-04-05", "review": "Perfect location and great accommodation. Charming host who made our guest very welcome. "}, {"name": "Mark", "date": "2016-07-11", "review": "Corrinne and Harry are amazing hosts and I cannot recommend my stay highly enough. The accommodation is perfect and great for anyone planning to stay for a longer duration, with all the facilities you could need. The location is peaceful and great for anyone visiting Hampton Court. I will be definitely visiting again. "}, {"name": "Rachael", "date": "2016-08-02", "review": "We stayed for around a week In the studio apartment. The location is fabulous with Thames Ditton high street just over the bridge and at least four nice pubs within walking distance. Corinne was lovely and we really appreciated the milk, bread, butter and fruit left for our arrival. There was a washing machine which was also useful. "}, {"name": "Laura", "date": "2016-08-06", "review": "What a lovely place to stay, fantastic peaceful location on the Thames. Apartment has everything you could need, the addition of some teabags and milk were much appreciated! A really great place to stay for the night. The bed was super comfortable even if very squeaky! A great nights sleep. The location is perfect with only the sound of nature to wake up to. "}, {"name": "Mick", "date": "2016-08-09", "review": "We loved our stay in Thames Ditton in this delightful flat.  Corrinne made us feel very welcome and it was our regret that our packed schedule did not provide us with the time to get to know her better.\r<br/>\r<br/>The location itself is wonderful and is ideally placed to watch the rivercraft passing by.\r<br/>\r<br/>The flat itself was clean and well-equipped and ideal for two people.  It was exactly as described.\r<br/>\r<br/>We would not hesitate to stay with Corrinne again or to recommend this to our friends.\r<br/>"}]}