{"id": 10463410, "listing_url": "https://www.airbnb.com/rooms/10463410", "name": "Cosy double room in Victorian house", "description": "The room offered is my spare - it's a two bedroom house. It has a very comfortable double bed, with a wardrobe, a desk, and two small drawers set into the chimney breast. It's warm, bright, and all the lodgers I have had have  enjoyed staying there.<br /><br />Please note - I have recently had a lot of enquiries from couples, but the room offered is just available for one guest, sorry. I'm afraid Airbnb don't seem to make this clear enough. Thanks!<br /><br /><b>The space</b><br />Hallo! So, let me give you the facts...<br /><br />The space on offer is a bright, inviting double room in my home, which is a two bedroom mid-terrace Victorian house. The room looks down on my back garden. Polished floorboards downstairs, carpet upstairs.<br /><br />I have been told on numerous occasions that the home I have created is warm, welcoming, and has a lovely calm, tranquil feel about it. The house has a lot of character and everyone who has stayed here, for however long, has had nothing but good t", "host_name": "Jonathan", "host_id": 53916238, "host_url": "https://www.airbnb.com/users/show/53916238", "host_picture_url": "https://a0.muscache.com/im/pictures/user/a603ec70-e22f-45f5-aa8e-5f198c99b945.jpg?aki_policy=profile_x_medium", "neighbourhood_cleansed": "Lewisham", "latitude": 51.42916, "longitude": -0.04138, "property_type": "Private room in townhouse", "room_type": "Private room", "accommodates": 1.0, "bathrooms": 1.0, "bedrooms": 1, "beds": 1, "amenities": ["Essentials", "Extra pillows and blankets", "Wifi", "Hot water", "Washer", "Long term stays allowed", "Shampoo", "Host greets you", "Free street parking", "Fire extinguisher", "Bed linens", "Hair dryer", "Iron", "Dryer", "Hangers", "Kitchen", "Heating"], "price": 39.0, "numbers_of_review": 16.0, "review_scores_rating": 4.81, "reviews": [{"name": "Alison", "date": "2016-01-16", "review": "Jonathan was a star: he accepted my request to stay with only a few hours' notice. He was very welcoming and helped me feel very much at home.\r<br/>I didn't need guidance re things to do/how to get around etc but he did offer to give me as much information as I wanted. \r<br/>The bedroom was clean and tidy and had everything I needed, plus some lovely thoughtful extras (wee chocolate bars and mints) - I hope he will forgive me for the countless cups of tea I had.\r<br/>Thank you Jonathan, and I hope to see your novel in print before long!"}, {"name": "Andrea", "date": "2016-03-04", "review": "Very cozy room, looks exactly like it did in picture. The host was very flexible with arrival time, my plane was delayed by 30 minutes and I arrived in the late evening.  The host was very accommodating!"}, {"name": "Trish", "date": "2016-03-25", "review": "Was very welcoming. The house is lovely and a very convenient location."}, {"name": "Gillian", "date": "2016-04-04", "review": "A lovely, warm, clean home to which I was made most welcome. Jonathan was helpful throughout from directions from the train station to putting out bubble bath. A comfortable double bed and extra little touches like water, hairdryer, extra pillows, extra blankets, chocolates and mints made the stay delightful. Great location - walking distance to the high street and train station. Jonathan was a friendly, interesting host - I had a great stay!"}, {"name": "Arnaud", "date": "2016-09-10", "review": "Very special thanks to Jonathan, who was very helpful, I really enjoyed my stay in his lovely house.<br/>The room and the house were perfectly clean as on pictures.<br/>Many thanks !! "}, {"name": "Jonathan", "date": "2016-10-01", "review": "Jonathan was a very welcoming host, I had everything I needed from him. Jonathan's home is situated ideally for a short commute into London. The accommodation is exceptionally clean and tidy.<br/>Jonathan is very house proud. "}, {"name": "Phil", "date": "2016-11-13", "review": "I'm afraid I'm a bit of a recluse,  not only was I tired but had loads of work to do ready for the next days training,  s apologies to Jonathan,  but everything I could want was left out for me and for the first time in weeks I slept solid so five stars for that,  which is exactly what I wanted,  I will be returning I g I. The new year for more coarses hopefully I will get more time next time as it will be three days,  thank you Jonathan for all your hospitality"}, {"name": "Geraldine", "date": "2016-12-03", "review": "Jonathan responded straight away and put me up at very short notice, which was really kind. Communication was really easy and he gave great instructions on how to get there. He was very welcoming, considerate and helpful. The house was really quiet, clean and I slept soundly. I also had a good hot shower in the morning and found a parking spot on the street with ease. All in all it was everything I wanted. Thanks!"}, {"name": "Donatella", "date": "2016-12-11", "review": "I was so impressed with the standard of cleanliness throughout. The bed was comfortable and the street was quite, all in all a good night sleep away from home. <br/>Thank you Jonathan for being so welcoming and organised. <br/>I would definitely recommend it to anyone. "}, {"name": "Carrie", "date": "2017-04-16", "review": "Jonathan is a welcoming and friendly host. His house is clean and well presented, and conforms entirely to the description in his listing. I would not hesitate to recommend Jonathan and his house to anyone looking for a place to stay in this area. "}]}