{"id": 1046055, "listing_url": "https://www.airbnb.com/rooms/1046055", "name": "ZONE 1, CONVENIENT, CHEAP BUT CHIC", "description": "<b>Guest access</b><br />Kitchen, bathroom, lounge<br /><br /><b>Other things to note</b><br />I am here to help so ask :)", "host_name": "Mike", "host_id": 3729136, "host_url": "https://www.airbnb.com/users/show/3729136", "host_picture_url": "https://a0.muscache.com/im/pictures/user/3124ca34-3c94-4be4-bb95-9dfb4b6d5309.jpg?aki_policy=profile_x_medium", "neighbourhood_cleansed": "Southwark", "latitude": 51.48448, "longitude": -0.09141, "property_type": "Private room in rental unit", "room_type": "Private room", "accommodates": 4.0, "bathrooms": 1.0, "bedrooms": 1, "beds": 1, "amenities": ["First aid kit", "Oven", "Cleaning before checkout", "Hair dryer", "Wine glasses", "Dining table", "Cleaning products", "Dishes and silverware", "Luggage dropoff allowed", "Essentials", "Baking sheet", "Cooking basics", "Single level home", "Bed linens", "Carbon monoxide alarm", "Bathtub", "Wifi", "Heating", "Coffee maker", "Dishwasher", "Long term stays allowed", "TV", "Hot water kettle", "Microwave", "Portable fans", "Refrigerator", "Iron", "Kitchen", "Stove", "Toaster", "Dedicated workspace", "Hot water", "Washer", "Paid parking off premises", "Smoke alarm", "Laundromat nearby", "Dryer", "Freezer"], "price": 61.0, "numbers_of_review": 110.0, "review_scores_rating": 4.7, "reviews": [{"name": "Azwirah", "date": "2015-05-23", "review": "Mark was one of the best host i've known. He is very friendly and helpful. The house is very clean and convenient and we were very satisfied with both the accommodations and the service he provided. It is also very close to the tube and bus station and thus traveling in London was easy and accessible. "}, {"name": "Bianka", "date": "2015-05-30", "review": "Mike hosted me and my friend for a week, the place was very nice, as described, clean and comfortble. It is located near the center, near the bus stop and to the tube. He was very welcoming, friendly, funny and helpful. if we return to London we will stay by him."}, {"name": "Micha\u0142", "date": "2015-06-07", "review": "We were very pleased with our host Mike, he's very friendly and helpful. He made sure everything was in top-top shape during our stay. He also provided invaluable information about how to get around the surrounding area and other places to check out. The room was cozy, clean and spacious, as well as the entire flat. The tube stations (E&C + Kennington) couldn't have been more convenient across the street (10 min tops). The neighborhood is really safe and there are lots of shops/pubs. We would definitely recommend staying here!\r<br/>\r<br/>Micha\u0142 & Martyna"}, {"name": "Monique", "date": "2015-06-16", "review": "I really enjoyed my stay at Mike's apartment!! He is a wonderful guy that is up to help you anytime. We have been traveling around Europe using airbnb and Mike was the best host so far. The apartment is clean and the room is huge. I totaly recomend him as a host! Thankyou for being such a gentleman with us! Hope to be back in London and stay there again  "}, {"name": "Luigi", "date": "2015-06-20", "review": "Mike is a really friendly host. We had time to have a drink and a laugh together. The room is very simple but spacious. The apartment was well kept and clean. Looking forward to visit him again."}, {"name": "Charles", "date": "2015-06-23", "review": "Mike's apartment is very nice. Lots of space in the bedroom (certainly enough to fit 4 people) and you can't beat the location. The buses right by the apartment go anywhere you need in central London!"}, {"name": "Chris", "date": "2015-06-26", "review": "The location and setup of the flat was wonderful. "}, {"name": "Salomon", "date": "2015-08-18", "review": "Mike, ha sido un gran anfitri\u00f3n, estuvo atento a mi llegada y resolvi\u00f3 todas mis dudas, adem\u00e1s me dio recomendaciones bastante puntuales con base en lo que deseaba hacer durante mi estancia en su departamento. La habitaci\u00f3n es justo la que se promete, la relaci\u00f3n costo beneficio es adecuada. Nos organizamos bastante bien para la hora de llegada as\u00ed como la salida, pues mi vuelo era a las 23:00 y sin problema acepto hospedarme hasta las 18:00hrs. Fue como estar en casa. \r<br/>\r<br/>La estaci\u00f3n m\u00e1s cercana del tren (subterraneo) est\u00e1 a 15 minutos caminando, tambi\u00e9n puedes tomar autobus pero el vacindario donde se encuentra Mike est\u00e1 lleno de comercios, por lo que mecere la pena caminar, adem\u00e1s hay lugares para desayunar o comer a la vuelta de la esquina, as\u00ed como un super a una calle, donde puedes comprar cosas para preparar en casa, la cocina esta equipada para su uso.  Sin duda volver\u00eda a hospedarme con \u00e9l, aunque interactuamos muy poco siempre tuvo una actitud positiva y una sonrisa para mi. \r<br/>"}, {"name": "Andrew", "date": "2015-09-05", "review": "Mike is a very helpful and friendly host. He makes you feel very welcome and his place is well located. The room provided in his flat is spacious and he will assist you with any questions you may have about London. Thank you Mike."}, {"name": "Allan", "date": "2015-09-10", "review": "Mike was a great host - friendly and informative, easy to chat with - very hospitable.\r<br/>\r<br/>Accommodation was in a great location for hopping onto the bus (or short walk to tube) into town.  \r<br/>\r<br/>Would book again definitely."}]}