{"id": 10468918, "listing_url": "https://www.airbnb.com/rooms/10468918", "name": "Modern & Secure 2 bedroom Central East London flat", "description": "Welcome to my flat in London's trendy Bethnal Green, a stone's throw to Shoreditch, the City, Canary Wharf and Victoria Park Village. <br /><br />It's canal-side location, high standard of the block, the flat, it's contents, the added extras provided, local amenities, service I provide, fantastic public transport links and on-site security, will ensure it's the perfect comfortable, central and safe base for your London adventure, be it for work or pleasure.<br /><br /><b>The space</b><br />Key features:<br /><br />\u2022 Beautiful, modern and immaculate 4th floor canal-side apartment<br />\u2022 Two double bedrooms<br />\u2022 Open-plan lounge, dining room and kitchen<br />\u2022 6 year old block with new furnishings and contents<br />\u2022 Large Balcony with bistro table and chairs with canal and park views<br />\u2022 Very secure - Concierge 6 days per week and 24 hour security 365 days per year<br />\u2022 Great location, very quiet, but near to good local amenities and transport links, so easily accessible to the m", "host_name": "Des", "host_id": 47884811, "host_url": "https://www.airbnb.com/users/show/47884811", "host_picture_url": "https://a0.muscache.com/im/pictures/user/9f35cf90-1be1-4f56-b8d8-86ebbad02d82.jpg?aki_policy=profile_x_medium", "neighbourhood_cleansed": "Tower Hamlets", "latitude": 51.52829039909069, "longitude": -0.0414898136721522, "property_type": "Entire rental unit", "room_type": "Entire home/apt", "accommodates": 4.0, "bathrooms": 1.0, "bedrooms": 2, "beds": 2, "amenities": ["Window guards", "First aid kit", "Cleaning before checkout", "Fire extinguisher", "Hair dryer", "Wine glasses", "Dining table", "Private entrance", "Paid parking lot off premises", "Hangers", "Bikes", "Waterfront", "Dishes and silverware", "Luggage dropoff allowed", "Essentials", "Outlet covers", "Shampoo", "Basic Earth conditioner", "Outdoor furniture", "Baking sheet", "Cooking basics", "Single level home", "Sound system", "Bed linens", "Pour-over coffee", "Babysitter recommendations", "Samsaung  refrigerator", "Carbon monoxide alarm", "Bathtub", "Shower gel", "Heating", "Coffee maker", "Free dryer \u2013 In unit", "Long term stays allowed", "Hot water kettle", "Microwave", "Portable fans", "Host greets you", "Room-darkening shades", "Private patio or balcony", "Neff stainless steel oven", "Iron", "Paid parking lot on premises \u2013 1 space", "Kitchen", "Drying rack for clothing", "Stove", "Toaster", "Breakfast", "Security cameras on property", "Dedicated workspace", "Hot water", "Elevator", "Basic Earth body soap", "Smoke alarm", "HDTV with Chromecast", "Netflix", "premium cable", "standard cable", "Clothing storage: closet", "dresser", "and wardrobe", "Free washer \u2013 In unit", "Ethernet connection", "Laundromat nearby", "Fast wifi \u2013 55 Mbps", "Nespresso machine", "Cable TV", "Freezer", "Pocket wifi"], "price": 164.0, "numbers_of_review": 72.0, "review_scores_rating": 4.97, "reviews": [{"name": "Yvonne", "date": "2016-05-29", "review": "Des was a wonderful host to a fabulous apartment, in a lovely location by the canal.  Location was ideal for us, and only 10 minutes walk from Mile End tube station, with access to the whole of London. The flat was spacious for us as a family of 4, beautifully decorated and had all the amenities you could possibly require, inc. wifi, which is a must for the kids. Really comfortable beds and quiet at night, which is really important for me. Des has a wealth of knowledge of the area, with some great tips. He even laid on a lovely breakfast. We had a brilliant weekend. Thankyou Des."}, {"name": "Katherine", "date": "2016-06-13", "review": "Des is a fantastic host, very welcoming and everything we could need was thought out and provided for. The flat is beautiful and clean, very modern, spacious and comfortable. The flat is perfect for visiting London, especially East London and is a short walk from both Mile End and Bethnal Green stations. I would thoroughly recommend this AirBnB, very happy with our stay! Thanks again Des!"}, {"name": "Lucy", "date": "2016-06-19", "review": "Des was very welcoming. He met us at the flat and showed us around. He gave us tips on both the flat and the local area and had even kindly bought us some breakfast things!\r<br/>The flat was in a great location for us as we were attending a wedding in Mile End. It was very clean and tidy and a lovely living space. Des had thought about all the extras which would help during our stay including spare phone chargers!\r<br/>We would definitely recommend this flat for a visit to London."}, {"name": "Gina", "date": "2016-07-16", "review": "The listing was even bigger than we expected, perfect for a couple and a single. Everything was clean, beautiful, and luxurious. The flat is quiet and comfortable, and was in a perfect location for our group's conference at Queen Mary University of London.\r<br/>\r<br/>Des was a perfect host, introducing us to everything in the flat and the neighborhood, and allowing us flexibility in our check-in and -out times and had stocked the flat with food for us (totally above and beyond).\r<br/>\r<br/>We heartily recommend Des's flat for anyone needing an East London location that's beautiful, modern, and convenient. The daily walk down the Regent's Canal to the tube stop was a great way to begin our days, too!"}, {"name": "Nick", "date": "2017-01-03", "review": "We rented Des' place for 10 days for our parents to stay during a visit. The flat was exactly as we expected: clean, well furnished and in a great location.<br/>Des was an excellent host, and was very attentive to ensure that we were well looked after. He provided some household essentials to make sure that we were in a good shape on our arrival. He also ensured we knew about local shopping, destinations and everything we needed about the flat.<br/>I live in the area, so I'm obviously biased, but it is a great location, set in a small park and a short walk from the beautiful Victoria Park. There are also some great nearby pubs, restaurants and good options for local grocery shopping."}, {"name": "Nuno", "date": "2017-04-10", "review": "The host was very attentive in the reception, providing all the necessary information about the house, the place, transport, food, etc.<br/>The house is in very good condition and is very nice.<br/>The area is very quiet with beautiful parks and accessible transportation."}, {"name": "Christoffer", "date": "2017-05-28", "review": "Des was an extremely thoughtful and helpful host. He had prepared everything for us, including tips on the area, breakfast supplies and toiletries. The flat was very clean and modern, and it has a balcony with a view towards the canal. The location is good as several tube lines are a 10-minute distance away. Des was also very communicative and we didn't have any problem during our stay. We would love to stay there again!"}, {"name": "Sangjae", "date": "2017-06-03", "review": "My host Des was so kind enough to give me a lot of information on London before we get there.<br/>This was my first time to use Airbnb and a family trip with children so I was concerned about using Airbnb.<br/>It turned out that I was really lucky to meet Des and stay in his flat.<br/>Des prepared milk, juice, bread, water, champagne, cheese and many more for us. I did not need to buy any breakfast items at all.<br/>When I arrived, he kindly shared his personal time way more than an hour to show us the flat and information on London and neighborhood. His pamphlet on restaurant and major spots came in handy. We tried some of the restaurants he recommended and every one of them was superb.<br/>The flat was clean and comfortable to stay. It is in residential area so it was quiet and perfect for family with kids. A very nice supermarket is 10 minute walking distance and Victoria park is nearby.<br/>If you are thinking about family trip with kids, this is the excellent choice. After I tried other Airbnb, it became clear to me that Des is a really excellent host.<br/>I strongly recommend Des's flat and I want to stay there again.<br/>Thank you so much Des for your kindness and hospitality for my family."}, {"name": "Kiri-Ann", "date": "2017-06-05", "review": "Hi I booked Des's place to attend an afternoon event at close by Victoria Park. From the start Des was a perfect host, from offering us a variety of breakfast options not to mention the bottle of Fizz waiting for us in the fridge! Such a lovely touch!! On arrival he should us round all aspects of the flat, Des was lovely and charming and chatty so much so our party joined him and his friend for a drink at the next door bar!<br/>The flat was immaculate, perfect for our party of 4. Des gave us advice on the local area everything from transport links, where to eat and drink and the local night life. All backed up with a information sheet. I wouldn't hesitate in booking Des's place again in the future ....."}, {"name": "Renu", "date": "2017-06-17", "review": "Des is a kind and friendly host. He gave us necessary information about the place and more.....<br/>He provided us with the breakfast things which was great particularly if you're coming in late. Overall a very good experience."}]}