{"id": 1047227, "listing_url": "https://www.airbnb.com/rooms/1047227", "name": "Lovely town house in Herne Hill with 2 cute cats", "description": "Great comfy house within easy reach of town - 30 mins door to Oxford Street, yet with beautiful park on doorstep and wonderful swimming pool 351 steps away!!!!!<br />Come and enjoy!<br />We have 2  very loved resident cats who are friendly and come and go as they please. They would need feeding!<br /><br /><b>The space</b><br />A beautiful family home. 3 minutes to the park and 30 minutes to the centre of London. <br /><br />A comfortable base where you might not need to go as far as you thought. Beautiful things right on the doorstep. With train, tube or bus to central London.<br /><br />Great family house in great area of London. The park and the Lido are just round the corner, incredible markets and shops close by, and Tube or Train 15 mins into central London. Big eat in kitchen, 3 bedrooms and one comfortable and easy to use double sofa bed in sittingroom, 3 bathrooms, garden to sit out in. <br /><br />The house has a well equipped kitchen and larder as we are both keen cooks, and", "host_name": "Flora", "host_id": 2778469, "host_url": "https://www.airbnb.com/users/show/2778469", "host_picture_url": "https://a0.muscache.com/im/users/2778469/profile_pic/1396905297/original.jpg?aki_policy=profile_x_medium", "neighbourhood_cleansed": "Lambeth", "latitude": 51.45482, "longitude": -0.10801, "property_type": "Entire townhouse", "room_type": "Entire home/apt", "accommodates": 6.0, "bathrooms": 2.5, "bedrooms": 3, "beds": 3, "amenities": ["Extra pillows and blankets", "Fireplace guards", "First aid kit", "Oven", "Hair dryer", "Hangers", "Crib", "Dishes and silverware", "Luggage dropoff allowed", "Essentials", "Ping pong table", "Shampoo", "TV with standard cable", "Cooking basics", "Sound system", "Bed linens", "Clothing storage", "Babysitter recommendations", "Shower gel", "Bathtub", "Indoor fireplace", "Heating", "Wifi", "Children\u2019s books and toys", "Backyard", "Game console", "Pack \u2019n play/Travel crib", "Long term stays allowed", "Refrigerator", "Room-darkening shades", "Iron", "Body soap", "Drying rack for clothing", "Kitchen", "Stove", "Conditioner", "Dedicated workspace", "Hot water", "Washer", "Board games", "Paid parking off premises", "Smoke alarm", "Ethernet connection", "High chair", "Lockbox", "Cable TV"], "price": 160.0, "numbers_of_review": 31.0, "review_scores_rating": 4.9, "reviews": [{"name": "Hollie", "date": "2014-05-06", "review": "My super last minute booking with Flora was great. She replied quickly and was really friendly. When we arrived everything was easy to follow. The house is lovely (and clean), as you can see from the photos. Some great retro features and fab decor. Flora left us some fresh bread, jam and marmite (for the adventurous). I wanted to show some of my extended family, who were visiting from South Korea for the first time, what it is like to live in England. Flora's house has some great homely charm, and gave them all a great experience (One person was so happy she literally jumped up and down). Flora was kind enough to grant my telephone request and let us leave our luggage in the house until later on the check out day. THANK YOU Flora, and your family, for letting us stay in your lovely home! I definitely recommend you and your place."}, {"name": "Marcel", "date": "2014-08-08", "review": "Flora Patten is een goede gastvrouw. Tijdig contact, \"alles\" is mogelijk, zeer tevreden over. Het huis is heerlijk, groot, rustig, stijlvol (modern vintage), met veel karakter en van alles voorzien, inclusief tuin. De buurt is \"upcoming\", heerlijk zwembad op 5 minuten loopafstand, midden in een prachtig stadspark met heel veel sportfaciliteiten, picknicken en mooi uitzicht richting het centrum. Een rustige straat, aantal huizen opgeknapt, aantal huizen moeten nog. Veilig, openbaar vervoer om de hoek, auto voor de deur. Midden tussen de bewoners van Londen. Absoluut een aanrader."}, {"name": "Tony", "date": "2014-08-11", "review": "Fantastic qwerky house that was perfect for our stay in London. Great location next to Brockwell park where we went for a picnic. Easy to walk into vibrant Brixton and to get into the heart of London. Easy to find and Flora was very helpful and easy to deal with. Very quick at answering all our questions.  Thank you."}, {"name": "Olivier", "date": "2014-08-26", "review": "superbe location en tout point correspondant \u00e0 la description.  nous la recommandons vivement, elle est grande, propre, dans un quartier tr\u00e8s tranquille permettant d'\u00eatre au centre de londres en 30 minutes. \u00e9quipement de qualit\u00e9; literie parfaite.\r<br/>Au final, rien \u00e0 critiquer, que du positif, allez y les yeux ferm\u00e9s !!!!"}, {"name": "Sophie", "date": "2014-11-01", "review": "Notre s\u00e9jour \u00e0 Londres et en particulier dans la maison de Flora a \u00e9t\u00e9 excellent.\r<br/>C'est vrai qu'il faut prendre en compte le temps de trajet pour aller au centre  ville mais les transports anglais sont bien organis\u00e9s et avec la carte Oyster nous avons pu utiliser le m\u00e9tro, le bus ou le train avec facilit\u00e9s. \r<br/>La maison \u00e9tait conforme \u00e0 sa description ; nous nous y sommes bien sentis. Nous \u00e9tions heureux de rentrer le soir pour d\u00eener et nous reposer. Flora nous avait laiss\u00e9 des informations d\u00e9taill\u00e9es . \r<br/>Je recommande cette location pour une famille qui aime \u00e0 se retrouver au calme. \r<br/>Merci \u00e0 Flora et sa famille. Au plaisir de revenir."}, {"name": "Tomas", "date": "2015-08-01", "review": "This is a house we warmly can recommend, thank you Flora with family. The house was lovely and the neighbourhood was nice and calm. It was easy and close to everything. Even if we didn\u00b4t meet Flora she suported us well and we\u00b4d love to come back!"}, {"name": "Heather", "date": "2015-08-08", "review": "After a long day travelling we were very happy to reach the house and find the keys just as Flora had described.  The children had such fun exploring and loved their bedrooms on the top floor.  The house was full of character and charm, spotlessly clean and had a welcoming homely feel.  It was just as the photos and description suggested.  The kids enjoyed watching some of the DVD\u2019s and I used my somewhat rusty piano playing skills on the keyboard.  The instructions and information were very useful and we soon worked things out and got our bearings.  The location was great for public transport, both tube and train.  We happened to hit a tube strike but we just used the train.  We met a couple of the very friendly neighbours, one of whom was particularly helpful when we noticed a parking ticket on our car even though  we were displaying a valid daily permit - it turned out to be someone else\u2019s.  Overall, a lovely holiday in a beautiful home.  We would definitely stay there again. Thank you."}, {"name": "Gonzalo", "date": "2015-08-25", "review": "Great host and beautiful home. Flora was very helpful and communicative at all stages. I attended a wedding in Brixton and the house was perfectly located for the occasion. I would definitely stay there again. "}, {"name": "Ian", "date": "2015-08-30", "review": "Great house in a great location. Spotlessly clean, well-equipped and comfortable - with quirky furnishings and decor. Bedrooms and living spaces spread across four levels got the circulation going after our long plane flight.\r<br/>Our family of six had a great short stay in London. Very easy check in and everything straight forward. \r<br/>Love the Herne Hill shops, bakery and Florence Hotel. The number 3 bus is a 2 minute walk away and took us straight to the National Gallery and Trafalgar Square. "}, {"name": "Juan Carlos", "date": "2015-10-27", "review": "Very nice house and well located for visiting London\r<br/>Flora was very helpful with pratical recommendations \r<br/>Strongly recommend this charming house!"}]}