{"id": 10486000, "listing_url": "https://www.airbnb.com/rooms/10486000", "name": "Double room, one stop to London Bridge", "description": "Modern 5th floor flat, great views over south west London. <br />Located at the top of Deptford High Street, voted one of the world's coolest streets by TimeOut magazine.<br />5 mins walk to Deptford train station zone 2, only one stop to London Bridge. <br />5 mins bus ride to Greenwich centre, bus stop on the doorstep. <br />Sky TV with sports and movie channels in the guest room.<br /><br /><b>Guest access</b><br />Guests have access to:<br />Bedroom with double bed, chest of drawers and wardrobe<br />Kitchen<br />Living room w 32\u201d tv and Sky cable<br />Bathroom<br />Washing machine", "host_name": "Richard & Daryl", "host_id": 54052872, "host_url": "https://www.airbnb.com/users/show/54052872", "host_picture_url": "https://a0.muscache.com/im/pictures/user/3759f279-4edd-4689-8fa8-458484ac915d.jpg?aki_policy=profile_x_medium", "neighbourhood_cleansed": "Lewisham", "latitude": 51.48309, "longitude": -0.02875, "property_type": "Private room in rental unit", "room_type": "Private room", "accommodates": 2.0, "bathrooms": 1.0, "bedrooms": 1, "beds": 1, "amenities": ["Oven", "Fire extinguisher", "Hair dryer", "Dishes and silverware", "Essentials", "Shampoo", "TV with standard cable", "Free street parking", "Cooking basics", "Wifi", "Heating", "Dishwasher", "Host greets you", "Microwave", "Refrigerator", "Private patio or balcony", "Iron", "Kitchen", "Stove", "Dedicated workspace", "Hot water", "Washer", "Elevator", "Smoke alarm", "Dryer", "Cable TV"], "price": 50.0, "numbers_of_review": 38.0, "review_scores_rating": 4.89, "reviews": [{"name": "Georgy", "date": "2016-02-13", "review": "Quiet place in a quiet area, within walking distance from Greenwich attractions. Excellent connection to the center - 5 minutes walking to the Deptford station. \r<br/>In fact, almost all the time the apartment was in my sole disposal.\r<br/>Richard was a polite and helpful host."}, {"name": "Tim", "date": "2016-12-10", "review": "We stayed at Richards flat in Deptford for 11 weeks whilst we were moving between flats.  Richard wasn\u2019t there most of the time so we had the place to ourselves.  The flat is a few minutes\u2019 walk to Deptford train station which takes you into London Bridge/Cannon Street in under 15 minutes.  Richard was a great host and very accommodating when we asked to extend our stay.  We would definitely recommend staying here if you want to be in the area."}, {"name": "Veronica", "date": "2017-07-15", "review": "Richard and his wife are just great! They are really nice and friendly and always make you feel at home. I have only good things to say about them and I highly recommend them as hosts. Also, the house is very nice and very clean. Thank you!"}, {"name": "Maxime", "date": "2018-01-19", "review": "Richard and his wife are very nice hosts. We lived the perfect Airbnb experience for 3weeks : they made us feel at home, we enjoyed good times together and they made everything easy and convenient.<br/>The flat is spacious, fully equipped and in a secured property. It is located 5mn away from Deptford train station and just in front of a bus stop. The balcony has an amazing view btw!<br/>We recommend a 100% booking Richard\u2019s place. This is the best Airbnb experience we had so far!<br/>Thanks again for everything and hope to see you again!"}, {"name": "Charlotte", "date": "2018-02-24", "review": "Our stay at Richard's apartment was perfect. We were only there for one night (visiting a local gym in the Deptford area) but would have loved to stay longer, and will definitely be visiting again!<br/>The room was lovely and bed very comfortable, had a fantastic nights sleep. We arrived by train which was perfect as it is only a 5 minute walk to Deptford train station, and if we had driven Richard offered the use of his parking space too :)<br/>Richard's hospitality and communication is top notch, he was very easy going with our late arrival and early start and made us feel very welcome and at home :) <br/>Thank you Richard, and hope to see you again soon!"}, {"name": "Peter", "date": "2018-03-09", "review": "Richard and his wife are super lovely and made us feel welcomed from the second we arrived. The location is fantastic, the building is very secure, there is even a free parking slot. The flat is very clean and tidy, the room was perfect for me and my wife. <br/>One of the best AirBnb bookings I've ever done. The check in was flexible, and Richard was very responsive to all our messages. I can only recommend Richard's place to anyone! We will surely return. Thank you for the outstanding experience!"}, {"name": "Raquel", "date": "2018-06-20", "review": "Richard was very helpful and also very happy and smiley, he had no problem with the arriving and leaving time. I rented their room for my parents and they went back home wanting to come back to Richard and Daryl home, so clean and beautiful room! Thanks for everything!"}, {"name": "Anjum", "date": "2018-06-24", "review": "Very welcoming and friendly. Great stay, will definitely book again"}, {"name": "Esti", "date": "2018-09-16", "review": "Richard and Daryl are very great hosts! Me and my boyfriend have been two months with them but would have stayed more time. The house is pretty small but it has everything you need. The bedroom is fantastic also, with a far view of the London Eye. Bus stops and the train station are very very near, it takes 30-40 mins go to the centre. If you don't mind to spend this time and you prefer being in a relaxed zone visiting different  places this is your choice. Thank you so much guys!!!"}, {"name": "Viktorie", "date": "2018-10-13", "review": "Daryl and Richard are a very friendly and helpful couple. Their apartment is very nicely furnished and clean. I spent three weeks in the apartment, and if I had the chance to come back, I would definitely contact these kind hosts. The apartment is located in an easily accessible location. I am really happy that I spent my time in London right there."}]}