{"id": 10489696, "listing_url": "https://www.airbnb.com/rooms/10489696", "name": "Master Bedroom 200 ft from tube", "description": "My room is a large master bedroom in a 3 bedroom 1.5 bathroom flat. Other flatmate will be travelling and third will be living there ( laid back who works). Flat is next to Baron's court tube station which has both the district and picadilly line!", "host_name": "Sean", "host_id": 29644683, "host_url": "https://www.airbnb.com/users/show/29644683", "host_picture_url": "https://a0.muscache.com/im/users/29644683/profile_pic/1426796170/original.jpg?aki_policy=profile_x_medium", "neighbourhood_cleansed": "Hammersmith and Fulham", "latitude": 51.48986, "longitude": -0.21306, "property_type": "Private room in rental unit", "room_type": "Private room", "accommodates": 1.0, "bathrooms": 1.0, "bedrooms": 1, "beds": 1, "amenities": ["Essentials", "Wifi", "Washer", "Long term stays allowed", "Elevator", "TV with standard cable", "Heating", "Hangers", "Cable TV", "Air conditioning"], "price": 25.0, "numbers_of_review": 1, "review_scores_rating": 4.0, "reviews": [{"name": "Wajid", "date": "2016-02-11", "review": "Sean and his roommates were very friendly,helpful and amicable.<br/>James is a caring and nice guy.<br/>Room was as promised,spacious with all facilities and very close to tube station.<br/>If I visit London again would appreciate staying there again.<br/>I would recommend this place as it is very close to tube station and in central London."}]}