{"id": 10484149, "listing_url": "https://www.airbnb.com/rooms/10484149", "name": "Sunny Clapham Studio", "description": "Great location - 5 minute walk from Clapham Junction Station which takes you directly to central London. Plenty of bars and resturants and supermarkets nearby. There is one real bed but also a full airbed is also available for additional 2 people.", "host_name": "Kim", "host_id": 16995269, "host_url": "https://www.airbnb.com/users/show/16995269", "host_picture_url": "https://a0.muscache.com/im/pictures/user/2289ea02-3c31-4d18-8d17-4db986dbfc49.jpg?aki_policy=profile_x_medium", "neighbourhood_cleansed": "Wandsworth", "latitude": 51.46237, "longitude": -0.16607, "property_type": "Entire rental unit", "room_type": "Entire home/apt", "accommodates": 2.0, "bathrooms": 1.0, "bedrooms": null, "beds": 1, "amenities": ["Essentials", "Wifi", "Washer", "Long term stays allowed", "Shampoo", "TV", "Smoke alarm", "Hair dryer", "Iron", "Dryer", "Kitchen", "Heating"], "price": 61.0, "numbers_of_review": 1, "review_scores_rating": 3.0, "reviews": [{"name": "Marzena", "date": "2018-01-03", "review": "Kim is a very lovely, helpful, kind and thoughtful host (Thanks for the New Year wine!). The flat is great for its location - we could get everywhere we wanted to with no effort. It's tiny but big enough for two adults for a few day stay. However, it's situated in a noisy area and it's by a busy street. Its equipment works fine but is rather old. It wasn't very clean as well, especially the bathroom should get a proper clean. There was no storage place whatsoever, which we found most annoying as we had to keep our clothes in the suitcase. There is a wardrobe but it's full of someone else's clothes, shoes, bags, underwear. <br/>We do recommend the flat and the host, despite the few drawbacks we had a fantatic time in London."}]}