{"id": 10486329, "listing_url": "https://www.airbnb.com/rooms/10486329", "name": "Clean Studio in Golders Green", "description": "Bright and airy flat located on a very quiet road in Golders Green. Kept extremely clean and is a great place to use as a base while exploring London or on a work trip. <br />10 minutes to Brent Cross tube <br />2 minutes walk to 83/183/232/240 buses<br /><br /><b>The space</b><br />Well equipped studio with towels, bed sheets, soaps, necessities etc.<br />Kept very clean<br />**No WIFI sorry - if you are staying long term we can have this set-up within a few days**", "host_name": "Aviva", "host_id": 20947221, "host_url": "https://www.airbnb.com/users/show/20947221", "host_picture_url": "https://a0.muscache.com/im/users/20947221/profile_pic/1410810279/original.jpg?aki_policy=profile_x_medium", "neighbourhood_cleansed": "Barnet", "latitude": 51.58081, "longitude": -0.21032, "property_type": "Entire rental unit", "room_type": "Entire home/apt", "accommodates": 2.0, "bathrooms": 1.0, "bedrooms": null, "beds": 1, "amenities": ["Essentials", "Washer", "Long term stays allowed", "Shampoo", "Elevator", "Fire extinguisher", "Smoke alarm", "Hair dryer", "Iron", "Carbon monoxide alarm", "Dryer", "Kitchen", "Heating"], "price": 40.0, "numbers_of_review": 1, "review_scores_rating": 5.0, "reviews": [{"name": "Andrea", "date": "2016-02-22", "review": "I stayed at Aviva's place for a month, the place is in a very convenient location, 2 minutes walking from Brent Cross Tube Station , so straight into the West End. The Studio has all the necessary equipment included Wireless Internet and it was very clean and cozy. Really enjoyed my stay . It was unfortunate that I did not get to meet Aviva in person, but she managed to be very helpful and via text message . Overall a great stay and would highly recommend."}]}