{"id": 10488444, "listing_url": "https://www.airbnb.com/rooms/10488444", "name": "Sun filled modern flat in lively Shoreditch", "description": "Modern, bright ground floor flat in a secure modern block in the heart of Shoreditch just moments from Brick Lane, Columbia Road and Broadway Market. One bedroom flat with king sized bed plus a king sized sofa bed in the lounge.  Includes sunny outdoor terrace, fully fitted modern kitchen, WIFI, and all amenities. The perfect place to base yourself for a trip to London. Local tips included - any questions, just ask!<br /><br /><b>The space</b><br />Bright, modern one bedroom grounds floor flat.  The bedroom has a king size bed plus a comfortable, new king size sofa bed in the lounge room.  The flat is set up for four adults with all the amenities you require including bedding, towels, kitchenware, etc. <br /><br />There is a lovely outdoor terrace with a table and bbq, perfect for enjoying sunny afternoons.<br /><br />The flat has a fully equipped modern kitchen, including induction cooking, nespresso machine, dishwasher, washer and dryer and full sized refrigerator and freezer.<br /><", "host_name": "Elyse", "host_id": 7128434, "host_url": "https://www.airbnb.com/users/show/7128434", "host_picture_url": "https://a0.muscache.com/im/users/7128434/profile_pic/1384880735/original.jpg?aki_policy=profile_x_medium", "neighbourhood_cleansed": "Tower Hamlets", "latitude": 51.52618, "longitude": -0.06271, "property_type": "Entire rental unit", "room_type": "Entire home/apt", "accommodates": 4.0, "bathrooms": 1.0, "bedrooms": 1, "beds": 2, "amenities": ["Oven", "Hair dryer", "Hangers", "Dishes and silverware", "Luggage dropoff allowed", "Essentials", "Patio or balcony", "Shampoo", "Cooking basics", "Single level home", "Bathtub", "Wifi", "Heating", "Coffee maker", "Dishwasher", "Game console", "Backyard", "TV", "Long term stays allowed", "Microwave", "Refrigerator", "Room-darkening shades", "Iron", "Kitchen", "BBQ grill", "Stove", "Hot water", "Washer", "Elevator", "Smoke alarm", "Dryer", "Lockbox"], "price": 100.0, "numbers_of_review": 51.0, "review_scores_rating": 4.7, "reviews": [{"name": "Ben", "date": "2016-02-07", "review": "We had a lovely stay at Elyse's flat. Everything was as described. "}, {"name": "Danielle", "date": "2016-02-21", "review": "Clean, tidy modern flat in a great location. So close to the tube station and walking distance of the cool bars and restaurants of Shoreditch. The apartment was perfect size for 3 of us staying for 2 nights. Would love to come again in the summer months to make the most of the patio"}, {"name": "Karen", "date": "2016-03-30", "review": "We had a really great experience staying in Elyse place, highly recommend to whose visiting London. The apartment is tidy and warm which make you feel like at home, especially the bed; it is super comfy!!!! The apartment is just 10-15 mins walk to Bricklane and shoreditch, where got a flea market with lots of interesting stuff and good food! A very hip and chic place you shouldn't missed. Thanks Elyse and Luke for all your kind assistance during the stay, glad to meet you both! We would be back on our next London trip :)"}, {"name": "Orest", "date": "2016-05-16", "review": "Even better in real life than in the pictures!   Very clean, modern flat with an outside terrace.  I found the area in East London to be really great for exploring and close to public transportation, pubs, restaurants etc.   Highly recommend!!"}, {"name": "\u00d8ivind", "date": "2016-05-30", "review": "Elyse er en flott vertinne, hun svarte alltid raskt p\u00e5 alle mine henvendelser.\r<br/>Leiligheten er moderne, romslig og inneholder alt man beh\u00f8ver for \u00e5 f\u00f8le seg hjemme. Leiligheten ligger i et utrolig hyggelig og kult str\u00f8k hvor det er et pulserende liv, spesielt Shoreditch som er 5-10 min unna. Kun 6-8 min g\u00e5tur til n\u00e6rmeste undergrunn. Bethnal Green. \r<br/>\r<br/>Bor veldig gjerne her igjen ved neste bes\u00f8k i London.\r<br/>\r<br/>Anbefales p\u00e5 det varmeste!"}, {"name": "Irene", "date": "2016-07-10", "review": "Me and my two friends really enjoy our stay at Elyse's place. The flat is amazing and exactly as described, very clean and with everything we needed in the kitchen and bathroom. The bed and the sofa are very comfortable to sleep. Even we didn't meet Elyse, the communication with her has been very easy and to get the keys too. The area of the flat is great too. The underground and the overground are very close. I won't doubt to contact you again when I come back to London! Cheers x"}, {"name": "Kathleen", "date": "2016-07-25", "review": "The apartment in Bethnal Green was absolutely perfect for our needs. My father had just arrived from Australia and I live around the corner. It's a great spot for getting around London- particularly seeing the cool things around the East. The flat itself was very comfortable and Elyse was a fantastic host, checking we had all that we needed and easily contactable. The welcome booklet detailing everything we'd need to know was a particularly nice touch.<br/>Can 100% recommend this would be a lovely place to stay in East London."}, {"name": "Sabrina", "date": "2016-08-02", "review": "What a wonderful flat!! I am extremely picky with places to stay and this was a place I was able to sleep with no problems or worries!! Clean, stocked, easy to access public transportation and an amazingly helpful host!!! Highly recommend!!! Oh and make a stop or two at the wood mangal around the corner, best Turkish food !!! "}, {"name": "Christiane", "date": "2016-08-05", "review": "Elyse was wonderful and ensured we were well informed and accommodated. The location is very close to a station which allows you to easily get around London city. The flat was clean and the space was just enough for us 3 visitors."}, {"name": "Maria Eugenia", "date": "2016-08-07", "review": "El lugar era muy acogedor y super limpio, con todas las comodidades posibles. Espacioso, y muy bonito.\r<br/>\r<br/>La zona estaba bastante bien ubicada de lugares de vanguardia e interes al turista como lo es Brick Lane y Shoreditch. A solo 2 minutos de la parada de autobus y a unos 10 min de la estacion de metro. Muy conveniente.\r<br/>\r<br/>Ademas Elyse fue muy diligente y comunicativa con nosotros, siempre dispuesta a atendernos, muy a pesar de que no la conocimos personalmente.\r<br/>\r<br/>Lo recomiendo 100%! "}]}