{"id": 10492887, "listing_url": "https://www.airbnb.com/rooms/10492887", "name": "Single bedroom + en-suite shower", "description": "Beautiful bright room, spotlessly clean, newly renovated with on-suite private shower room and toilet. Includes study workstation with broadband internet, large flat screen TV. Amazon Prime. Large comfortable single bed. Tea and coffee making facilities, microwave oven plus fridge with icebox in room. Share of kitchen.<br /><br /><b>The space</b><br />Plenty of sunlight from south facing window. Very comfortable and quiet environment. Excellent working space.<br /><br /><b>Guest access</b><br />Includes private drive car parking space.<br />Scheduled access to kitchen facilities.", "host_name": "David", "host_id": 54091914, "host_url": "https://www.airbnb.com/users/show/54091914", "host_picture_url": "https://a0.muscache.com/im/pictures/user/fb21eb0a-46aa-4e30-8636-585d6216386f.jpg?aki_policy=profile_x_medium", "neighbourhood_cleansed": "Waltham Forest", "latitude": 51.56095, "longitude": -0.01413, "property_type": "Private room in home", "room_type": "Private room", "accommodates": 1.0, "bathrooms": 1.5, "bedrooms": 1, "beds": 1, "amenities": ["Extra pillows and blankets", "Oven", "Barbecue utensils", "Fire extinguisher", "Mini fridge", "Hangers", "Dishes and silverware", "Luggage dropoff allowed", "Essentials", "Cooking basics", "Bed linens", "Carbon monoxide alarm", "Free driveway parking on premises \u2013 1 space", "Wifi", "Heating", "Coffee maker", "Backyard", "Long term stays allowed", "TV", "Host greets you", "Microwave", "Portable fans", "Refrigerator", "Room-darkening shades", "Outdoor dining area", "Private patio or balcony", "Iron", "Kitchen", "Drying rack for clothing", "BBQ grill", "Stove", "Hot water", "Washer", "Clothing storage: closet and dresser", "Smoke alarm", "Outdoor furniture"], "price": 30.0, "numbers_of_review": 9, "review_scores_rating": 4.67, "reviews": [{"name": "Amro", "date": "2018-07-31", "review": "Of any Airbnb I had ever stayed in, this was by far the most \"feel at home\" place I had ever landed upon. David and Ana are incredibly hospitable and courteous. They will do whatever is necessary to make you feel welcome and comfortable. <br/>A 10/10 rating would be an understatement as this place offers everything that a guest would need. Their flexibility is second to none, the location of their home is absolutely convenient (20 minutes to central London by tube), and home itself is modernly designed to suite the needs of any type of guest! <br/>This is a lucky draw for anyone looking for a place to stay when in London, temporarily or long term.<br/>Thank you David and Ana for a true British (and, culturally diverse) experience!"}, {"name": "Beth", "date": "2019-12-31", "review": "I recently moved to the UK for an MSc and could not have picked a better place and host. David and Ana are incredibly thoughtful and have a wonderful home. The room itself felt like an oasis from the hectic London atmosphere and David was always available if I needed him, he is easy to communicate with, and lovely to just have a chat with. <br/>The house is close to all major lines and is really accessible for anyone needing to get around London. You'll have your pick of grocery stores, shops, and pubs as well. I really cannot recommend David and Ana enough. I am in their debt for ushering me into London in such a gracious and helpful manner."}, {"name": "Erika", "date": "2020-04-30", "review": "I stayed with David and Ana during Coronavirus lockdown (!), so while my time in London was not what I anticipated, I got to know my hosts very well and they are absolutely lovely! The room is comfortable and very clean and it was great to have access to the kitchen. The location is very good too - easy to get around to shops and to get into the city. Highly recommended!"}, {"name": "\u0395\u03bb\u03b5\u03bd\u03b1", "date": "2020-10-20", "review": "David was an excellent host. Made me feel very comfortable and the place was super quiet which was great cos I enjoyed my late mornings. I totally recommend would definitely return. Thank you."}, {"name": "Jay", "date": "2021-06-18", "review": "David and Ana were very friendly and welcoming making me feel at home.<br/>The room was perfect for what I needed. Though small and a single bed, having the fridge, microwave and en suite bathroom fitted perfectly with my random and long work hours, ensuring I didn\u2019t keep anyone when I arrived back home hungry \ud83d\ude01 Thanks again, David and Ana, and all the best x"}, {"name": "Alex", "date": "2021-08-12", "review": "David and Ana are super friendly and laid-back. They gave me a very warm welcome. However, the downside is that the area is rough as well as dodgy and one is expected to eat either in the room or in the garden. I found the picture showing the kitchen with its table quite misleading. It is the case to say that hosts want the maximum and give you the minimum. <br/>All in all, I would recommend staying at David and Ana\u2019s if you are happy with eating in your room and prepared to hear people screaming and arguing in the midst of the night."}, {"name": "Deeksha Arun", "date": "2021-09-11", "review": "Definately book your stay with them. It would be the best thing to do without a doubt. They are very considerate and helpful. You will have a great time for sure. Thanks David and Ana."}, {"name": "Isaac", "date": "2021-10-31", "review": "Very homely space in a nice area, David is not strict and will let you come a go whenever you would like, have very much enjoyed my time here"}, {"name": "Alice", "date": "2021-12-13", "review": "David and Ana are very nice. The location is convenient, about 15-minute walk to Leyton tube station, and near by there is 24 hours Asda supermarket, just one minute walk you can find a small convenient store (off-licence).<br/>The room has all facilities that good enough for you to do isolation."}]}