{"id": 10490985, "listing_url": "https://www.airbnb.com/rooms/10490985", "name": "A Relaxing place to land in.", "description": "Relaxed home with great local amenities on the doorstep in Dalston. There is everything from great food, drinks and culture on Kingsland Road, and just a stroll away in Stoke Newington, Hackney and Shoreditch.  Tranquil space in a lively area, shared with a house cat.<br /><br /><b>The space</b><br />Double room.<br /><br /><b>Other things to note</b><br />I have a house cat.", "host_name": "Ruby", "host_id": 11706050, "host_url": "https://www.airbnb.com/users/show/11706050", "host_picture_url": "https://a0.muscache.com/im/users/11706050/profile_pic/1391471499/original.jpg?aki_policy=profile_x_medium", "neighbourhood_cleansed": "Hackney", "latitude": 51.5505, "longitude": -0.07211, "property_type": "Private room in home", "room_type": "Private room", "accommodates": 2.0, "bathrooms": 1.0, "bedrooms": 1, "beds": 1, "amenities": ["Essentials", "Wifi", "Washer", "Backyard", "Shampoo", "Microwave", "Refrigerator", "Cooking basics", "Smoke alarm", "Hair dryer", "Iron", "Carbon monoxide alarm", "Dryer", "Hangers", "Kitchen", "Heating", "Dishes and silverware"], "price": 40.0, "numbers_of_review": 61.0, "review_scores_rating": 4.88, "reviews": [{"name": "Hiroyuki", "date": "2016-09-07", "review": "Very beautiful, cosy place to stay in Dalston. The house is located just off the Stoke Newington Road, so\u00a0it is convenient but still\u00a0quiet and you feel safe. The house is very clean and stylish, and\u00a0has everything you need for\u00a0your stay. The double bed room is very comfy and you can see the garden through the window.\u00a0Ruby is a great friendly\u00a0host who knows the area well and loves cooking!\u00a0She was kind enough to let my 21 months old son stay in and I greatly\u00a0appreciate it. Highly recommended and also we would like to come back again!\u00a0"}, {"name": "Jeff", "date": "2016-09-25", "review": "A very relaxing and welcoming house, was made to feel at home, very clean light and airy, lovely!"}, {"name": "Jeff", "date": "2016-10-08", "review": "A very relaxing stay, once again made to feel really welcome, lovely comfortable room,"}, {"name": "John", "date": "2017-06-11", "review": "Rubys place is really great. Very clean very cool very stylish and nice facilities. Nice bedroom with a very comfy bed, nice view from window. The bathroom was fine with a nice hot shower. Good kitchen facilities too. Would definetly return!"}, {"name": "Mary", "date": "2017-07-06", "review": "ruby was an ideal airbnb host - extremely helpful, generous, friendly and a great communicator. her home is very beautiful and the neighborhood is one of the best in london! "}, {"name": "Elisabeth", "date": "2017-07-10", "review": "I only stayed one night at Ruby's apartment but I had an amazing time. The apartment is beautifully decorated and Ruby is a wonderful host. She really went out of her way to make me feel comfortable. She even offered me delicious yoghurt and fresh fruits. Thank you Ruby!"}, {"name": "Kurtis", "date": "2017-07-23", "review": "The best Airbnb experience I've ever had!!<br/>Ruby's place is close to nightlife and Kingsland road, but manages to feel quiet and serene when inside. My bedroom was at the rear of the house, so I had peace and quiet. The room and the rest of the house are clean, stylish and comfortable. It felt just like I was staying in a friend's house, thanks Ruby."}, {"name": "Emily", "date": "2017-08-06", "review": "Ruby's house is lovely: calm, comfortable and relaxed, on a pretty street. Highly recommended."}, {"name": "Mehdi", "date": "2017-08-11", "review": "Rubyis a great guest, very friendly and helpful. The house is very clean, with nice decoration and situated near plenty of shops and restaurants, with easy access to the center of London. Highly recommended !"}, {"name": "Kurtis", "date": "2017-08-15", "review": "Ruby's apartment is my favourite place to stay in London! Everything from cleanliness, communication, friendliness and professionalism are 5 stars."}]}