{"id": 10507964, "listing_url": "https://www.airbnb.com/rooms/10507964", "name": "IndigoFlats-King St Beautiful 1st Floor- Sleeps 4", "description": "This lovely one-bed apartment in Covent Garden is on the first floor of a small block of four holiday flats. This apartment has one king size bedroom and one bright spacious kitchen/lounge with Sofabed.   Price includes bed linen, towels & wifi.  Please contact us direct for a discount, many thanks, Sarah<br /><br /><b>The space</b><br />This luxurious one-bed apartment is on the first floor of a small block of four holiday flats. Newly refurbished in modern neutral colours, this apartment has one king size bedroom and one bright spacious kitchen/lounge. The lounge area contains a flat screen TV and a 2-seater sofa-bed suitable for two adults. <br /><br />Sleeps: Up to 4, 1 king size bed, 1 sofa bed.  Access to the apartment is by walk up stair only (no lift / elevator). It may not therefore be suitable for dis-ambulant or elderly guests. <br /><br />\u2022 1 bedroom,<br />\u2022 1 shower-room <br /><br />Internet access Central heating, TV Kettle, Toaster, Iron, Hair dryer Clothes dryer, Cooker", "host_name": "Sarah", "host_id": 29024847, "host_url": "https://www.airbnb.com/users/show/29024847", "host_picture_url": "https://a0.muscache.com/im/users/29024847/profile_pic/1425912836/original.jpg?aki_policy=profile_x_medium", "neighbourhood_cleansed": "Westminster", "latitude": 51.51169, "longitude": -0.12404, "property_type": "Entire rental unit", "room_type": "Entire home/apt", "accommodates": 4.0, "bathrooms": 1.0, "bedrooms": 1, "beds": 2, "amenities": ["Essentials", "Wifi", "Washer", "Long term stays allowed", "Shampoo", "TV", "Keypad", "Cooking basics", "Hair dryer", "Iron", "Dryer", "Hangers", "Kitchen", "Heating"], "price": 342.0, "numbers_of_review": 43.0, "review_scores_rating": 4.65, "reviews": [{"name": "Silvio Romero", "date": "2016-02-22", "review": "Dear Sarah,\r<br/>I would like to thank you for the excellent place that you have at 6 King Street, Ap.1. The location is excellent (near everything that you need), close to major underground stations. We were able to visit all the places that we wanted using only buses and underground.\r<br/>The only, but important, aspect of your place is the internet connection. During the 7 days that we have been there, we were not able to get a stable near fair connection. Several times I needed to step away, in the street to get free wi-fi to make send some emials...That was very unconfortable and unpleasant.\r<br/>The apartment was clean, and spacious. The appliances were working, with the exception of the eletric kettle that leaks all the time.\r<br/>If you can fix the internet problem, the location would be superb...\r<br/>Yours,\r<br/>Silvio Coelho"}, {"name": "Masatada", "date": "2016-02-25", "review": "I stayed here for 2nights in February and had an amazing time. Everything was pretty much perfect and the room has some amazing views. Probably the best room convenience /location in London.<br/>I can't say enough good things!"}, {"name": "Paola", "date": "2016-02-29", "review": "bathroom small but it works well. clean home .... great location close to cover garden"}, {"name": "Nuno", "date": "2016-03-25", "review": "Nada a reclamar. Tudo correu conforme publicado."}, {"name": "Myriam", "date": "2016-04-14", "review": "Nous avons pass\u00e9 3 nuits dans cet appartement, nous \u00e9tions 3 adultes et 1 enfant. L'appartement est conforme aux photos et \u00e0 la description. Il est id\u00e9alement situ\u00e9 dans Londres pour un s\u00e9jour. Le quartier de Covent Garden est tr\u00e8s chouette !  Tout \u00e9tait tr\u00e8s propre, bien insonoris\u00e9, chauff\u00e9 et \u00e9quip\u00e9. Je le recommande sans h\u00e9siter."}, {"name": "Glyn", "date": "2016-04-25", "review": "Lovely, tidy and we'll equipped appartment in a great location. Access arrangements were perfect and host was easy to contact. Highly recommended.\r<br/>"}, {"name": "Nicholas", "date": "2016-06-02", "review": "We thoroughly enjoyed our stay in London, the flat was very comfortable for four of us. The decor is very pleasing and them time we spent in the flat was most enjoyable. The kitchen is well stocked, allowing us to make 1-2 meals a day during our stay.  The beds are comfy (even the sofa bed was OK as far as fold out beds are concerned). Towels we abundant and soft, and the cleaning service was great. We also enjoyed both the views out to the street from the front, and the beautiful courtyard from the bedroom.  Sarah was most helpful with the reservation process, check-in was a breeze, and she also provided helpful advice on the best way to get to the flat from Heathrow.  This flat would be great in any location, however being in the heart of Covent Garden was perfect for us. Ample restaurants, grocery store a block away, Underground about 3 blocks, and so many places of interest within walking distance. We will definitely re-book this flat next time we visit London, it was perfect for us. Thank you Sarah."}, {"name": "Rhiannon", "date": "2016-06-26", "review": "Lovely apartment that looked exactly like the photos if not better! Very quiet for the location which you couldn't get any more convenient for central London. You can easily walk to all the attractions and theatres. If you wish to venture further there are tube stations nearby. Lots of shops for food/amenities nearby. The apartment was very clean and everything worked perfectly except the TV  would only tune to 2 channels and these were Asian which wasn't of much use to us. We didn't contact Sarah about this issue so can't comment on the service. Did not meet staff but didn't need to as the apartment was easy to access following instructions sent. We particularly appreciated the wifi to search for restaurants, directions etc and the fact there was an iron (+ ironing board) and hair dryer. There are instructions for all appliances which was also useful. Thanks for a great stay Sarah and I hope to stay here next time I am in London :)"}, {"name": "Laura", "date": "2016-07-17", "review": "The flat was perfect for what we needed. Clean and bright and right in the centre of Covent Garden."}, {"name": "Shona", "date": "2016-08-04", "review": "Excellent stay, could not believe the proximity to Covent Garden! "}]}