{"id": 10509346, "listing_url": "https://www.airbnb.com/rooms/10509346", "name": "White Hill House 1 - Near St. Georges Hospital", "description": "Quality Accredited by The Association of Serviced Apartment Providers. Short to medium term housing in a serviced apartment at Clapham South with fast wifi.Suitable for corporate housing and alternative accommodation for insurance relocation. Near St. George's Hospital, Madison Hill provides emergency accommodation in south west London.<br /><br /><b>The space</b><br />\u2022 Professionally managed<br />\u2022 Reliable guest support\u2022 Telephone assisted 24/7 check-in using a key-safe<br />\u2022 Professionally cleaned with hotel-quality bed linen and towels<br />\u2022 Toiletries provided<br />\u2022 Complimentary teas, coffee, milk, sugar and biscuits<br /><br />\u2022 One spacious bedroom with a double bed and good storage space<br />\u2022 Bathroom has a bath with fitted, thermostatic shower over it<br />\u2022 Open-plan living area has dining for 4, a sofa bed and storage space<br /><br /><br />FACILITIES<br /><br />\u2022 Double-glazed throughout<br />\u2022 Central heating<br />\u2022 Well equipped kitchen, with Nespresso coffee maker", "host_name": "Madison Hill London", "host_id": 54184847, "host_url": "https://www.airbnb.com/users/show/54184847", "host_picture_url": "https://a0.muscache.com/im/pictures/user/3ed82fa3-6e11-438a-bae0-fa229520dd24.jpg?aki_policy=profile_x_medium", "neighbourhood_cleansed": "Wandsworth", "latitude": 51.45155, "longitude": -0.14768, "property_type": "Entire rental unit", "room_type": "Entire home/apt", "accommodates": 4.0, "bathrooms": 1.0, "bedrooms": 1, "beds": 2, "amenities": ["Extra pillows and blankets", "Oven", "Fire extinguisher", "Hair dryer", "Baby bath", "Private entrance", "Hangers", "Crib", "Dishes and silverware", "Essentials", "Outlet covers", "Shampoo", "TV with standard cable", "Baking sheet", "Cooking basics", "Bed linens", "EV charger", "Carbon monoxide alarm", "Bathtub", "Shower gel", "Heating", "Wifi", "Coffee maker", "Dishwasher", "Long term stays allowed", "Pack \u2019n play/Travel crib", "Microwave", "Portable fans", "Refrigerator", "Room-darkening shades", "Iron", "Body soap", "Kitchen", "Stove", "Conditioner", "Dedicated workspace", "Hot water", "Washer", "Paid parking off premises", "Smoke alarm", "High chair", "Lockbox", "Nespresso machine", "Cable TV", "Freezer"], "price": 335.0, "numbers_of_review": 40.0, "review_scores_rating": 4.67, "reviews": [{"name": "Julie", "date": "2016-01-17", "review": "My first Airbnb experience. Travelling alone, I felt really happy with my choice. The flat is modern and well appointed, in a secure building right across the street from the Clapham South Tube. Convenient and every bit as lovely as the photos! I especially appreciated flexibility in accommodating such a last minute booking. Thanks for a perfect stay."}, {"name": "Tom", "date": "2016-01-31", "review": "Fantastic apartment in a great location,<br/>Close to the tube(northern line) and shops on the doorstep.<br/>Great apartment would stay again"}, {"name": "Barbara", "date": "2016-02-27", "review": "amazing apartment !! and host !! i highly recommend "}, {"name": "Pietra", "date": "2016-03-18", "review": "Such a great flat with everything you need and a lovely bathroom "}, {"name": "Sophie-Louise", "date": "2016-03-31", "review": "Stunning apartment, lovely hosts! Had a lovely weekend for such a great price too! No complaints, lovely place lovely people! Will definitely recommend and use again of our regular london trips!"}, {"name": "Ben", "date": "2016-04-02", "review": "Great place,  modern,  clean and excellent location.   Check in and out was made simple. \r<br/>\r<br/>No complaints at all.   Good experience. "}, {"name": "Ana\u00efs", "date": "2016-05-03", "review": "This place is amazing ! \r<br/>\r<br/>Nous avons pass\u00e9 un s\u00e9jour incroyable dans ce logement. L'emplacement est id\u00e9al et les prestations sont excellentes. L'appartement se situe juste \u00e0 c\u00f4t\u00e9 du m\u00e9tro et le centre ville est tr\u00e8s rapide d'acc\u00e8s. Nous y reviendrons \u00e0 coup sur ! "}, {"name": "Grace", "date": "2016-06-13", "review": "Good big spacious space.  I LOVE IT.  South West of London is a great place to explore too"}, {"name": "Monica", "date": "2016-07-05", "review": "Lovely and bright flat that was both perfectly situated and equipped with everything that we could need for a wonderful stay for my son's graduation!  We enjoyed the little details in the kitchen and throughout the home and abundant storage space.  It was a pleasure to have Julie's assistance with both our reservation and arrival as well as departure and little questions that we had during our stay.  I highly recommend Julie's flat for ease of access to other locations in London (via the Clapham South station and bus stops only a few steps away from the flat) as well as for the great dining options directly near the flat.  I can't imagine staying in a hotel when one has the option of staying at Airbnb flats such as Julie's!"}, {"name": "Paul", "date": "2016-08-30", "review": "Good location next to the tube"}]}