{"id": 10513856, "listing_url": "https://www.airbnb.com/rooms/10513856", "name": "Experience the real London", "description": "Enjoy the real London experience exploring my local area and discover the vibrant, diverse and multicultural neighbourhood for yourself. Alternatively, follow the guide books and quickly get to central London in 20 minutes. Enjoy!<br /><br /><b>The space</b><br />Located on the fashionable \u2018Harringay Ladder' this beautifully arranged first floor period conversion is perfect for a comfortable stay in London. Flat includes:<br /><br />\u2022   Spacious light filled living room with large comfortable sofa, dining table and great views<br /><br />\u2022   Fully fitted kitchen including hob, oven, dishwasher, fridge, separate freezer, toaster, kettle and enough crockery and cutlery to feed an army (help yourself to coffee, pasta, herbs and spices)<br /><br />\u2022   Two double bedrooms with plenty of clothes storage and stylish decor<br /><br />\u2022   Contemporary bathroom with large basin, WC and bath / shower<br /><br />\u2022   Home office space<br /><br />Amenities include:<br /><br />\u2022   37\" TV<br />\u2022   Hig", "host_name": "Daniel", "host_id": 1451403, "host_url": "https://www.airbnb.com/users/show/1451403", "host_picture_url": "https://a0.muscache.com/im/pictures/user/48afe5d2-1463-46a9-af12-1f51d373669a.jpg?aki_policy=profile_x_medium", "neighbourhood_cleansed": "Haringey", "latitude": 51.58216, "longitude": -0.10493, "property_type": "Entire rental unit", "room_type": "Entire home/apt", "accommodates": 4.0, "bathrooms": 1.0, "bedrooms": 2, "beds": 2, "amenities": ["Essentials", "Wifi", "First aid kit", "Washer", "Long term stays allowed", "TV", "Hair dryer", "Iron", "Hangers", "Kitchen", "Heating"], "price": 80.0, "numbers_of_review": 3, "review_scores_rating": 5.0, "reviews": [{"name": "Lionel", "date": "2016-01-25", "review": "Daniel was there to greet my wife and I and gave us great recommendations on the local area. His communication beforehand was very good, answering all our questions promptly.\r<br/>\r<br/>The apartment itself did not disappoint at all - it was modern, bright and comfortable, just like the photos. Our bedding and linens were freshly laundered and the apartment itself was spotless and tidy.\r<br/>\r<br/>The apartment was very peaceful but just a few minutes walk from the high street where there are plenty of  shops, bars and incredible Turkish restaurants to choose from. \r<br/>\r<br/>We would definitely stay here again if we go back to London!"}, {"name": "Todd", "date": "2016-02-01", "review": "Had a wonderful stay in London - the apartment is spotless and comfortable, absolutely everything you need is there. Dan, the owner, was really helpful providing loads of tips on things to do/see in the area and super accommodating of our needs, as we have a baby. Can't wait for our next visit to London - we'll definitely be staying here again!!"}, {"name": "Robert", "date": "2016-02-13", "review": "Great place to stay, exactly as described.  Clean spacious and great hosts. They gave us lots of great ideas for local places to eat out and visit,  will definitely stay again if visiting the area. Rob"}]}