{"id": 10510560, "listing_url": "https://www.airbnb.com/rooms/10510560", "name": "Stunning 2BD Flat w/ Balcony In Clapham Old Town", "description": "Welcome to my stylish two bedroom flat in the heart of Clapham Old Town! Located in a modern development around the corner from Clapham Common, it is near to vibrant bars, amazing places to eat, and great transport links to the city. It boasts a large, quiet balcony which is perfect for relaxing on after a long day of sightseeing or working,  making my home a fantastic place to base your exciting London trip.<br /><br /><b>The space</b><br />This beautiful two bedroom flat is situated in the heart of Clapham Old Town in a new development with 24 hour porterage. Close to several lively bars, and next to the great green expanse of Clapham Common, which provides an oasis of peace and open-air concerts on the bandstand during the summer months.<br /><br />My home has two gorgeous double rooms, each with comfortable beds and my cleaners place fresh, hotel quality linen and towels on your bed prior to arrival. The kitchen is equipped with all amenities needed for an enjoyable stay (including", "host_name": "Kate", "host_id": 26668818, "host_url": "https://www.airbnb.com/users/show/26668818", "host_picture_url": "https://a0.muscache.com/im/pictures/user/2b739258-6066-43bc-b047-90ac679c6a84.jpg?aki_policy=profile_x_medium", "neighbourhood_cleansed": "Lambeth", "latitude": 51.46533, "longitude": -0.14143, "property_type": "Entire rental unit", "room_type": "Entire home/apt", "accommodates": 4.0, "bathrooms": 1.0, "bedrooms": 2, "beds": 2, "amenities": ["Essentials", "Wifi", "First aid kit", "Washer", "Long term stays allowed", "Shampoo", "Elevator", "TV with standard cable", "Fire extinguisher", "Smoke alarm", "Hair dryer", "Lockbox", "Iron", "Carbon monoxide alarm", "Dryer", "Hangers", "Kitchen", "Cable TV", "Heating"], "price": 62.0, "numbers_of_review": 15.0, "review_scores_rating": 4.69, "reviews": [{"name": "Forrest", "date": "2016-09-17", "review": "The flat was very well located at Clapham Common.  Receipt of keys from management office went smoothly. The space was clean, large and very comfortable. "}, {"name": "Mary", "date": "2016-09-26", "review": "Excellent key pick up arrangements and directions to apartment.\r<br/>Very comfortable bed and excellent linen.\r<br/>Apartment exactly as described and felt like safe and interesting area."}, {"name": "Susan", "date": "2016-10-07", "review": "Once access was gained, I found the apartment just as described,very comfortable, shared with a generosity of goods available.The area is  great, leafy, bustling neighborhood of London."}, {"name": "Grainne", "date": "2016-10-09", "review": "We had a wonderful stay in this lovely, warm and cosy apartment which  is exactly as advertised.<br/>We were greeted by scented candles and welcoming notes from our host, Kate,  and immediately felt  at home. The location could not be better, cute cafes, shops, supermarket  and a fantastic bar literally steps away  <br/>The underground station is just minutes away so really easy to get around .   Despite it's fantastic and lively location , the apartment is quiet and tranquil with a nice balcony to enjoy a quiet morning coffee or evening glass of vino.  <br/>We will definitely be back so almost don't want to share this little gem.<br/>Thank Kate for making us so welcomed and comfortable. "}, {"name": "Nicholas", "date": "2016-10-24", "review": "Great apartment and great host! Will be returning!"}, {"name": "Aimee", "date": "2016-11-05", "review": "We had a wonderful time at Kate's flat! The flat is presented extremely well and the location is great.  Kate was brilliant at responding quickly and the whole experience was very positive. Thank you Kate!"}, {"name": "Peter", "date": "2016-12-26", "review": "This is a very nice place, spacious and very well located. The value for money is really excellent."}, {"name": "Mark", "date": "2017-01-11", "review": "Kate is very helpful and welcoming. The flat is cosy, clean and warm and we would thoroughly recommend it to anyone looking to stay in this location with fast transport links to central London."}, {"name": "Graeme", "date": "2017-01-30", "review": "Great apartment, good value, clean. Close to tube station & lots of small independent cafes.  Looking forward to next stay - thanks."}, {"name": "Mary Beth", "date": "2017-03-13", "review": "Flat was lovely and very comfortable, perfect location for a visit to London! Thanks Kate! "}]}