{"id": 10510681, "listing_url": "https://www.airbnb.com/rooms/10510681", "name": "Clean, modern, quiet London flat", "description": "***SPECIAL PROMOTION -  MONTHLY DISCOUNT*** AVAILABLE DURING NEXT COUPLE OF MONTHS DUE TO COVID 19.<br /><br /><b>The space</b><br />Fantastic location to Greenwich with direct transport links into central London (25 minutes) and Canary Wharf (12 minutes).  Modern, very well furnished apartment in a safe neighbourhood with amenities on site including a gym, swimming pool & shops.<br /><br />~~~~~~~~~~~~~~~~~~~~~~~~~~~~~<br /><br />The apartment is in a secure and controlled area with phone-buzzer system with the DLR station right on your doorstep.  There is an onsite gym and swimming/lap pool, TESCO and Co-op (two supermarkets).<br /><br />The flat has everything you need, receives a lot of light during the day, is spacious and really quiet.<br /><br />The living room has a large sofa and hosts a lovely view of the outside green area.<br /><br />The kitchen has everything you could need (kettle, toaster, microwave, fridge, freezer) cutlery, dishes, pots and pans, cups, glasses, etc.<br", "host_name": "Karen", "host_id": 46452115, "host_url": "https://www.airbnb.com/users/show/46452115", "host_picture_url": "https://a0.muscache.com/im/pictures/user/b6a1743c-dc55-49eb-ad62-e53bca82c820.jpg?aki_policy=profile_x_medium", "neighbourhood_cleansed": "Lewisham", "latitude": 51.47201, "longitude": -0.01958, "property_type": "Entire rental unit", "room_type": "Entire home/apt", "accommodates": 3.0, "bathrooms": 1.0, "bedrooms": 1, "beds": 1, "amenities": ["Oven", "Cleaning before checkout", "Hangers", "Dishes and silverware", "Free parking on premises", "Cooking basics", "Single level home", "Paid parking on premises", "Heating", "Pool", "Dishwasher", "Long term stays allowed", "Backyard", "Microwave", "Refrigerator", "Kitchen", "Stove", "Gym", "Hot water", "Washer", "Elevator", "Smoke alarm"], "price": 80.0, "numbers_of_review": 10, "review_scores_rating": 4.8, "reviews": [{"name": "Phil", "date": "2016-02-12", "review": "My partner and I had a great 8 night stay at Karen's apartment. The key was left at the building reception so check in/out time was reasonably flexible. Directions for finding the place were very comprehensive.\r<br/>\r<br/>We had everything we needed including breakfast cereal supplied by our host. The location is very convenient for public transport with the DLR Deptford Bridge less than 2 minutes walk.\r<br/>\r<br/>The apartment was quiet with a nice living space and a good shower! The apartment was in a very convenient location, a short walk from the Greenwich attractions and there is a supermarket in the complex. We would definitely recommend staying here, very considerate hosts and a convenient location."}, {"name": "Elif", "date": "2016-02-21", "review": "The flat was very clean and welcoming. We didn't get a chance to meet our hosts in person but they were always in touch to make sure that all our needs were kindly satisfied. The guest manual was a great and clever idea actually.. a file in detail but in a clear language; what to do in which situation and sure..."}, {"name": "Catherine", "date": "2016-02-29", "review": "The appartemment was really nice, really clean.<br/>Nothing Missing .<br/>Easy to find,really near to DLR Station 2 minutes.<br/>Supermarket just next door.<br/>Greenwich market 15 minutes walk.<br/>Karen was always in touch by internet with us ,We didn't see her .<br/>The Keys was at the r\u00e9ception .<br/>A Nice place to stay ."}, {"name": "Jo\u00e3o", "date": "2016-03-25", "review": "The apartment was very nice, well equipped and the location was great, both to access central London and Greenwich. Karen and Marvin were very helpful and thoughtful. "}, {"name": "Kelvin", "date": "2016-04-15", "review": "A very nice stay, my partner and I arrived late to Karen's apartment due to the flight delayed but everything was prepared well for us with clean and accurate to the description and images . We didn't get to meet the host but they welcomed us very nicely with drinks, food and equipped items. Gym and indoor pool are at the reception building only a min walk, DLR just outside of the site which takes us 10 mins to Canary Wharf.<br/>Highly recommend to everyone who looks for pleasure stay."}, {"name": "Alasdair", "date": "2016-05-11", "review": "No problems at all with this booking! Karen was not able to meet us in person, but the keys were left at the 24 hour concierge very near the actual apartment. The Location was perfect and the flat was as described. "}, {"name": "Peter", "date": "2016-07-07", "review": "Great neighborhood.  Close to canary wharf and Greenwich.  Really nice apartment and facilities.  I will definitely be staying again."}, {"name": "Jeff And Catherine", "date": "2016-09-06", "review": "We stayed 3 weeks in this apartment. Karen and Marvin are great hosts who are quick to respond and assist if/when needed.\r<br/>\r<br/>The house is modern, clean and comfortable - fully equipped kitchen with utensils, oil, pots & pans for cooking (though the dishwasher was out of bounds during our stay). The location is close to the DLR and an easy ride (or walk, 20 mins) into central Greenwich for the lovely market, cafes and shops. Quite easy to access Gatwick from this house via train, less than an hour.\r<br/>\r<br/>The gym next to the concierge is a nice bonus, with the standard machines such as treadmills, weight machines and free weights - which is pretty empty after 8am.\r<br/>\r<br/>Overall a nice stay and in a lovely area close to Greenwich."}, {"name": "\u9759", "date": "2016-10-12", "review": "We stayed a month in this apartment. The apartment was great, well equipped, everything was prepared well. The location is very convenient, easy reach of Deptford bridge DLR station, and local amenities including a selection of supermarkets and restaurants. Karen and Marvin are very kindness, helpful and thoughtful. We will definitely willingly be staying again."}, {"name": "Sarvia", "date": "2017-03-15", "review": "My husband and I stayed at Karen's flat for a month. We totally enjoyed the stay.  We never had the opportunity to meet her as we only had to take the keys for check-in and check-out from the reception but the communication was all good. By the time we were staying, letting agents & potential tenants come to take a look at the house to lease. She made sure it wasn't uncomfortable for us & considered our schedule. On the day of the check-out, we had to deal with some damage which is sorted out smoothly. "}]}