{"id": 10517034, "listing_url": "https://www.airbnb.com/rooms/10517034", "name": "Park view 1 bed flat in Hackney.", "description": "Perfect location overlooking Millfields Park, close to hackney marshes and lea valley park.  Amazing transport connections to central London and other desirable parts of London.  Great choice of local pubs and good food within a close radius.<br /><br /><b>Guest access</b><br />You have the whole flat to your self.", "host_name": "Alex", "host_id": 54223687, "host_url": "https://www.airbnb.com/users/show/54223687", "host_picture_url": "https://a0.muscache.com/im/pictures/user/71042834-a840-4b20-bed2-73b3e67a9fb7.jpg?aki_policy=profile_x_medium", "neighbourhood_cleansed": "Hackney", "latitude": 51.55785, "longitude": -0.04453, "property_type": "Entire rental unit", "room_type": "Entire home/apt", "accommodates": 2.0, "bathrooms": 1.0, "bedrooms": 1, "beds": 1, "amenities": ["Essentials", "Wifi", "Washer", "Long term stays allowed", "Shampoo", "TV with standard cable", "Fire extinguisher", "Smoke alarm", "Hair dryer", "Iron", "Carbon monoxide alarm", "Kitchen", "Cable TV", "Heating"], "price": 55.0, "numbers_of_review": 3, "review_scores_rating": 4.67, "reviews": [{"name": "Esther", "date": "2016-10-05", "review": "La ubicaci\u00f3n es de los mayores atractivos del piso. En zona 2 y a buen precio, algo que parece dif\u00edcil de encontrar en Londres. \r<br/>A uno 10-12 minutos tiene la parada de metro de Homerton y si te parece lejos, en la misma puerta de casa para el autob\u00fas.\r<br/>\r<br/>El piso es ideal para dos personas y tiene todo lo necesario en cocina y ba\u00f1o. A nosotros, personalmente, la decoraci\u00f3n nos gust\u00f3 mucho.\r<br/>\r<br/>A pesar de no haber podido coincidir con Alex en persona, es un hombre de lo m\u00e1s simp\u00e1tico y te lo facilita mucho todo. Durante toda la semana estuvimos en contacto por Whatsapp"}, {"name": "Laurine", "date": "2016-10-10", "review": "Alex a tout fait pour rendre notre s\u00e9jour agr\u00e9able, r\u00e9pondant imm\u00e9diatement \u00e0 nos mails, les photos sont completement conforme et le lit est tellement agr\u00e9able... Hackney est un super quartier, calme ou on se sent en s\u00e9curit\u00e9 il est \u00e9galement bien desservi par de nombreuse ligne de bus. Je recommande vivement l'appartement d'Alex o\u00f9 il y fait bon vivre, et o\u00f9 Alex met tout \u00e0 disposition pour vous aider (Plans de m\u00e9tro, r\u00e9ductions pour des activit\u00e9s, plans de la ville...) je recommande ! "}, {"name": "Morwenna", "date": "2017-01-30", "review": "We really enjoyed our stay here. Alex is a friendly and helpful host. The place is cosy and bright and we loved the decor. It's in a great location too. Perfect for 2 people. I would definitely stay again :) "}]}