{"id": 10519932, "listing_url": "https://www.airbnb.com/rooms/10519932", "name": "Single room with private bathroom for one person", "description": "A cosy single room with a private bathroom in zone 4 of the London Underground; 20 minutes to Kings Cross and within walking distance to many amenities. <br /><br />Within 5-10 minutes you can reach numerous grocery shops, restaurants, pubs and takeaways. The park is right on the corner, just a minute away. Buses that take you to shopping centers and central London are within 5 mins walk and the tube station is 10 mins on foot.<br /><br /><b>The space</b><br />The room features a wooden floor, single bed and a large window looking out onto the street.<br /><br /><b>Guest access</b><br />A washing machine is available to use for free once a week; \u00a33 per use if you want to use it more than that. The house is large and centrally heated meaning you do not have control over the temperature. You are welcome to store some items in the fridge and on a shelf in the kitchen. The microwave and kettle can be used  but please do not expect to cook full meals in the oven/on the hob. I charge a small", "host_name": "Mila", "host_id": 48247266, "host_url": "https://www.airbnb.com/users/show/48247266", "host_picture_url": "https://a0.muscache.com/im/pictures/user/f68c37ef-b441-4e7b-a93b-f6a446137882.jpg?aki_policy=profile_x_medium", "neighbourhood_cleansed": "Barnet", "latitude": 51.60053, "longitude": -0.18533, "property_type": "Private room in home", "room_type": "Private room", "accommodates": 1.0, "bathrooms": 1.0, "bedrooms": 1, "beds": 1, "amenities": ["Essentials", "Wifi", "Dedicated workspace", "Hot water", "Free driveway parking on premises", "Long term stays allowed", "Shampoo", "Smoke alarm", "Paid washer", "Hair dryer", "Shower gel", "Drying rack for clothing", "Heating"], "price": 45.0, "numbers_of_review": 34.0, "review_scores_rating": 4.82, "reviews": [{"name": "Genc", "date": "2016-02-28", "review": "Mila was a great host and very attentive.  She was very prompt in responding to any possible queries. The place is very close to all the shops and restaurants in Finchley. The room was as described and very comfortable. "}, {"name": "Thor", "date": "2016-06-29", "review": "Mila has been a  lovely host during my stay, not only was i greeted with flowers in my room but she has been very helpful in arranging access to a local gym, transport and helping with laundry (far beyond what anyone could expect!)\r<br/>\r<br/>The room I rented had everything I needed but was a bit cold during the month of April, Mila provided a transportable heater but it could be a problem during winter.  Sounds from the kitchen and living room was occasionally a bit annoying even through the closed door, but this was not common. Wifi was excellent.\r<br/>\r<br/>The private shower was marvelous and the kitchen is functional. The house has a lovely garden, the tube station is nearby and there is also a park and shops nearby.\r<br/>\r<br/>Would recommend."}, {"name": "Jenny", "date": "2016-07-22", "review": "I arrived later than planned due to a late train into Kings Cross Station, Mila was more than accommodating making me a cup of tea on arrival. Mila told me about the bus I could catch if I didn't want to walk to my course in East Finchley.\r<br/>There is a lovely park just across the road from Mila's house.\r<br/>Mila was kind enough to let me eat my dinner in the garden on an evening - a great way to relax after a busy day."}, {"name": "John", "date": "2016-08-12", "review": "I couldn't ask for a better start for my life in London, staying at Mila's house was the best thing I could wish for for any given aspect. Mila was very nice and considerate, she made sure that I'll get everything I need, showed me the place, and was an incredible person. I had everything I needed there- very fast internet, very quiet room and a very comfortable bed, private toilet and shower, and I could used the shared kitchen whenever I wanted. Everything was very clean and tidy, the house is new and pretty. I had lots of privacy and felt very welcome as well. The area is very good by every aspect has stores, restaurants and huge supermarket nearby and has very good transportation (a few minutes walking from the Northen line and lots of buses). The affordable price for those splendid conditions by any aspect is unbelievable. Highly recommended !!"}, {"name": "George M", "date": "2016-09-30", "review": "Mila is a great host and has been very helpful and friendly. The environment is very friendly cosy and clean and it is close to the station and the great shops and restaurants at Finchley. Parking is free a few meters away from the house. It is a lovely house with a lovely garden and i would definitely recommend to stay there."}, {"name": "Ori", "date": "2016-11-11", "review": "Mila is a very gracious host. The house is in an excellent location next to a beautiful park and close to Finchley Central tube station. The room is clean and very good value for money."}, {"name": "Anne Marie", "date": "2016-11-27", "review": "."}, {"name": "Alejandra", "date": "2017-02-28", "review": "It was great staying with Mila. Thank you very much for having me!!"}, {"name": "Melinda", "date": "2017-06-16", "review": "Mila's room & ensuite is meticulously clean and everything you need to have a comfortable stay. Like all London stays, the space is small, but adequate. The bed is warm and comfortable, shower hot.  Mila is kind and welcoming."}, {"name": "Jingran", "date": "2017-12-14", "review": "This is a great place to stay for people who want to experience an authentic life in London. The room itself is located at a very decent area with 10-min walk to a tube station and a beautiful park within 50 meters. The host Mila is very kind and warm-hearted, who gave me loads of useful advice. Highly recommended."}]}