{"id": 10516911, "listing_url": "https://www.airbnb.com/rooms/10516911", "name": "Great studio flat in North London", "description": "My spacious studio flat is a great attic space; bright and clean. Modern kitchen and bathroom on a vibrant, high street.<br />1 minute walk from tube and bus to West End (20 minutes). 15 minutes walk from Camden Town and picturesque Hampstead Heath.", "host_name": "Matthew", "host_id": 54221777, "host_url": "https://www.airbnb.com/users/show/54221777", "host_picture_url": "https://a0.muscache.com/im/pictures/user/0b28df30-2fc6-4f56-85e8-9364d297e6c0.jpg?aki_policy=profile_x_medium", "neighbourhood_cleansed": "Islington", "latitude": 51.55709, "longitude": -0.1383, "property_type": "Entire rental unit", "room_type": "Entire home/apt", "accommodates": 2.0, "bathrooms": 1.0, "bedrooms": null, "beds": 1, "amenities": ["Essentials", "Wifi", "Washer", "TV", "Fire extinguisher", "Smoke alarm", "Iron", "Hangers", "Kitchen", "Heating"], "price": 45.0, "numbers_of_review": 1, "review_scores_rating": 5.0, "reviews": [{"name": "Manuela", "date": "2016-05-22", "review": "I and my sister had an excellent stay at Matthew's home. \r<br/>Matthew is a careful host, assisted me before my stay, explaining how everything works and where were the utensils and stuff. Always too comunicative and available. \r<br/>During my stay, even Matthew was on vacations, he talked to me many times for knowing if everything was ok.\r<br/>He left everything ready for my arrival and still gave me tips of places to visit in London, of how to get around the city and restaurants to go. \r<br/>He's very kind, a quite pleasant person. \r<br/>The apartment is very clean,new,cozy,organized and nice. It's located at an excelent neighbourhood, very quiet and very close to the metro station (less than 5 minutes).\r<br/>There are stores and restaurants all over the road and a convenience store that is open 24h. \r<br/>The wi-fi is excellent and the apartment has everything for a confortable stay. \r<br/>Confortable bed, hot water, heater,towels heater, washing machine, an equipped kitchen and everything that is advertised. \r<br/>It was an excellent experience, impecable. I highly reccomend!"}]}