{"id": 10530892, "listing_url": "https://www.airbnb.com/rooms/10530892", "name": "Chelsea Great Views", "description": "Studio apartment inside the prestigious Nell Gwynn apartment building in South Kensington close to everything London has to offer. A clean and safe spot in the heart of Chelsea, Central London. Quiet and villagey atmosphere area. There are 4 elevators in the building to take you to the 9th floor with great views. No residences above the 9th floor, so no noise from footsteps. A 24 hour concierge is located at the entrance.<br /><br /><b>The space</b><br />Welcoming studio apartment in the heart of Chelsea and South Kensington<br />- Wonderful views<br />- 24 hour concierge <br />- Small Kitchen with basic cooking facilities and full utensils<br />-Double size bed (4ft6) with new medium - firm mattress replaced 2019<br />-Separate bathroom and bathtub<br />-Fridge, toaster, kettle, small oven/hob <br />-Microwave<br />-Clothes washing ,dry cleaning and ironing service is located nearby.<br />-Storage with hangers<br />-Free unlimited wi-fi <br />-TV <br />-Hairdryer<br />-Iron and ironin", "host_name": "Narishta", "host_id": 1280532, "host_url": "https://www.airbnb.com/users/show/1280532", "host_picture_url": "https://a0.muscache.com/im/users/1280532/profile_pic/1436777559/original.jpg?aki_policy=profile_x_medium", "neighbourhood_cleansed": "Kensington and Chelsea", "latitude": 51.49328, "longitude": -0.16465, "property_type": "Entire rental unit", "room_type": "Entire home/apt", "accommodates": 2.0, "bathrooms": 1.0, "bedrooms": 1, "beds": 1, "amenities": ["Hair dryer", "Hangers", "Dishes and silverware", "Essentials", "Shampoo", "Cooking basics", "Carbon monoxide alarm", "Wifi", "Heating", "Coffee maker", "Long term stays allowed", "TV", "Refrigerator", "Iron", "Kitchen", "Stove", "Dedicated workspace", "Hot water", "Elevator", "Smoke alarm", "Lockbox"], "price": 110.0, "numbers_of_review": 47.0, "review_scores_rating": 4.57, "reviews": [{"name": "Craig", "date": "2016-06-17", "review": "This was the second time I have stayed in Narishta's apartment.  Once again, I thoroughly enjoyed my stay.  The apartment is in a great location in South Kensington with numerous public transport options nearby and a supermarket, dry cleaner, pharmacy and Starbucks across the road."}, {"name": "Kneil", "date": "2017-04-07", "review": "I absolutely loved this place. Definitely going use it again when I go back across the pond. After a long flight, the flat was a short walk away. It is so close to Sloan Square and Battersea Park, which has a zoo and a lot of events going on in their event center.  The apartment definitely is cozy but perfect for what I was looking for.  It felt like a reprieve, a place to lay your head, yet close enough to the tube and lively areas that we could just right in when we were ready. There were often times that we would run back to the flat for a quick nap and then run over to things like the museums or a walk of the Thames.  <br/>It was perfect. "}, {"name": "Domitille", "date": "2017-04-09", "review": "I really enjoyed my stay in Narisha's apartement! Really central in a nice building, perfect for a stay at 1 or 2. I recommend it!"}, {"name": "Ignacio", "date": "2017-05-07", "review": "Muy linda zona, accesibilidad f\u00e1cil, cercano a zonas de inter\u00e9s en la ciudad, recomendable para pasar unos d\u00edas conociendo Londres!"}, {"name": "Diane", "date": "2017-05-11", "review": "This flat is great.  It's close to the tube, the bus stop is just outside.  It is comfortable although the kitchen is a bit small it has everything you could need.  There is a small grocery store across the street and great shopping/restaurants all along the area. We would definitely recommend this unit for a couple. "}, {"name": "Fernando", "date": "2017-06-01", "review": "Great little apartment in a fantastic area. Great communication with our host. Wifi was excellent. Would definitely recommend. "}, {"name": "Giovanna", "date": "2017-06-05", "review": "Perfect and chic location, perfect for 2 people, clean and clever apartment, we highly reccomend choose this AirbnbNiceExperience! "}, {"name": "Sarah", "date": "2017-06-13", "review": "We had a wonderful three night stay in this apartment. The location is perfect with access to the tube and Kings Road has amazing shops and food. We walked to Buckingham Palace (1.2 miles) and then on to Parliament and the Westminster Abbey. Everything was comfortable, easy to use, and the perfect place to call home while we visited!"}, {"name": "Audrey", "date": "2017-06-18", "review": "We had a wonderful stay in Narishta's flat! <br/>This location is wonderful - there are lots of beautiful neighborhoods and plenty of great restaurant locations nearby, as well as a short walk to the underground station. <br/>The flat was very clean and we were grateful for a kitchen and excellent internet access."}, {"name": "Michael", "date": "2017-08-05", "review": "Posh neighborhood, clean apartment. <br/>As in crisp white sheets and bleached towels as if it were a hotel. This is the third air bnb I've stayed in London --definitely the cleanest of the three. The most professionally run in a sense.<br/>Lots of restaurants near the apartment and in Sloan square which is a short walk. "}]}