{"id": 10530310, "listing_url": "https://www.airbnb.com/rooms/10530310", "name": "KENSINGTON 1 BEDROOM APARTMENT", "description": "Spacious 1 Bedroom Entire Apartment in the Heart of Kensington with all of the features for comfortable living in London. Just a short walk to High Street Kensington and 3 mainline train Stations. Very well equiped apartment to ensure a great stay.<br /><br /><b>The space</b><br />Very Well laid out apartment with separate kitchen, bathroom, living area and bedroom. There is a double bed in the bedroom and also a pull out sofa bed in the lounge to comfortably sleep 3 people. Large Shower in the Bathroom and good sized kitchen fully equiped with fridge, freezer, oven and hob. There is extensive storage avaible in the bedroom cupboards for use during your stay.<br /><br /><b>Guest access</b><br />Guests will have access to the entire apartment which is accessed via a small communal area serving just four apartments in total.<br /><br /><b>Other things to note</b><br />There is a small boutique property agency below the apartment who will be on hand to assist with anything required during", "host_name": "Scott", "host_id": 54301513, "host_url": "https://www.airbnb.com/users/show/54301513", "host_picture_url": "https://a0.muscache.com/im/pictures/user/ab195b49-0c0f-434d-b73f-bff2d9405eec.jpg?aki_policy=profile_x_medium", "neighbourhood_cleansed": "Kensington and Chelsea", "latitude": 51.49565, "longitude": -0.20159, "property_type": "Entire rental unit", "room_type": "Entire home/apt", "accommodates": 4.0, "bathrooms": 1.0, "bedrooms": 1, "beds": 2, "amenities": ["Essentials", "Wifi", "First aid kit", "Washer", "Shampoo", "TV", "Fire extinguisher", "Smoke alarm", "Hair dryer", "Lockbox", "Iron", "Carbon monoxide alarm", "Hangers", "Kitchen", "Heating"], "price": 75.0, "numbers_of_review": 90.0, "review_scores_rating": 4.57, "reviews": [{"name": "Ida", "date": "2016-01-31", "review": "Scott was a very nice easy to talk to guy he told us where the local markets were and got us toiletries which made us feel at home  I really recommend this place"}, {"name": "Michael", "date": "2016-02-02", "review": "It was a pleasure to stay in Scott's flat, the flat is clean tidy, have all the basics for one bedroom flat. There is a 24 hour Tesco (supermarket) 2 mins away, which is very convenient.  The flat is within walking distance for both Earl's Court and High Street Kensington tube stations. We even found Fredy Mecury's house just a few blocks away. It was also a pleasure to meet Scott, he is nice and very helpful and give us some recommendations for restaurant close to the flat. Overall this is very good experience. Highly recommended. We will definitely book again in future."}, {"name": "Valerie", "date": "2016-03-06", "review": "Tr\u00e8s bon accueil \r<br/>Appartement conforme \u00e0 la description  bien plac\u00e9 proche du m\u00e9tro \r<br/>"}, {"name": "Ingeborg", "date": "2016-03-15", "review": "Scott was very approachable, and made us feel very welcome. The flat is within walking distance to many good shopping and dinner/lunch places. I would not hesitate to recommend this flat to anyone"}, {"name": "Caitlin", "date": "2016-03-24", "review": "My friend met with Scott and he was very nice, quick and explained everything well! It's a 10 minute walk from the Earl's Court tube stop which is in zone 1. The apartment is also right by a tesco! Good water pressure and temperature. The wifi was spotty at times. "}, {"name": "Kelly", "date": "2016-03-25", "review": "Scott was accommodating with meeting us at the apartment on a lunch break from my work meetings. The location was great - close to Kensington and within close walking distance of everything you needed. The apartment was clean and simple - nothing fancy, but good value, comfortable and quiet and safe neighbourhood. "}, {"name": "Vega", "date": "2016-03-29", "review": "El barrio es muy tranquilo y muy bien situado, la parada de metro m\u00e1s cercana est\u00e1 a 10 minutos andando y con muy buena combinaci\u00f3n. Scott es un fant\u00e1stico anfitri\u00f3n, nos esper\u00f3 en la puerta de casa a que lleg\u00e1semos y totalmente disponible y pendiente de la estancia. La casa es perfecta para tres o cuatro personas, y el apartamento est\u00e1 muy nuevo y limpio. "}, {"name": "Caroline", "date": "2016-04-14", "review": "The flat was lovely, spacious and clean and had all I could need for a comfortable stay. The flat is well situated with a 24 hour Tesco and tube stop nearby as well as many pubs and restaurants. Scott was very nice and helpful and I will definitely use this flat again in the future!"}, {"name": "E", "date": "2016-04-17", "review": "I had a very pleasant stay at Scott's home and he was very accommodating, friendly and responsive. The apartment was cozy and comfortable. I loved the neighborhood and felt very safe. I would recommend it to friends. This was so much better than staying at a hotel."}, {"name": "Tiffany", "date": "2016-05-04", "review": "Scott was an amazing host. If ever I needed anything, he was quick to respond. Scott was very helpful and we enjoyed staying at the flat. It was in a safe location, and the place was also very safe and secure. It had nice natural light and lots of storage space.  Within walking distance to many stores and restaurants. "}]}