{"id": 10537798, "listing_url": "https://www.airbnb.com/rooms/10537798", "name": "Large Room with ensuite bathroom", "description": "Close to underground, bars and restaurants. Spacious rooms and lounge with modern decor.", "host_name": "Phil", "host_id": 6228623, "host_url": "https://www.airbnb.com/users/show/6228623", "host_picture_url": "https://a0.muscache.com/im/pictures/user/a80999bb-b9d0-4a26-ad0f-bb3c042b34c0.jpg?aki_policy=profile_x_medium", "neighbourhood_cleansed": "Lambeth", "latitude": 51.46864, "longitude": -0.13015, "property_type": "Private room in rental unit", "room_type": "Private room", "accommodates": 2.0, "bathrooms": 1.0, "bedrooms": 1, "beds": 1, "amenities": ["Essentials", "Wifi", "Washer", "TV with standard cable", "Heating", "Kitchen", "Cable TV", "Air conditioning"], "price": 46.0, "numbers_of_review": 9, "review_scores_rating": 4.78, "reviews": [{"name": "Loic", "date": "2016-02-09", "review": "My girlfriend and I spent just one weekend at Phil's home. He is very friendly and made us feel confortable.  His place is nice, very large room and a nice bed. It is clean and well-situated, close to the underground. I totally recommend this to who want to spend some days in London. "}, {"name": "Bernardo", "date": "2016-02-22", "review": "Although we haven't had a chance to meet Phil, he was always very thoughtful and kind. He offered fruits, bread and coffee for breakfast. In addition, room was very comfy and tidy, great bed, shower even better. I'll definitely recommend staying at Phil's (in fact I already did it)."}, {"name": "Ana", "date": "2016-03-15", "review": "We stayed for 3 days at Phil's home and everything was ok. The apartament is very nice and in 5-10 minutes you arrive at tube station. Phil gave us breakfast and the apartment was \r<br/>warmly. I recommend this apartment especialy if you go in a city break because is easy to get in the centre on London. "}, {"name": "A\u00efna", "date": "2016-04-11", "review": "We've met Philip just to take the keys and he was friendly. This room is clean and large, perfect if you're searching comfort (you've got all the floor for yourself, bathroom included). It must be mentionned that an airport is not far and there're some planes which can be distantly heard (but no big deal and it's probably the case in a lot of appartments in London since we've seen a lot of planes while our journey). The logement is near to Stockwell station which is in zone 2 and really usefull to reach the center in 15 minutes (2\u00a340 with oystercard). Excellent value for money.\r<br/>\r<br/>Nous n'avons vu Philip qu'au moment de r\u00e9cup\u00e9rer les cl\u00e9s et il s'est montr\u00e9 sympathique. Cette chambre est propre et spacieuse, parfaite si vous recherchez le confort (vous avez l'\u00e9tage entier pour vous, salle de bain comprise). Il faut signaler qu'il y a un a\u00e9roport \u00e0 proximit\u00e9 et que l'on entend au loin quelques avions (mais le bruit n'est pas tr\u00e8s fort et cela doit souvent arriver dans les logements londoniens car nous avons vu de nombreux avions pendant notre s\u00e9jour). Le logement est proche de la station Stockwell, qui se trouve en zone 2 et qui est tr\u00e8s pratique pour rejoindre le centre en 15 minutes (2\u00a340 avec l'oystercard). Excellent rapport qualit\u00e9-prix."}, {"name": "Bernardo", "date": "2016-08-31", "review": "Second time at Phil's. Everything good! He even left is food at his fridge for breakfast which was a really nice touch. Definitely recommend, nice flat with private room and ensuite toilet located in zone 2 really close to Stockwell station."}, {"name": "Yannick", "date": "2016-09-14", "review": "Unfortunately wie didn't met Phil, but his mates cared good for us. The room was nice and the location is perfect, to explore London.<br/>Tank you for the nice stay!"}, {"name": "Love-Elizabeth", "date": "2016-09-25", "review": "It was lovely to stay at Phil's place. Everything was tidy and we had fresh and clean towels placed on a freshly made bed. There were breakfast items left for us and in total we enjoyed our stay. It was definitely our money's worth."}, {"name": "Bernardo", "date": "2016-11-06", "review": "Third time at Phil's place! Again everything excellent! Perfect bed, spacious room, nice bathroom, well located in zone 2 (near stockwell station) ... highly recommended always.<br/>Thanks Phil!"}, {"name": "Lipboy", "date": "2017-01-01", "review": "Though Phil wasn't there during our stays. However, Phil arranged everything in order and get us in touch with his flat mate, Jordan to welcome us. <br/>Phil ready some basic foods e.g. Bread, apple, bananas, etc for us on our arrival. <br/>Very spacious room. Everything is as described and furnished. 10 mins walk to Tube station. <br/>I give Phil my best recommendation. "}]}