{"id": 10539208, "listing_url": "https://www.airbnb.com/rooms/10539208", "name": "Lovely Bright Twin Room by Nottinghill .Tube 5mins", "description": "Private Block with Lift & 1 Lovely Twin Room in my flat by Regents Canal, W2. <br />Great Location for all the BIG sites. I pick up & drop off at Heathrow.<br />Tubes: 5 mins Royal Oak/15 mins Warwick Ave/24 hr Buses outside, Paddington Express 1 stop.<br />5 mins to Little Venice & Nottinghill. Walk to Hyde Park & jump on a 20 min Bus to Buckingham Palace. Walk more, you can see all London in 2 or 3 days. My Tourist info avail.<br />Beds: 2 singles or kingsize.Fridge & kettle , teas etc.<br />Just me & 1 adorable cat !<br /><br /><b>The space</b><br />* Check in - 3pm - Midnight.<br />*  Check out - 10am.<br />*  Easy to find.<br />*  I can be flexible for dropping & leaving luggage earlier or later. <br />*  An early Check is available from Midday depending on availability. Please let me know.<br />*  I'll send you full detailed directions from where you are arriving in London.<br />* Airport pick up and drop off available.     <br />* Location here is absolutely great for tourists, ", "host_name": "Helen Louise", "host_id": 1813854, "host_url": "https://www.airbnb.com/users/show/1813854", "host_picture_url": "https://a0.muscache.com/im/pictures/user/c882bf65-4502-45f3-8d43-826ac7d39332.jpg?aki_policy=profile_x_medium", "neighbourhood_cleansed": "Westminster", "latitude": 51.5211, "longitude": -0.19393, "property_type": "Private room in rental unit", "room_type": "Private room", "accommodates": 2.0, "bathrooms": 1.0, "bedrooms": 1, "beds": 2, "amenities": ["Extra pillows and blankets", "First aid kit", "Hair dryer", "Hangers", "Luggage dropoff allowed", "Essentials", "Shampoo", "Single level home", "Bed linens", "Babysitter recommendations", "Carbon monoxide alarm", "Bathtub", "Wifi", "Heating", "Host greets you", "Refrigerator", "Iron", "Lock on bedroom door", "Hot water", "Washer", "Paid parking off premises", "Elevator", "Smoke alarm"], "price": 59.0, "numbers_of_review": 211.0, "review_scores_rating": 4.85, "reviews": [{"name": "Renate", "date": "2017-01-30", "review": "Helen was a great host. <br/>I got precise instruction how to get to her place, she helped me carrying my heavy luggage and invited me to a traditional pub. She helped me to arrange my trip to the airport and visiting the city. <br/>The whole flat was very clean. The room is big and there is more than enough storage room for the luggage. <br/>There is tea, coffee, buiscuits and fruit in the room as well as plenty of plugs.<br/>The place is close to many bus lines and to the underground. <br/>It is located close to the canal . Perfect for running and cycling. <br/>The neighbourhood is very nice and safe. In walking distance from little Venice and portobello road<br/>Highly recommended !!!!!"}, {"name": "\u5b87\u4e00", "date": "2017-02-05", "review": "Helen is the best host I have ever seen. She is so kind, my girlfriend and I got so much help from her. The flat is lovely and clean. There have everything you may need. And the location is convenience, which just near by the underground station. By buses or underground you can get everywhere conveniently and quickly.<br/>In addition, Helen's cat is sooo cute and friendly.<br/>We have a good experience in Helen's flat. If we come London again next time, it still will be our first choice!"}, {"name": "Ali", "date": "2017-02-08", "review": "Helen is very friendly person and enjoy  her company. The room is clean and comfortable. Highly recommended"}, {"name": "Lisa", "date": "2017-02-20", "review": "You will not meet a sweeter, kinder or more helpful Airbnb hostess than the super-friendly and sociable Ms. H. Not only will you sleep soundly in a large, serene and comfy double bedroom strewn with a sweet duvet but she will feed you a lovely continental-style breakfast featuring orange juice, fresh fruit and breads/jams washed down with endless cups of French-press fair-trade Colombian coffee or Yorkshire tea among other choices, in the morning. Don\u2019t hesitate to ask H for anything including advice and information about London including invaluable tips for fast tube/subway connections, browsing the street markets, finding the closest local supermarket, suggestions for shopping, restaurants, museums, landmarks and sites. She\u2019s always up for a chat and a cup of tea if she\u2019s home and is willing to help in any way. It\u2019s like having a best friend in London you never knew you existed. I stayed here with my daughter who is 10. It was her first trip abroad and to London. H went out of her way to accommodate us and make it a very enjoyable adventure for her and me. The flat is spotless, if not spare in its soothing Indian-style d\u00e9cor. The toilet and bath are super clean. Note the shower is an old-fashioned handheld one and a bath is just lovely after a long day pounding the stone pavement. If you are at all squeamish about sharing a bath with your landlady, this will not be the best choice for you. The bedroom is super quiet with ample space for storage and a large window for fresh air (and canal views!) that is however, facing the high street with normal traffic noise as would be expected when the window is open. Very quiet when shut for restful sleeping. Mind you there is no TV or radio in the room which was totally fine with us since we never had a moment to spare. There is a fast-boil electric kettle for tea featuring several prime choices, filtered water in a carafe and biscuits, an iron and use of a hairdryer too. Bedroom door has a key & a lock for safety and peace of mind. The immediate neighborhood can seem a tad scruffy at first glance, when compared to the white-washed Georgian buildings along the canal and pretty colorful maisonettes in Nottinghill but if you are street (and city) wise, you shouldn\u2019t encounter any problems. Located at the edge of Bayswater, Maidavale and Nottinghill the flat is a convenient 5 minute walk to Royal Oak station with plenty of tubes to connections or a more scenic 10-15 minute walk to Paddington station, Queensway and Portobello. It\u2019s a rather ideal location for experiencing lively London street scenes, sights and all those typical touristy excursions which will be about a 30 minute journey to London Eye for instance. It\u2019s definitely not a touristy neighborhood, which is very refreshing after fighting the crowds along Oxford Street, Piccadilly or Knightsbridge. And there are loads of reasonably priced pubs and restaurants..."}, {"name": "Abha", "date": "2017-02-26", "review": "Helen was a great host, I will definitely go back there. The room was spacious, clean and had a good feel to it. There was a kettle with tea and coffee in the room together with some grapes which I thought were a lovely touch."}, {"name": "Thibault", "date": "2017-03-06", "review": "Helen was an amazing host. Very kind and welcoming. We had a lovely stay thanks to her!"}, {"name": "Mimi", "date": "2017-03-12", "review": "Our stay with Helen was amazing! She was the BEST host, so so accommodating and lovely. The room was perfect for us and the bed was very comfy. The location was convenient too...would 10/10 recommend to anyone, hope to see you again Helen! X"}, {"name": "Antonio", "date": "2017-03-20", "review": "Appartamento ubicato in zona 2, servitissimo dai mezzi pubblici (bus e metro). Centro di Londra raggiungibile in breve tempo. Helen \u00e8 stata gentilissima e molto utile nel darci le giuste indicazioni. Grazie a lei abbiamo scoperto posti non strettamente turistici. Ha un bellissimo gatto! "}, {"name": "Mina", "date": "2017-03-27", "review": "The location is very close to the tube station; 5 min walk. It's also less than 10 minutes walk to bayswater/queensway from royal oak station, recommend to visit there. Helen was super lovely and an amazing host; we communicated before my visit and she gives great direction to the place. Genuinely liked her and I'm sad that I was on and about the city that I didn't talk to Helen as much as I would like. She has an amazing cat named Tigerlina(?) who is friendly. I already miss them both! x 10/10 recommend Helen!!! best host I have had."}, {"name": "Jelena", "date": "2017-04-02", "review": "We stayed at Helen's for three days and we had a lovely time. Coming to the flat from the airport was super easy, as well as coming and going to the city afterwards. The tube, the busses, everything is nearby so if you are in a hurry of reaching any part of the city, you will have no problem, even during the night. If you have more spare time or love to walk as we do, you could just as easily walk to the main sights, taking a stroll through the nearby Hyde Park or Kensington Gardens. Helen knows London inside out, so she was also very helpful of giving us tips on what to see, where to go and how to reach it (on any means of transport :)). The room and the hole place were very welcoming and cosy, not to mention clean (spotless!), there was coffee and tea in our room, fresh coffee/tea/toast served in the kitchen in the morning ... altogether, perfect in every respect. We are only sorry that we couldn't had stayed for a longer time and see Helen perform with her new bend somewhere in London. She is an excellent singer, a great artist and a very interesting person. Next time we come to London we would definitely search for her place again."}]}