{"id": 10540750, "listing_url": "https://www.airbnb.com/rooms/10540750", "name": "Lovely Apartment in Clapham", "description": "Recently renovated apartment that still retains its beautiful 1900s features. <br />  <br />Well connected for the London Underground, metres from the greenery of Clapham Common and surrounded by the boutique shops and caf\u00e9 culture of Clapham Old Town.<br /><br /><b>The space</b><br />You will have access to the whole apartment whilst staying here. The apartment is split over 2 floors, with the living room and kitchen being on the first floor and the bedrooms and bathroom being on the second. <br /><br />There is a big reception room that is open plan, leading from the living room into the kitchen. There is a table in the kitchen with space for 4 diners, and a large comfy corner sofa and a gorgeous love seat in the living room. You can watch the TV at your leisure, and we have you-view and Netflix so you will have access to multiple media streams.<br /><br />The kitchen is newly fitted, and whilst staying here please feel free to use any of the kitchen implements and appliances. Also d", "host_name": "Amy", "host_id": 18555427, "host_url": "https://www.airbnb.com/users/show/18555427", "host_picture_url": "https://a0.muscache.com/im/users/18555427/profile_pic/1415354097/original.jpg?aki_policy=profile_x_medium", "neighbourhood_cleansed": "Lambeth", "latitude": 51.46315, "longitude": -0.14211, "property_type": "Entire rental unit", "room_type": "Entire home/apt", "accommodates": 4.0, "bathrooms": 1.0, "bedrooms": 2, "beds": 4, "amenities": ["Essentials", "Wifi", "Washer", "Long term stays allowed", "Shampoo", "TV with standard cable", "Fire extinguisher", "Smoke alarm", "Hair dryer", "Iron", "Carbon monoxide alarm", "Dryer", "Hangers", "Kitchen", "Cable TV", "Heating"], "price": 118.0, "numbers_of_review": 20.0, "review_scores_rating": 4.74, "reviews": [{"name": "Laurie", "date": "2016-02-28", "review": "Any was great. Easily contactable, and very easy to organise this weekend away for me and my brother.\r<br/>The apartment is great, nice and cosy. Also very well equipped!\r<br/>10/10."}, {"name": "Sami", "date": "2016-03-26", "review": "I had a lovely time staying at Amy's home. She was very friendly and helpful. She even offered me beer's in the fridge which was the first time a host has done that for me. I will definitely be renting her apartment again in the future! 5/5"}, {"name": "Tim", "date": "2016-04-10", "review": "Amy is a lovely host and she was very welcoming with flexible arriving and leaving. We even had chocolate biscuits when we arrived. It was very nice of her to allow us to use her kitchen as her own. The flat is excellently position with shops, restaurants and mini supermarket all within seconds ! we were so spoilt. Thanks Amy it really worked for us. The Spirits "}, {"name": "Vanessa", "date": "2016-05-01", "review": "We had a very nice trip to London.\r<br/>And this flat was perfect for us!!!\r<br/>It was nice furnished and clean! \r<br/>With the Underground we were easy and quickly in the center.\r<br/>Amy and Holly are very kind and patient  :)\r<br/>\r<br/>thanks again for making our stay so easy and cosy! \r<br/>\r<br/>\r<br/>\r<br/>"}, {"name": "Konstantinos", "date": "2016-05-30", "review": "Lovely place. \r<br/>Holly and Amy were extremely helpful and made the short stay very enjoyable. \r<br/>\r<br/>Thanks,\r<br/>Kostis"}, {"name": "Nicole", "date": "2016-06-05", "review": "The apartment worked very well for us (my husband, 10 year-old daughter, and me). It is in a charming location - close to lots of restaurants and the tube. Amy was a great host, even though we never met in person. I would highly recommend this place!"}, {"name": "Heather", "date": "2016-06-12", "review": "We had a lovely night's stay at Amy's flat. Brilliant location with great links to transport and she made us feel really welcome. The flat is very chic and comfortable."}, {"name": "Mikael", "date": "2016-07-17", "review": "Great stay at Amy's flat. Everything was as promised on pictures and top communication. We loved Clapham and the neighborhood. It was great and excellent described by Amy. If you go there, you gotta check out Brixton and Brixton Village, lovely and lively spot just a few bus-stops away...."}, {"name": "Anoushka", "date": "2016-07-30", "review": "We had a lovely stay at Amy's flat. It is a light and airy flat, well-equipped and in a great location. Both Amy and Holly were a pleasure to deal with and made the whole experience stress-free....no mean feat when travelling with two small boys! Thank you both! Would highly recommend to others."}, {"name": "Sarah", "date": "2016-08-07", "review": "Lovely apartment right in the epicentre of Clapham Common ! It was such a great location for shops and restaurants "}]}