{"id": 10548351, "listing_url": "https://www.airbnb.com/rooms/10548351", "name": "Clean modern flat, 200ft from metro", "description": "Spacious flat, fully carpeted with excellent transport links. Modern kitchen and bathroom with all the mod cons.", "host_name": "James", "host_id": 31101518, "host_url": "https://www.airbnb.com/users/show/31101518", "host_picture_url": "https://a0.muscache.com/im/users/31101518/profile_pic/1428875022/original.jpg?aki_policy=profile_x_medium", "neighbourhood_cleansed": "Hammersmith and Fulham", "latitude": 51.49076, "longitude": -0.2114, "property_type": "Private room in rental unit", "room_type": "Private room", "accommodates": 2.0, "bathrooms": 1.5, "bedrooms": 1, "beds": 1, "amenities": ["Essentials", "Wifi", "Washer", "Long term stays allowed", "Elevator", "TV with standard cable", "Iron", "Hangers", "Kitchen", "Cable TV", "Heating"], "price": 49.0, "numbers_of_review": 1, "review_scores_rating": 5.0, "reviews": [{"name": "Alek", "date": "2016-02-08", "review": "Was staying in this room for 3 nights. Nice location, nice neighbours what makes this room a decent place at a fair price. It's very close to Barons Court what means super easy transfers to St Pancras railway station and Heathrow airport using Piccadilly line."}]}