{"id": 10546640, "listing_url": "https://www.airbnb.com/rooms/10546640", "name": "Cosy Room in Central Apartment", "description": "Lovely and spacious double bedroom in a beautifully refurbished Victorian building, located just few minutes away from Oval and Stockwell tube Stations. Central location 3 stops from Victoria. Easy for all major attractions.<br /><br />SORRY, BUT DUE TO COVID-19 OUTBREAK, THE  KITCHEN AND LIVING ROOM ARE NOT SHARED, GUESTS WILL JUST HAVE USE OF THE ROOM AND BATHROOM. THANKS<br /><br /><b>The space</b><br />sorryWe have a two bedroom apartment just a short walk from Oval tube station. There are also bus's that go just about anywhere in London from Brixton Road (one minute walk). If you are here to see Parliament and The London Eye you can walk there and stop for a bite on the Southbank. <br /><br />The room is back from any roads so there is no traffic noise :) There is a wardrobe with hangers, a chest of drawers, a desk in the room. Also there's a blind in the window so will be able to sleep till late:) <br /><br />There is an A-Z and a London Lonely Planet guide in the room to help yo", "host_name": "Carmen", "host_id": 4193697, "host_url": "https://www.airbnb.com/users/show/4193697", "host_picture_url": "https://a0.muscache.com/im/pictures/user/da8756eb-7d41-4b7b-ba01-9cfa4c314655.jpg?aki_policy=profile_x_medium", "neighbourhood_cleansed": "Lambeth", "latitude": 51.47709, "longitude": -0.11308, "property_type": "Private room in rental unit", "room_type": "Private room", "accommodates": 2.0, "bathrooms": 1.0, "bedrooms": 1, "beds": 1, "amenities": ["Essentials", "Extra pillows and blankets", "First aid kit", "Hot water", "Wifi", "Long term stays allowed", "Shampoo", "Single level home", "Smoke alarm", "Bed linens", "Hair dryer", "Iron", "Carbon monoxide alarm", "Hangers", "Heating", "Dishes and silverware"], "price": 36.0, "numbers_of_review": 262.0, "review_scores_rating": 4.71, "reviews": [{"name": "Eleonora", "date": "2016-02-19", "review": "We' ve been there in february. We had a great time. The girls are very nice and kind. The house was very clean and tidy. We hope to return . Recomendeed for boys and girls"}, {"name": "Paula", "date": "2016-02-22", "review": "Estuvimos 4 dias en Febrero y la experiencia ha sido muy buena. La casa est\u00e1 muy bien comunicada con bus y metro muy cerca. \r<br/>Todo muy limpio y ordenado. Cama muy c\u00f3moda. \r<br/>Las anfitrionas son encantadoras. Cualquier cosa que necesites les puedes preguntar sin problema. \r<br/>Lo recomiendo 100%. "}, {"name": "Miguel Angel", "date": "2016-02-29", "review": "Carmen una gran persona...en todo momento dispuesta ayudarnos y brindadonos la mejor atencion..el lugar de lujo ..muy comodo , familiar y acogedor...recomendable 100%...cerca del centro..buses,metro incluso caminando..un lugar muy seguro.."}, {"name": "Bianca", "date": "2016-03-06", "review": "We've been there in March, the flat is really nice and good located. The girls are really nice and helpful, it has been a really good experience to share the apartment with them as you feel like in a real home for you holidays. The flat is really tidy and clean, totally recommended for both boys and girls."}, {"name": "Thomas", "date": "2016-03-10", "review": "Carmen and Lisa are wonderful. They made me feel very welcome and had many suggestions on what to do and where to eat in the neighborhood. The flat is located in a Victorian row house and retains much of the original details. It is decorated in an eclectic style that is well thought-out and relaxing not to mention, spotless. \r<br/>\r<br/>While I did not cook during my stay the kitchen is well appointed and also spotless. Guests have their own cupboard and fridge and everything is labeled so you don't have to hunt for cup, plates, etc., therefore, this location would be great for an extended stay. The room itself is large enough for two people and the bed was very comfortable. \r<br/>\r<br/>Buses to central London are moments away and the walk to the Oval tube stop is 5 minutes, however, the street is very quiet. The neighborhood seems safe enough and coming home late there were a lot of people out and about on Brixton Road nearby. Great experience all around. I wish I could have stayed longer. "}, {"name": "Franziska", "date": "2016-03-12", "review": "Die Tage in Carmens Wohnung waren einen tolle, erste Airbnb-Erfahrung. Wir wurden herzlich empfangen, hatten keine Probleme mit Absprachen und haben alles wichtige vorgefunden um uns wohlzuf\u00fchlen.\r<br/>Uns wurden super gute Beschreibungen der Umgebung, Reisef\u00fchrer und ein Stromstecker zur Verf\u00fcgung gestellt. Rundum eine gelungene Zeit mit gelegentlichen Unterhaltungen und Empfehlungen.\r<br/>Definitiv ein Ort zum weiter erz\u00e4hlen."}, {"name": "Yuan", "date": "2016-03-20", "review": "Very tidy room and kitchen and pretty much everything.\r<br/>Very good location with friendly and on time host : )"}, {"name": "Rey", "date": "2016-04-01", "review": "The girls have a really nice flat well-located and absolutely clean and cosy. An extra point for the decoration ( as we could expect from art students ;) ) <br/>They were both absolutely welcoming and we enjoyed their advices about the good spots in the neibourghoud and how to travel in London... Thank you, hoping you're having good time in spain !"}, {"name": "Ipshi", "date": "2016-04-02", "review": "Close to Central London&clean. Will book again,if I ever come back to London."}, {"name": "Lukas", "date": "2016-04-07", "review": " We stayed two nights at Carmen's apartment and really enjoyed it. The bed was comfortable and we were provided with lots of information about the area. We did not meet Carmen in person, however a friend of hers was there who showed us the apartment. Would definitely recommend staying there"}]}