{"id": 10556353, "listing_url": "https://www.airbnb.com/rooms/10556353", "name": "Master bedroom in Victorian house with garden", "description": "Master bedroom for rent in beautiful Victorian house with garden.<br />Super convenient location, 10 minute walk to Tottenham Hale (Victoria Line, National rail, Stansted Express), the canal system for those walks and bike rides and Bruce Grove overground. Also plenty of buses and night buses to east and central London.<br /><br /><b>The space</b><br />This is a 2 bedroom house on 2 floors and you'll be sharing with one other person (please PM me for more info on who will be in at the time of your stay)<br />Large, open plan living room that leads into the dining area, which is spacious enough to be used as office. The kitchen is overlooking a large garden. Upstairs there's a large bathroom with bath tub and the 2 bedrooms.<br /><br /><b>Other things to note</b><br />I will provide tea and coffee, everything else is up to you.", "host_name": "Silvia", "host_id": 47314917, "host_url": "https://www.airbnb.com/users/show/47314917", "host_picture_url": "https://a0.muscache.com/im/pictures/user/93101abf-daab-4f15-9132-6b24cd9b34b6.jpg?aki_policy=profile_x_medium", "neighbourhood_cleansed": "Haringey", "latitude": 51.59664, "longitude": -0.06111, "property_type": "Private room in home", "room_type": "Private room", "accommodates": 1.0, "bathrooms": 1.0, "bedrooms": 2, "beds": 1, "amenities": ["Oven", "Hair dryer", "Hangers", "Dishes and silverware", "Essentials", "Free parking on premises", "Shampoo", "Free street parking", "Cooking basics", "Carbon monoxide alarm", "Wifi", "Heating", "Coffee maker", "Long term stays allowed", "Refrigerator", "Iron", "Kitchen", "Stove", "Hot water", "Washer", "Smoke alarm"], "price": 85.0, "numbers_of_review": 6, "review_scores_rating": 4.83, "reviews": [{"name": "Mary", "date": "2016-09-17", "review": "Sylvia was a delightful host, making everything very easy"}, {"name": "Sonya", "date": "2017-07-20", "review": "Silvia was a great host! Made for a lovely visit to London! "}, {"name": "Sakshi", "date": "2017-12-02", "review": "Great stay. Very nice host. Comfortable and easily accessible location."}, {"name": "Yuko", "date": "2018-04-09", "review": "Simply, Silvia is a wonderful host. Nothing more needs to be said.<br/>Great place, lovely lady. What more can you ask.<br/>I would definitely use again!!!"}, {"name": "Chris", "date": "2018-08-24", "review": "Silvia unfortunately was on holiday during my stay however was more than trusting to let me stay which says a lot about her. She was very responsive and tentative over message. Her place is very warm and welcoming. I met her briefly before she went away and she seemed a very lovely, interesting and friendly person and I would recommend her to anyone wanting to stay! "}, {"name": "Jihyun", "date": "2019-04-11", "review": "Silvia\uc758 \ud3b8\uc548\ud55c \ubc30\ub824 \ub355\ubd84\uc5d0 \ud504\ub77c\uc774\ube57\ud558\uba74\uc11c\ub3c4 \uae30\ubd84 \uc88b\uac8c \uc219\ubc15\ud560 \uc218 \uc788\uc5c8\uc2b5\ub2c8\ub2e4. \ub354\ube14 \ubca0\ub4dc\uc5d0 \ucc45\uc0c1\uacfc \uc758\uc790, \uac70\uc6b8\uc774 \uac16\ucdb0\uc9c4 \uae54\ub054\ud55c 2\uce35 \ubc29\uc785\ub2c8\ub2e4. \ub113\uc740 \uc695\uc2e4\uc740 \uc5b8\uc81c\ub4e0 \ud3b8\uc548\ud558\uac8c \uc0ac\uc6a9\ud560 \uc218 \uc788\uc5c8\uc5b4\uc694. <br/>\ud1a0\ud2b8\ub118 \ud56b\uc2a4\ud37c \uacbd\uae30\uc7a5\uc744 \ub3c4\ubcf4\ub85c \uc774\uc6a9\ud560 \uc218 \uc788\uc5b4\uc11c \uacbd\uae30 \ud6c4 \ubd80\ub2f4\uc5c6\uc774 \uac78\uc5b4\uc62c \uc218 \uc788\uc5b4\uc11c \ud070 \ub3c4\uc6c0\uc774 \ub418\uc5c8\uc2b5\ub2c8\ub2e4. \uc138\ube10 \uc2dc\uc2a4\ud130\uc988\uc5d0\uc11c \ubc84\uc2a4\ub97c \ud0c0\uba74 \uc5bc\ub9c8 \uac78\ub9ac\uc9c0 \uc54a\ub294 \uac70\ub9ac\ub77c \uc911\uc2ec\uac00\ub85c \uc774\ub3d9\ud558\uae30\ub3c4 \ud3b8\uc548\ud569\ub2c8\ub2e4. <br/>\uae30\ud68c\uac00 \ub41c\ub2e4\uba74 \ub2e4\uc74c\uc5d0\ub3c4 \ub610 \ubb35\uace0 \uc2f6\uc5b4\uc694. I had a much more enjoyable trip. Thank you :)"}]}