{"id": 1056379, "listing_url": "https://www.airbnb.com/rooms/1056379", "name": "Beautiful Double Room: downstairs", "description": "Large room in an elegant 1930s semi-detached family house on a quiet residential street in Hackney, London. Fantastic location. Private bed/sitting room. Small kitchenette for your solo use (we use the shared washing machine and clothes dryer in the same room). Bathroom shared with Rebecca (Andrew and kids have separate shower room that they use)<br /><br /><b>The space</b><br />Large room in an elegant 1930s semi-detached family house on a quiet residential street in Hackney, London. Fantastic location. Private bed/sitting room. <br /><br />Wireless broadband. <br /><br />The Downstairs Room has a bay window overlooking the front garden, oak parquet flooring, Ercol and G-Plan furniture, classic d\u00e9cor.  Approx 18sqm. <br /><br />Please note there is no shared lounge/living room. <br /><br />Room is suitable for one or two people. Duration of stay is flexible \u2013 from 20 nights upwards. We usually have guests stay for three months or longer.<br /><br />No pets. <br /><br />ROOM HAS: <br /", "host_name": "Rebecca And Andrew", "host_id": 5816412, "host_url": "https://www.airbnb.com/users/show/5816412", "host_picture_url": "https://a0.muscache.com/im/users/5816412/profile_pic/1365373187/original.jpg?aki_policy=profile_x_medium", "neighbourhood_cleansed": "Hackney", "latitude": 51.53765, "longitude": -0.05126, "property_type": "Private room in home", "room_type": "Private room", "accommodates": 1.0, "bathrooms": 1.0, "bedrooms": 1, "beds": 1, "amenities": ["Extra pillows and blankets", "First aid kit", "Fire extinguisher", "Hair dryer", "Wine glasses", "Dining table", "Hangers", "Paid parking on premises \u2013 1 space", "Cleaning products", "Dishes and silverware", "Luggage dropoff allowed", "Essentials", "Cooking basics", "Bed linens", "Clothing storage: dresser and closet", "Carbon monoxide alarm", "Bathtub", "Central heating", "Wifi", "Coffee maker", "Free dryer \u2013 In unit", "Long term stays allowed", "Hot water kettle", "Microwave", "Refrigerator", "Host greets you", "Room-darkening shades", "Iron", "Kitchen", "Drying rack for clothing", "Induction stove", "Toaster", "Hot water", "Smoke alarm", "Free washer \u2013 In unit", "Laundromat nearby", "Freezer"], "price": 45.0, "numbers_of_review": 30.0, "review_scores_rating": 4.93, "reviews": [{"name": "Tom", "date": "2013-06-09", "review": "I stayed at Rebecca and Andrew's for about a month and it was really lovely. The room is big and spacious and really nicely furnished. Because of the size it feels a little like three rooms in one between the bed, the couch and old fire place, and then the table in the bay windows. \r<br/>The room and the whole house is really quiet and really warm. The bed is really comfy, the small kitchenette has everything you need, even if your a fan of cooking, and the bathroom is clean and comfortable with some great art deco features. You get a really nice, homely experience all of ten minutes walk of some of the funnest parts of Hackney.\r<br/>Rebecca and Andrew are both really nice, but the thing that makes staying here worth it all on it's own is getting to look over their book collection. They have the most entertaining and interesting book collection you'll ever see. I'll never think of the link between image and gender the same again!"}, {"name": "Glenn", "date": "2013-06-22", "review": "Rebecca and Andrew were wonderful hosts. The room was spacious, and had a very  comfortable bed. The two guest rooms have their own kitchen and bathroom, which was very convenient. I'd definitely recommend a stay with them."}, {"name": "Robin", "date": "2013-07-06", "review": "Rebecca and Andrew were great hosts, and their house was like an oasis from the bustle of London, with a great location by Victoria Park. We had a lovely airy room, upstairs, the facilities were all spotlessly clean, and everthing was extremely well organised (without being fussy or intrusive).  I would unreservedly recommend their place."}, {"name": "Fernande", "date": "2014-05-02", "review": "My husband and I were hosted by Rebecca and Andrew in a very clean quiet and comfortable bed sitting room.  We had quite separate quarters from the family.  The kitchen and bathroom were shared with only one other tenant The room was spacious. Very quiet evenings Great neighbourhood, one block from lovely Victoria park. Helpful neighbours. Finally very warm and helpful hosts with delightful and precocious two year old."}, {"name": "Justin", "date": "2014-08-02", "review": "Andrew and Rebecca are great hosts - had a wonderful time staying there. The room is as advertised, perfect for someone needing a stop-gap for anything from a week to a few months. Ideally situated close to Victoria park and regents canal, which are both great for running if you're into that sort of thing. Also close to all the east end has to offer - Broadway Market, Dalstons' nightlife, and the central line a 10-15 min walk away. All in all pretty good! Very quiet and peaceful yet very central."}, {"name": "Daniela", "date": "2014-08-27", "review": "E' stato tutto perfetto! La stanza \u00e8 esattamente come descritta, arredata con gusto e spaziosa, e il letto \u00e8 comodissimo! L'area \u00e8 tranquilla ma vicinissima a bar ristoranti e pub e a un bellissimo parco. Purtroppo non abbiamo potuto conoscere Andrew e Rebecca poich\u00e8 si trovavano fuori citt\u00e0, ma siamo stati accolti da un' amica che \u00e8 stata davvero adorabile, accogliente e disponibile a darci informazioni e consigli. Molto utile poi la cucina a disposizione degli ospiti, completa di tutto il necessario per cucinare, compreso l'uso della lavatrice e dryer.  Anche il bagno era perfetto, pulito e con acqua calda sempre disponibile. Favolosa poi la libreria che si trova nell'ingresso e al piano superiore, Andrew e Rebecca sono sicuramente due persone interessanti! Inoltre se arrivate all'aeroporto di Stansted il collegamento \u00e8 ottimo con bus da Liverpool St. In generale l'area \u00e8 ben collegata e molto piacevole e non esiterei a raccomandare a chiunque questo posto. "}, {"name": "Asher", "date": "2014-11-17", "review": "Rebecca and Andrew are seasoned Airbnb hosts, who are well equipped to deal with house guests. Everything in the home was well planned so guests are able to be self-sufficient and go about their own business. "}, {"name": "Jenny", "date": "2015-02-22", "review": "Staying with Rebecca, Andrew and VP was an absolute delight. I felt extremely at home in their beautiful house, and the neighbourhood is vibrant and very accessible. I was really sad to leave and can't recommend a stay with this lovely family enough. "}, {"name": "Liam & Mariana", "date": "2015-03-22", "review": "A comfortable, spacious room in a house hosted by a warm family. Situated right beside Victoria Park and close to all amenities, it's the perfect base from which you can explore London. A pleasure staying in this lovely place, can't recommend it highly enough!"}, {"name": "Frank", "date": "2015-06-01", "review": "Andrew and Rebecca are great and helpful hosts and the spacious room was as advertised, the bed very comfortable.\r<br/>It was a pleasure staying there 4 weeks."}]}