{"id": 10570547, "listing_url": "https://www.airbnb.com/rooms/10570547", "name": "Twin Bedroom Crofton Park, Brockley", "description": "On offer is a bright, spacious twin bedroom in Crofton Park, Brockley SE4  London (Zone 3), ideal for the City and West End.<br /><br /><b>The space</b><br />Great transport link to the west end via overground from Honor Oak Park to Canada Water then  Bond Street for Oxford street or Crofton Park train station to Blackfriars/City Thameslink to Tate Modern and St.Pauls Cathedral.<br /><br /><b>Guest access</b><br />bedroom and bathroom<br /><br /><b>Other things to note</b><br />This is a no outdoor shoes household, also I ask guest not to slam doors, or shout while on the phone or skyping,  leave toilet lid down, leave bathroom floor dry and loo clean.<br />Everyone like a place to be clean.....please help to keep it clean, clean up after yourselves.", "host_name": "Janet", "host_id": 10066333, "host_url": "https://www.airbnb.com/users/show/10066333", "host_picture_url": "https://a0.muscache.com/im/pictures/user/c689c47d-99ad-43ac-82e8-203472f144ae.jpg?aki_policy=profile_x_medium", "neighbourhood_cleansed": "Lewisham", "latitude": 51.45069, "longitude": -0.03658, "property_type": "Private room in home", "room_type": "Private room", "accommodates": 2.0, "bathrooms": 1.0, "bedrooms": 1, "beds": 2, "amenities": ["Essentials", "Wifi", "First aid kit", "Hot water", "Free parking on premises", "Long term stays allowed", "Microwave", "Fire extinguisher", "Smoke alarm", "Hair dryer", "Iron", "Carbon monoxide alarm", "Hangers", "Heating", "Lock on bedroom door"], "price": 38.0, "numbers_of_review": 5, "review_scores_rating": 4.8, "reviews": [{"name": "Fabio&Family", "date": "2016-03-05", "review": "Janet is brillant host!<br/>We stay only one night and we feel like home.<br/>The home was clean and lovely, the brekfast was so good.<br/>We will come back again.<br/>Thank you Janet for your Big smile. <br/>Fabio&Denise"}, {"name": "St\u00f6rm", "date": "2016-11-28", "review": "Very accommodating and friendly."}, {"name": "Trevor", "date": "2017-04-03", "review": "Janet was a great host very accommodating and responsive her place was very clean and she was willing to help<br/>And go the extra mile to ensure you had everything you needed.  I would stay there again "}, {"name": "Fabrizio", "date": "2017-09-26", "review": "Wonderful stay in Janet's house. She's very helpful, the house is clean and quiet and the train station is very close.  A good place if you want to visit London."}, {"name": "Richard", "date": "2019-05-04", "review": "Janet is a considerate host with a well kept home.."}]}