{"id": 10583674, "listing_url": "https://www.airbnb.com/rooms/10583674", "name": "Large double room in Chiswick", "description": "Huge spacious double room in family home in Chiswick W4 self contained with own shower room and toilet and sole access to garden. Lovely area close to the Thames with excellent transport to Central London. 5 minutes to Gunnersbury tube (District line) and trains and 15 minutes drive from Heathrow.<br /><br /><b>The space</b><br />The space is very private and self-contained, on its own floor in a four- storey town house. The River Thames is a 5 minute walk away and the area is very  picturesque and close to shops and amenities on Chiswick High Road.<br /><br /><b>Guest access</b><br />Regular access to kitchen and garden. Free WiFi and laundry facilities available.", "host_name": "John", "host_id": 54601046, "host_url": "https://www.airbnb.com/users/show/54601046", "host_picture_url": "https://a0.muscache.com/im/pictures/user/8ebe56da-52b4-4c75-8b65-362b8c878bb1.jpg?aki_policy=profile_x_medium", "neighbourhood_cleansed": "Hounslow", "latitude": 51.48894, "longitude": -0.27955, "property_type": "Private room in rental unit", "room_type": "Private room", "accommodates": 2.0, "bathrooms": 1.0, "bedrooms": 1, "beds": 1, "amenities": ["Essentials", "Wifi", "First aid kit", "Washer", "Long term stays allowed", "Shampoo", "Smoke alarm", "Kitchen", "Heating", "Breakfast"], "price": 30.0, "numbers_of_review": 13.0, "review_scores_rating": 4.75, "reviews": [{"name": "Paolo", "date": "2016-03-03", "review": "I've been at John and Fiona's for almost a month. Actually it was my first month here in London, so I needed for an accommodation that would have helped me in the first days of my moving, a place on which feel myself sheltered and at home. And I found what I was looking for. They have been so careful and sweet to me, always ready to exchange tips and nice chats, about amenities, services, house facilities and in general about life in London. The house is very nice, the room is bigger than you can expect, with shower and toilet enclosed, so the privacy is totally guaranteed. Fridge and kitchen are always available to prepare meals. The area is well served by tube (District Line) and at least by 4 bus lines directly from the centre, operating day and night. I always got home easily, coming back from English classes or from work, and from dancing nights too. Let's go to summarise. 100% wonderful experience, 100% fantastic hosts, 100% recommended!"}, {"name": "Elisha", "date": "2016-04-09", "review": "John and Fiona were lovely hosts, really welcoming and friendly. Happy to help with anything I needed or asking where something was. I stayed for 4 weeks and everything I needed was pretty much on the doorstep. A Sainsbury's around the corner and the tube station a 5 minute walk away. The room was perfect for what I needed, the bed is huge and I had cupboard, shelf and wardrobe space. Room was located on the bottom floor along with a separate bathroom and shower room, so it was really nice having all my own facilities on one floor. Access to the washing machine and fridge space. The area is stunning and it wasn't noisy in the evenings.  Chiswick high street was a 10/15 minute walk away where you could find restaurants and other shops. Really nice Japanese and sushi bars if you like that kind of thing."}, {"name": "Wouter", "date": "2016-05-29", "review": "It has been an absolute pleasure to stay at John and Fiona's for six weeks! They are very warm, welcoming and friendly hosts, who make an effort to make you feel at home. At any time, they're in for a chat, inform about my time in London, and give plenty of tips for things to do. The room itself is spacious and comfortable. The bed is huge, there was plenty of space to put all \r<br/>my clothes, and a desk provided a good place to work. The room is situated on the ground floor, with private bathroom facilities and access  to the washing machine. Consequently, privacy is fullyguaranteed. In the area, both a shop (Saintsbury's), tube station (Gunnerbury) and night bus stations, and multiple pubs are within a few minutes walking distance. From Gunnersbury, it is only half an hour to Westminster.\r<br/>In all, I have had a great time staying in this room, not only because the place itself provided all one could wish for, but mostly because John and Fiona were such lovely and attentive hosts!"}, {"name": "Sharmistha", "date": "2016-06-09", "review": "John and Fiona were great hosts and their place has a positive energy  The room is very spacious &  overlooks a  garden. Gunnersbury underground/overground is very close by and there is a  Sainsburys nearby too. Overall a great stay."}, {"name": "Louisa", "date": "2016-06-19", "review": "I had a wonderful stay at John and Fiona's! The room is spacious and light, and the house is very clean. They were both very welcoming and friendly. The location is excellent, for working at the national archives, for exploring charming Chiswick, and for getting into central London. Highly recommended!"}, {"name": "Shira", "date": "2016-07-18", "review": "A beautiful room with exit to garden, extremely friendly hosts who also showed me around the neighborhood, great location by the river. Highly recommended!"}, {"name": "Zophia", "date": "2016-07-30", "review": "John and Fiona were very friendly, warm, and welcoming. The space is quite roomy, very private, very clean, and comfortable. Good location near to the tube and overground, shops, Thames, and parks. I had a great stay and highly recommend it!!! "}, {"name": "Marissa", "date": "2016-09-29", "review": "John was very welcoming and helped with any questions I had. The pictures look exactly like the rooms and represent the space well. The neighborhood is nice and quiet, away from city noise. The bedroom is large with plenty of space. The house is less than a 10 minute walk from the nearest Tube station, Gunnersbury, which is really convenient. With the peacefulness of the neighborhood, comes the distance to most tourist attractions. So just keep in mind that it took me roughly 30-50 minutes on the Tube to get to most places I wanted to visit.\r<br/>\r<br/>Now I have to list some of the downsides. I stayed with them for two months and unfortunately I overheard a lot of fighting. I did experience one night where one of their sons threw a little party and because you can hear everything very well, I was woken up at 2 A.M. and could not get back to sleep until 4 A.M. because of all the noise. Granted, this was probably a one time occurrence, as I told John about it, so I'm sure they would make sure it doesn't happen again. The last thing that I didn't realize until literally the day before I left to go back home was that my food was being eaten. I had been running out of cereal constantly and always wondered why I would run out so fast. I let it go but then two days before I left, I noticed there was hardly any cereal left, so I suspected one of the sons was eating it. Then the last day I went back and it was completely empty, but the empty bag was still in the box, so now I knew my food was being eaten. It is also annoying to think I have food to eat and then find out it has been eaten. I feel this is important to share because it costs money to buy food for myself and I'm not paying to stay somewhere to buy food for their children. I'm sure John had no knowledge of this and if I would have realized this sooner, I would have told John to ask his sons to stop. If you buy any tasty snacks that teenagers might like, just keep them in the room. \r<br/>\r<br/>Even though I didn't have the best experience, it was still a nice place and a nice neighborhood. I'm sure hearing my feedback, they will make improvements so that this doesn't happen again. As long as there's no fighting, middle of the night parties, or stealing of food, this place is a good place to stay. They are very nice and I'm sure improvements will be made. "}, {"name": "Micha\u0142", "date": "2016-10-31", "review": "Wszystko w porz\u0105dku. Prywatno\u015b\u0107 nie by\u0142a zak\u0142\u00f3cana. Gospodarze mili i gotowi w ka\u017cdej chwili pom\u00f3c"}, {"name": "Caryl", "date": "2016-11-26", "review": "John and Fiona were very welcoming to their lovely home. Highly recommended. "}]}