{"id": 10584673, "listing_url": "https://www.airbnb.com/rooms/10584673", "name": "4 person flat by Piccadilly Circus, Leicester Sq", "description": "The flat is located between Piccadilly Circus and Leicester square, one of London's main tourist spots. It is right in the centre of London, walking distance to all the other attractions such as <br />Big Ben<br />Houses of Parliament<br />Trafalgar Square<br />Leicester Square<br />Piccadilly Circus<br />Buckingham Palace <br />Oxford Street<br /><br />It is fully equipped with <br />cooking facilities<br />a washing machine<br />a laundry dryer<br />2 beds + bedding<br />towels<br />toiletries <br />hairdryer<br />wifi<br /><br /><b>The space</b><br />You will be living alone in the flat, and have access to a fully equipped kitchen, bathroom, wifi, dishwasher, washer and dryer.", "host_name": "Robert", "host_id": 28567008, "host_url": "https://www.airbnb.com/users/show/28567008", "host_picture_url": "https://a0.muscache.com/im/pictures/user/0ea10926-fe53-49be-bb68-3dbd10678fa1.jpg?aki_policy=profile_x_medium", "neighbourhood_cleansed": "Westminster", "latitude": 51.5115, "longitude": -0.1345, "property_type": "Entire rental unit", "room_type": "Entire home/apt", "accommodates": 4.0, "bathrooms": 1.0, "bedrooms": 1, "beds": 2, "amenities": ["Essentials", "Washer", "Long term stays allowed", "Shampoo", "Hair dryer", "Dryer", "Hangers", "Kitchen", "Heating"], "price": 180.0, "numbers_of_review": 88.0, "review_scores_rating": 4.56, "reviews": [{"name": "David", "date": "2016-01-18", "review": "Henry was prompt and professional with all communication.  The flat looks just like the pictures.  It was neat and clean.  The location cannot be beat.  It's in the Soho area which is great if you are interested in shows.  The neighborhood is full of pubs, gay bars and the best of all cheap eats.  It's less than a five minute walk to Picadilly Circus tube station which made it very easy to go see the major sites of London.  Due to the area, it can be a bit noisy at night, but it wasn't a bother at all.  It was the perfect location for our stay.  If I ever go back to London again I will definitely look to book again with Henry.  I was extremely pleased with the stay.  Perfect weekend in London!"}, {"name": "Liesl", "date": "2016-01-19", "review": "A wonderful apartment exactly as shown but even better with very high end finishings including equipment, coffee, salt and pepper! The ideal situation in the west end close to everything - didn't need to use the Oyster card at all! Thanks to Henry for a nice welcome, being so accommodating and for keeping my bags till departure! Highly recommended!"}, {"name": "Eddy", "date": "2016-01-20", "review": "Very nice apartment great location "}, {"name": "Colin", "date": "2016-01-23", "review": "The location and apartment were great, and Henry was a wonderful host. I hope to be staying at his flat again soon :)"}, {"name": "Cian", "date": "2016-01-25", "review": "Very central location, 2 mins to shopping and theatres. Check-in and check-out was easy. Perfect stay overall. Will definitely book next time. "}, {"name": "Jack", "date": "2016-01-26", "review": "Perfect little gem! Convenient location, spotless and Henry was great. :D "}, {"name": "Adam", "date": "2016-01-28", "review": "The accommodation provided by Henry was everything he said it would be. Fantastic location in the centre of London/ Soho. Clean and tidy and a great price. I would definitely stay here again."}, {"name": "Edward", "date": "2016-01-29", "review": "Good clean space in a very central location! "}, {"name": "Tami", "date": "2016-02-02", "review": "Henry was readily available and the flat was exactly how it was described.  It was modern and very comfortable.   It was located centrally and the tube and tourist sites were easily gotten to.   There were eateries and shops close and it made getting around London so easy.    The kitchen was fully stocked.  I loved the washer/dryer combo.   The bed was so comfortable and the flat was so clean.   The only negative we had was the amount of street noise.   The regular hussle and bussle of city life was to be expected and kind of added to the charm.   The negative was the drunks screaming throughout the night at one another and using profane language.  It was the only negative.   At some point each night, someone called the police and it stopped.   And the last night a policeman was assigned to our corner.    "}, {"name": "Will", "date": "2016-02-03", "review": "The apartment is in a great central location in Soho and has all the facilities you could want. Henry is very pleasant and welcoming, a great spot to stay for a central London trip."}]}