{"id": 10589925, "listing_url": "https://www.airbnb.com/rooms/10589925", "name": "LUXURY DUPLEX IN NEW DEVELOPMENT", "description": "3 bedroom luxury flat set over two floors.  Luxury development completed in January 2018. Everything is brand new. Ultra luxury family bathroom and ensuite shower room.  Luxury, large living room/kitchen with kitchen Island.  PRIVATE garden<br />NB- Guest identification may be requested by host upon arrival<br /><br /><b>The space</b><br />This is a brand new property that has been designed especially for holiday rentals.<br /><br />Please note that as standard we assume it is 2 people per double bed. If you require individual beds per person then please inform us<br /><br />regards<br /><br />Emile", "host_name": "Emile", "host_id": 4221972, "host_url": "https://www.airbnb.com/users/show/4221972", "host_picture_url": "https://a0.muscache.com/im/pictures/user/03ac9463-907b-426f-921b-01827df30655.jpg?aki_policy=profile_x_medium", "neighbourhood_cleansed": "Islington", "latitude": 51.53954, "longitude": -0.09772, "property_type": "Entire rental unit", "room_type": "Entire home/apt", "accommodates": 12.0, "bathrooms": 2.0, "bedrooms": 3, "beds": 9, "amenities": ["Wifi", "Hot water", "Washer", "Paid parking off premises", "Shampoo", "TV", "Long term stays allowed", "Smoke alarm", "Hair dryer", "Iron", "Carbon monoxide alarm", "Dryer", "Crib", "Kitchen", "Heating"], "price": 374.0, "numbers_of_review": 251.0, "review_scores_rating": 4.84, "reviews": [{"name": "Rene", "date": "2016-03-16", "review": "Great flat in a great location.  Only a few minutes walk to the tube and to the local high street in Angel.  The flat was clearly just refurbished to a very high standard and was ultra luxurious.  For a change the property was actually even better than the photos!  Emile was a fantastic host with an organised system in place where we got the keys out of a lock box rather than arranging to meet someone to let us in.  The high speed internet was free and the garden was a nice treat in central London.  Only feedback was how about adding a bbq?!"}, {"name": "Paul", "date": "2016-04-02", "review": "House was beautifully renovated.  Two bathrooms and three bedrooms with new bedding.  Lots of kitchen and living space.  Only thing that was a draw back was the place is not that close to the London Metro.  Close to buses and other businesses.  Would us again.  Very nice."}, {"name": "Sacha", "date": "2016-04-07", "review": "'Fantastic apartment!.  We were truly impressed with this apartment. It's absolutely beautiful and all brand new. The apartment was set over 2 floors which was really great as we put the kids in bed early in the evening and us adults stayed downstairs watching TV without disturbing them.   The 3 large double bedrooms were perfect for us and it was great to have 2 bathrooms (really high quality and luxurious).  The  large new kitchen was a real bonus and I loved the island. All the necessary utensils were provided.\r<br/>\r<br/>We were lucky enough to have sunny weather in London so it was really nice to enjoy the garden and table and chairs outside.  The free WiFi was fast and a real benefit for me as I had some work to do and also streamed a movie for the kids.\r<br/>\r<br/>The host, Emile, was great. He was really good at communication and it was very kind of him to leave us a free bottle of bubbly on arrival! \r<br/>\r<br/>The area around the apartment was surprisingly great. The metro / underground was only 5 minutes walk away and there were so many shops and restaurants on the high street only 2 minutes walk away. This was nice for us as we had dinner in a local restaurant on our first night. We were spoilt for choice!\r<br/>\r<br/>I highly recommend this apartment. We had a wonderful stay. It really deserves my 5 star rating.\r<br/>"}, {"name": "Julie", "date": "2016-04-25", "review": "We had 6 friends and family stay over a long weekend and it was great! The location is perfect everything you need at walking distance, the flat is large and brand new, top notch appliances, with a lot of light and a nice little garden. Everything you need inside as well, from lots of plates and glasses, soft towels and speedy wifi. Bubbly was waiting for us upon arrival and very good organisation for the keys. Will use again, thank you Emile!"}, {"name": "David", "date": "2016-05-07", "review": "Thanks to Emile for the nice appartment, in nice place.\r<br/>We pass an excellent week end, the rooms is very clean, kitchen for prepare a nice cooking with friends is perfect, and the appartement is near underground for organize lot of visits of london..."}, {"name": "Laura", "date": "2016-05-19", "review": "We were only able to stay 2 nights, but we all wished it could have been longer. There were 9 in our group and everyone loved the space. The beds were incredibly comfortable and the bedding very clean and comfortable. There was also a lockbox outside for the key which made it very easy for individuals to come and go. The common area was very modern and user friendly with everything you need to function. It is very well lit and new looking. Our 2 week trip is over now and looking back it was our favorite place. Additionally, it's location is superb. There is a coffee shop around the corner and an entire shopping strip very close. There is much nightlife. Emile's place has the best of both worlds, a quiet, safe place to sleep and a fun day or evening around the corner. It is also close to the tube. Perfect!"}, {"name": "Christian", "date": "2016-05-29", "review": "Casa stupenda, pulita, spaziosa e luminosa in zona molto tranquilla e silenziosa di una quartiere comunque ben servito e centrale (a pochi passi si trovano ristoranti, fast food e supermercati), fermata metro di angel o highbury&islington a 10 minuti di camminata.\r<br/>Foto assolutamente reali\r<br/>Soggiorno perfetto"}, {"name": "Gaurav", "date": "2016-06-15", "review": "No issues on check in. Everything as per description."}, {"name": "Brittany", "date": "2016-07-06", "review": "Amazing apartment! Beautiful interiors and amazing location. My group of 9 had the best stay here :)"}, {"name": "Kuan", "date": "2016-07-10", "review": "The apartment is very nice and clean, looking fantastic exactly as advertised on the website. Cooking is easy and enjoyable as it is fully equipped with all kinds of cookware and tableware and there are several supermarkets nearby. The neighborhood is quiet, but the tube station is a bit far away."}]}