{"id": 10591740, "listing_url": "https://www.airbnb.com/rooms/10591740", "name": "\u2605\u2605Modern, Stylish Single Room in Maida Vale\u2605\u2605", "description": "This modern London family home is situated in Maida Vale, the house is a convenient 5 min walk from Kilburn Park Tube Station on the Bakerloo Line with 10 minutes access to the most central parts of london. Our place is situated on a quiet street with no traffic with a parking space available if needed.  It is only 10 minutes walk from the world famous Portobello Rd in Notting Hill & 7 minutes walk from the similarly cool and vibrant Queens Park.<br /><br /><b>Other things to note</b><br />We have a young baby in the house, for some this may be a problem.", "host_name": "Kofi", "host_id": 7672438, "host_url": "https://www.airbnb.com/users/show/7672438", "host_picture_url": "https://a0.muscache.com/im/users/7672438/profile_pic/1374596121/original.jpg?aki_policy=profile_x_medium", "neighbourhood_cleansed": "Brent", "latitude": 51.53029, "longitude": -0.19702, "property_type": "Private room in home", "room_type": "Private room", "accommodates": 1.0, "bathrooms": 1.5, "bedrooms": 1, "beds": 1, "amenities": ["Extra pillows and blankets", "First aid kit", "Oven", "Hair dryer", "Hangers", "Dishes and silverware", "Luggage dropoff allowed", "Essentials", "Shampoo", "TV with standard cable", "Cooking basics", "Bed linens", "Paid parking on premises", "Wifi", "Heating", "Dishwasher", "Backyard", "Long term stays allowed", "Host greets you", "Microwave", "Refrigerator", "Iron", "Kitchen", "BBQ grill", "Stove", "Hot water", "Washer", "Paid parking off premises", "Smoke alarm", "Cable TV"], "price": 31.0, "numbers_of_review": 69.0, "review_scores_rating": 4.74, "reviews": [{"name": "Jaehee", "date": "2016-06-06", "review": "Kofi and his family are amazing hosts, very welcoming and considerate. Kofi knows London well and recommended good bars and restaurants that my friends and I could go to. The room was quiet, pleasant and clean and the kitchen had everything I needed to prepare meals. I would definitely stay there again if I came back to London. "}, {"name": "Inken", "date": "2016-06-13", "review": "Kofi welcomed me very kindly and well mannered.\r<br/>I felt very welcome and secure.\r<br/>The room was exactly like the photo showed.\r<br/>All very nice, clean and tidy."}, {"name": "Ryan", "date": "2016-07-01", "review": "Great host,  comfortable home."}, {"name": "Patrick", "date": "2016-07-06", "review": "Kofi was an exceptional host. He left me alone to do what I wanted but then when I needed his help to find a way to the airport at 11:30 at night, he took me out to show me where the bus would stop and even to a place where I could get some cash to pay for said bus. I would definitely stay here again if I come back to London."}, {"name": "Michelle", "date": "2016-10-03", "review": "Kofi and his family a very warm and welcoming people.I wouldn't hesitate to recommend a stay at their home."}, {"name": "Spyridon", "date": "2016-10-10", "review": "Nice and decent place to stay, exactly as it is shown to the photos. Hostess welcoming, helpful and good people."}, {"name": "Michelle", "date": "2016-10-26", "review": "Had another lovely stay.Thanks Kofi!!"}, {"name": "Connor", "date": "2016-10-31", "review": "Kofi welcomed me into his home like he'd known me for quite some time. The room as exactly as it appears in photos and it was very clean. The only small issue was the train ride needed to get into London, but for the price you cannot beat the value of staying with Kofi and his family. Would recommend and would stay again!"}, {"name": "Ionut", "date": "2016-11-15", "review": "Good location,nice place to stay."}, {"name": "Hiten", "date": "2016-12-05", "review": "Kofi and his family are great and accommodating, very nice people. I stayed for a week in London and had a great time and this location was fairly easy to access and get to the more bustling parts of the city. I would recommend staying with them to anyone looking to spend some time in London."}]}