{"id": 1059114, "listing_url": "https://www.airbnb.com/rooms/1059114", "name": "Chelsea Apartment", "description": "A beautifully presented modern one bedroom apartment located in the prestigious Grosvenor Waterside development north of the river by Chelsea bridge. Moments from Sloane Square and the popular Kings Road. Nearest tube Sloane Square.<br /><br /><b>The space</b><br />This desirable Chelsea apartment offers a bright and beautifully presented interior and a juliet balcony.<br /><br />It boasts a beautiful open planned living area. It comes fully furnished including a king-size bed with Tempur mattress, wardrobes, washing machine, dishwasher, microwave, flat screen smart TV, dinning table, chairs, sofa and arms chairs. The apartment contains all the necessary amenities for a hassle-free stay  (e.g. iron, ironing board, vacuum cleaner, kettle, kitchen utensils, cooking equipment, tableware, bedding, towels, hair dryer, etc).<br /><br /><b>Guest access</b><br />Residence garden, concierge service\u00a0and 24-hour security.", "host_name": "Joseph", "host_id": 3865811, "host_url": "https://www.airbnb.com/users/show/3865811", "host_picture_url": "https://a0.muscache.com/im/users/3865811/profile_pic/1350231147/original.jpg?aki_policy=profile_x_medium", "neighbourhood_cleansed": "Westminster", "latitude": 51.4877, "longitude": -0.1511, "property_type": "Entire serviced apartment", "room_type": "Entire home/apt", "accommodates": 2.0, "bathrooms": 1.0, "bedrooms": 1, "beds": 1, "amenities": ["Extra pillows and blankets", "Oven", "Fire extinguisher", "Hair dryer", "Hangers", "Dishes and silverware", "Essentials", "Shampoo", "Cooking basics", "Single level home", "Bed linens", "Carbon monoxide alarm", "Heating", "Dishwasher", "Backyard", "Long term stays allowed", "TV", "Microwave", "Refrigerator", "Iron", "Kitchen", "Stove", "Hot water", "Washer", "Elevator", "Smoke alarm"], "price": 499.0, "numbers_of_review": 113.0, "review_scores_rating": 4.68, "reviews": [{"name": "Jessica", "date": "2014-09-01", "review": "Joseph was a great host and I would definitely recommend him to anyone who wants to stay in a brilliantly located central London flat. The flat has all the mod cons and is very safe and secure for a woman on her own. The bed was really comfortable also. Thank you, Joseph, for a great stay! "}, {"name": "Luca", "date": "2014-09-08", "review": "Ecceptional stay in joseph apartment.<br/>Nice and modern building with a quiet and relaxing common area in the surrounding. Very clean and only ten minutes walking from london victoria station!<br/>"}, {"name": "Nicolai", "date": "2014-09-19", "review": "Great stay, super location close to Victoria. Easy to pick up keys, great building and nice, clean and well equipped apartment.<br/>You don't get a better location than this if you need to be around Chelsea !"}, {"name": "Michael", "date": "2014-09-29", "review": "I booked Joseph's apartment about a month before my visit to London. He is very responsive to emails, answered all of my questions, and the booking was a breeze. Just before the trip, I needed to extend the booking for another night, and Joseph was extremely flexible in letting me extend the arrangement.\r<br/>\r<br/>The apartment is in a complex of nice buildings, all supported by a 24 hour reception desk. Checkin was a breeze, just go to the desk and pick up the key, which has been prearranged. Joseph was very flexible in check in times, and checked with me during the stay to make sure things were okay.\r<br/>\r<br/>The apartment itself is nicely furnished and more than adequate for one person or a couple. The memory foam mattress was very comfortable, kitchen has everything you need to cook a nice meal, clothes washer worked fine, and the internet (my big requirement) was excellent.\r<br/>\r<br/>The neighborhood is nice, located about equidistant (10 minute walk) from Sloan Sq. and Victoria. There's a Saintsbury Local right on the corner, and a great pub across the street (with fantastic fish and chips), and then everything you need in one direction or the other. There's also a wonderful market near Sloan Sq. on Saturdays if you want to pick up some gourmet ingredients to cook with.\r<br/>\r<br/>Nice apartment, great host, I certainly recommend."}, {"name": "Rach", "date": "2014-10-08", "review": "The flat was easily accessible as keys were left at the desk and only a 10 minute walk away from both Sloane Square and Victoria stations. Flat had a lovely modern interior and just enough space for two people to fit. On arrival we were told by Joseph to help ourselves to wine and food which was definitely a plus. Great stay! "}, {"name": "Ania Ewa", "date": "2014-11-04", "review": "I had an absolutely wonderful time staying at Joseph's. He was incredibly accommodating and getting settled in was so easy. He responded to all my messages immediately. The location was fantastic and close to the tube which made it easy for getting to meetings. I would definitely recommend to stay there. The building is great and very safe with a grocery store close by. Everything about it was perfect! "}, {"name": "Patricia", "date": "2014-12-08", "review": "Joseph's apartment is wonderful.  It is in a brilliant location to explore London.  It was comfortable and very clean; it was as simple as checking into a hotel but with the feel of being at home. Highly recommended! Thank you for a great weekend!"}, {"name": "Francesca", "date": "2015-02-07", "review": "Really nice and comfortable one bedroom. Great development and location and Joseph was  extremely kind and careful. "}, {"name": "Glen", "date": "2015-05-12", "review": "This is a terrific little flat!  So convenient for Chelsea, Knightsbridge, Victoria....in fact the whole West End.  Clean and modern.  Super-comfy bed!  Joseph was an excellent host, always responded to queries immediately.  And nice little touches like fresh milk in the fridge when I arrived!  I hope to stay here again."}, {"name": "Bruno", "date": "2015-05-19", "review": "Appartement tr\u00e8s agr\u00e9able, bien \u00e9quip\u00e9, calme et tr\u00e8s bien situ\u00e9.\r<br/>Le service de conciergerie utile notamment pour r\u00e9cup\u00e9rer les cl\u00e9s de l'appartement quelque soit l'heure d'arriv\u00e9e (au milieu de la nuit pour ce qui nous concernait).\r<br/>Et Joseph toujours disponible par t\u00e9l\u00e9phone et message pour r\u00e9pondre aux questions."}]}