{"id": 10602230, "listing_url": "https://www.airbnb.com/rooms/10602230", "name": "Quintessential bachelor\u00b4s pad", "description": "IB Kensington Place is the quintessential London bachelor\u00b4s pad : compact, simple and in about the best location possible Buses and tubes to all parts of London pass by the cross roads of Kensington Church Street with Notting Hill Gate .<br /><br /><b>The space</b><br />The house itself stands at the entrance to the so called Hillgate Village. This group of charming colourful artisan cottages was originally built to house the workers on the Metropolitan line .Ours- 1B- was the stationmaster\u00b4s home . From its roof- now an enchanting terrace garden whence the foreman could see whether the workers were or were not doing their work properly- you could and can still see down into Notting Hill Station . Straight out of Chekhov. An added charm for those with a sense of humour is that your alarm clock is the present station masters stentorian announcements in the morning over the loud speaker \u201cLadies and Gentlemen we much regret that trains will be delayed to day because of a strike and /or fl", "host_name": "Nicolo", "host_id": 14462160, "host_url": "https://www.airbnb.com/users/show/14462160", "host_picture_url": "https://a0.muscache.com/im/pictures/user/1c58c424-1934-489e-900a-88c2946ffbdd.jpg?aki_policy=profile_x_medium", "neighbourhood_cleansed": "Kensington and Chelsea", "latitude": 51.50662, "longitude": -0.19626, "property_type": "Entire home", "room_type": "Entire home/apt", "accommodates": 3.0, "bathrooms": 1.0, "bedrooms": 2, "beds": 2, "amenities": ["Essentials", "Wifi", "Washer", "Long term stays allowed", "TV with standard cable", "Smoke alarm", "Hair dryer", "Iron", "Hangers", "Dryer", "Kitchen", "Cable TV", "Heating"], "price": 100.0, "numbers_of_review": 1, "review_scores_rating": 5.0, "reviews": [{"name": "Eliza", "date": "2016-05-04", "review": "Nicolo was extremely accommodating and welcoming into his beautiful home. It is in the perfect location, full of natural light, warm and so cosy. I honestly don't have a bad word to say about our stay in Kensington Place. Looking forward to returning soon.   "}]}