{"id": 10609922, "listing_url": "https://www.airbnb.com/rooms/10609922", "name": "Stunning Shoreditch 2-bedroom Flat", "description": "Two spacious comfortable double bedrooms and bathroom upstairs. Downstairs the dual-aspect open-plan living room and kitchen is light and airy, with wooden floors and a large window and balcony offering fantastic views. Furnished to a high standard. Close to the coffee shops and markets of Spitalfields and Brick Lane, and to Shoreditch High St Station. TfL Bike Hire staton just a few metres from the flat.<br /><br /><b>The space</b><br />This split-level flat in Shoreditch accommodates 4 people, between 2 bedrooms, both with comfy double beds. The inside of the flat is spacious and nicely furnished with a mixture of contemporary and mid-century pieces. The bathroom has a great shower. The living area has a TV and all Freeview channels. Guests can step onto the balcony to experience incredible views across London. The flat is in a local authority building on the eighth floor with lift access.<br /><br /><b>Guest access</b><br />Guests will have access to the entire apartment during thei", "host_name": "John", "host_id": 527304, "host_url": "https://www.airbnb.com/users/show/527304", "host_picture_url": "https://a0.muscache.com/im/users/527304/profile_pic/1303460396/original.jpg?aki_policy=profile_x_medium", "neighbourhood_cleansed": "Tower Hamlets", "latitude": 51.52593, "longitude": -0.064, "property_type": "Entire rental unit", "room_type": "Entire home/apt", "accommodates": 4.0, "bathrooms": 1.0, "bedrooms": 2, "beds": 2, "amenities": ["Essentials", "Wifi", "Hot water", "Washer", "Paid parking off premises", "Shampoo", "Elevator", "Host greets you", "Long term stays allowed", "Smoke alarm", "Bed linens", "Hair dryer", "Iron", "Carbon monoxide alarm", "Hangers", "Kitchen", "Heating", "Pocket wifi"], "price": 60.0, "numbers_of_review": 30.0, "review_scores_rating": 4.53, "reviews": [{"name": "Alex", "date": "2016-01-29", "review": "John was a fine host, and his flat is wonderful. It was spotless on arrival. The interior is modern and tastefully designed, the bathroom is lovely, and the view from the windows, from which you can see for literally miles across London, is breathtaking. \r<br/>\r<br/>It's in a great area, not far from Columbia Road, with is cobbled streets and picturebook cafes, and the excitingment of East London. \r<br/>\r<br/>John was a particularly accomodating host. Helpful and quick, I wouldn't hesitate to recommend either him or his flat. Great stuff."}, {"name": "Fatih", "date": "2016-02-06", "review": "Everything is Perfect. Communication, flat, Host A+++ etc. etc. but i would like to give couple hints to fellow citizens in regards to instructions: 1- 'Lockbox' does not mean a box like mail box we receive postal mail; it is a 'combination lock'. 2- 'Railing' means 'garden fence', 3- opposite means 'next to'. (this is language stuff like football=soccer, i guarantee it will help you) Cheers! :)"}, {"name": "Richard", "date": "2016-02-20", "review": "John was exceptionally helpful and made himself available providing contact numbers and times to meet. I'm my case there was no need but his attention would really help if needed. Great flat, clean quiet and great for the city.  Thanks and hope to be back when around.  "}, {"name": "Adrien & Celine", "date": "2016-02-28", "review": "Appartement tr\u00e8s agr\u00e9able, propre et confortable, situe dans l'est de Londres a 10min a pieds de Broadway market et Shoreditch. Vue d\u00e9gag\u00e9e sur le quartier de la City. Nous n'avons pas rencontre John, mais il est disponible et reste joignable pendant tout notre s\u00e9jour. En resume, TB. "}, {"name": "Marjoke", "date": "2016-03-04", "review": "John heeft alle benodigde info gegeven.\r<br/>De sleutel vinden is wat moeilijk in het donker. De flat is modern en comfortabel met twee goede slaapkamers en een geweldige douche boven het bad.\r<br/>Het is er rustig, om de hoek levendig.\r<br/>We hebben het erg goed gehad.\r<br/>"}, {"name": "Kumar", "date": "2016-04-02", "review": "Our staff from Shanghai enjoyed their stay for a month tremendously. We will definitely choose to use host for our future staff visits \r<br/>\r<br/>Many thanks\r<br/>\r<br/>K Reddy\r<br/>CFO Travelfusion Group"}, {"name": "Christine", "date": "2016-04-11", "review": "Le logement correspond bien \u00e0 la description et \u00e0 nos attentes.La salle de s\u00e9jour est lumineuse avec une vue d\u00e9gag\u00e9e . Le quartier est d un abord plus agr\u00e9able en arrivant de Bethnal Green plut\u00f4t que Whitechapel.\r<br/>Les commerces sont \u00e0 proximit\u00e9 . La ligne de bus num\u00e9ro 8 est tr\u00e8s pratique pour rejoindre le centre."}, {"name": "Patrick", "date": "2016-04-19", "review": "Very comfortable, great locality"}, {"name": "Rabbe-Holger", "date": "2016-04-24", "review": "Thanks John,<br/>We had a lovely stay in London during our short four days visit. Although we spend most of our time around in the city with our daughter, who lives in Shoreditch, your apartment functioned as a perfect overnight and breakfast base for us. The flat was very clean, quite and comfy. The key exchange arrangement during check-in and check-out is genius and also very flexible for uncomfortable late or early schedules.<br/>If we'll return before our daughter moves on to her studies in Manchester, your recommendable apartment will be our first choice.<br/>Best regards,<br/>R-H & Dira"}, {"name": "Katrine", "date": "2016-05-04", "review": "Very nice, clean, comfortable flat with everything we needed. Easy to pick up keys without having to arrange an arrival time.  "}]}