{"id": 10602537, "listing_url": "https://www.airbnb.com/rooms/10602537", "name": "Luxury Room near Old street", "description": "Superbly located on Clerkenwell Road, one of London's most desirable locations. Only five minutes walk from Farringdon, Barbican, and Old Street Underground stations. This is a two-floor, bright, comfortable, and quiet apartment with luxury fittings.<br /><br /><b>The space</b><br />The entire flat was entirely renovated and fitted to modern luxury standard less than a year ago.<br /><br />This is a two-storey flat with bed room and bathroom on the second floor and living room and kitchen on the third floor.<br /><br />https://www.airbnb.co.uk/users/show/1480663#reviews<br /><br /><b>Guest access</b><br />The entire flat", "host_name": "Antoine", "host_id": 24978485, "host_url": "https://www.airbnb.com/users/show/24978485", "host_picture_url": "https://a0.muscache.com/im/users/24978485/profile_pic/1418940120/original.jpg?aki_policy=profile_x_medium", "neighbourhood_cleansed": "City of London", "latitude": 51.52294, "longitude": -0.09508, "property_type": "Private room in rental unit", "room_type": "Private room", "accommodates": 2.0, "bathrooms": 1.0, "bedrooms": 1, "beds": 1, "amenities": ["Essentials", "Wifi", "First aid kit", "Washer", "Long term stays allowed", "Shampoo", "TV", "Elevator", "Smoke alarm", "Hair dryer", "Iron", "Dryer", "Hangers", "Kitchen", "Heating"], "price": 35.0, "numbers_of_review": 1, "review_scores_rating": 5.0, "reviews": [{"name": "Florent", "date": "2016-01-25", "review": "Really friendly and helpful hosts ! He was really fast to answer ours questions on phone, and everything was well organised. \r<br/>We only talked by phone, but everything was well planned and organised, so nothing to complain about. \r<br/>\r<br/>The flat was quite big and warm, I loved it.\r<br/>The room was great too, in the center of London, just perfect. \r<br/>\r<br/>I totally recommand this host for your next trip in London !!"}]}