{"id": 10605155, "listing_url": "https://www.airbnb.com/rooms/10605155", "name": "Penthouse in Shoreditch/Hoxton", "description": "A brand new Penthouse Appartment in the coolest neighbourhood of London with fantastic views. It is very close to the city and surrounded by bars/galleries and more! Perfect for a family holiday or two couples (or one couple who just like lots of space!)<br /><br />A master bedroom with King Bed, a second bedroom with double bed, two balconies, roof terrace, beautiful kitchen, more books than you can read in a lifetime and even a Grand Piano!<br /><br /><b>The space</b><br />This is a fabulous quiet penthouse apartment with amazing views over london and it is minutes away from the tube, markets, cafes, bars, restaurants in the creative centre of London - Hoxton.<br /><br />The apartment was completed in 2015 so everything is brand new and in fantastic condition and has underfloor heating throughout. There are two balconies and a roof terrace, so if the weather is nice meals should happen outside. Also due to it being on the top floor it is very quiet and feels like an oasis away from t", "host_name": "Jonathan", "host_id": 10689629, "host_url": "https://www.airbnb.com/users/show/10689629", "host_picture_url": "https://a0.muscache.com/im/pictures/user/3e79295b-3372-4e64-9e43-6b313ecfcb2d.jpg?aki_policy=profile_x_medium", "neighbourhood_cleansed": "Hackney", "latitude": 51.5309, "longitude": -0.07329, "property_type": "Entire condo", "room_type": "Entire home/apt", "accommodates": 4.0, "bathrooms": 1.5, "bedrooms": 2, "beds": 1, "amenities": ["Essentials", "Wifi", "Hot water", "Washer", "Long term stays allowed", "Shampoo", "Elevator", "Smoke alarm", "Hair dryer", "Iron", "Dryer", "Hangers", "Kitchen", "Heating"], "price": 200.0, "numbers_of_review": 4.0, "review_scores_rating": 5.0, "reviews": [{"name": "Bel\u00e9n", "date": "2019-06-15", "review": "Location, fancy place, so cozy! Jonathan was very helpful and welcoming"}, {"name": "Jane", "date": "2021-09-24", "review": "We did a long stay at Jonathan's flat and would highly recommend. <br/>The flat is a 2 minute walk from Hoxton station or 1 minute from the bus stop, so getting around the city was very convenient. There is a tesco just over the road, some lovely delis, coffee shops and high-end grocers, and lots of lovely restaurants nearby. <br/>Jonathan's flat is incredibly light and has balcony space on four sides. It is filled with an amazing collection of books, vinyl, cds, sheet music and a beautiful baby grand piano.<br/>This flat works very well if you are working from home. My husband was able to work with colleagues in the living/ dining space while I worked at the desk in the second bedroom. <br/>Jonathan is lovely, very welcoming and easy to communicate with. We stayed for a couple of weeks and he kindly arranged for his regular cleaner to come during our stay."}, {"name": "Doua", "date": "2022-02-20", "review": "Very spacious place, full of books, huge balcony and very welcoming host. <br/>Living room: Very spacious comparing to all the houses you usually rent in the UK, the furniture is okay, don't expect a hotel room or living room, just a house for someone who had his furniture for a while. <br/>Kitchen: It's perfect, dishwasher, dryer and perfect equipments to use, lots of spices for you if you want to cook, huge fridge and dinning table ( chairs on the table cannot be used, most of them are broken so be careful ) <br/>Rooms: perfect 2 rooms to be honest, light and great heating system. <br/>Bathroom: Huge and clean, water in the shower is very low but Jonathan is supposed to fix it so it's all fine<br/>Host: he's amazing, responsive and he did make changes in price for me as i had a little less budget, he's educated, nice and very very welcoming<br/>building: it's safe and perfect <br/>Location: too many stores and easy access to literally every single thing, great coffee places, and great stores, 10 mins walk from the financial district, access to 2 very parks ( 3 mins walk distance)"}]}