{"id": 1060899, "listing_url": "https://www.airbnb.com/rooms/1060899", "name": "1BD apartment in heart of London W1", "description": "Smart, clean  and comfortable 1 bedroom flat. Situated within a safe neighbourhood moments away from all the attractions of the West End. Excellent transport links to all major stations/airports and Eurostar. Ideally suited for two people.", "host_name": "Rajesh", "host_id": 3569660, "host_url": "https://www.airbnb.com/users/show/3569660", "host_picture_url": "https://a0.muscache.com/im/pictures/user/1802c388-e3a2-4644-b2ef-d1f18ad1493a.jpg?aki_policy=profile_x_medium", "neighbourhood_cleansed": "Camden", "latitude": 51.52103, "longitude": -0.13842, "property_type": "Entire rental unit", "room_type": "Entire home/apt", "accommodates": 2.0, "bathrooms": 1.0, "bedrooms": 1, "beds": 1, "amenities": ["Essentials", "Wifi", "First aid kit", "Dedicated workspace", "Washer", "Long term stays allowed", "Elevator", "TV with standard cable", "Fire extinguisher", "Smoke alarm", "Hair dryer", "Iron", "Hangers", "Kitchen", "Cable TV", "Heating"], "price": 110.0, "numbers_of_review": 82.0, "review_scores_rating": 4.63, "reviews": [{"name": "Anna", "date": "2015-06-15", "review": "Great flat! Exellent location, very clean and functional. All that you need in one.  Metro 2min., central. Everything worked perfect-oven, tv, wi-fi, micro, shower, washing machine etc. A variety of kitchen utilities.  Relatively big size-Enough space for a couple or a couple with little child, also enough storing space. Lift in the building. In other words-just a perfect flat to stay in London. If we will return to London-definetely will book this flat again. \r<br/>Thank you, Rajesh, for great vacation.\r<br/>\r<br/>Anna and Alex\r<br/>June 2015"}, {"name": "Cathy", "date": "2015-06-27", "review": "Excellent location, great bright apartment! I would stay here again if in London and highly recommend it to others. It is a real find, and Rajesh and Nina were very responsive and helpful hosts. The pictures don\u2019t show how nice the place is (and it has a new rug/carpet not shown in the pictures) \u2013 hopefully the pictures will be updated soon. Also not shown is the table and chairs, and the ample storage space. I stayed a week, and I needed a place to work- the table and chairs worked very well as a desk. The washing machine was a nice bonus, and everything was very clean \u2013 the place is a good size (and it is a proper 1 bedroom apartment \u2013 not a nook or corner, but a separate room with closet, bedside tables, reading lights).\r<br/>\r<br/>Other benefits: location, location, location! Windows that open and let in a nice breeze, good blinds, East facing, lots of sun, a real bathtub (very nice after a long flight), good shower, plenty of towels, and a comfortable bed \u2013 firm but not hard. The location was very convenient \u2013 near tube stations, but also in walking distance of many things, and there are bike lanes and a city bike hire spot around the corner (hop on and hop off bike stations are everywhere \u2013 cost can be as low as 2 pounds a day). You can walk to many gardens (head through Regent\u2019s park to Primrose hill for a great view), the amazing British Museum is also close, and there are plenty of restaurants nearby (we enjoyed Ragam\u2019s South Indian, and Pescatore Italian) \u2013 supermarkets minutes away, and the major shopping district on Oxford streets is about a 10 minute walk away. \r<br/>\r<br/>In short: I had a great Airbnb experience at Rajesh and Nina\u2019s place and recommend it highly\r<br/>"}, {"name": "Nadine", "date": "2015-07-05", "review": "It was a pleasure meeting you, Rajesh! We enjoyed our stay in your cosy and well-furnished apartment. All the electrical appliances provided worked well and the WIFI connection was excellent. The apartment was conveniently located with the tube stations, bus stops, shops and eateries all within walking distance. Once again, thank you! "}, {"name": "Ye", "date": "2015-07-23", "review": "It's just perfect to stay in this comfortable, functional, clean and quiet apartment, which is located in the heart of London and which is like a home when I explored London.<br/>The host Rajesh is very nice, considerate and responsible.<br/>I'd definitely recommend this place to my friends who'd travel to London."}, {"name": "Amanda", "date": "2015-07-27", "review": "The apartment matched the description. It is quiet and comfortable.  A warning in advance, though: The blinds are all apparently quite sensitive, so be extra careful about raising or lowering them."}, {"name": "Jorge", "date": "2015-08-03", "review": "We thoroughly enjoyed the apartment but even more the very rapid responses from Rajeesh and Nina to any concern. The location is excellent. The rooms were as described. The distribution is excellent for a couple. Grocery and any other shopping is close and available. The building is modern. The apartment is on a high floor with a lift which is very helpful. We would rent it again. "}, {"name": "Okey", "date": "2015-08-16", "review": "Rajesh was a delightful host. Although we only met once in person, he and his wife (Nina) were very pleasant to deal with and responsive to our emails/questions.  \r<br/>\r<br/>The apartment itself was comfortable and well equipped. The amenities in it were all in good condition and the listing description was definitely accurate. The apartment\u2019s location was excellent and one of its key selling points. It\u2019s in a good neighbourhood with easy access to restaurants, shopping and public transportation. \r<br/>\r<br/>We found Rajesh\u2019s apartment to be good value for money. We would definitely recommend it to others and would be interested in staying there again. "}, {"name": "Marcella", "date": "2015-09-15", "review": "We just came back from one month staying at Rajesh apartment! <br/>Perfect for a couple, was a great surprise! We knew the place was well located, but is even more central and easy to get that we could imagine! Close to Warren and Goodge Street Stations, but also really close to Euston (and all trains and lines). Around the corner you can find Tottenham Court Road, lot' of places to eat and buy. In few blocks you find Oxford and Soho. :) <br/>The inside is not well show in the photos: much better! Tge apartment is really bright, spacius and new. Great furniture, big windows, nice bed and bath, all renewed. <br/>Rajesh was helpful and very attentive! <br/>Our time in London couldn't be better. "}, {"name": "William", "date": "2015-09-25", "review": "We loved our stay in this flat. Perfect location in central London. Very close to the tube station and close to pubs and places to eat. We were also walking distance to Oxford Street and Soho. My wife and I were on our honeymoon and I was skeptical about using Air bnb but i am so glad we did this in this flat. It's perfect for a couple like us that wanted to explore London. Nina (Rajesh's wife) was very helpful and met us when we arrived. She showed us around the flat and answered all of our questions. I would love to come back to London again some day and my wife and I would definitely stay here again"}, {"name": "Nicolas", "date": "2015-09-30", "review": "The apartment is in a great location, as well as comfortable and clean. Very recommendable for a couple. Thanks Rajesh for your hospitality."}]}