{"id": 10615155, "listing_url": "https://www.airbnb.com/rooms/10615155", "name": "Great value, 1 bedroom flat (N19)", "description": "1 Bedroom flat, comfortable living room, separate well equipped kitchen, cozy and has everything you need. The perfect location for exploring North London.<br />15 minute walk to Finsbury Park station for the Victoria and Picadilly lines.<br />The 91 bus goes from a block down the road to Kings Cross station where there are a lot of connections. Walk to Archway station is about 15 - 20 minutes.", "host_name": "William", "host_id": 27301643, "host_url": "https://www.airbnb.com/users/show/27301643", "host_picture_url": "https://a0.muscache.com/im/pictures/user/f942275d-0ab0-4e73-a3b3-333d75b5843c.jpg?aki_policy=profile_x_medium", "neighbourhood_cleansed": "Islington", "latitude": 51.56651, "longitude": -0.12075, "property_type": "Entire rental unit", "room_type": "Entire home/apt", "accommodates": 2.0, "bathrooms": 1.0, "bedrooms": 1, "beds": 1, "amenities": ["Essentials", "Wifi", "First aid kit", "Washer", "Long term stays allowed", "Smoke alarm", "Kitchen", "Heating"], "price": 43.0, "numbers_of_review": 7.0, "review_scores_rating": 4.67, "reviews": [{"name": "Zaida", "date": "2016-05-09", "review": "Me encanta el piso de William, muy acogedor. Ellos adem\u00e1s son muy atentos. Repetiremos seguro! "}, {"name": "Garance", "date": "2016-07-03", "review": "Great apartment in Northern London!! Would definitely come back"}, {"name": "Andre", "date": "2016-08-16", "review": "William was a great host. Very helpful and friendly. The flat is perfect for a single or couple looking for a good value place to stay in London.\r<br/>Would definitely stay there again."}, {"name": "Victor", "date": "2017-08-10", "review": "L'appartement est super, proche du bus et du m\u00e9tro et tr\u00e8s tranquille, et william est un super h\u00f4te !"}, {"name": "Stefano", "date": "2017-08-20", "review": "Very comfortable flat."}, {"name": "Pablo", "date": "2017-08-28", "review": "Great place to stay , close to the bus which makes it easier to get to places and William is only a message away if you need anything"}]}