{"id": 10613105, "listing_url": "https://www.airbnb.com/rooms/10613105", "name": "2 bed family flat Stoke Newington", "description": "Modern family flat between Finsbury Park and Stoke Newington.  Two bedrooms (one double bed , one bunk bed (two single beds) and one baby cot), two bathrooms (one main with bath the other is an en suite with shower), one kitchen/living area.  Large garden.  Close to parks, cafes & pubs.  Two mins from Piccadilly tube line taking you into central London and Heathrow Airport.<br /><br /><b>The space</b><br />This is our home and is available when we are away.  Child friendly with high chairs, child cutlery & crockery, toys, bunk bed and baby cot.<br /><br /><b>Guest access</b><br />Treat the place as your own.  Please replace any food or booze you drink like for like - or better!", "host_name": "Almon", "host_id": 5195863, "host_url": "https://www.airbnb.com/users/show/5195863", "host_picture_url": "https://a0.muscache.com/im/pictures/user/97f3fada-b91d-4d69-b05f-0ab84ab3479c.jpg?aki_policy=profile_x_medium", "neighbourhood_cleansed": "Hackney", "latitude": 51.56707, "longitude": -0.09494, "property_type": "Entire rental unit", "room_type": "Entire home/apt", "accommodates": 3.0, "bathrooms": 1.5, "bedrooms": 2, "beds": 3, "amenities": ["Oven", "Fire extinguisher", "Crib", "Dishes and silverware", "Essentials", "Free parking on premises", "Cooking basics", "Carbon monoxide alarm", "Bathtub", "Wifi", "Heating", "Children\u2019s books and toys", "Coffee maker", "Dishwasher", "Long term stays allowed", "TV", "Refrigerator", "Changing table", "Iron", "Kitchen", "Stove", "Washer", "Children\u2019s dinnerware", "Smoke alarm", "High chair", "Dryer"], "price": 70.0, "numbers_of_review": 1, "review_scores_rating": 5.0, "reviews": [{"name": "Ismail", "date": "2016-10-01", "review": "In short, it's fantastic place to stay with family. Almon was an excellent host and our family had a superb time. Highly recommended!! :))"}]}