{"id": 10616242, "listing_url": "https://www.airbnb.com/rooms/10616242", "name": "Modern Double Room Tooting Borders", "description": "I have a cosy double bedroom available in a clean tidy two double bedroom flat in the well known Tooting/Mitcham area of London. The bed and mattress are new. The room has a wardrobe and chest of drawers.<br />Fast virgin media broadband throughout property.<br /><br /><b>Guest access</b><br />The living room, bathroom and kitchen will be shared.<br /><br /><b>Other things to note</b><br />You will have a set of keys", "host_name": "Zalan", "host_id": 54785855, "host_url": "https://www.airbnb.com/users/show/54785855", "host_picture_url": "https://a0.muscache.com/im/pictures/user/b8284b62-f4ca-4fb1-94fd-1d5cbe910bcf.jpg?aki_policy=profile_x_medium", "neighbourhood_cleansed": "Merton", "latitude": 51.41798, "longitude": -0.15306, "property_type": "Private room in rental unit", "room_type": "Private room", "accommodates": 2.0, "bathrooms": 1.0, "bedrooms": 1, "beds": 1, "amenities": ["Essentials", "Wifi", "Washer", "Free parking on premises", "Shampoo", "Hot tub", "TV with standard cable", "Long term stays allowed", "Heating", "Iron", "Dryer", "Hangers", "Kitchen", "Cable TV", "Air conditioning", "Breakfast", "Lock on bedroom door"], "price": 35.0, "numbers_of_review": 10, "review_scores_rating": 4.25, "reviews": [{"name": "Louise", "date": "2016-01-26", "review": "The house was easy to find, our host description to his home was correct. It is situated in a quiet neighbourhood and easily accessible via bus and underground. \r<br/>Zalan's welcome was great. He was our guide in discovering London all through Saturday. No regrets."}, {"name": "Carly", "date": "2016-02-24", "review": "Zalan was a great host, very welcoming and helpful. The room and the apartment are very clean and comfortable. It is situated in a good location with good transport options into the city centre. Highly recommend this room."}, {"name": "Marek", "date": "2017-05-09", "review": "Zalan is a great host. Wery friendly, helpful and kind. His flat is clean and cosy. I really enjoyed extra service as free coffee and tea"}, {"name": "Jachym", "date": "2017-06-04", "review": "Good place. Great host! Might get a bit hot in summer. Overall can recommend it. :)"}, {"name": "Georgina", "date": "2017-07-01", "review": "Stayed here for two weeks while working in south london, house has all the basics you will require and good public transport links "}, {"name": "Alberto", "date": "2021-10-17", "review": "The room it offers is quite good and cozy.  Zalan is a good person and the neighborhood, although far from the center, is very quiet and you can eat very well and cheaply.  The only bad thing about the site is that it does not give you a copy of the keys, the room has a lock and you cannot close it, so you cannot safely leave your belongings in the room.  It is also uncomfortable to have to knock on the door every time you want to enter and to have to coordinate with the host to be able to enter the house when he is, if not, you cannot enter."}, {"name": "Stefan", "date": "2021-11-04", "review": "The room was very comfortable and clean. Although the window is facing the street, it's well insulated, so you won't hear any noise from outside. We only share the house with the owner, who is very friendly and helpful. We wish to extend our stay, but unfortunately it was fully booked. That's probably because it's a very affordable place compared to other accomodations in London. <br/>Ps. You can use the kitchen which is big plus."}, {"name": "Bonnie", "date": "2022-07-04", "review": "Good size room with access to living room and kitchen."}, {"name": "Roman", "date": "2022-10-16", "review": "Nice space to crash for a night if you're visiting London."}, {"name": "Emma", "date": "2022-10-21", "review": "The room is really nice and the host is very welcoming and helpful, the only downside is that the bathroom could use a scrub."}]}