{"id": 10611252, "listing_url": "https://www.airbnb.com/rooms/10611252", "name": "Characteristic whole flat", "description": "Centrally located in Stoke Newington (zone 2) near lots of cafes, restaurants and the central hub of church St. Also, just opposite is the beautiful Abney Park cemetery - nature reserve. Good transport links to central London.", "host_name": "Brian", "host_id": 14501007, "host_url": "https://www.airbnb.com/users/show/14501007", "host_picture_url": "https://a0.muscache.com/im/pictures/user/443f01c9-97ab-4cbc-8faf-f24e4a6ec102.jpg?aki_policy=profile_x_medium", "neighbourhood_cleansed": "Hackney", "latitude": 51.56417, "longitude": -0.0709, "property_type": "Entire rental unit", "room_type": "Entire home/apt", "accommodates": 2.0, "bathrooms": 1.0, "bedrooms": 1, "beds": 1, "amenities": ["Essentials", "Wifi", "Hot water", "Washer", "Paid parking off premises", "Shampoo", "TV with standard cable", "Private entrance", "Kitchen", "Cable TV", "Heating"], "price": 75.0, "numbers_of_review": 4.0, "review_scores_rating": 4.67, "reviews": [{"name": "Hannah", "date": "2016-02-05", "review": "I LOVED my stay at Brian's. The flat was quirky and comfortable, great books on the shelves (am I supposed to notice those or not, not sure) and a lovely feel to the street/community. Plenty of light, very comfortable and clean - and a great area too.  I even had the feeling that the place had lovely neighbours. \r<br/>\r<br/>In terms of travelling/visiting, it was really convenient for getting into central London. Loads of buses to the centre and a great rail link. I loved being able though, at the end of the day, to come back out again and feel a bit like I was in a small neighbourhood - felt just like home!  "}, {"name": "Chay", "date": "2016-07-06", "review": "Brian was very welcoming and made sure we had a pleasant stay. We felt very at home in the apartment and the local area. Highly recommended!"}, {"name": "Lily", "date": "2016-09-30", "review": "Brian was very proactive in ensuring a smooth arrival and flexible in the arrangements. The flat sit in a quiet place and very near to Stoke newington station. The interior is beautifully decorated, will definitely recommend."}]}