{"id": 10624049, "listing_url": "https://www.airbnb.com/rooms/10624049", "name": "Stunning South Kensington Home across from the V&A", "description": "3 bedrooms altogether, 2 with ensuite, either Kingsize or Double and the third room with a Double size bed and own use bathroom. <br />One bedroom per floor ensures privacy.<br />Located opposite the V&A Museum & an 8 min walk to Harrods. Accommodates 2 per room. Includes kitchen dining room and living room with TV & wifi. Additional toilet on the ground floor. Recently renovated to high specifications.<br /><br /><b>The space</b><br />The house is a fabulous 3 storey Mews House in an enchanting cobbled enclosure. Steeped in history, these properties were originally the stables for the London homes of English aristocrats. They were converted in the 1920s to become Craft Cottages and have had several updates since.<br /><br /><b>Guest access</b><br />Kitchen with TV, Living Area with TV, En Suite Bathrooms, separate bathroom and Toilet on the 3rd floor and an additional guest toilet on the Ground Floor, Shared Cobbled Courtyard. Absolutely no guests of guests please.<br /><br /><b>Other", "host_name": "Zarul", "host_id": 4875176, "host_url": "https://www.airbnb.com/users/show/4875176", "host_picture_url": "https://a0.muscache.com/im/pictures/user/abce08f3-4a4e-408d-aa49-91fb2d4777c6.jpg?aki_policy=profile_x_medium", "neighbourhood_cleansed": "Kensington and Chelsea", "latitude": 51.49641, "longitude": -0.16976, "property_type": "Private room in home", "room_type": "Private room", "accommodates": 6.0, "bathrooms": 3.5, "bedrooms": 3, "beds": 3, "amenities": ["Extra pillows and blankets", "First aid kit", "Oven", "Hair dryer", "Hangers", "Dishes and silverware", "Essentials", "Shampoo", "TV with standard cable", "Cooking basics", "Bed linens", "Wifi", "Heating", "Dishwasher", "Long term stays allowed", "Microwave", "Refrigerator", "Iron", "Kitchen", "Stove", "Hot water", "Washer", "Shared patio or balcony", "Smoke alarm", "Dryer", "Cable TV"], "price": 600.0, "numbers_of_review": 72.0, "review_scores_rating": 4.77, "reviews": [{"name": "Elizabeth", "date": "2016-03-19", "review": "This is a hidden gem, tucked away from the hustle and bustle of the city, yet still very central. The close is so peaceful and quiet, I would've never guessed that I was in the city. The house is warm and homely yet spacious as well. The house overlooks the close, which is a treat when the sun is out. The kitchen is surprisingly large and fully equipped. \r<br/>5 minutes walk to the underground, bus stops, V&A, Natural History and Science museum. Surrounded by excellent shops and cafes and 15 minutes walk to Hyde Park. This is the PERFECT location to either hideaway or tour the city, or both!\r<br/>\r<br/>I would HIGHLY recommend this for business travellers and couples who are looking for peace and quiet while still having accessibility to travel with no fuss at all. "}, {"name": "Nash", "date": "2016-04-27", "review": "One of my best trips on Airbnb! The host made me feel welcome and went out of her way to make me feel at ease. The bedroom was spacious with the attached bathroom. You will have the second story pretty much to yourself which affords plenty of privacy. The location in South Kensington is great for visiting nearby museums and sightseeing. The tube station is just a few minutes away and there are plenty of restaurant choices nearby. I would definitely recommend taking up on Nadhrah's recommendations for places to eat if this is your first time in London. "}, {"name": "Rosemary", "date": "2016-05-20", "review": "This is the second time I have written a review: <br/>In summary - the location was excellent but the accommodation was inadequate. Poor quality flannel type sheets, no chair, no table or even a place to put one's suitcase and no sign of the \"hosts\" as advertised at any stage"}, {"name": "Katherine", "date": "2016-05-27", "review": "I can only echo what the other reviewers have said -- this place was absolutely wonderful. I can't imagine a better place to stay in Kensington/Knightsbridge, and I very much hope to be back. The home is full of British charm (a shelf full of Ian Fleming books?), the bed was very comfortable, and the breakfast was just the cherry on top. Quintessential Airbnb experience. I'm so sad that I only stayed for one night!"}, {"name": "Harry", "date": "2016-05-31", "review": "The most amazing location, wonderful house full of character and Nedra the host was warm, welcoming and a fantastic cook! She was very helpful when I had questions and even cooked a delicious Tom Yam. My room was faultless: spacious, full of light and character, with clean sheets, fresh towels and a sparkling on suite bathroom.\r<br/>\r<br/>The kitchen is beautiful but it is shared, along with the downstairs bathroom, with an elderly lady which I was not expecting. After a few unusual encounters I couldn't make full use of the facilities but Nedra dealt with my concerns kindly and professionally and helped make my stay comfortable. \r<br/>I was assured that this is a temporary arrangement so while it prevented me from leaving a 5 star rating this time, it should not be an issue for future guests! "}, {"name": "Emilie", "date": "2016-08-12", "review": "Tea and goodies were waiting for us on arrival which was most welcoming. This is a perfect location for museums, park, restaurants and the tube but peaceful and charming."}, {"name": "Geoff", "date": "2016-08-26", "review": "Zarul's home is such a peaceful oasis in the hubbub of London's Kensington area with all of its museums and tourist attractions. We were made to feel very welcome upon arrival. The room itself was just as described. The bed was very comfortable and - despite the heatwave that was happening during our stay - we managed to sleep with all the windows open and not be disturbed by city noise. We had full use of the kitchen although we actually ate out for every meal. There is such a wide choice of places to eat breakfast, dinner and tea (as we say up North) :-)<br/>We hope that Nadrah has been successful in her studies for the bar.<br/>Geoff and Alison "}, {"name": "Erin", "date": "2016-11-06", "review": "A great room in a great neighborhood! The room was as described and the accommodations were very clean & quiet - a perfect place to relax and get away from the noisiness of the city for a while. Nadhrah was a great host. She's very welcoming and was always available to answer any questions I had regarding check out, etc. I highly recommend this home if you're looking for a quiet, comfortable place to stay in London."}, {"name": "Kataryna", "date": "2016-11-26", "review": "Ideally located, large and comfortable double bedroom with ensuite bathroom.<br/>We were a party of 3 adults (one staying on sofa bed in living room) with a young baby- some baby amenities were even supplied, which was very thoughtful! <br/>Excellent communication by very welcoming hosts. <br/>Would definitely recommend. "}, {"name": "Prigent", "date": "2016-12-04", "review": "  Emplacement parfait. Pr\u00e8s du m\u00e9tro South Kensington sur la ligne directe de St Pancras (Picadily) , pr\u00e9s des mus\u00e9es et des principaux centres d'int\u00e9r\u00eats Londoniens.\r<br/>Maison et chambre charmantes.\r<br/>Re\u00e7u t\u00f4t avec le sourire pour poser les bagages.\r<br/>A conseiller sans h\u00e9sitation pour un s\u00e9jour \u00e0 Londres."}]}