{"id": 10625033, "listing_url": "https://www.airbnb.com/rooms/10625033", "name": "Bright double w ensuite near tube", "description": "A bright comfortable double room with ensuite shower room within a beautiful contemporary modern house, just 10 mins walk to the tube. Fast wi-fi , well equipped kitchen and sunny garden. Great location close to both Archway tube and Highgate village<br /><br /><b>The space</b><br />This comfortable, bright double bedroom is part of a beautifully designed eco house built only a couple of years ago. The interior style is warm, light, contemporary and modern. The house is on a quiet lane, tucked out of site but in a great location for both transport and the pubs and bars in Highgate village. There's no smoking inside the property but plenty of space outside.<br /><br /><b>Guest access</b><br />Guests can access the kitchen at any time and have use of the washing machine and dishwasher. Use of the living room during the day only. There is also a sunny balcony off the living room and a front garden that can be used any time during the day.<br /><br /><b>Other things to note</b><br />I do h", "host_name": "Katherine", "host_id": 10763672, "host_url": "https://www.airbnb.com/users/show/10763672", "host_picture_url": "https://a0.muscache.com/im/users/10763672/profile_pic/1412628571/original.jpg?aki_policy=profile_x_medium", "neighbourhood_cleansed": "Haringey", "latitude": 51.57142, "longitude": -0.14038, "property_type": "Private room in home", "room_type": "Private room", "accommodates": 2.0, "bathrooms": 1.0, "bedrooms": 1, "beds": 1, "amenities": ["Essentials", "Wifi", "First aid kit", "Washer", "TV with standard cable", "Smoke alarm", "Hair dryer", "Iron", "Dryer", "Kitchen", "Cable TV", "Heating"], "price": 50.0, "numbers_of_review": 23.0, "review_scores_rating": 4.87, "reviews": [{"name": "Sarah", "date": "2016-01-31", "review": "This house was stunning, modern and very stylish. It was also incredibly warm with stunning views over archway bridge and back towards Alexandra palace. I was instantly made to feel very at ease with lovely hosts who could not do enough for me. I was able to come and go as I pleased. Cannot recommend enough"}, {"name": "Katie", "date": "2016-02-11", "review": "Great location near the high street with shops and restaurants.  Easy to find and not far from station.  \r<br/>Bedroom was clean and bright with lovely en-suite bathroom.  Lovely house with modern decor and use of all kitchen and cooking equipment.  \r<br/>Katherine was very welcoming, friendly and helpful.  All in all a great place to stay.  Thank you!"}, {"name": "Amanda", "date": "2016-04-09", "review": "Katherine was incredibly welcoming and a very thoughtful host. The room was exactly as described and the house is a real *haven* in a peaceful and quiet street yet so close to main roads/bus stops and tube stations. A beautiful house and the room was so fresh and clean. It was a wonderful experience and if I needed a base in London again I would not hesitate in using Katherine's room again.\r<br/>"}, {"name": "Ann", "date": "2016-04-24", "review": "Katherine was a welcoming host.  The accommodation was exactly as described.  It was clean and fresh with easy access to our room without disturbing the household.  It was perfect to discover London"}, {"name": "Gerardine", "date": "2016-05-05", "review": "Katherine was a delightful host - really helpful and welcoming. The house was lovely and the room was very clean and had everything we needed. Great location. We would love to stay there again and would recommend it to anyone."}, {"name": "Michelle", "date": "2016-06-20", "review": "We had a wonderful stay at Katherine's beautiful home. Katherine is a gracious hostess and her home is tucked away in quiet part of the neighborhood, yet close to the tube stop. It was very quiet and relaxing. Two thumbs up!"}, {"name": "Alan", "date": "2016-07-12", "review": " Katherine was away at the time I stayed, that wasn't a problem to me or Katherine , it was a pleasure staying there, the room was really nice and very clean , the view from the room was lovely , I would definitely stay again "}, {"name": "Youn Gil", "date": "2016-07-31", "review": "Very caring. Reminding the date and checking safety for the travellers."}, {"name": "Alan", "date": "2016-08-20", "review": "Katherine was a great host, happy to chat but also respectful of your privacy, the room is light and airy and very clean,  the house is situated very close to the tube and the lovely Waterlow park and not to far from hamstead Heath, all in all a great place to stay ."}, {"name": "Alan", "date": "2016-09-09", "review": "My host was away at the time of my visit, but as I'd stayed there before it wasn't a problem, "}]}