{"id": 10624153, "listing_url": "https://www.airbnb.com/rooms/10624153", "name": "Great room-perfect tourist location", "description": "Double bedroom in modern house. Completely modernised house with all appliances, stunning new kitchen & bathroom. Great location perfect for both tourists and business users. 20 mins from Heathrow, 5 mins walk to central and Picadilly tube lines.<br /><br /><b>The space</b><br />Stylish and comfortable room in fully refurbished modernised house finished to a high standard. Full access to luxury kitchen, living room and bathroom with under floor heating.<br /><br /><b>Guest access</b><br />Shared bathroom, living room / diner and kitchen. Private bedroom.<br /><br /><b>Other things to note</b><br />Full access to high speed wifi and cable TV entertainment package including Premier League football.", "host_name": "Myron", "host_id": 53948860, "host_url": "https://www.airbnb.com/users/show/53948860", "host_picture_url": "https://a0.muscache.com/im/pictures/user/7b20d36b-1328-458e-8669-97a40feb3c59.jpg?aki_policy=profile_x_medium", "neighbourhood_cleansed": "Ealing", "latitude": 51.50983, "longitude": -0.29504, "property_type": "Private room in home", "room_type": "Private room", "accommodates": 2.0, "bathrooms": 1.0, "bedrooms": 1, "beds": 1, "amenities": ["Essentials", "Wifi", "First aid kit", "Washer", "Long term stays allowed", "Shampoo", "TV with standard cable", "Fire extinguisher", "Smoke alarm", "Hair dryer", "Iron", "Carbon monoxide alarm", "Dryer", "Hangers", "Kitchen", "Cable TV", "Heating", "Lock on bedroom door"], "price": 30.0, "numbers_of_review": 5, "review_scores_rating": 5.0, "reviews": [{"name": "Harrison", "date": "2016-02-25", "review": "Lovely house, easy to feel at home there! Didn't meet Myron but through his messages he was easy to communicate to"}, {"name": "James", "date": "2016-03-02", "review": "The listing was just as promised.  The whole house has been newly renovated. We absolutely loved our stay here.  Great find!"}, {"name": "Luca", "date": "2016-03-04", "review": "Clean, nice and quiet.\r<br/>\r<br/>Luca"}, {"name": "Lee", "date": "2016-03-18", "review": "Great place and great location.  <br/>Modern and clean house.  Will definitely stay here again.  <br/>"}, {"name": "Julian", "date": "2016-04-21", "review": "Myron's house is one of the best airbnb in London, no doubt about it, all new house, good price, really nice area, really the best!!"}]}