{"id": 1063188, "listing_url": "https://www.airbnb.com/rooms/1063188", "name": "Beautiful quiet house in London's finest location!", "description": "This lovely, artsy home is in a private road in Primrose Hill, just a few steps from trendy caf\u00e9s & shops. It combines elegance, exclusivity, and a casual, relaxed feel with all the quirky charm of an old, historic property. Right next to Regents Park, the Roundhouse (where the Apple Music Festival happens), Camden Market, London Zoo and perfect for art and culture lovers. Great for public transport. Bedroom, bathroom, kitchen, study, huge double-height living space - all for you!<br /><br /><b>The space</b><br />This exceptional home was historically an artist's studio, one of twelve houses specially built for British artists to live and work in, in the mid-19th century. Accessed through a private road and charming courtyard, the Primrose Hill Studios enclave is one of London\u2019s hidden jewels, rich in cultural history. Many of Britain\u2019s leading artists have lived here, including J.W. Waterhouse, Arthur Rackham, and \u2013 more recently \u2013 John Hoyland and Patrick Caulfield.<br /><br />Once i", "host_name": "Sara", "host_id": 5852153, "host_url": "https://www.airbnb.com/users/show/5852153", "host_picture_url": "https://a0.muscache.com/im/users/5852153/profile_pic/1365544551/original.jpg?aki_policy=profile_x_medium", "neighbourhood_cleansed": "Camden", "latitude": 51.53955, "longitude": -0.15455, "property_type": "Entire home", "room_type": "Entire home/apt", "accommodates": 4.0, "bathrooms": 1.0, "bedrooms": 1, "beds": 3, "amenities": ["Extra pillows and blankets", "First aid kit", "Barbecue utensils", "Aesop body soap", "Mosquito net", "Fire extinguisher", "Hair dryer", "Wine glasses", "Baby bath", "Dining table", "Private entrance", "Hangers", "Table corner guards", "Cleaning products", "Dishes and silverware", "Luggage dropoff allowed", "Essentials", "Stainless steel oven", "Outlet covers", "Patio or balcony", "Shampoo", "TV with standard cable", "Outdoor furniture", "Baking sheet", "Cooking basics", "Sound system", "Bed linens", "Pour-over coffee", "Carbon monoxide alarm", "Bathtub", "Shower gel", "Clothing storage: dresser", "closet", "and wardrobe", "Indoor fireplace", "Free driveway parking on premises \u2013 1 space", "Heating", "Wifi", "Children\u2019s books and toys", "Coffee maker", "Free dryer \u2013 In unit", "Dishwasher", "Backyard", "Pack \u2019n play/Travel crib", "Long term stays allowed", "Hot water kettle", "Microwave", "Portable fans", "Refrigerator", "Room-darkening shades", "Outdoor dining area", "Iron", "Kitchen", "Drying rack for clothing", "Stove", "Toaster", "Conditioner", "Paid street parking off premises", "Dedicated workspace", "Hot water", "Board games", "Children\u2019s dinnerware", "Smoke alarm", "Free washer \u2013 In unit", "Ethernet connection", "High chair", "Laundromat nearby", "Lockbox", "Cable TV", "Freezer"], "price": 400.0, "numbers_of_review": 97.0, "review_scores_rating": 4.97, "reviews": [{"name": "Amelia", "date": "2015-09-28", "review": "We had a wonderful week in Sara's beautiful home! It is exactly as the pictures show - stylish, impeccably designed & with all the comforts of home.\r<br/>A magical location in a fantastic area - we very much enjoyed staying here & exploring the local area as well as the usual London tourist sights.\r<br/>Sara is a great host - arrival instruction were easy & straightforwrd, all features of the home well explained in welcome handbook, and when required Sara was easily contacted & a good communicator. \r<br/>We would definitely stay here again! "}, {"name": "Michael", "date": "2016-02-10", "review": "Five stars!\r<br/>Absolutely fantastic. A beautiful and (very) spacious one bedroom apartment in a great location \u2013 with lots of light and high ceilings. Great kitchen with everything you need. Large living area and a very comfortable bedroom. \r<br/>And quiet. Located at the end of a mews-style lane I heard nothing in three days. Something I really appreciate when travelling and perhaps needing a lie-in!\r<br/>Ample linen and towels, crockery, etc. And a washing machine. Wifi was great.\r<br/>Sara stayed in contact throughout \u2013 another plus for me. She was extremely helpful which I always appreciate with an Air BnB stay.\r<br/>I really can't recommend this one highly enough. Having done many Air BnBs in the last two years, this one immediately slips into my top three! \r<br/>If you want a truly elegant and comfortable stay, this a perfect choice.\r<br/>Thanks Sara!"}, {"name": "Sofka", "date": "2016-02-22", "review": "Sara's house is an exceptional and beautiful place, tucked away in a wonderful area of London. Sara was always helpful and we immediately felt at home in this elegant Victorian artist's studio. The house is stylish and comfortable with attention to detail that make it a pleasure to stay in."}, {"name": "Catherine", "date": "2016-03-01", "review": "Tres joli quartier, tr\u00e8s calme et charmant, lieu propre et accueillant"}, {"name": "Anne", "date": "2016-03-17", "review": "This is a lovely flat very comfortable very close to Regent Park and 5 minutes walk to Camden Town. We enjoy very much our stay and Sara is a very good host who has a lot of attention and kindness.  Five stars."}, {"name": "Elizabeth", "date": "2016-03-22", "review": "We arrived to a warm welcome at Sara's beautiful, light-filled Primrose Hill studio. Every need and comfort was anticipated. After hectic days of sight-seeing, it was such a joy to retreat to this beautiful space and restore our energy with a fantastic night's sleep on the most comfortable beds ever! High-quality linens, pillows, and towels, plenty of space, beautiful architecture, and a village-y neighborhood: we couldn't have been happier and more at home!\r<br/>\r<br/>PS just blocks from the underground, shops, cafes & restaurants, and beautiful Regent's Park"}, {"name": "Yvette", "date": "2016-04-08", "review": "Sara's apartment was beautiful - so bright and airy and very comfortable for our stay. The kitchen and bathroom wet beautifully equipped and the bedroom very comfortable! We thoroughly enjoyed our stay, being so close to Primrose hill, Regent's Park, the zoo and so many cafes and great local pubs. Sara was an exceptionally helpful host and very thoughtful given I was traveling with my small baby. I'd highly recommend Sara's place!  "}, {"name": "Theresa", "date": "2016-04-12", "review": "This is a top AirBNB experience.  Sara was a perfect host anticipating every need and question an experienced traveler such as myself could have.  Communication and check-in was easy; kitchen, bath and beds were luxuriously supplied.  I slept very well in the quiet afforded by the location in a historic courtyard.  The flat itself is bright and welcoming and so convenient to parks, pubs and public transportation.  I highly recommend this home.  It is well worth the price."}, {"name": "Monica", "date": "2016-04-18", "review": "I arrived in to London with the hope to find peace and inspiration whilst doing a short course in music at London Sound Academy.  Sara's space was nothing short of extraordinary.  I was welcomed into an artist muse in one of the most magical neighbourhoods I had ever seen in London.  The brick pathway and trees blooming with flowers beckoned me into this haven. Sara left detailed instructions that were extremely easy for even an Indian like me to follow.  Once I had turned the key and entered into the lofty Artist residence, I found floor to ceiling books, sunrays dancing off the walls, an impeccably designed space that was sparkly clean and ready for me to find home.  I wish I could give this space 10 stars - particularly for the love and care that is in every nuance of this space.  Sara seems like a gem of a human being with spiritual inclination and fabulous taste in design.  Just my kind of lady.  I wish I had the opportunity to meet her.  Good karma for you, Sara!  I suppose it is important to mention that all conveniences are just a stones throw away - shopping, transport, a beautiful park, amazing restaurants, even the zoo!  Thank you for the peace and inspiration. Om shanti shanti.  Bless! "}, {"name": "Jo", "date": "2016-04-25", "review": "We had a great stay in this wonderful flat in Primrose Hill.<br/>Sara was very helpful before, during and after our trip. A week before our arrival we requested an extra night - no problem whatsoever. <br/>We stayed with our 2 children, 7/3, for 5 nights. The place is perfect for everyone... A great place for a romantic getaway and very comfortable with kids.<br/>Located in Primrose Hill, one of Londons gems, makes this place even better. Next to the park, lots of shops/coffee shops/restaurants, just 5 min walk to Chalk Farm tube/bus station - perfect location. You really feel like you want to move here after a couple of days.<br/>The place has everything you need and then more... I don't know where to begin... Trust me, you won't lack anything.<br/>Well, obviously, we enjoyed our stay here very very much and look forward coming back.<br/>Sara - great host, wonderful flat, perfect location."}]}