{"id": 10647394, "listing_url": "https://www.airbnb.com/rooms/10647394", "name": "Camden double - private bathroom + FREE breakfast!", "description": "Perfectly located just a stroll away from Camden Market in a quiet residential street, the flat is part of a typical Victorian house and it has been freshly renovated.<br /><br /><b>The space</b><br />You will be staying in our 'South Room', a bright bedroom with with a comfy and cosy full-size double bed (sleeps 2 people).<br />The room also includes two bedside tables, a spacious wardrobe and USB chargers.<br />A private bathroom (with bath/shower) for your exclusive use can be accessed through the hallway.<br />Stretch in the morning and wake up with our complimentary breakfast and relax in the evening after a day exploring London.<br /><br />The place is conveniently located between Camden Town (Northern Line) and Kentish Town (Northern Line and National Rail) stations and also less than 10 mins from Kentish Town West and Camden Road (Overground).<br />Free Virgin Media Fibre Wi-Fi.<br /><br />To minimise the spread of COVID19, we are following Airbnb's five-step enhanced cleaning ", "host_name": "Sam", "host_id": 6986754, "host_url": "https://www.airbnb.com/users/show/6986754", "host_picture_url": "https://a0.muscache.com/im/pictures/user/a9be8c3e-ac45-4ee6-92ea-c4ede84c26f2.jpg?aki_policy=profile_x_medium", "neighbourhood_cleansed": "Camden", "latitude": 51.54382, "longitude": -0.13907, "property_type": "Private room in condo", "room_type": "Private room", "accommodates": 2.0, "bathrooms": 1.0, "bedrooms": 1, "beds": 1, "amenities": ["Extra pillows and blankets", "First aid kit", "Hair dryer", "Hangers", "Cleaning products", "Luggage dropoff allowed", "Essentials", "Shampoo", "Clothing storage: closet", "Bed linens", "Carbon monoxide alarm", "Shower gel", "Bathtub", "Central heating", "Wifi", "Hot water kettle", "Host greets you", "Room-darkening shades", "Body soap", "Toaster", "Breakfast", "Paid street parking off premises", "Hot water", "Smoke alarm", "Samsung refrigerator", "Ethernet connection", "Laundromat nearby"], "price": 75.0, "numbers_of_review": 203.0, "review_scores_rating": 4.8, "reviews": [{"name": "Albert", "date": "2016-03-05", "review": "Sam and Andrea were fantastic hosts. Very communicative, friendly and great to stay with. They weren't able to meet me at checkin but made arrangements for me to get the keys.  On entry, there was a useful welcome guide to the flat and surrounding areas. \r<br/>\r<br/>The photos accurately represent the flat, the room is spacious with plenty of storage and a very comfortable bed.  The breakfast supplied was perfect to start the day.\r<br/>\r<br/>It's a short walk from both the Camden tube station and there's great food to be found in the nearby restaurants and pubs. \r<br/>\r<br/> "}, {"name": "Guzin", "date": "2016-03-08", "review": "My stay with Andrea and Sam was delightful! Their place is so conveniently located in a wonderful part of London, at a short walking distance to the tube, and to tens of things you can do in Camden Town. The place definitely feels like home; it is cozy, clean, has enough privacy and has a common area where you can have your nicely-thought complimentary breakfast. The lemon-water you find in your room everyday is such a good touch. Andrea and Sam are such a lovely couple; they are friendly and helpful, guiding you with any questions you may have, and immediate in their responses too. If I go back to London again, I definitely know where I want to stay.\r<br/>\r<br/>Thank you so much for having me guys! It was such a pleasure staying with you!"}, {"name": "Jasmine", "date": "2016-03-15", "review": "Siamo stati da Sam e Andrea per 4 giorni (3 notti) dal 10 al 13 marzo 2016.\r<br/>Al nostro arrivo non erano in casa, ma ci sono state date precedentemente tutte le indicazioni per poter entrare in casa in maniera chiara e semplice.\r<br/>La casa \u00e8 molto pulita, accogliente e vicina alle fermate metropolitane di Camden Town e Kentish Town.\r<br/>Colazione buona e macchinetta del caff\u00e8 (Nespresso) a disposizione.\r<br/>Sam e Andrea sono stati molto disponibili e gentili.\r<br/>Vivamente consigliata per una vacanza in coppia o da soli."}, {"name": "Mustafa", "date": "2016-03-16", "review": "Stayed with Sam & Andrea for two nights when I was interviewing for a job. Wonderful hosts! couldn't have asked for better, very friendly and welcoming. Very clean throughout the apartment, I have to especially mention how thoughtfully the room was set up. Breakfast is a definite plus! Didn't have to go out to get coffee which was really nice as this was my first time in the area. \r<br/>Everything is close by in terms of transport / restaurants / pubs etc. \r<br/>Would definitely stay again!\r<br/>\r<br/>Thank you Sam & Andrea \r<br/>\r<br/>"}, {"name": "Anne", "date": "2016-03-18", "review": "The stay at Andreas and Sams House was so friendly. The room was clean and cute, it was a small room but for 2 days okay. The way to find the house was easy with google maps ;) \r<br/>The important thing was for us the tube map, they already put the map in our room. I had a few questions about some sights and stations with the tube, but Andrea helped me.\r<br/>When we are coming again, I will definitely booked again the room."}, {"name": "Jessica", "date": "2016-03-24", "review": "Brilliant house and lovely breakfast. <br/>Although we didn't see much of Sam it was a lovely atmosphere and we really enjoyed ourselves. Thank you for having us."}, {"name": "Mertxe  & Karlos", "date": "2016-03-29", "review": "We felt like home at Sam & Andrea's. It was cozy and confortable, very clean and with all the commodities one needs when traveling. They are great hosts, nice, helpfull and respectful. The place is just as announced, in a perfect location to enjoy Candem, but quite and peaceful. Breakfast was very good too. We would love to stay again with them when we go back to London."}, {"name": "Rosa", "date": "2016-04-04", "review": "We were warmly welcomed in Sam and Andrea's flat and a had a lovely stay (4 nights). They were both not around for most of the time, but had left us with sufficient breakfast on the first morning! I can greatly recommend you staying at their's, as they will go out of their way to make you feel at home.\r<br/>The location is perfect to set off and discover London, starting by some of the local caf\u00e9s and pubs Kentish Town has to offer. "}, {"name": "Nina", "date": "2016-04-08", "review": "To stay at Sam and Andrea's home was one of the best Airbnb experiences so far. The room is small but it got everythimg you need. Sam and Andrea do their best to make you feel at home. It was cool to get up in the morning and already find the breakfast prepared for the guests. <br/>I would stay here again :D"}, {"name": "Benjamin", "date": "2016-04-11", "review": "Sam et Andrea \u00e9taient vraiment tr\u00e8s accueillants et attentionn\u00e9s. Nous \u00e9tions re\u00e7us comme \u00e0 l'h\u00f4tel avec tout le confort que cela inclus. Le quartier est calme et proche de toutes les commodit\u00e9s, transports (m\u00e9tros et bus), restaurants, pubs, supermarch\u00e9s...\r<br/>Nous recommandons chaudement cette location et ce quartier vraiment sympathique de Kentish Town ;-)"}]}