{"id": 1064264, "listing_url": "https://www.airbnb.com/rooms/1064264", "name": "2 Bed West London Flat", "description": "2 Bed flat available for \u00a380 per night, located conveniently in West London.<br /><br /><b>The space</b><br />2 bed flat in Acton, Zone 2. Nice period Edwardian flat<br /><br />1 Double bedroom, 1 single bedroom (small double bed), 1 living room with double sofa bed, 1 kitchen, 1 bathroom, garden.<br /><br />It's a quiet residential street but with good transport connections to central London (takes 30 minutes to West End)<br />10 minute walk to Stamford Brook tube station for district line, or 10 minute bus ride to Shepherds Bush for Central line.<br />Plenty of parks, green areas and the riverside pubs nearby. 10 minute walk to the bars restaurants cafes of Chiswick High Street. Westfield Shepherds Bush nearby.<br /><br /><b>Guest access</b><br />All of flat including private garden.", "host_name": "Steuart", "host_id": 5858049, "host_url": "https://www.airbnb.com/users/show/5858049", "host_picture_url": "https://a0.muscache.com/im/users/5858049/profile_pic/1367225427/original.jpg?aki_policy=profile_x_medium", "neighbourhood_cleansed": "Ealing", "latitude": 51.50553, "longitude": -0.25358, "property_type": "Entire rental unit", "room_type": "Entire home/apt", "accommodates": 4.0, "bathrooms": 1.0, "bedrooms": 2, "beds": 2, "amenities": ["Extra pillows and blankets", "Oven", "Fire extinguisher", "Hair dryer", "Hangers", "Dishes and silverware", "Essentials", "Shampoo", "Cooking basics", "Single level home", "Bed linens", "Wifi", "Heating", "Dishwasher", "Long term stays allowed", "TV", "Host greets you", "Refrigerator", "Iron", "Kitchen", "Stove", "Dedicated workspace", "Hot water", "Washer", "Smoke alarm"], "price": 75.0, "numbers_of_review": 10, "review_scores_rating": 4.3, "reviews": [{"name": "David", "date": "2016-01-02", "review": "The information that Steuart wrote in Airbnb is true; flat is in zone 2 in West End  which it's near  bus stops and underground lines. It's an Edwardian English house in a nice, quiet and safe neighborhood as like the pictures show you. We've spent our Christmas holidays for 9 nights. Steuart  was wainting us when we arrived. He was very kind and he get us bedlines and towels although at his advertisement they weren't.  Thanks Steuart."}, {"name": "Megumi", "date": "2017-04-10", "review": "Steuart is a very attentive host.<br/>He was always very quick to reply before / during our stay.<br/>His wife Dania was waiting for us, she showed around and explained about the house very carefully.<br/>Quite homely place in a safe neibourhood, well connected to the central London and Heathrow.<br/>Thank you, Steuart and Dania!<br/>"}, {"name": "Harini", "date": "2017-04-14", "review": "Great place, you won't regret it. Convenient and Steuart and his wife were great hosts. "}, {"name": "Andrea", "date": "2017-04-16", "review": "Steuart's place is located in a quiet, safe neighborhood close to a large park with several playgrounds.  It is easy walking distance to public transportation with great restaurants within a 15-20 min walk.  The apartment is clean and tidy with two bedrooms and a pull out sofa in the living room.  It was perfect for our family of four, especially as our son and daughter could have their own space.  The apartment has a homely appeal and a bottle of wine was waiting upon our arrival.  Steuart's Dad was waiting for us when we arrived and he greeted us with a warm welcome whilst showing us around the apartment.  We were mostly out and about, but there was also a cozy garden that would have been nice had we stayed around the house more.  We enjoyed our stay and are glad we came!  Thanks Steuart and family!"}, {"name": "Michael", "date": "2017-06-26", "review": "Brilliant location on a quiet road and a fantastic host "}, {"name": "Christophe", "date": "2017-08-11", "review": "Suitable for a couple and one adult or with 2 kids"}, {"name": "Dee Dee", "date": "2017-08-29", "review": "Lovely ground floor flat. 10 minutes drive from Shepard's bush train station. <br/>I met Steuart's parents on arrival. They were very punctual and good with communication."}, {"name": "Dirk", "date": "2018-08-14", "review": "Great homey location for a family trip to London. "}, {"name": "Guilhem", "date": "2018-08-27", "review": "Bon rapport qualit\u00e9/prix. Steuart est disponible, bon accueil, je recommande !"}, {"name": "Emily", "date": "2019-04-12", "review": "Two of my colleagues stayed at Steuarts accommodation for a week. It is probably a good place for a couple to stay at, rather than two couples. There was only one good double bed and the other bed was a kids bed. <br/>However, communication with Steuart throughout their stay was great and always very helpful. Thank you again for having them Steuart wish short notice. <br/>Best regards <br/>Emily"}]}