{"id": 10642949, "listing_url": "https://www.airbnb.com/rooms/10642949", "name": "DOUBLE BED-(Single Room) Central London", "description": "Centrally located, ideal for easy access to the West End, walking distance to London Eye, Houses of Parliament, Waterloo Station, Imperial War Museum, shops and restaurants.<br /><br /><b>The space</b><br />The flat has been fully renovated to a modern standard and has a comfortable clean and rooms, great shower and a kitchen with all modern equipment, electric hob, dishwasher, wifi.<br /><br /><b>Guest access</b><br />Bathroom and limited amount to kitchen. As this is a small appartment, we advise our guests to respect the need of others to use the kitchen and the bathroom. Therefore we kindly ask you to leave kitchen in the same condition as you've found it. Pls note: there\u2019s a camera in the kitchen, common area,  which monitors the heating system/boiler as well as the external window that gives to the exterior. Please refer to pictures on listing.<br /><br /><b>Other things to note</b><br />IMPORTANT NOTICE: <br />1.-Centrally located and  within short bus/tube ride to some Universi", "host_name": "Marie", "host_id": 9461832, "host_url": "https://www.airbnb.com/users/show/9461832", "host_picture_url": "https://a0.muscache.com/im/pictures/user/632e414f-8f57-4aca-93d3-ee01199f94e2.jpg?aki_policy=profile_x_medium", "neighbourhood_cleansed": "Lambeth", "latitude": 51.4962, "longitude": -0.11411, "property_type": "Private room in rental unit", "room_type": "Private room", "accommodates": 1.0, "bathrooms": 1.0, "bedrooms": 1, "beds": null, "amenities": ["First aid kit", "Cleaning before checkout", "Fire extinguisher", "Hair dryer", "Private entrance", "Hangers", "Dishes and silverware", "Essentials", "Cooking basics", "Bed linens", "Paid parking on premises", "Carbon monoxide alarm", "Wifi", "Heating", "Microwave", "Refrigerator", "Iron", "Kitchen", "Security cameras on property", "Dedicated workspace", "Hot water", "Washer", "Smoke alarm"], "price": 35.0, "numbers_of_review": 50.0, "review_scores_rating": 4.72, "reviews": [{"name": "Brent", "date": "2016-04-30", "review": "My hosts, Marie and Thomas, made me feel very much at home in their lovely flat.  In fact they were worried when I showed up a bit later than planned on the first day.  They proceeded to make true friends with me:  very warm and hospitable.  I hope to go back to Lambeth Walk.  Splendid people, excellent experience."}, {"name": "Naren", "date": "2016-06-17", "review": "Marie is a nice and warm hearted host. She does her best to make it a good experience to the guest. The location is good and the kitchen and bathroom is shared by 3 more people. "}, {"name": "Nirina", "date": "2016-10-14", "review": "Marie was avait able since the beginning till the end of my stay. I was late to pick up the key but she made it possible. The communication made everything possible, with Marie and Maria. \r<br/>Marie provided me with all information I needed. \r<br/> The flat is very clean and safe and central. And nice :-)\r<br/>\r<br/>For sure I'll stay there again on my next stay in London. "}, {"name": "Sarah", "date": "2016-10-24", "review": "Cute flat in central London, easy access to nearby restaurants and transportation. Was a nice home away from home during my holiday in England. "}, {"name": "Luciana", "date": "2016-12-03", "review": "I stayed at Marie's house for about 35 days and everything was all fine there. Her flat is tidy and clean and it is situated in a interesting and safe region of London, 20 minutes (walking) from London Eye! There are three rooms in her flat, and you share both kitchen and bathroom with two other people. The room is incredibly comfortable, the pillows, the bed and the carpet are very soft. The room's decoration is beautiful, almost everything in white and grey. It is definitely a good place to rest! Marie is a really kind person, and, as she is usually travelling, I guess I was lucky to meet her there! And it was also easy to contact her, whenever it was necessary. Next time I visit London, I'll certainly try to stay there again! Thank you, Marie!"}, {"name": "Piccoli", "date": "2016-12-31", "review": "Il posto \u00e8 molto comodo a 10 minuti si possono raggiungere 2 fermate underground .\r<br/>Marie \u00e8 molto gentile e molto disponibile , per qualsiasi problema lei c'\u00e8 sempre. lo consiglio sopratutto perch\u00e9 in questa zona \u00e8 impossibile trovare prezzi migliori "}, {"name": "Elvira", "date": "2017-03-30", "review": "I stayed one month in this room. This apartment is very nice clean and quite. It's close to the Lambeth north underground and to the city center. You can see a London eye through the window in the kitchen. The place seems quite and safe. You will be supplied by everything you need for living. Marie is very nice and kind person, willing to help. She cares about her guests. I would definitely recommend this place for a long stay. "}, {"name": "Ramie", "date": "2017-04-29", "review": "Had a great time in London, thanks to Marie. Very friendly and helpful anytime for questions regarding the flat. The flat itself is very clean and centrally located."}, {"name": "Constantin", "date": "2017-05-26", "review": "Great host, clean flat - and only a stone's throw away from Westminster. "}, {"name": "D\u00e1rya", "date": "2017-09-23", "review": "The location is excellent!!! The tube is 5min from the place and it\u2019s totally possible go walking to some places as Big Ban, London Eye and Trafalgar Square.<br/>The place is clean, organized and comfortable.<br/>The neighborhood is safe and quite.<br/>Marie is very attentive, and it is very easy to talk to her!"}]}