{"id": 10643041, "listing_url": "https://www.airbnb.com/rooms/10643041", "name": "Lovely double bedroom + private bathroom", "description": "A lovely double room in a 4 bedroom family house in Acton Central with its own private bathroom. The bedroom and bathroom are located on the top floor of this 3 storey house. It\u2019s a warm room with central heating throughout the house, hot water and wi-fi. The house itself has all modern facilities with a large kitchen dining room. Washing machine and dryer, microwave, oven, iron and ironing board all available to use. There is free parking and a cleaner included!<br /><br /><b>The space</b><br />The room consists of a double bed, a wardrobe, a chest of drawers, TV and cupboard with shelves. There\u2019s lots of storage and microwave and kettle can also be provided in the room if required. A hairdryer can also be provided.<br /><br /><b>Guest access</b><br />You will have full access to the kitchen / dining room. And you can use the garden and outdoor dining table if it\u2019s nice weather!<br /><br /><b>Other things to note</b><br />We have 3 young children who love meeting new people!", "host_name": "Victoria", "host_id": 7803405, "host_url": "https://www.airbnb.com/users/show/7803405", "host_picture_url": "https://a0.muscache.com/im/users/7803405/profile_pic/1375126491/original.jpg?aki_policy=profile_x_medium", "neighbourhood_cleansed": "Ealing", "latitude": 51.51273, "longitude": -0.26536, "property_type": "Private room in home", "room_type": "Private room", "accommodates": 2.0, "bathrooms": 1.0, "bedrooms": 1, "beds": 1, "amenities": ["Essentials", "Wifi", "First aid kit", "Washer", "Free parking on premises", "Long term stays allowed", "TV", "Smoke alarm", "Hair dryer", "Iron", "Carbon monoxide alarm", "Hangers", "Dryer", "Kitchen", "Heating"], "price": 40.0, "numbers_of_review": 1, "review_scores_rating": 5.0, "reviews": [{"name": "Miss", "date": "2018-03-16", "review": "Lovely comfortable bright room with view of the garden, and great modern bathroom, in an attractive house. Quiet road, good location."}]}