{"id": 10646420, "listing_url": "https://www.airbnb.com/rooms/10646420", "name": "Bright and Beautiful Modern Flat in London", "description": "Wonderful two-bedroom flat in the Olympic village, East London. Just a 5 min walk to the nearest Tube Staton. Perfect for couples and families.<br /><br /><b>The space</b><br />Welcome to our home,<br /><br />Beautifully furnished, this lovely flat is equipped with all you'll need for the perfect stay. In our home, your health comes first. We follow an enhanced cleaning protocol, with professional cleaning, and strategic disinfection.<br /><br />- Airy and well-lit the open-planned living room/kitchen is blessed with plenty of sunlight.<br />- In the living room, you'll find a comfortable sofa/ sofa bed, a coffee table, and a flat-screen TV<br />- The kitchen comes fully-equipped with all the necessities to whip up a fresh meal including, but not limited to, a fridge, a toaster, an oven, and an induction hob.<br />- 2 bedrooms with 1 King-sized bed, the other bedroom has a triple bunk (x 3 single beds ideal for children) fitted with hotel quality linens, to ensure your comfort.<br />- ", "host_name": "Marylou", "host_id": 482837, "host_url": "https://www.airbnb.com/users/show/482837", "host_picture_url": "https://a0.muscache.com/im/users/482837/profile_pic/1340797375/original.jpg?aki_policy=profile_x_medium", "neighbourhood_cleansed": "Newham", "latitude": 51.54797, "longitude": -0.01166, "property_type": "Entire rental unit", "room_type": "Entire home/apt", "accommodates": 5.0, "bathrooms": 1.0, "bedrooms": 2, "beds": 5, "amenities": ["Oven", "Hair dryer", "Hangers", "Crib", "Dishes and silverware", "Essentials", "Shampoo", "Cooking basics", "Bed linens", "Bathtub", "Wifi", "Heating", "Children\u2019s books and toys", "Dishwasher", "Backyard", "Long term stays allowed", "TV", "Refrigerator", "Private patio or balcony", "Iron", "Kitchen", "Stove", "Hot water", "Washer", "Elevator", "Smoke alarm", "High chair", "Dryer"], "price": 986.0, "numbers_of_review": 5, "review_scores_rating": 4.8, "reviews": [{"name": "Anna", "date": "2018-04-16", "review": "Lovely flat in the heart of the Olympic village, with the Olympic park and Stratford centre right on the door step. Fab location and we had a great weekend. Thanks Mary-lou!"}, {"name": "Shima", "date": "2018-04-23", "review": "We stayed at Mary\u2019s place nearly a week and this place was perfect..we love it..the house was clean, nice, lovely, and comfortable for the 4 of us..everything was fine..walking distance to - public transports(buses n trains), westfield mall where u can find almost everything and parks. Tq so much Mary for the hospitality.."}, {"name": "Laura", "date": "2021-11-24", "review": "Great location, spacious and clean apartment, Marylou was very accommodating and quick to respond!"}, {"name": "Caroline", "date": "2021-12-19", "review": "Great place to stay"}, {"name": "Solenn", "date": "2022-08-04", "review": "Tr\u00e8s bel appartement, tr\u00e8s bien entretenu, tr\u00e8s propre, avec un emplacement id\u00e9al : au centre de tout ( parc olympique, gare et m\u00e9tros, centre commercial et restaurants ) et le tout \u00e0 5 minutes \u00e0 peine \u00e0 pied. <br/>S\u00e9jour parfait et excellente communication avec Mary-Lou. Nous reviendrons, c\u2019est certain !!!"}]}