{"id": 10647121, "listing_url": "https://www.airbnb.com/rooms/10647121", "name": "Peaceful room facing the garden.", "description": "The room is located on the first floor overlooking the garden,the house is located in Shooters hill , it has good transport links with local buses,train,dlr,Thames link and is particular convenient for people travelling through  London City Airport.<br /><br /><b>The space</b><br />Peaceful,clean,safe.<br /><br /><b>Guest access</b><br />Everything as long they been instructed how to use the tool and machines around the house.", "host_name": "Daniele And Antonello", "host_id": 1960618, "host_url": "https://www.airbnb.com/users/show/1960618", "host_picture_url": "https://a0.muscache.com/im/pictures/user/2d73fa53-9424-4564-987f-2cc7c0af0911.jpg?aki_policy=profile_x_medium", "neighbourhood_cleansed": "Greenwich", "latitude": 51.47391, "longitude": 0.08657, "property_type": "Private room in home", "room_type": "Private room", "accommodates": 1.0, "bathrooms": 1.0, "bedrooms": 1, "beds": 1, "amenities": ["First aid kit", "Oven", "Hair dryer", "Private entrance", "Dishes and silverware", "Essentials", "Free street parking", "Cooking basics", "Wifi", "Heating", "Coffee maker", "Backyard", "Long term stays allowed", "TV", "Host greets you", "Microwave", "Refrigerator", "Iron", "Kitchen", "Stove", "Lock on bedroom door", "Dedicated workspace", "Hot water", "Washer", "Smoke alarm"], "price": 23.0, "numbers_of_review": 26.0, "review_scores_rating": 4.73, "reviews": [{"name": "Georgie", "date": "2016-03-02", "review": "Daniele is an incredibly kind, attentive, helpful and genuinely lovely person. I have had the absolute please of living with him for almost a month. I wish it was longer! Everything was always very clean. He is always very willing to give advise about anything. The bed is very comfy and I always felt very much at home."}, {"name": "Hasan Murat", "date": "2016-03-20", "review": "Daniele is a great host, very kind and helpful. Everything was fine with the house and stay. I would recommend his house to everyone."}, {"name": "Amitra", "date": "2016-04-01", "review": "Daniel make I feel I'm at home. I feel comfortable to live here I can cook food, wash my clothes, walk in his garden, travel to London for me it is easier and the area of the host very good I feel safe here, even if I'm a woman."}, {"name": "Gabby", "date": "2016-04-11", "review": "Daniele was a fantastic host. The room was large and bright, and the house was close to public transport. I highly recommend staying here!"}, {"name": "Sudaniya", "date": "2016-04-17", "review": "I was really happy to stay here. Nice room and oppurtunity to visit London. The house was clean and Daniele was really nice and helpful. If I would come again I would stay here again. Thank you for all "}, {"name": "Anna", "date": "2016-04-22", "review": "It was great to meet Daniele. He responded me very quickly. The place is nice and homely, with good transport links into central London. House is cosy, friendly and the facilities are all good. It was really good to be able to come here. Everyone in the house is friendly and they make me feel so good. Highly recommended."}, {"name": "Anna", "date": "2016-04-26", "review": "It was a pleasure staying another few days with Daniele and I recommand again staying with him for everyone. Daniele is very helpfull and friendly man. "}, {"name": "David", "date": "2016-05-07", "review": "Very comfortable stay at Daniele's house, very relaxed, very clean and tidy. Daniele is a very accommodating owner I would recommend to all, very handy for travelling anywhere into London."}, {"name": "Pieter", "date": "2016-06-05", "review": "Daniele is a very welcoming host, the kitchen, bedroom and bathroom are always clean, fresh and tidy.\r<br/>Beautiful back garden - He gave me the keys to the shed where I was able to store my bicycle - this was really useful! \r<br/>He has accepted my request to stay at his on very short notice, I really appreciate this. \r<br/>I will be staying here again!"}, {"name": "Alexander", "date": "2016-09-30", "review": "the best landlord from italy !!!!!!!\r<br/>Super nice house, very clean, very pretty!!!!\r<br/>I will now always in England live only in Daniele  house!!!\r<br/>SUPER!!!!!!!!!"}]}