{"id": 10648378, "listing_url": "https://www.airbnb.com/rooms/10648378", "name": "beautiful well presented 3 bedrooms", "description": "<b>The space</b><br />Our home is a mix of original 1920's Edwardian features accented with a palette of bright and bold colours.<br />It is in a residential part of leafy north London, 10 minutes from train station with trains to central London taking 20 minutes.", "host_name": "Mohammad", "host_id": 54985524, "host_url": "https://www.airbnb.com/users/show/54985524", "host_picture_url": "https://a0.muscache.com/im/pictures/user/ef5b3eb2-0dd4-4b13-af8b-c3e34611ac9a.jpg?aki_policy=profile_x_medium", "neighbourhood_cleansed": "Enfield", "latitude": 51.61627, "longitude": -0.1008, "property_type": "Entire home", "room_type": "Entire home/apt", "accommodates": 8.0, "bathrooms": 2.0, "bedrooms": 4, "beds": 5, "amenities": ["Essentials", "Wifi", "Washer", "Free parking on premises", "Shampoo", "Long term stays allowed", "TV with standard cable", "Hair dryer", "Iron", "Dryer", "Hangers", "Kitchen", "Cable TV", "Heating"], "price": 340.0, "numbers_of_review": 1, "review_scores_rating": 5.0, "reviews": [{"name": "Nick", "date": "2018-05-05", "review": "Mo is a great host and the house is fantastic."}]}