{"id": 10645950, "listing_url": "https://www.airbnb.com/rooms/10645950", "name": "1 bed balcony flat in the heart of Hackney", "description": "Beautiful spacious 1 bedroom flat close to Hackney Downs park in the heart of London's vibrant Hackney.<br />Amenities include parks and canal ways, Broadway market and Dalston restaurants and bars. Only half an hour from the centre of London.<br /><br /><b>Guest access</b><br />The whole flat is available for your stay and the space will be yours entirely, you won't be sharing with anyone. Please note that I live here and offer it for accommodation when I'm away, so you're very much staying in a home.<br /><br />Keys are to be collected and returned from a local pub \u2013 a few mins walk from the flat and great spot for a beer! The manager will know to expect you.", "host_name": "Katie", "host_id": 30822785, "host_url": "https://www.airbnb.com/users/show/30822785", "host_picture_url": "https://a0.muscache.com/im/pictures/user/5f39f146-09e5-4b03-9e9c-08c8913a99ec.jpg?aki_policy=profile_x_medium", "neighbourhood_cleansed": "Hackney", "latitude": 51.55035, "longitude": -0.06087, "property_type": "Entire rental unit", "room_type": "Entire home/apt", "accommodates": 2.0, "bathrooms": 1.0, "bedrooms": 1, "beds": 1, "amenities": ["Oven", "Hair dryer", "Hangers", "Dishes and silverware", "Essentials", "Cooking basics", "Single level home", "Bed linens", "Wifi", "Heating", "Coffee maker", "Long term stays allowed", "TV", "Refrigerator", "Private patio or balcony", "Iron", "Kitchen", "Stove", "Dedicated workspace", "Hot water", "Washer", "Paid parking off premises", "Elevator", "Smoke alarm"], "price": 125.0, "numbers_of_review": 23.0, "review_scores_rating": 5.0, "reviews": [{"name": "Vicki", "date": "2016-02-21", "review": "Katie was a lovely host and the flat is just perfect. It's compact in size but really well designed so you have everything you need close to hand. Real good shower and the bed is super comfy, the balcony is also a real bonus. Love all the funny little touches all around the house, lots to look at!\r<br/>Great area in funky Hackney although slightly terrifying trying to cross the road! 5 mins to the overland which is really regular.\r<br/>Katie showed us round and gave us some recommendations for the local area which was great. Would definitely come back. "}, {"name": "Annabel", "date": "2017-03-27", "review": "We really enjoyed our stay in Katie's apartment. It is a lovely space, clean and tidy, with everything you need. Katie was excellent at communicating with us and flexible with check in/ check out arrangements which was much appreciated. Thank you Katie"}, {"name": "Filip", "date": "2017-04-02", "review": "A really lovely little hideaway in the middle of Hackney. Made our stay in London so comfortable and cosy. And Katie made sure we felt superwelcome and at home straight away. She also made sure we had all the info needed to enjoy our stay to the fullest! Such a great host :) "}, {"name": "Trudi", "date": "2017-09-16", "review": "Great location for getting in to the city every day. Nice little sunny balcony to relax on at end of the day. Good supermarkets etc near by."}, {"name": "Maria", "date": "2018-07-01", "review": "Katie\u2019s home was everything we expected and so much more. We felt so welcomed during our stay and truly felt like a local. The neighborhoods nearby offered so many great places to eat, shop and drink. Would highly recommend and stay here again!"}, {"name": "Maggie", "date": "2019-04-21", "review": "Great in every way! Definitely going back!"}, {"name": "Stephen", "date": "2019-05-26", "review": "Katie couldn't have been more hospitable or welcoming and her flat is gorgeous. <br/>Anyone booking will not be disappointed!"}, {"name": "Bronwyn", "date": "2019-08-27", "review": "The space is brilliant, I just loved this flat.  Very clean and such a cool place.  It is also a surprising oasis and calm amongst the 'busy-ness' of Hackney.   Katie was so accommodating and provided lots of local tips too.  Would highly recommend!"}, {"name": "Sif", "date": "2019-08-31", "review": "Cosy flat in an excellent location in the heart of Hackney. Katie was a fantastic host, and responded promptly to our requests. Highly recommended."}, {"name": "Mark", "date": "2019-09-15", "review": "Katie's place is a really lovely home. Everything is very well thought out and the overall effect is very relaxing."}]}