{"id": 10647380, "listing_url": "https://www.airbnb.com/rooms/10647380", "name": "Stunning 2 Bed apartment in heart of Nth London", "description": "Enjoy our beautiful two bedroom apartment in the heart of North London. It\u2019s ideally located a couple of minutes from Kentish Town tube station (northern line), which is one stop (or a short stroll!) to the famous Camden markets, and a 15 minute walk to the beautiful Hampstead Heath. If you\u2019re staying over the weekend, be sure to visit the Farmer\u2019s markets there every Saturday morning :)<br /><br /><b>The space</b><br />This apartment is ideal for 1-4 people. The main bedroom has a queen bed an ensuite, while the second bedroom has a very comfortable double fold out bed, which can be made up prior to arrival on request. There is wifi, TV, washing machine, and underfloor heating.<br /><br />We\u2019ll leave breakfast for you in the fridge (including delicious fresh baked bread from the local French bakery) and provide all the bathroom essentials - soap, shampoo, conditioner, towels.", "host_name": "Andy", "host_id": 11749443, "host_url": "https://www.airbnb.com/users/show/11749443", "host_picture_url": "https://a0.muscache.com/im/users/11749443/profile_pic/1426907074/original.jpg?aki_policy=profile_x_medium", "neighbourhood_cleansed": "Camden", "latitude": 51.55037, "longitude": -0.14056, "property_type": "Entire rental unit", "room_type": "Entire home/apt", "accommodates": 4.0, "bathrooms": 2.0, "bedrooms": 2, "beds": 2, "amenities": ["Essentials", "Extra pillows and blankets", "Wifi", "Hot water", "Washer", "Long term stays allowed", "Shampoo", "TV", "Hangers", "Dryer", "Kitchen", "Heating", "Breakfast"], "price": 49.0, "numbers_of_review": 6.0, "review_scores_rating": 5.0, "reviews": [{"name": "Alice", "date": "2018-01-05", "review": "The flat was just perfect and the location was great!Andy and Anna were very easygoing and great with communication.  Would definitely recommend!"}, {"name": "Sophie", "date": "2018-01-15", "review": "Great little place to explore London from. Great host and clean flat. Comfy beds and not overly noisy in both bedrooms."}, {"name": "Miguel", "date": "2018-01-22", "review": "The flat is as advertised.  centrally located, down the block from the tube making it easy to get to anywhere.  andy and anne were a delight and responsive making our stay super comfortable. I highly recommend this flat if you stay in london."}, {"name": "Steven", "date": "2018-01-25", "review": "Great and stylish space. Would recommend."}, {"name": "Ond\u0159ejka", "date": "2018-02-04", "review": "Everything was great, place Is stilish And really close to public transport. I appreciate great communication with Andy. I can recommend it to other airbnb users."}]}