{"id": 1065381, "listing_url": "https://www.airbnb.com/rooms/1065381", "name": "Entire home/flat in Ealing, London", "description": "Charming 2 bedroom victorian flat in central Ealing location moments away from North Ealing and within 10 minutes walk of Ealing Broadway, and all the other wonderful spaces and amenities that makes Ealing the Queen of London's suburbs<br /><br /><b>The space</b><br />2 bedroom top floor (we are on the 2nd floor, after the ground and first floors - no lift) loft style flat - around 75 sq m<br />Victorian conversion, so expect lots of original features in a beautiful townhouse.<br /><br />one large double bedroom with a king size bed and walk in wardrobe attached. A fitted walk in wardrobe has been installed and the room can be used for storage too.<br /><br />one small bedroom with a bed thats between a single and a double (they call them petite doubles)<br />spacious living room with comfortable sofa, wifi and sky television<br /><br />The bathroom has a bathtub, attached power shower, wc and pedestal sink. All towels will be provided.<br /><br />Large galley style kitchen full of cro", "host_name": "Avirup", "host_id": 3558926, "host_url": "https://www.airbnb.com/users/show/3558926", "host_picture_url": "https://a0.muscache.com/im/users/3558926/profile_pic/1365711285/original.jpg?aki_policy=profile_x_medium", "neighbourhood_cleansed": "Ealing", "latitude": 51.52059, "longitude": -0.28993, "property_type": "Entire rental unit", "room_type": "Entire home/apt", "accommodates": 4.0, "bathrooms": 1.0, "bedrooms": 2, "beds": 2, "amenities": ["Essentials", "Wifi", "First aid kit", "Washer", "Free parking on premises", "Shampoo", "Long term stays allowed", "TV with standard cable", "Host greets you", "Smoke alarm", "Hair dryer", "Lockbox", "Iron", "Indoor fireplace", "Dryer", "Hangers", "Carbon monoxide alarm", "Cable TV", "Heating", "Kitchen"], "price": 135.0, "numbers_of_review": 40.0, "review_scores_rating": 4.82, "reviews": [{"name": "Melissa", "date": "2013-06-06", "review": "I organised for my parents to stay at Avi's flat during their stay in London. Avi very kindly agreed to lend us his flat for an entire month, which we feel was very kind and generous. The flat is extremely spacious and decorated to feel very cosy. The furniture in his flat was in very good condition (the corner couch is ridiculously comfortable!) and the kitchen has everything we needed. The location was fantastic as it was 10 minutes away from Ealing Broadway and about 3 minutes from North Ealing, so very easy to get into central London.\r<br/>\r<br/>Avi was a wonderful host, he answered all my queries very quickly, told my parents to make themselves at home, and he even assisted my parents with their luggage up and down the stairs. He is such a lovely and kind person, and we're so grateful for his hospitality."}, {"name": "Duane", "date": "2013-07-06", "review": "We had a very good stay at Avi's flat. Avi is a very good host. Contacted me regularly asking if everything was OK. The flat is very good. Ideal for a small family. Location is good. Ealing is a quiet and residential place. Lots of shoppings and good restaurants around.\r<br/>\r<br/>I strongly recommend booking this flat."}, {"name": "Simonas", "date": "2013-07-28", "review": "I've stayed at Avirup apartment with my colleague for business trip. It was great, plenty of space. 10min walk to train station with trains directly to Heathrow. Good choice of restaurants and bars around. Would love to stay again!"}, {"name": "Duane", "date": "2013-09-02", "review": "We stay for one night at Avi's place. As it was last time, everything was OK. Avi is very helpful and easy to deal with. \"No worries\", as he likes to say. I recommend this place."}, {"name": "Kirsten", "date": "2013-09-24", "review": "This was a brilliant apartment & Avirup was an outstanding host. The flat was a great size - perfect for us & our two boys.  It was so clean & had everything we needed & more!  It is a great location in pretty Ealing & a short walk to some great pubs & restaurants. It was also not too far to travel from Heathrow after we had been flying for 30 hours from Sydney & needed somewhere homely to recover. Special thanks to Avi for his flexibility after our flight landed early! Can't recommend this apartment enough! "}, {"name": "Michael", "date": "2013-10-29", "review": "Everything was perfect and Avirup was really helpful and send us useful information during our stay. You could really feel that he wants you stay to be as convenient and smooth as possible. If there are any problems you can be sure he'll help you as good as he can.\r<br/>\r<br/>Too bad we couldn't spend more time there and have a longer talk."}, {"name": "Robin", "date": "2013-11-04", "review": "Avi is a very relaxed, kind and professional host. The apartment itself is situated on a wide leafy street which is a five minute walk from Ealing North and ten minutes from Ealing Broadway.\r<br/>\r<br/>The master bedroom is extremely large (like a suite), while the second bedroom has a single bed. It was well appointed and clean. I would have no hesitation in recommending this place to others."}, {"name": "Sharitha", "date": "2014-05-01", "review": "Avi is the best ...... Great home cosy and perfect for a couple and 2 kids . It has all the amenities like hot water /central heating/ well equipped kitchen and most importantly a super host . He picked us up as we were 2 women (my mom n me)n kids landing late evening as I was a nervous traveller. He was there to guide us and point us in all the right directions and brief us on everything in his apartment. Excellent in his communication time. He was there even to help us with the luggage .He doesn't intrude but you know at the back of your mind he's there if you need him . Our first trip to London was perfect only because of his hospitality and we dint feel like we were coming somewhere new. Avi thankyou for making your home ours and memories of London so lovely and perfect . I would definitely use Avi's apartment as there's a tesco supermarket down the road 2 tube stations close by and well connected to Central London which takes approximately 20 mins from Ealing Broadway ! Highly recommended as this apartment comes with a wonderful host :-) "}, {"name": "Xavier", "date": "2014-05-16", "review": "Great service. The flat was clean, comfortable and homely. It is close to the Piccadilly, Central and District lines. The flat met - if not exceeded - all our expectations. Avi was also a great host in being welcoming and generous, in keeping things simple and in going the extra mile when we forgot something in the flat and met us later to return it. All in all a good experience. "}, {"name": "Mei Lin", "date": "2014-05-19", "review": "My family and I (2 little ones and OH) stayed just one night at Avi's lovely flat so we could attend a party the next day in Central London and it would have been great to stay longer. <br/>Location wise it was really super convenient- we were driving in from the West Country- and needed easy parking, so Ealing and this property with space on the front was perfect. <br/>It's really close to the Tube (OH took our eldest out after we arrived) and shops, places to eat, petrol station etc are close by, as is plenty of greenery - it's such a nice area. <br/>The flat is very light, airy and spacious, a comfortable and very well appointed home.  (Eldest announced as we were packing to go home that she didn't want to leave.. )<br/>We didn't unfortunately meet Avi but his friend settled us in and we have had the pleasure of really excellent communication with both. <br/>Travelling with (our?!) two kids has proved challenging at times (trying to pack up and arrive/leave on time etc) and Avi and friend were incredibly flexible and understanding: can't praise that enough. <br/>I would have no hesitation in booking with Avi again- he's a kind and generous host with a smashing home. "}]}