{"id": 10651883, "listing_url": "https://www.airbnb.com/rooms/10651883", "name": "LARGE room, CENTRAL & 5Mins to TUBE", "description": "Large bright room in Islington. Well connected - 15 mins walk to Angel (zone 1) & 6 mins walk to Highbury & Isligton station (1 stop from Kings Cross and 4 stops to Oxford circus). All amenities of upper street and several cafes, bars and restaurants of Islington within short walk!<br /><br /><b>The space</b><br />The property is in an central location! Spacious, clean and bright private room with comfortable double bed, a table with chairs, coffee table and beautiful bookcase filled with variety of books in the heart of Islington. The room is warm, with carpeted floor and cream walls. Big window opening to a leafy backyard offers plenty of natural light and much desired peace to relax in after a long day in crazy city.<br /><br /><b>Guest access</b><br />Guest will have exclusive use of their room, access to shared bathroom and toilet and they are very welcome to use the kitchen (with prior notice), fully equipped with washing machine, toaster, kettle and tea making facilities etc.<br", "host_name": "Gurpriya", "host_id": 6477417, "host_url": "https://www.airbnb.com/users/show/6477417", "host_picture_url": "https://a0.muscache.com/im/users/6477417/profile_pic/1369042329/original.jpg?aki_policy=profile_x_medium", "neighbourhood_cleansed": "Islington", "latitude": 51.54874, "longitude": -0.09719, "property_type": "Private room in rental unit", "room_type": "Private room", "accommodates": 2.0, "bathrooms": 1.0, "bedrooms": 1, "beds": 1, "amenities": ["Essentials", "Wifi", "First aid kit", "Washer", "Elevator", "Smoke alarm", "Iron", "Kitchen", "Heating"], "price": 35.0, "numbers_of_review": 5, "review_scores_rating": 5.0, "reviews": [{"name": "Lola", "date": "2016-01-28", "review": "It was my first time on airbnb, and the flat was just perfect!\r<br/>Gurpriya is such a nice person, I hardly recommended her! Thanks a lot for having me and make me feel like home!"}, {"name": "Hou", "date": "2016-02-10", "review": "Gurpriya is really hospital and helpful, she provided many useful information for us. Her house is really cozy and near to the railway station, the traffic here is convenient! I really recommend her house!"}, {"name": "Pietro", "date": "2016-02-17", "review": "Gurpriya is really hospital and helpful.\r<br/>Her house is very clean  and the room is really big.\r<br/>Amazing the location, just 5 minute to the Tube.\r<br/>\r<br/>\r<br/>Gurpriya \u00e8 davvero ospitale, disponibile e gentile\r<br/>La casa \u00e8 pulita e la stanza \u00e8 davvero ampia.\r<br/>Per Londra la posizione \u00e8 ideale: a soli 5 minuti a piedi dalla metropolitana, sulla linea migliore per visitare le principali attrattive della citt\u00e0\r<br/>"}, {"name": "Angie", "date": "2016-02-27", "review": "Gurpriya was very welcoming..the flat is nice and the room lovely.  The bed was comfortable. I felt very at ease with her and her husband. I would definitely stay again"}, {"name": "Ayushi", "date": "2016-04-07", "review": "The apartment is in a beautiful, and quiet neighbourhood and just a few minutes walk from the station. The room was bigger than I expected and the bedding was quiet comfortable! Moreover, Gurpriya was an excellent host and I definitely enjoyed our conversations :D Definitely recommend this!"}]}