{"id": 10653669, "listing_url": "https://www.airbnb.com/rooms/10653669", "name": "Cosy sunny room under the eaves/Richmond/London", "description": "Beautiful bright top floor family room for up to 5ppl on quiet tree-lined residential street, moments away from all commodities. We are a three minute walk to historic and picturesque Richmond and 25 minutes to central London. The green spaces are moments away, royal Richmond park is within walking distance. Perfect for families who want a bit of both worlds- the city centre but also the peace and calm of the country. Adjacent to full private bathroom.<br /><br /><b>The space</b><br />Located on the second and top floor of this fully renovated Victorian family home, this gorgeous space houses a romantic double bed under the eaves, and king sized bed. An additional single bed can be added (upon request). Ideal for families or a group of friends visiting London. We look forward to welcoming you soon.<br /><br /><b>Guest access</b><br />Guests will have access to the kitchen to prepare meals, the garden for a bit of sun, or enjoying a glass of wine al fresco.<br /><br /><b>Other things to", "host_name": "Catherine", "host_id": 19970435, "host_url": "https://www.airbnb.com/users/show/19970435", "host_picture_url": "https://a0.muscache.com/im/pictures/user/3c14c0b8-af39-4961-9200-3a4656dcd0f9.jpg?aki_policy=profile_x_medium", "neighbourhood_cleansed": "Richmond upon Thames", "latitude": 51.4549, "longitude": -0.30873, "property_type": "Private room in home", "room_type": "Private room", "accommodates": 5.0, "bathrooms": 1.5, "bedrooms": 1, "beds": 3, "amenities": ["Window guards", "Fireplace guards", "First aid kit", "Fire extinguisher", "Hair dryer", "Kayak", "Hangers", "Bikes", "Essentials", "Patio or balcony", "Shampoo", "Cooking basics", "Paid parking on premises", "Carbon monoxide alarm", "Bathtub", "Heating", "Wifi", "Children\u2019s books and toys", "Long term stays allowed", "Pack \u2019n play/Travel crib", "Room-darkening shades", "Outdoor dining area", "Iron", "Kitchen", "Beach essentials", "BBQ grill", "Lock on bedroom door", "Hot water", "Washer", "Private fenced garden or backyard", "Children\u2019s dinnerware", "Smoke alarm", "Fire pit", "High chair", "Dryer", "Lockbox", "Outdoor furniture"], "price": 100.0, "numbers_of_review": 18.0, "review_scores_rating": 4.89, "reviews": [{"name": "Fran\u00e7ois", "date": "2016-01-31", "review": "Bel accueil de Catherine dans sa tr\u00e8s belle maison ! Nous avons eu une grande  chambre avec une excellente literie et une jolie salle de bain tr\u00e8s claire avec au choix douche ou baignoire..\r<br/>La maison est tr\u00e8s bien situ\u00e9e, proche des belles boutiques et du magnifique parc naturel de Richmond..Nous esp\u00e9rons y revenir tr\u00e8s bient\u00f4t !\r<br/>"}, {"name": "Sophie", "date": "2020-02-27", "review": "Thank you to Catherine and her lovely family for welcoming me into your home. I arrived very jet lagged after a long haul flight and was delighted to find my beautifully decorated bedroom exactly as represented in the photos. I was indeed sleeping under the stars. I very much enjoyed watching the planes passing by on their way to Heathrow (No noise) through the skylight above the bed. <br/>The adjoining bathroom was like being in a high end luxe hotel. Heavenly. <br/>Catherine, you  do what you do very well. <br/>Located in a great spot. It\u2019s close to the river side for lovely long walks. Close to pretty Richmond for lively shops and restaurants and a train station into central London. No hesitation in recommending."}, {"name": "Emily", "date": "2020-10-02", "review": "A lovely room in a beautiful family home. Very clean and comfortable with everything you need nearby. Catherine and her family are lovely and friendly and any questions were answered immediately. Catherine went above and beyond providing us with a fridge and WiFi extender due to the virus to ensure we had everything we needed. Location is perfect and it was a very relaxing stay. Thanks so much!"}, {"name": "Kathryn", "date": "2020-10-11", "review": "This was a great find and can highly recommend. A private space on the top floor of a beautiful house. Spotlessly clean. Perfect location. A ten minute walk into Richmond with its vast array of drinking and watering holes, and the train station with a direct line into Waterloo. Catherine was a perfect host, quick, clear and accurate responses to all our enquiries. Wouldn\u2019t hesitate to stay again."}, {"name": "Marco", "date": "2021-05-31", "review": "Richmond is London with a difference: intimacy with the river, history and a profusion of wonderful parks and gardens.  Kew Gardens is close by.  And Catherine is a perfect host in her cozy, spotless home."}, {"name": "Mariya", "date": "2021-07-03", "review": "A home away from home. Wonderful house in heart of Richmond located on beautiful and quiet street. The home is super clean,  well equipped with a small back garden and decorated with good taste and attention to detailes. Owners were very welcoming and friendly,   their dog absolutely adorable lady. <br/>The room is located on the upper floor with super comfy beds for 3-4 people. A bathroom was quiet spacious,   nicely decorated with lots of light. <br/>We enjoyed staying at Catherine's appartment and would be happy to return again."}, {"name": "Grant", "date": "2021-07-20", "review": "We had a great time in Richmond. The kids loved sleeping in the bed in the eaves. The room was clean and beautifully decorated. It was roasting when we were there and Catherine kindly provided us with a fan."}, {"name": "Hannah", "date": "2021-08-15", "review": "Catherine was the perfect host, great communication and fantastically easy check in. The room is exactly as photographed - maybe even better! The house is absolutely stunning, it\u2019s decorated for adult taste but is still really child friendly. My toddler enjoyed plonking on the piano and the open plan downstairs. Great location just over the bridge from Richmond. We will be back :)"}, {"name": "Neil&KD", "date": "2021-09-12", "review": "Very pretty space, tastefully decorated and clean. Amazing location - we walked everywhere!"}, {"name": "Susanne", "date": "2021-09-19", "review": "It was lovely! The room is indeed cosy and the location is perfect.<br/>It is a short walk into Richmond and there are several bus lines you can take. The Thames is around the corner and great for walks in a very idyllic setting. <br/>We\u2018d definitely stay with Catherine again."}]}