{"id": 1065997, "listing_url": "https://www.airbnb.com/rooms/1065997", "name": "*Notting Hill* Mr & Mrs Smith Style", "description": "Chic Modern Notting Hill Flat, walking distance from Cafes and Boutiques in Westbourne Grove & Portobello, and from Hyde Park and Holland Park. <br /><br />Enjoy the vibe of Notting Hill with the confort of a stylish flat, just off the beaten path.<br /><br /><b>The space</b><br />Located on Pembridge Villas, adjacent to Westbourne Grove, 5 minutes walk away to Portobello Road, the apartment in on the second floor of a Victorian house in stunning condition. <br /><br />The flat, 90 sq. meters in size, has 2 double bedrooms with en-suite bathrooms, a third guests lavatory and a living room with open space kitchen. The flat is very quiet. It is very well located in the heart of Notting Hill surrounded by boutique shops, exquisite local restaurants and cafe's all around. Price is inclusive of Internet and TV. It hosts very well 4 people. <br /><br />Closest tube: Notting Hill (5min walk)<br /><br />----------------<br /><br />You are in the heart of shops and restaurants. There is a cafe/", "host_name": "Andrea", "host_id": 5661726, "host_url": "https://www.airbnb.com/users/show/5661726", "host_picture_url": "https://a0.muscache.com/im/users/5661726/profile_pic/1368295063/original.jpg?aki_policy=profile_x_medium", "neighbourhood_cleansed": "Kensington and Chelsea", "latitude": 51.51211, "longitude": -0.19697, "property_type": "Entire rental unit", "room_type": "Entire home/apt", "accommodates": 4.0, "bathrooms": 2.5, "bedrooms": 2, "beds": 2, "amenities": ["First aid kit", "Fire extinguisher", "Hair dryer", "Hangers", "Essentials", "Shampoo", "Free street parking", "Carbon monoxide alarm", "Indoor fireplace", "Wifi", "Heating", "Long term stays allowed", "TV", "Host greets you", "Iron", "Kitchen", "Hot tub", "Hot water", "Washer", "Paid parking off premises", "Smoke alarm"], "price": 350.0, "numbers_of_review": 62.0, "review_scores_rating": 4.88, "reviews": [{"name": "Sarah", "date": "2013-05-20", "review": "Andrea's flat is beautiful, full of natural light, a simple yet elegant decoration and the beds were VERY comfortable. Andrea was felxible with check-in and check-out times, he prepared for us a map of the area and a few tips about his favorite local places, he even offered us a bottle of wine!! Not to mention the dream location, the flat is on a  chic street of the vibrant and trendy Portobello area.\r<br/>I definitely recommend this place and will probably book it again. Thanks Andrea. "}, {"name": "Kevin", "date": "2013-05-28", "review": "Andrea was a terrific host and the flat is beautiful and as described.  Would stay there again."}, {"name": "Ana", "date": "2013-06-16", "review": "I have no word to describe my staying at Andrea's place! Everything so perfect, so new, so clean.. Our welcome came with flowers, a bottle of wine and chocolate.. Andrea is also so kind, so polite and will be a friend for ever! The neighborhood couldn't be better. So nice stores, Portobello Road... We had a dream week! For sure we will return, I hope every year!\r<br/>\r<br/>I strongly recommend it!!!"}, {"name": "Allie", "date": "2013-06-23", "review": "I stayed at Andrea's flat with my family this past week and had an absolutely amazing time! My family was visiting from Canada and wanted a place they could call \"home\" in busy London. Andrea's flat is located in one of London's prime neighbourhoods on a gorgeous tree-lined street - a true urban oasis! Andrea was such a wonderful host and generously left us a bottle of wine to enjoy to celebrate the start of an amazing week! His flat is impeccable, clean, recently refurbished and such a treat to stay in. A quick walk to the tube, excellent restaurants and Portobello Road Market definitely ensure a good time to be had by all! Thank you Andrea!! We hope to stay there again soon :)"}, {"name": "Ileana", "date": "2013-08-20", "review": "Our stay at Andrea's Notting Hill flat was everything I'd hoped it would be and more! It was our first time renting an apartment rather than a hotel, so I was nervous that the experience might be disappointing. Surprise, it was an incredible location! Portobello Road Market was just around the corner, coffee houses down the street, restaurants and pubs...best of all, tube station was a 3 minute walk.\r<br/>Our daughters felt for a few days that they were local Londoners, what an exciting experience for them!\r<br/>The flat was gorgeous.. clean, filled with light and all the comforts of home. Andrea was always available for questions and we never saw a neighbor! This place is the way to go if you really want to have a sexy London escape. Thanks Andrea! "}, {"name": "Tommi & Rafaela", "date": "2013-09-27", "review": "Andrea's flat is really nice, good character yet modern. The master bedroom is at the rear of the property overlooking a beautiful garden, very quiet and a large comfortable room. The other bedroom is also at the back. Living and kitchen face the front. The place is light and was very clean and tidy. Good location too plus the host was great to deal with. We recommend it!"}, {"name": "Mehmet", "date": "2013-10-20", "review": "Great flat. Brand new and very clean. Very close to the tube and buss stops.  Great restaurants nearby. "}, {"name": "Ollivier", "date": "2013-10-25", "review": "Everything was perfect, situation is great very convenient access with the tube. Close to the park. The flat is lovely well equipped and lots of light. We had a very good trip. Perfect for 4 people."}, {"name": "Sophie", "date": "2015-03-09", "review": "nice apartment, very well located in the heart of Notting hill. Andrea is a great host, and we felt at home on the first day"}, {"name": "Riley", "date": "2015-03-25", "review": "My mom and I travelled to London together for my last spring break, and we had such a wonderful time thanks to this apartment and to Andrea. Nottinghill is such a lovely, quiet area and the flat is right in the heart of it. It's a five minutes walk from the Tube station, three from Portobello Road Market, and three from Westbourne Grove, which has great restaurants and shopping. The two bedrooms are spacious, the bathrooms are modern, and the light the apartment gets is amazing. The beds are extremely comfortable as well. I lived in London for a few months and this flat was so much nicer than any other flat I saw. I never met Andrea but he was so helpful with the apartment and always replied in a timely manner. I did meet his girlfriend Francesca as she let us into the apartment. She was so sweet and brought flowers to put in the living room. Overall, we had such a great time and are so happy we stayed in this flat. Thank you so much Andrea!"}]}