{"id": 10656109, "listing_url": "https://www.airbnb.com/rooms/10656109", "name": "Welcome to a modern home in Enfield", "description": "A lovely cosy single room in a clean spacious home. <br /><br />I am willing to consider long term guests or Monday - Friday guests <br /><br />Guest check in is 2pm- 9pm ( latest)<br /><br />There are several local parks, shops are 2 minutes walk at the bottom of my road with nearby bus stops ( 2 mins walk) which goes to local underground and over rail train stations.<br /><br /><b>The space</b><br />My home has a security camera doorbell. <br /><br />Welcome to a clean modern comfortable single room. This room has lots of sunlight so you wake up to beautiful sunshine piercing through. There are chest of drawers available with some hanging space.<br /><br />When making a request or an enquiry please give brief information on the purpose of your trip. Without this information I will not consider your requests.  <br /><br />I do not accept guest who are arriving on late night flight arrivals and wish to check in after 9pm but if you would like me to consider a later arrival please discu", "host_name": "Christie", "host_id": 55034668, "host_url": "https://www.airbnb.com/users/show/55034668", "host_picture_url": "https://a0.muscache.com/im/pictures/user/d7ccc31b-b760-4b6e-b182-13fa5812b35d.jpg?aki_policy=profile_x_medium", "neighbourhood_cleansed": "Enfield", "latitude": 51.62089, "longitude": -0.08299, "property_type": "Private room in home", "room_type": "Private room", "accommodates": 1.0, "bathrooms": 1.0, "bedrooms": 1, "beds": 1, "amenities": ["Extra pillows and blankets", "First aid kit", "Cleaning before checkout", "Hair dryer", "Hangers", "Cleaning products", "Dishes and silverware", "Luggage dropoff allowed", "Essentials", "Free parking on premises", "Shampoo", "Free street parking", "Bed linens", "Carbon monoxide alarm", "Shower gel", "Wifi", "Heating", "Long term stays allowed", "Host greets you", "Microwave", "Refrigerator", "Iron", "Body soap", "Lock on bedroom door", "Conditioner", "Hot water", "Paid washer \u2013 In building", "Smoke alarm"], "price": 27.0, "numbers_of_review": 133.0, "review_scores_rating": 4.84, "reviews": [{"name": "Yahiaoui", "date": "2016-07-02", "review": "Bonjour \u00e0 tous.\r<br/>Ma fille a s\u00e9journ\u00e9e 2 mois au domicile de Christie.\r<br/>D'abord je souhaite remercier Christie, excellente h\u00f4te, c'est une dame formidable, sa devise la confiance.\r<br/>Le 1er jour d'arriv\u00e9e, j'ai accompagn\u00e9 ma fille,  nous avons \u00e9t\u00e9 tr\u00e8s bien recu et vite mis \u00e0 l'aise. Christie nous a m\u00eame invit\u00e9 a d\u00e9jeuner et cela nous a fait du bien apr\u00e8s ce long voyage.\r<br/>Concernant le logement excellent, je laisse ma fille s'exprimer sur ce point :\r<br/>Oui, Christie a \u00e9t\u00e9 formidable avec moi, tr\u00e8s gentille, j'ai eu une grande chambre \u00e0 moi toute seule.\r<br/>Sa maison \u00e0 l'int\u00e9rieur est belle et tr\u00e8s propre. On \u00e9t\u00e9 libre chez elle.\r<br/>Enfin de compte on \u00e9t\u00e9 chez nous dans son domicile.\r<br/>Christie a une totale confiance avec ses h\u00f4tes, on avait  chacun une clef  pour entr\u00e9e \u00e0 n'importe quelle heure.\r<br/>Je pr\u00e9cise que son habitation est \u00e0 proximit\u00e9 des transports.\r<br/>Merci Christie pour tout, si un jour je reviens  je n'h\u00e9siterai pas une seconde pour te choisir en qualit\u00e9 de H\u00f4te.\r<br/>Je peux vous dire \u00e0 vous le public, n'h\u00e9sitez pas, son logement et sa gentillesse, font d'elle une h\u00f4te professionnelle.\r<br/> Yousra "}, {"name": "Kevin", "date": "2016-07-04", "review": "I only stayed for one night but can tell you that Christie has a wonderfully clean and organized home. She is very accommodating and friendly!"}, {"name": "Dennis", "date": "2016-08-27", "review": "Excellent quiet location and the home is indeed clean and tidy as described. Christie's pleasant personality makes it even better.\r<br/>Thank you Christie!"}, {"name": "Genevieve", "date": "2016-08-31", "review": "Less than a 5 minute walk to the bus stop that goes to central London, Christie's home is light and bright and she goes out of her way to make you feel at home away from home.  "}, {"name": "Diana", "date": "2016-09-06", "review": "Christie was the perfect hostess.  She was there to greet me and help me settle in. She made me feel very welcome.  Everything was as pictured, and she was very helpful to me in planning my trips from there.  I would certainly stay there again."}, {"name": "Dimitra", "date": "2016-09-11", "review": "Christie is a great host. She made me feel welcome and very comfortable from the moment I arrived and was more than willing to help me with any questions I had. The house is as pictured and the location is less than 5 minutes walk to a bus stop for central London. It was a great stay."}, {"name": "Jessica Lily", "date": "2016-09-16", "review": "Christie was a great host - it is very clear she is a very experienced host. She is welcomimg and kind. Room is small and basic but perfect for what I was looking for. Will be using her again when I'm next in London. Close to public transport and good transport links. Thank you Christie! "}, {"name": "Jay", "date": "2016-09-18", "review": "Christie was very kind and friendly. even when I leave the house she give me a call just to check if I arrive safe in my destination. The house is very clean and the place. everything was same as in the picture. the place is great quiet  and peaceful. close to public transport. thank you. Godbless."}, {"name": "Ronald", "date": "2016-09-22", "review": "Christie is a perfect host. \r<br/>Everything is like as it is described. It's my pleasure to say that I had a really nice time at her cozy home and I like to come back anytime.\r<br/>"}, {"name": "Kathryn", "date": "2016-10-01", "review": "Christie was beyond welcoming. She has a lovely home, which is very conveniently located- don't let the map mislead you. The bus stop is right around the corner, and you have direct access to the Piccadilly tube line into central London in about 20 minutes. The home is very clean and lovely, and everyone is very considerate of each other. Wonderful stay, and I'll be sure to recommend her to anyone looking to visit London!"}]}