{"id": 10655479, "listing_url": "https://www.airbnb.com/rooms/10655479", "name": "Light & Spacious Islington Home", "description": "Occupying the first floor of a former pub on a quiet residential street, this charming two bedroom flat is situated moments away from Angel, Shoreditch & Dalston. Recently renovated to a high standard, it comfortably sleeps 2,3 or 4 people.<br /><br /><b>The space</b><br />A former Islington pub, converted in 2001, as a south facing corner building it benefits from almost ceiling to floor windows on three aspects making it full of natural light from dawn to dusk, with a view of the sunset through the trees every evening (clouds permitting).<br /><br />There are two bedrooms. The larger bedroom has a double bed and the smaller bedroom has one single bed. There is also a sofa bed in the living room that can sleep 1 or 2. Both beds have storage drawers and there is 1 cupboard in the bedroom.   The living room furniture includes table and 4 chairs, plus a sofa bed and inbuilt cupboards. <br /><br />The back bedroom, although without a view, gives complete privacy and makes for one of the m", "host_name": "Alan", "host_id": 50397940, "host_url": "https://www.airbnb.com/users/show/50397940", "host_picture_url": "https://a0.muscache.com/im/pictures/user/d996299d-7c77-4460-9d70-2cf5446c2d5c.jpg?aki_policy=profile_x_medium", "neighbourhood_cleansed": "Islington", "latitude": 51.53971, "longitude": -0.08909, "property_type": "Entire rental unit", "room_type": "Entire home/apt", "accommodates": 4.0, "bathrooms": 1.0, "bedrooms": 2, "beds": 2, "amenities": ["Essentials", "Washer", "Long term stays allowed", "Smoke alarm", "Carbon monoxide alarm", "Kitchen", "Heating"], "price": 100.0, "numbers_of_review": 1, "review_scores_rating": 3.0, "reviews": [{"name": "Anthony", "date": "2016-02-25", "review": "We really enjoyed the area, just next to the canal, it's really cool! The flat is really nice because its big and very bright. It was not the best Airbnb experience though because the appartement is really empty but Alan made his best to make our stay confortable.  "}]}