{"id": 1066230, "listing_url": "https://www.airbnb.com/rooms/1066230", "name": "5* reviewed Stylish spacious room", "description": "Our tastefully decorated and furnished home is located on a hill in a quiet residential area. We have been hosting airbnb guests for nearly ten years we have an idea what works best for us and our guests.<br /><br />We  also offer a compact single room for Airbnb guests.<br /><br />Wi-Fi is available we also offer breakfast for the first two nights of your stay.<br />Double bed, good storage & desk.<br /><br />We work from home for part of the week. Our home may not suit if you are planning to spend most of the stay in the house.<br /><br /><b>The space</b><br />The room will comfortably accommodate 2 people. The room is located at the rear of the house it has a king size bed, wardrobe and drawers for storage. A small desk and chair ( we can remove this from the room if required).There is a  hairdryer.<br /><br />Bathroom is shared. It has a walk-in shower, WC , washbasin and heated mirror.<br /><br />You are welcome to use the microwave, toaster & kettle in the kitchen use of the hob ", "host_name": "Philip & Augusto", "host_id": 5865632, "host_url": "https://www.airbnb.com/users/show/5865632", "host_picture_url": "https://a0.muscache.com/im/pictures/user/2a11a8df-6242-45be-9e9b-8df9bd8c804a.jpg?aki_policy=profile_x_medium", "neighbourhood_cleansed": "Lambeth", "latitude": 51.43372, "longitude": -0.1097, "property_type": "Private room in home", "room_type": "Private room", "accommodates": 2.0, "bathrooms": 1.0, "bedrooms": 1, "beds": 1, "amenities": ["Extra pillows and blankets", "First aid kit", "Hair dryer", "Wine glasses", "Dining table", "Hangers", "Dishes and silverware", "Essentials", "Free parking on premises", "Free street parking", "Bed linens", "Clothing storage", "Carbon monoxide alarm", "Wifi", "Heating", "Dishwasher", "Hot water kettle", "Microwave", "Refrigerator", "Host greets you", "Room-darkening shades", "Iron", "Drying rack for clothing", "Toaster", "Breakfast", "Security cameras on property", "Dedicated workspace", "Hot water", "Private fenced garden or backyard", "Smoke alarm", "Laundromat nearby", "Outdoor furniture"], "price": 46.0, "numbers_of_review": 98.0, "review_scores_rating": 4.95, "reviews": [{"name": "Elizabeth", "date": "2013-12-03", "review": "Philip and Augusto are awesome guys. The house was spotless; the room light, spacious and warm. The neighborhood quiet and pleasant. I would without a doubt give them my highest recommendation!"}, {"name": "Maite P\u00e9rez", "date": "2014-04-07", "review": "Our stay in Philip's house was great. The room was very nice, spacious and very clean. The rest of the house was lovely with a very beautiful kitchen. \r<br/>They were very helpufl. They showed us our way around the city and recomended us places to go, so we could enjoy more our time in London. "}, {"name": "Jeff", "date": "2014-06-01", "review": "This lovely room was exactly as described! The bed was extremely comfortable, the room had plenty of natural sunlight and a greta view of the city skyline. Philip and Augusto were delightful host with helpful information on local transit and local parks. The wifi was very fast and consistent (important for freelance graphic design). Breakfast was ready and set every morning with good options start the day off right. \r<br/>\r<br/>If you're looking for a home away from home, comfort and warmth you expect, this is spot!"}, {"name": "Yulia", "date": "2014-06-14", "review": "It was so pleasant to stay in the house. The room was lovely and comfortable, and it was especially wonderful to wake up in the sunlit room, hear birds singing and admire the view from the window. The hosts are just amazing, always so flexible and helpful, providing us with a lot of tips. Many thanks for breakfast and excellent coffee :) The neighborhood is nice, and the transport communication is good, 20 minutes to city centre by train.\r<br/>I never could imagine that the trip would be so great, thanks to Philip. "}, {"name": "Lance", "date": "2014-06-29", "review": "Phillip and Augusto are friendly and generous hosts! Both are knowledgeable on the many spectacular sights,venues, and events that greater London has to offer.  The room was comfortable and boasted amazing views of Central and Southern London.  Their home is a nice escape from the hustle and bustle of Central London, yet close enough to transit that takes you right back into the thick of things.  A wonderful place to stay if you are traveling solo or as a pair."}, {"name": "Ambre", "date": "2014-07-06", "review": "It was the first time for us in London and Philip et Augusto were a really good help.\r<br/>They have taught us many things about the city, transports, shops...\r<br/>Otherwise, they are really nice persons, whith always the smile.\r<br/>The room was clean and confortable whith a modern bathroom.\r<br/>The district was good, with shops and few restaurants and bar, and the national rail is at 5-10 minutes by walk.\r<br/>I recomand this room, really ! \r<br/>"}, {"name": "Marco M", "date": "2014-08-28", "review": "This was my best experience with airbnb, the host Philip  is like a friend whom you can trust without a second thought more importantly he trusted me with such a beautiful property, he never made me feel  renting. He was always there when I needed but without any interference. The view from the house is fantastic  the neigborhood quiet and silent; the room is very spacious, all is clean, confortable and nice, with a smart and lovely garden. Very easy to central London, only 20 minutes.  Thanks Philip and Augusto."}, {"name": "Rieja", "date": "2014-09-23", "review": "Philip and his partner Augusto have done everything to make our stay in London last weekend as pleasant as possible. \r<br/>The room is fine (quiet location with stunning views over the city!), the house is neat, the breakfast was good and we got masses of tips on attractions, public transport and all we wanted to know.\r<br/>Conclusion: we can highly recommend their place!"}, {"name": "Daniel", "date": "2014-10-06", "review": "Ich habe mich in der Zeit, in der ich bei Philip gewohnt habe, rundum wohl gef\u00fchlt.\r<br/>Die Gastgeber sind super nett und sehr hilfsbereit.\r<br/>Schon im Voraus hat Philip seine Hilfe angeboten um mir die Anreise so einfach wie m\u00f6glich zu machen.\r<br/>Das Haus ist sehr sauber und super sch\u00f6n eingerichtet.\r<br/>Ich w\u00fcrde das Zimmer jederzeit wieder mieten.\r<br/>PS: Philips Partner Augusto hat mir sogar angeboten, mich zur Bushaltestelle zu fahren, was mir die Abreise zus\u00e4tzlich erleichter hat."}, {"name": "Emma", "date": "2014-10-15", "review": "We had a blast staying with Phillip and Augusto.  They have a beautiful home and we felt very welcomed. They were very helpful and happily answered any questions. Given the length of our stay, we were greatful to be able to use the kitchen to cook meals.  We were provided with delicious breakfast provisions to make our own breakfast. The house was spotlessly clean!! The location was in a nice neighborhood with great links to public transport.  Highly recommend this place!"}]}