{"id": 10667558, "listing_url": "https://www.airbnb.com/rooms/10667558", "name": "Lovely room in Shoreditch", "description": "The house is located 5 minutes to Brick Lane, Liverpool street and Bethnal Green. The house is composed of 3 rooms, 1 fully equiped kitchen, a lovely living room with garden and 1 bathroom/toilet. <br />The room is bright and cozy with a wardrobe and chest of drawers.<br />The area is plenty of pubs, restaurants, parks and many things to do!<br /><br /><b>Guest access</b><br />Other guests are not permitted besides the booked ones", "host_name": "Silvia", "host_id": 35059206, "host_url": "https://www.airbnb.com/users/show/35059206", "host_picture_url": "https://a0.muscache.com/im/users/35059206/profile_pic/1433504292/original.jpg?aki_policy=profile_x_medium", "neighbourhood_cleansed": "Tower Hamlets", "latitude": 51.52459, "longitude": -0.06744, "property_type": "Private room in rental unit", "room_type": "Private room", "accommodates": 2.0, "bathrooms": 1.0, "bedrooms": 1, "beds": 1, "amenities": ["Essentials", "Wifi", "Hot water", "Washer", "Free parking on premises", "Long term stays allowed", "Host greets you", "Smoke alarm", "Hair dryer", "Iron", "Hangers", "Kitchen", "Heating"], "price": 40.0, "numbers_of_review": 7, "review_scores_rating": 4.86, "reviews": [{"name": "Saleem", "date": "2017-04-08", "review": "It was nice staying in Silvia's home. Room was clean and tidy. Everything was perfect. Recommended for visitors to stay."}, {"name": "Alison", "date": "2017-04-15", "review": "Very helpful host and a great room for younger travelers looking to check out the Shoreditch area. Flexible check in and check out made it very easy for us. Thanks for having us! "}, {"name": "Cris", "date": "2017-04-23", "review": "Silvias place was perfect for our weekend in London. Fab location and price and lovely hosts!"}, {"name": "Harry", "date": "2017-04-27", "review": "Silvia's place was perfect. We needed a good location for a photo shoot and a comfortable room for outfit changes. The house worked perfectly. Silvia  was also so easy to communicate with and very helpful. Would recommend!!"}, {"name": "Jackie", "date": "2017-04-30", "review": "Lovely, bright room with two windows facing trees. Bedroom is on its own separate floor with shared bathroom right next door. Tea and kettle within room. Excellent air flow when windows are cracked. Very kind and inviting host. Late check out was a huge perk! Ten minute walk to Brick Lane. Great base for exploring East London. "}, {"name": "Justin", "date": "2017-08-10", "review": "Silvia is very helpful and was very flexible with my late check-in. Very friendly home and enjoyable stay! The overground to Liverpool street is two minutes otherwise it take only 20 minutes to walk."}, {"name": "Justin", "date": "2017-08-17", "review": "Friendly, safe and clean. Everything you need and very close to the station for trips into Liverpool Street."}]}