{"id": 10671506, "listing_url": "https://www.airbnb.com/rooms/10671506", "name": "Wonderful, Victorian house in Hackney", "description": "Ours is a 150-year-old Victorian house in the heart of fashionable Hackney with a huge family kitchen, separate living room with working fireplace, large garden, and six cosy bedrooms, including a bright and large master bedroom in the loft. The neighbourhood is full of delightful pubs, cafes and restaurants. There are great walks and cycle paths along the canal to the Thames. Access to central London on public transport is easy and quick.<br /><br /><b>The space</b><br />The house is in Lower Clapton, in our opinion the friendliest and most interesting neighbourhood in London. The street is very, very quiet. The house has six bedrooms, including three doubles so you'll never feel cramped. The garden has a lovely patio at the back for enjoying the last of the summer sun. It's the perfect place - we say - for being both at the centre of London life while providing a bolthole to retreat to when you seek some calm. Oh and there's an outdoor pizza oven and barbecue for guests to enjoy", "host_name": "Robert", "host_id": 31227887, "host_url": "https://www.airbnb.com/users/show/31227887", "host_picture_url": "https://a0.muscache.com/im/pictures/user/7aed681e-5763-4f3c-b26e-74850c997ca0.jpg?aki_policy=profile_x_medium", "neighbourhood_cleansed": "Hackney", "latitude": 51.55597, "longitude": -0.04977, "property_type": "Entire home", "room_type": "Entire home/apt", "accommodates": 11.0, "bathrooms": 2.5, "bedrooms": 5, "beds": 5, "amenities": ["Record player", "Fireplace guards", "First aid kit", "Oven", "Barbecue utensils", "Hair dryer", "Wine glasses", "Dining table", "Hangers", "Piano", "Rice maker", "Dishes and silverware", "Essentials", "TV with standard cable", "Outdoor furniture", "Baking sheet", "Cooking basics", "Bed linens", "Paid parking on premises", "Babysitter recommendations", "Bathtub", "Indoor fireplace", "Heating", "Wifi", "Children\u2019s books and toys", "Coffee maker", "Dishwasher", "Game console", "Long term stays allowed", "Hot water kettle", "Refrigerator", "Private patio or balcony", "Iron", "Body soap", "Kitchen", "BBQ grill", "Stove", "Toaster", "Paid street parking off premises", "Hot water", "Washer", "Board games", "Private fenced garden or backyard", "Smoke alarm", "Dryer", "Cable TV", "Freezer"], "price": 350.0, "numbers_of_review": 3, "review_scores_rating": 4.67, "reviews": [{"name": "Stephen", "date": "2016-08-14", "review": "Perfect home for a family vacation to London. Lots of room and easy access to public transport within walking distance to get you to the heart of the city. Lovely restaurants, shops and parks nearby. Perfect host great communication would stay again. "}, {"name": "Mette", "date": "2019-08-04", "review": "Great place located in a wonderful little borough, close to transit options, grocery, pubs and restaurants. Five bedrooms, three bathrooms and chef\u2019s dream of a kitchen with folding doors that opened the entire kitchen to the backyard. We enjoyed bottles of wine and coffees just the same with those doors open. Strongly recommend! Cheers."}, {"name": "Thierry", "date": "2019-08-18", "review": "Maison anglaise tr\u00e8s bien r\u00e9nov\u00e9e avec un beau niveau d'\u00e9quipements dans un quartier calme. <br/>Maison tr\u00e8s propre.<br/>Le jardin qui donne sur une grande baie vitr\u00e9e sur la cuisine est superbe.<br/>La maison est bien situ\u00e9e entre 30 mn et 1 heure de Londres en fonction des destinations.<br/>Accueil tr\u00e8s sympathique de Robert.<br/>Une belle semaine \u00e0 Londres dans ce sympathique lieu."}]}