{"id": 1067936, "listing_url": "https://www.airbnb.com/rooms/1067936", "name": "Double room  private bathroom  LGBT friendly home", "description": "In response to the Covid 19 pandemic, we have introduced some new procedures so that you feel safe and welcomed to our home - please see the detail  in the next section. <br /><br />This is a lovely double room, with its own private bathroom, in a Victorian house in Stoke Newington. We have been welcoming guests for over 7 years and have over 400 great reviews for our rooms. We love hosting for Airbnb and make very effort to make your visit comfortable and relaxed.<br /><br /><b>The space</b><br />We live in a trendy, vibrant and safe neighbourhood with a village like atmosphere, close to the centre of London.<br /><br />We have been successful Air bnb hosts for over 7 years - we are obviously changing our practice now in responses to the Covid 19 pandemic. We would love to welcome you to our LGBT friendly home in the heart of Stoke Newington - and we definitely want to make certain that it is safe for you to be here. So, we are implementing the following procedures in line with the US", "host_name": "Annie And Belinda", "host_id": 5487948, "host_url": "https://www.airbnb.com/users/show/5487948", "host_picture_url": "https://a0.muscache.com/im/users/5487948/profile_pic/1403464817/original.jpg?aki_policy=profile_x_medium", "neighbourhood_cleansed": "Hackney", "latitude": 51.56479, "longitude": -0.08222, "property_type": "Private room in townhouse", "room_type": "Private room", "accommodates": 2.0, "bathrooms": 1.0, "bedrooms": 1, "beds": 1, "amenities": ["Fire extinguisher", "Hair dryer", "Hangers", "Essentials", "Shampoo", "Clothing storage: dresser and closet", "Carbon monoxide alarm", "Shower gel", "Wifi", "Heating", "Children\u2019s books and toys", "Coffee maker", "Dishwasher", "Backyard", "Long term stays allowed", "Host greets you", "Microwave", "Refrigerator", "Iron", "Breakfast", "Hot water", "Washer", "Paid parking off premises", "Baby monitor", "Children\u2019s dinnerware", "Smoke alarm"], "price": 65.0, "numbers_of_review": 264.0, "review_scores_rating": 4.95, "reviews": [{"name": "Ljuba", "date": "2013-04-29", "review": "It was lovely staying with Annie and Belina. They have such a great, well taken care of house and the homemade muesli is absolutely delicious! It really felt like a warm and welcoming household--a pleasure! We got to warm our feet by the fireplace ;) Would stay there again with pleasure."}, {"name": "Michael And Julia", "date": "2013-05-01", "review": "I had a wonderful stay at Annie and Belindas absolutely beautiful Victorian home in Stoke Newington, London.  They were so welcoming, generous and fun and though I'm usually quite shy of dogs, I completely fell in love with their teeny, gentle and sweet miniature dachshunds.  The room itself was just perfect with a super comfortable bed, dressed with the highest quality bed linen  :-)  and the shower and breakfast were simply tops.  All in all, a super experience and I hope to stay again when next in London.  "}, {"name": "David", "date": "2013-05-07", "review": "Annie and Belinda are wonderful, special people who will make your stay something to remember. We felt immediately at home thanks to their relaxed and warm manner with which they welcomed us. We especially loved the little, well chosen design features which are everywhere in the house. The breakfast (home-made muesli!) and conversations in the morning were just fab - 5 out of 5!\r<br/>\r<br/>Laura and David"}, {"name": "Joe", "date": "2013-05-11", "review": "It was really nice to stay at Annie and Belinda's place. Their house is truly beautiful and well decorated. The bedroom was spacious, clean and cosy with TV/DVD. The breakfast was great and we felt like in a real luxury and cosy B&B. The hosts are very friendly as well as their dogs. Annie even gave us a ride with our luggages to our new home. Good location in a quiet area where lots of buses will bring you everywhere. Very pleasant stay and I would definitely recommend it to everyone!"}, {"name": "Noa", "date": "2013-05-16", "review": "If you are looking for excellent hosts you've just found them! Annie and Belinda know exactly how to make people feel comfortable at their home, they'll provide delicious breakfast and turned out to be rather uplifting companions. Their house is totally clean, cozy and nicely furnished and decorated. I'd go back any time :)"}, {"name": "Jutta", "date": "2013-05-25", "review": "What a great place to stay when you come to London!\r<br/>Annie & Belinda were the best hosts we could have wished for. Very welcoming and helpful, relaxed, with a lot of interesting stuff to tell and a good taste in music. \r<br/>This, plus the cosy room, the cuuuute dogs, the fantastic bed and the great area made us really feel at home.\r<br/>\r<br/>Thanks again!\r<br/>\r<br/>"}, {"name": "Emmanuelle", "date": "2013-05-27", "review": "Annie and Belinda are both very friendly and very welcoming. We had a really good time at their home and we recomand their place!! Thanks again it was a pleasure to meet you :)!"}, {"name": "Nicholas", "date": "2013-06-02", "review": "The raspberry muffins on arrival were warm, Annie and Belinda's company was even warmer, and their home (and the hood in which it is located) is great. As a stranger to London, their advice on how to get around and what sights to see was really appreciated and useful, as was the coffee, muesli and fruit salad breakfast every morning. Both of them went out of their way to ensure my stay was comfortable - if you're looking for somewhere affordable and comfortable to stay in Stoke Newington, you'd be nuts to pass this place up. "}, {"name": "Saulius", "date": "2013-06-03", "review": "The room was very nice and even seemed to be a bit bigger than it looks from photo. The house is a short walk away from the emirates stadium, therefore you can avoid the public transportation queues after a gig/game and just walk home. Annie and Belinda were very helpful and nice to talk to. The two dogs were also very cute. Cannot really say anything bad about the room or the hosts to be honest, a lovely stay."}, {"name": "Abi", "date": "2013-06-05", "review": "We were made to feel right at home at Annie and Belinda's beautiful house. They were very friendly and helpful with advice about travel around the city. Along with Lola and Scout (the two cute sausage dogs) they made perfect hosts and also provided us with a hearty breakfast of delicious muesli and fresh fruit. The rooms were immaculate, very stylish. The bathroom was spotless, and  there was fresh and clean bed linen and towels. The beds were comfy and we had a great quiet nights sleep both nights. They would be my first choice when visiting London in the future, the fact it is so cheap is a bonus. It makes visiting the capital possible more often."}]}