{"id": 10674837, "listing_url": "https://www.airbnb.com/rooms/10674837", "name": "Stately home in heart of Bloomsbury", "description": "Amidst the historic parks and terraced streets of Bloomsbury, and only 10min walk from heart of Soho and Covent Garden, is this spacious elegant home.<br /><br /><b>The space</b><br />It's a beautifully renovated edwardian house. The outside of which has been used in many films and television series. There are lovely parks at both ends of the street and fantastic access to transport services.<br /><br /><b>Guest access</b><br />Full access to the apartment apart from a storage room.", "host_name": "Aaron", "host_id": 1340930, "host_url": "https://www.airbnb.com/users/show/1340930", "host_picture_url": "https://a0.muscache.com/im/users/1340930/profile_pic/1443188271/original.jpg?aki_policy=profile_x_medium", "neighbourhood_cleansed": "Camden", "latitude": 51.51829, "longitude": -0.12537, "property_type": "Entire rental unit", "room_type": "Entire home/apt", "accommodates": 4.0, "bathrooms": 2.5, "bedrooms": 2, "beds": 2, "amenities": ["Essentials", "Wifi", "Washer", "Long term stays allowed", "Shampoo", "TV with standard cable", "Smoke alarm", "Hair dryer", "Iron", "Carbon monoxide alarm", "Dryer", "Hangers", "Kitchen", "Cable TV", "Heating"], "price": 259.0, "numbers_of_review": 18.0, "review_scores_rating": 5.0, "reviews": [{"name": "Alesandra", "date": "2016-03-18", "review": "My dad and I enjoyed our stay very very much! Great location, right next door to the British Museum, very central and quiet.  We are planing to come back in June, hopefully it's free :)"}, {"name": "Aline", "date": "2016-03-30", "review": "A fantastic apartment in a great location, plenty to do within walking distance and good for transport links too.\r<br/>It was much more spacious than we had expected, very clean, comfortable and well-equipped.\r<br/>A great place to relax after a day's sightseeing."}, {"name": "Angie", "date": "2016-04-04", "review": "Aaron was quick and precise in orientating us with his apartment. He made it clear and easy for us. The apartment was great and true to the pictures posted. Very clean and neat. \r<br/>\r<br/>"}, {"name": "Michelle", "date": "2016-04-23", "review": "we were welcomed to the flat by Aaron who showed us around and how everything worked.the flat is simply beautiful. its very clean, has a  very tranquil atmosphere and is very quiet even though it has a very central location. we really enjoyed our time here and would love to stay again."}, {"name": "Daphne", "date": "2016-07-19", "review": "The house is beautiful, the location is perfect, Aaron was very nice. We  highly recommend this flat. "}, {"name": "Peter", "date": "2017-03-16", "review": "Great location.  Very central. Clean and quiet. A great place for visitors to London.  Gladly would stay here again. "}, {"name": "Brother Linh", "date": "2017-10-16", "review": "We had a wonderful stay at Aaron's place. It's a real home - a cut above a lot of Airbnb's run by agencies. Spacious, beautiful, clean and fantastically well located. It was perfect!"}, {"name": "Chiaki", "date": "2017-10-26", "review": "Absolutely beautiful. <br/>The place is so spacious and clean,<br/>Best location but no noisy at all.<br/>Easy check in and Aron was really easy to communicate . Highly recommend"}, {"name": "Andrew", "date": "2017-11-26", "review": "Fantastic 2 br, 2.5 bath, 2 floor flat in Bloomsbury; if Bloomsbury is where you want to stay (or want to try -- highly recommend this section of London), then this is the place to stay; why stay in a cramped hotel when you can stay here; conveniently located between Bloomsbury Square and Russell Square; host was out of town buy left access keys at key caf\u00e9 in 24 hour store relatively close by; modern Apple TV and Echo driven home automation; full kitchen, washer / dryer, allows you to economize on food and luggage; thumbs up on this one, please don't book it next time I am in London and want to stay here"}, {"name": "Amanda", "date": "2017-12-12", "review": "Look no further, Aaron\u2019s Place is the best Airbnb experience you\u2019ll ever have - he is online within a minute for any queries, so many extra touches, inclusions and techy stuff not mentioned in his blurb. We felt totally welcomed and loved staying there and hopefully will get the opportunity to stay again."}]}