{"id": 10675259, "listing_url": "https://www.airbnb.com/rooms/10675259", "name": "Super 1 Bed Flat Broadway Market!", "description": "Superb 1 double bedroom flat located right in Broadway Market, one of the coolest parts of London with loads on offer to go out, eat & experience. Next to Regents Canal, London Fields & well connect to visit the rest of London.<br /><br /><b>The space</b><br />Wonderful one double bedroom flat full of character with open plan living space, outside terrace area and modern large walk in shower! There's no telly, but you can borrow one of the books from the walls. Leave them behind though as most are unread.<br /><br />The kitchen is fitted with a 90s suite teetering on retro but there's new floors and a new bathroom and a modern feel throughout.<br /><br />You will find everything you need for your visit, wifi, linen & towelling provided.<br /><br /><b>Guest access</b><br />Guests have full access to the entire flat.", "host_name": "Veronica", "host_id": 28820321, "host_url": "https://www.airbnb.com/users/show/28820321", "host_picture_url": "https://a0.muscache.com/im/users/28820321/profile_pic/1444330784/original.jpg?aki_policy=profile_x_medium", "neighbourhood_cleansed": "Hackney", "latitude": 51.5366, "longitude": -0.06306, "property_type": "Entire rental unit", "room_type": "Entire home/apt", "accommodates": 2.0, "bathrooms": 1.0, "bedrooms": 1, "beds": 1, "amenities": ["Essentials", "Wifi", "Washer", "Long term stays allowed", "Shampoo", "Smoke alarm", "Hair dryer", "Iron", "Carbon monoxide alarm", "Hangers", "Kitchen", "Heating"], "price": 70.0, "numbers_of_review": 22.0, "review_scores_rating": 4.77, "reviews": [{"name": "Salvo", "date": "2016-02-04", "review": "Veronica's flat was perfect! A warm and cosy flat in an amazing location!Right in the middle of one of the coolest street in London! Highly recommended "}, {"name": "Larissa", "date": "2016-02-15", "review": "My boyfriend and I had a great time in London, thanks to the ideal location of this apartment. It is right on Broadway Market, a lovely area with several yummy cafes, restaurants and cool shops, and a 10min walk to Colombia Road - where one should not miss the Sunday Flower Market!<br/>The apartment is the perfect size for two and has all the amenities one needs to feel at home. I definitely recommend this place."}, {"name": "Chen", "date": "2016-02-20", "review": "Great flat in an even better location. Just what I needed for a short stay. Excellent shops and restaurants on the street, and a fabulous market on Saturday. Veronica was so helpful and easy to communicate with. Highly recommend!"}, {"name": "Stila", "date": "2016-02-27", "review": "Excellent flat with a brilliant location, Veronica is so helpful and very responsive to all enquiry. I will definitely choose it again in my next visit :)"}, {"name": "Inbar", "date": "2016-03-15", "review": "Veronica is a wonderful host. Her place is airy pretty and clean, the location is perfect. I had a great stay and I highly recommend staying here."}, {"name": "Milo", "date": "2016-03-24", "review": "Veronica's place is cozy, warm, in a great little stretch of Hackney, and has everything you need. Had a great time there!"}, {"name": "Nick", "date": "2016-04-09", "review": "Terrific flat, great location and excellent host!\r<br/>\r<br/>Many thanks!"}, {"name": "Robin", "date": "2016-05-27", "review": "What can I say? A wonderful little one bedroom flat directly on an even more wonderful little street. Broadway Market is just lovely. Communication with Veronica was very quick and very thorough and Rossana had cleaned the apartment impeccably before I arrived and was an absolute pleasure to deal with when exchanging keys etc. I will definitely stay there again if I get the chance. Thanks Veronica and Rosanna!"}, {"name": "Paul", "date": "2016-05-30", "review": "Our stay was very comfortable in the flat and it was perfect for two people. The area has a cool, hipster vibe and we stayed here bec we were visiting friends close by. The location is about a 25-min drive from central London (Ubers were always available), a 17-min walk to the Bethnal Green underground stop, and a 10-min walk to the London Fields overground stop. \r<br/>The bedroom faces the street and on Sat mornings there is an all day market that plays music with bass right outside the window so it will definitely wake you; Ear plugs and a white noise app on your phone will help if you want to sleep in a little. Unfortunately we missed the Market bec we had plans, but our friends that live there say it's pretty cool.\r<br/>There are a bunch of cute restaurants (e.g. Italian, French, Japanese) right outside your door step. One night we brought back our pizza and ate it at the dining table with the doors open leading out on to the back porch so it was al fresco-ish. We were able to wash a load of clothing and use the drying rack on the porch to dry them. \r<br/>Veronica communicated well and she arranged for someone to meet us at the flat. The day of we asked if we could possibly check in earlier and we were able to do that so that was a bonus. Our last day we were able to check out in the early afternoon and that was a nice plus, too."}, {"name": "Phil", "date": "2016-06-04", "review": "Brilliantly stay at Veronica's place on Broadway Market! Location is so good for everything - buses/trains and bikes are all within a short walk. And you're spoilt for choice when it comes to good food and sweet bars near the flat. The place itself was perfect. Comfortable, quiet, and had everything I needed to live there very happily for the week. Highly recommended!"}]}