{"id": 10672680, "listing_url": "https://www.airbnb.com/rooms/10672680", "name": "Double Room with great views", "description": "Bright & spacious double bedroom on the 18th floor with stunning views. Conveniently located for transport links, with Swiss Cottage 7 minutes, Belsize Park and Chalk Farm 10 minutes\u2019 walk respectively. <br />Primrose hill is within 5 minutes whereas the Regent's Park is about 10 minutes\u2019 walk.  Hampstead village and Heath both about 20 minutes\u2019 walk. England's lane, Swiss cottage and Primrose hill provide array of restaur, Swiss cottage providing easy access to and from Luton and  Stansted airport.<br /><br /><b>The space</b><br />Stunning views across London from an 18th floor apartment<br /><br /><b>Guest access</b><br />No access to the kitchen<br /><br /><b>Other things to note</b><br />No parties and never more than 2 people are allowed to stay in the room", "host_name": "Lawrence", "host_id": 20915244, "host_url": "https://www.airbnb.com/users/show/20915244", "host_picture_url": "https://a0.muscache.com/im/pictures/user/f94ba2bb-e401-435b-812c-8fe38a056e8b.jpg?aki_policy=profile_x_medium", "neighbourhood_cleansed": "Camden", "latitude": 51.54515, "longitude": -0.16725, "property_type": "Private room in rental unit", "room_type": "Private room", "accommodates": 2.0, "bathrooms": 1.0, "bedrooms": 1, "beds": 1, "amenities": ["Essentials", "Hot water", "Long term stays allowed", "Shampoo", "Elevator", "Fire extinguisher", "Smoke alarm", "Bed linens", "Wifi \u2013 1 Mbps", "Carbon monoxide alarm", "Shower gel", "Body soap", "Hangers", "Heating", "Lock on bedroom door"], "price": 75.0, "numbers_of_review": 97.0, "review_scores_rating": 4.58, "reviews": [{"name": "Demetrios", "date": "2016-02-14", "review": "The room was very clean and matched the pictures in the listing. The view was also amazing, as expected. Sajid was a very friendly host and made us fresh croissants for breakfast which were delicious and much appreciated."}, {"name": "Steve", "date": "2016-04-29", "review": "There is only great things to say about Sajid and his place in Primrose Hill. Just the nicest guy ever, kind, sincere, accommodating, and his apartment it gorgeous, with a great view and comfortable bed, and lovely decorated room. Perfect for business or pleasure. Close to all of North London's best, and 5 min from the train. Recommended."}, {"name": "Alice", "date": "2016-05-29", "review": "Great stay at Sajid house - only one night due to an event in Camden. He was so kind and agreed to us staying only a few hours before arriving, very hospitable and kind.  "}, {"name": "Guillaume", "date": "2016-06-21", "review": "Great stay, Sajid was very accommodating and sympathetic. The whole description of the place was accurate.\r<br/>The neighborhood is great and quiet and not far from the tube which brings you directly to the center of London."}, {"name": "Josh And Rebecca", "date": "2016-06-26", "review": "Our first Airbnb experience, pleasant and clean. Sajid was welcoming and made our stay comfortable and relaxed."}, {"name": "Adelaida", "date": "2016-07-03", "review": "Sajid was a very welcoming host and very responsive to messages. \r<br/>His place looks clean and very nice. Totally recommend it."}, {"name": "Celine", "date": "2016-07-09", "review": "Sajid was the best host ever! Very accommodating and helpful. Totally recommend staying here."}, {"name": "Orion", "date": "2016-07-10", "review": "Good place to stay. Close to london town"}, {"name": "Keira", "date": "2016-07-16", "review": "Lovely comfortable apartment, beautifully decorated with stunning views of London.  Grabbed the bus into Camden for the night and found travel easy from this location. Would definitely recommend Sajid's place."}, {"name": "Will", "date": "2016-08-11", "review": "Great location, Camden, Regent's Park, Primrose Hill and Hampstead all within easy walking distance. We didn't take the tube once. Photos were accurate, room clean and comfortable and Sajid very welcoming."}]}