{"id": 10677537, "listing_url": "https://www.airbnb.com/rooms/10677537", "name": "Double room in Hackney, East London", "description": "My place is in Homerton, which is a residential part of Hackney.  Very close to green spaces and the Olympic Park and just a short walk to shops, restaurants and bars.  10 minutes from the nearest Overground train station which is part of the tube network.  <br /><br />Private double room in house with shared use (with friendly host) of the living spaces, kitchen, bathroom and garden.  Great location, lovely house!", "host_name": "Tony", "host_id": 55153512, "host_url": "https://www.airbnb.com/users/show/55153512", "host_picture_url": "https://a0.muscache.com/im/pictures/user/eda114e4-a18b-4673-acbc-fd36d07c1731.jpg?aki_policy=profile_x_medium", "neighbourhood_cleansed": "Hackney", "latitude": 51.55165, "longitude": -0.03578, "property_type": "Private room in home", "room_type": "Private room", "accommodates": 1.0, "bathrooms": 1.0, "bedrooms": 1, "beds": 1, "amenities": ["Extra pillows and blankets", "Oven", "Hangers", "Piano", "Dishes and silverware", "Essentials", "Cooking basics", "Bed linens", "Clothing storage: dresser and closet", "Heating", "Coffee maker", "Dishwasher", "Long term stays allowed", "Host greets you", "Microwave", "Portable fans", "Refrigerator", "Outdoor dining area", "Private patio or balcony", "Iron", "Kitchen", "Drying rack for clothing", "Stove", "Hot water", "Private fenced garden or backyard", "Paid parking off premises", "Smoke alarm", "Free washer \u2013 In unit", "Outdoor furniture", "Fast wifi \u2013 282 Mbps"], "price": 42.0, "numbers_of_review": 17.0, "review_scores_rating": 4.71, "reviews": [{"name": "David", "date": "2018-06-20", "review": "Tony's place is ideal for visiting or working short term in London. The location is excellent right beside the Olympic & Victoria Parks and the fantastic Hackney Wick area. Excellent kitchen & garden, two sweet cats and Tony himself is very kind, polite and helpful. There are fast transport options to everywhere central in the city."}, {"name": "Thiago", "date": "2018-07-09", "review": "a very nice and clean house. I was received very well and cordially. I recommend"}, {"name": "Denise", "date": "2018-07-26", "review": "Tony is a wonderful host. <br/>Gives good conversation but also gives you your own space. <br/>Lovely house and a good sized bedroom. <br/>Showers and a bath available as well as full use of the kitchen. <br/>Definitely recommend Tony to future travellers. :) "}, {"name": "Laura", "date": "2018-08-01", "review": "Very nice and clean house, and a comfortable room. A great location with a very charming park right behind. I definitely recommend it! Thanks again Tony!"}, {"name": "Francesca", "date": "2018-09-22", "review": "Tony has been incredibly welcoming! The house is lovely, next to a small park and less than a 15 minute walk to the closest station. The area is also very quiet. <br/>Bonus points for the new bathroom and the cats :)"}, {"name": "Stu", "date": "2018-10-18", "review": "A warm welcome, great Air BnBer and comfy nights sleep. What's not to like! Tony is a communicative and friendly host whose house is great and hospitable."}, {"name": "Deborah", "date": "2018-11-01", "review": "Tony was a great host. His house in Hackney is very lovely and I really enjoyed staying there. Everything worked out perfect and I'd def go there again"}, {"name": "Tim", "date": "2019-03-07", "review": "Tony is friendly and helpful, and his place is clean, tidy and well appointed. Room is pleasant with a view over gardens and a green. <br/>His front door doesn\u2019t have a number, but is a green colour and is on the end of the row."}, {"name": "Jai", "date": "2019-03-12", "review": "A nice easy stay at Tony's without problem to come and go as you please."}, {"name": "Alex", "date": "2019-04-27", "review": "I had a great month at Tony\u2019s place. It\u2019s a beautiful period home on a quiet street, with plenty going on in the local area. Victoria Park is nearby and the River Lea is almost in the back garden! Tony is a very laid back and personable guy who was always keen to have a chat, when around.  His cats (Vince and Barbera) were a nice bonus!<br/>I would definitely recommend."}]}