{"id": 10673631, "listing_url": "https://www.airbnb.com/rooms/10673631", "name": "Great Central Location - 2bed Chelsea/Earls Court", "description": "A fantastic 2 bed flat, located within 5 minutes from Earls Court tube station and within walking distance to a variety of restaurants, museums, parks, and many local attractions. The flat is located on the second floor with no lift. The back of the flat is overlooking the quiet private gardens, with access to a tennis court and jogging track.<br /><br />Please note the property is on Warwick Road, which could get busy at times thus there is potential for noise.<br /><br /><b>The space</b><br />The flat is located on the second floor with no lift. Once you enter through the hallway you have 2 double bedrooms with wardrobe space each of them so you can store your belongings. <br /><br />The living room is spacious and overlooking Philbeach private gardens, to the left there is a small kitchen with everything you need during your stay in London. <br /><br />You also have access to the private gardens which has a tennis court and a jogging track.<br /><br />On the other side of the flat y", "host_name": "Raul&Carol", "host_id": 2634160, "host_url": "https://www.airbnb.com/users/show/2634160", "host_picture_url": "https://a0.muscache.com/im/pictures/user/f1472487-d5df-40b4-b3fc-55e1403fe8d8.jpg?aki_policy=profile_x_medium", "neighbourhood_cleansed": "Kensington and Chelsea", "latitude": 51.49272, "longitude": -0.19831, "property_type": "Entire rental unit", "room_type": "Entire home/apt", "accommodates": 5.0, "bathrooms": 1.0, "bedrooms": 2, "beds": 2, "amenities": ["First aid kit", "Oven", "Fire extinguisher", "Hair dryer", "Hangers", "Dishes and silverware", "Essentials", "Shampoo", "Cooking basics", "Single level home", "Bed linens", "49\\ HDTV", "Carbon monoxide alarm", "Shower gel", "Wifi", "Heating", "Coffee maker", "Long term stays allowed", "Microwave", "Refrigerator", "Shared fenced garden or backyard", "Outdoor dining area", "Iron", "Kitchen", "Stove", "Hot water", "Smoke alarm", "Free washer \u2013 In unit", "Lockbox"], "price": 206.0, "numbers_of_review": 76.0, "review_scores_rating": 4.58, "reviews": [{"name": "Muriel", "date": "2016-01-30", "review": "Everything was perfect. The place is much better than in the photos! Location is great and hosts were very helpful for a last minute request. Would stay here in my next trip!\u00a0"}, {"name": "Ludivine", "date": "2016-02-02", "review": "I was positively surprised with this flat. It is very clean has everything you need for a short stay. Carolina met me upon arrival and was really friendly and helpful. It was great value for money."}, {"name": "Adam", "date": "2016-03-20", "review": "Our arrival was a little earlier than expected, but Brenda (Carolina' friend) gave us a massive warm welcome!  After showing us around the flat, and mentioning that she'd left a bottle of red wine for us to enjoy, we settled into a lovely flat.  It was perfect, beautifully clean, well equipped and extremely comfortable!  We would definitely stay here again!"}, {"name": "Adri\u00e1n", "date": "2016-04-07", "review": "This flat was perfect for me and a friend. It is very clean, well equipped and it is even better than in the photos. Location is great as near to the tube. This flat is ideal for 2 friends/colleagues like ourselves or a family. Hosts were great! Will definitely stay here in my next trip to London"}, {"name": "Tanuja", "date": "2016-04-17", "review": "Caroline and Raul have a truly beautiful place which is super easy to get to, with effortless connections (via Earls Court Underground), to anywhere you might wish to take yourself to in London. High on Style and Warmth, the apartment is a visual treat. Having said that it is kitted with all the practical amenities one might need to feel settled when one is away from one's own home. They don't scrimp on anything...everything within the house is of good quality and is very well maintained . There also is ample practical storage space, for you to put your stuff out of the way. We found it not easy to stir ourselves away from the view of a gorgeous private garden visible from their large living room windows. Raul was whom we dealt with and we found him efficient yet very friendly, quick to respond and happy to accommodate us when we had minor, timing and 'phones dying out on us', issues. The place is 2 flights up (without elevator) in a secure vintage house. Don't be deterred by the trudge upstairs, its over before you know it and well worth the effort. Our only intention in informing you is so you come mentally prepped to exert some muscle power. Also as a tip...if you exit from the back of Earls Court Station the Apartment is literally a 2-minute to your right. \r<br/>We would Happily book with Caroline again.\r<br/>\r<br/>\r<br/>"}, {"name": "Ameen", "date": "2016-05-01", "review": "Had an amazing time at this place , Carolina is an amazing host by all means the place was very clean and tidy more than anyone can expect , for sure will consider the place again , thank you Carolina for everything "}, {"name": "Geraldine", "date": "2016-05-13", "review": "We loved staying at this flat. It has a beautiful view of a private park from the living room and kitchen, which is small but efficient. The beds are very comfortable. It's an excellent location being so close to the tube and the buses, cafes and shops. The only small obstacle is the stairs leading up to the flat on the second floor. But very good security. It was like being at home."}, {"name": "Olivia", "date": "2016-05-22", "review": "We were warmly greeted and our cases were left in apartment while they were cleaning up. The flat is very central to tube a block away..fantastic. Beds comfy. Bedrooms on noisy road..lounge on park side. Fantastic..TV and wifi in flat. Would set the water on higher temperature for shower. Toilet separate from bathroom. Small kitchen but so close to restaurant and Tesco. We enjoyed our stay with great host.Flat clean. We enjoyed our stay. Carolina and crew hands on..I would recommend area flat to family and friends. What a win so worth it..can't go wrong with this flat. Thank you...."}, {"name": "Debi", "date": "2016-05-24", "review": "Great location!!  Steps from the Earls Court tube station and a short walk to a 24hr supermarket.  The flat was as described and very clean upon arrival.  The hosts were very kind and accommodating.  \r<br/>Would definitely stay at this location again."}, {"name": "Jennifer", "date": "2016-06-23", "review": "Our stay at Carolina's flat was excellent. She was very responsive before our check in and seems very friendly. We got into the flat a little early and the staff was there to meet us. The accommodations are excellent. The flat is in a great location for getting around and locally there are few good pubs and cafes. The flat is clean and well appointed. There are 2 bedrooms each with a full sized/ double bed. The bedrooms are on the street side of the apartment. There is a beautiful garden park out the back of the apartment. There is a washer/dryer and  I used the washer/dryer for a few loads before we got going on the countryside portion of our trip. The neighborhood seemed very safe. I think this flat is a great place to stay and I would highly recommend it to other travelers. "}]}