{"id": 10671046, "listing_url": "https://www.airbnb.com/rooms/10671046", "name": "Great Fulham location & beautiful room.", "description": "A classic Edwardian terraced house in leafy and tranquil Fulham. Recently renovated throughout and beautifully appointed. The area is safe, quiet & a short walk from great little restaurants, cafes & bars. Available for guests is a light, airy & spacious double room with en-suite shower room, television and wifi.<br /><br /><b>The space</b><br />This lovely bedroom has a comfortable double bed and is on the first floor of my house. There is an ensuite shower room however for those who love to bathe there is also exclusive use of a further bathroom with large roll-top bath.<br />There is plenty of hanging space and a large flat screen TV on the wall.<br /><br /><b>Guest access</b><br />Guests are made to feel very welcome. If required, breakfast will be served in the open plan kitchen. Guests will be given one set of keys so they can come & go as they please. Check in is from 4pm and check out by 10am, although I can be flexible and bags usually can be left by prior arrangement.<br /><b", "host_name": "Diane", "host_id": 55120666, "host_url": "https://www.airbnb.com/users/show/55120666", "host_picture_url": "https://a0.muscache.com/im/pictures/user/54238e92-50ac-418e-8b51-c820be2c2713.jpg?aki_policy=profile_x_medium", "neighbourhood_cleansed": "Hammersmith and Fulham", "latitude": 51.48107, "longitude": -0.21019, "property_type": "Private room in home", "room_type": "Private room", "accommodates": 2.0, "bathrooms": 2.0, "bedrooms": 1, "beds": 1, "amenities": ["Conditioner", "Essentials", "Wifi", "Hot water", "Paid street parking off premises", "Shampoo", "TV", "Host greets you", "Smoke alarm", "Hair dryer", "Carbon monoxide alarm", "Shower gel", "Hangers", "Heating", "Breakfast"], "price": 70.0, "numbers_of_review": 70.0, "review_scores_rating": 5.0, "reviews": [{"name": "Oliver", "date": "2017-08-10", "review": "Diane was the perfect host! Her home was absolutely lovely, and even better than it looked on the advert. The bedroom itself (you get a choice of two bathrooms!!) was amazing - really comfortable & beautifully clean. It was close to Fulham Broadway & Parsons Green tube stations so getting about was easy. Diane was very helpful, I was able to drop off my luggage early in the day and arranged a later check out. I would definitely stay there again and for the price, an absolute bargain"}, {"name": "Odette", "date": "2017-08-11", "review": "What a hidden gem! I needed somewhere to stay in London that would be close enough to the centre of town to allow me the freedom to explore, but quiet enough to get away from the hub-bub and relax when I fancied it. This room was perfect for that! Not only was the location ideal, but Diane was an amazing host. She was really flexible in times that I could check-in and out, really friendly, and had great local knowledge to help me find my feet and get to know the area. The room was really lovely too - bright, airy and with a spotless en-suite bathroom. Perfect for my trip, and definitely recommended."}, {"name": "Frances", "date": "2017-10-18", "review": "Diane is in my opinion the perfect AirBnb host(ess).<br/>Great hospitality, lovely home, comfortable bed, room and ensuite. I felt very welcome and more importantly I felt an appreciated guest.<br/>To my surprise, I even got breakfast cooked for me daily.<br/>To all other Airbnb hosts: take a leaf out of Diane's book!!!"}, {"name": "Clara", "date": "2017-10-29", "review": "Prepare for a superb stay! From initial contact to a hug on departure, everything about Diane and her beautiful home has a 'high quality' attitude; with an ease and gracious friendliness I was delighted to experience. The on road parking was a super addition too - free on Sunday!"}, {"name": "Benedetta", "date": "2017-11-06", "review": "I booked Diana\u2019s place for my parents and their stay was simply perfect: clean and new room with private bathroom, lovely breakfast with fresh and tasty food, nice neighbourhood quite and residential where you can appreciate the real London life outside the central rush but at the same time really close to the public transport. Diana was a great host, available for help and support, polite and let them feel at home. If they come to London again they would love to stay again at Diana\u2019s place!"}, {"name": "Monica", "date": "2018-04-30", "review": "I had a wonderful stay at Diane's apartment. The location is great, near the bus and underground in a quiet and safe neighborhood. The apartment is beautiful and elegant. The room is very nice with own bathroom and everyhing I needed. Breakfast is of a 5 Stars Hotel!!! Diane is a perfect Host; she assisted me with her information. She is polite, friendly and I would recomended staying here. Thanks again for my stay"}, {"name": "Lofty", "date": "2018-06-27", "review": "We thoroughly enjoyed our stay with Diane and highly recommend her generous hospitality and friendliness in her lovely home."}, {"name": "Caroline", "date": "2018-07-16", "review": "My parents stayed at Diane place and had a lovely time: Diane is very welcoming, they felt like staying at a dear friend house. Room is very clean and causy. Definitely recommend this place. "}, {"name": "Jane", "date": "2018-07-25", "review": "Great accommodation and host but a little walk to the tube station or bus stop. I'd stay again though!"}, {"name": "Bronwen", "date": "2018-08-02", "review": "Diane was so accommodating and a fabulous hostess. Her space is really classy and stylish.  Everything was pristine.  We really enjoyed her company and she served us a scrumptious breakfast.  It was so hot (London heat wave) but our bedroom was cool and crisp.  Thank you Diane."}]}