{"id": 1069767, "listing_url": "https://www.airbnb.com/rooms/1069767", "name": "Huge & Bright Loft Style One Bed Flat with Terrace", "description": "The apartment has just been newly refurbished. It is an amazing 1 bedroom first floor flat with so much light, outside space and amazing energy. <br />The apartment has very high ceilings and is bright and modern. It has a very very impressive living room  with open plan kitchen/ bar area. The bedroom is a very good size with an en-suite bathroom.<br />Fully equipped with wifi, 5 mins from south ken and gloucester road tube and 10 mins from Hyde Park and Harrods. Washing machine and separate dryer.<br /><br /><b>The space</b><br />A super impressive one bedroom loft style apartment in the heart of South Kensington. Situated on the 1st floor with very high ceilings and flooded with natural light this property has an amazing aura. The living room itself has 9 huge windows and one side of the living room leads out onto a balcony. <br /><br />Comprising of a large living room with a fully fitted open plan kitchen this apartment lends itself perfectly for relaxing or hosting friends over. T", "host_name": "Roya", "host_id": 5650368, "host_url": "https://www.airbnb.com/users/show/5650368", "host_picture_url": "https://a0.muscache.com/im/pictures/user/b8e9dde9-2a35-4b20-bdd2-75b5d5c647a5.jpg?aki_policy=profile_x_medium", "neighbourhood_cleansed": "Kensington and Chelsea", "latitude": 51.4921, "longitude": -0.17925, "property_type": "Entire rental unit", "room_type": "Entire home/apt", "accommodates": 4.0, "bathrooms": 2.0, "bedrooms": 1, "beds": 1, "amenities": ["Essentials", "Wifi", "Hot water", "Washer", "Paid parking off premises", "Shampoo", "Long term stays allowed", "TV with standard cable", "Microwave", "Refrigerator", "Hair dryer", "Indoor fireplace", "Hangers", "Dryer", "Kitchen", "Cable TV", "Heating", "Dishes and silverware", "Gym"], "price": 200.0, "numbers_of_review": 40.0, "review_scores_rating": 4.24, "reviews": [{"name": "Ayesha", "date": "2013-06-11", "review": "I really enjoyed my stay here!  Roya was extremely helpful at taking care of anything I needed.  The location is second to none for getting around central London and beyond.  Also, loads of great restaurants and bars right around the corner.  The apartment is very spacious and bright with lovely high ceilings.  A great spot for either a short or longer term stay. "}, {"name": "Maurice", "date": "2013-06-29", "review": "Great location and a very flexible accommodating host."}, {"name": "Clare", "date": "2013-07-08", "review": "Roya's apartment is fabulous! It's located close to public transport and a handful of bars and cafes. The apartment itself is huge and has the most comfortable bed (I felt like I was sleeping on a cloud). Roya was extremely easy to communicate with. I would recommend this beautiful apartment to everyone and anyone!"}, {"name": "Anna", "date": "2013-07-15", "review": "My husband and I stayed there for almost a week. We both had a very good time staying at Roya's apartment. Roya was a very nice and helpful host. She was willing to accommodate our very early check in. Her apartment was very spacious, clean and nicely decorated. It was located very close to the underground ( less than 5 mins walk to the Gloucester station). There was also a wide selection of good restaurants and supermarkets located just right at the corner.  We would definitely choose to stay at Roya's apartment again if we come to London next time."}, {"name": "Ben", "date": "2013-07-23", "review": "Roya's apartment is truly stunning. Everything about the stay was perfect. The furnishings are all great and there is so much space! The location is great too -  South Kensington is easily my favourite part of London, and there's loads of bars and shops nearby.\r<br/>\r<br/>Roya was very accommodating and helpful as a host and dealt with a last minute reservation change really well. communicating with her was easy and she was always ready to answer my questions.\r<br/>\r<br/>This was my first time using airbnb and has completely blown away any uncertainty I had about using it.\r<br/>\r<br/>Thank you so much Roya for an amazing stay!"}, {"name": "Malte", "date": "2013-08-24", "review": "Roya was a great Host. Her apartment was absolutely convenient for a great stay in London. Everything was exactly as described in the advert and even better. She was very easy to communicate with. We would definitely recommend her apartment to everyone, it's absolutely worth the money!!! "}, {"name": "Jay", "date": "2013-09-07", "review": "Roya's flat was perfectly located, walking distance from Natural History Museum, Chelsea and Harrods. Fabulously furnished with fully functioning kitchen and bathrooms. She was very prompt with her replies whenever I needed assistance. I would definitely recommend staying here."}, {"name": "Mia", "date": "2013-09-21", "review": "I was so happy to stay in Roya apartment! So nice, so cosy. I appreciate it (and my guest) so much. "}, {"name": "Eamonn", "date": "2013-09-24", "review": "I spent 3 nights in Roya's apartment. Roya was very helpful and checking in and out was easy.  It's a great layout with bedroom well separated from the sitting room, a comfortable bed,large bathroom and great kitchen. Roya kindly provides plenty of wardrobe and drawer space for her guests. I really felt I was staying in someones home with everything I needed. Its a great location,short walk to tube,close to the center of London. I thoroughly recommend the apartment and would stay here again."}, {"name": "Hassan", "date": "2013-11-13", "review": "FANtastic experience. The apt is lovely. Very central and extremely quite. It's on a great street and has an amazing vibe. Roya was wonderful on leaving all instructions and communication and planning was flawless. Would recommend anyone who is looking for a home away from home to stay here. A brilliant experience and I look forward to being back again. Thank you Roya! "}]}