{"id": 10690503, "listing_url": "https://www.airbnb.com/rooms/10690503", "name": "Notting Hill cottage", "description": "This house was built as an artisans cottage in the late 1800's. Snarsgate Street was among the first in the area and as such differs to many of the other Victorian houses in surrounding streets. The house has old world charm and is a very cosy space.<br /><br /><b>The space</b><br />This is a charming two bedroom cottage on a quiet cul de sac in Notting Hill. The neighbours are very friendly and the house is a ten minute walk from both White City and Latimer Road underground stations. There are also a number of bus stops located nearby (closest 2 min walk). There is a Tesco Local convenience store two minutes walk from the house on North Pole road. The world famous Portobello market is a 15 minute walk from the house and Westfield shopping centre a 20 minute walk away. There is pay and display parking for cars on Latimer Rd (1 min walk).<br /><br /><b>Guest access</b><br />There is a small patio garden to the property which can be accessed through the (locked) back door.<br /><br /><b>", "host_name": "Hugo", "host_id": 40854953, "host_url": "https://www.airbnb.com/users/show/40854953", "host_picture_url": "https://a0.muscache.com/im/users/40854953/profile_pic/1441097099/original.jpg?aki_policy=profile_x_medium", "neighbourhood_cleansed": "Kensington and Chelsea", "latitude": 51.5186, "longitude": -0.22349, "property_type": "Entire home", "room_type": "Entire home/apt", "accommodates": 4.0, "bathrooms": 1.0, "bedrooms": 2, "beds": 2, "amenities": ["Extra pillows and blankets", "Fireplace guards", "First aid kit", "Oven", "Fire extinguisher", "Hair dryer", "Wine glasses", "Dining table", "Private entrance", "Hangers", "Piano", "Cleaning products", "Dishes and silverware", "Essentials", "Shampoo", "Alexa  Bluetooth sound system", "TV with standard cable", "Clothing storage: closet", "Cooking basics", "Carbon monoxide alarm", "Bathtub", "Indoor fireplace", "Heating", "Wifi", "Long term stays allowed", "Hot water kettle", "Microwave", "Refrigerator", "Room-darkening shades", "Private patio or balcony", "Iron", "Body soap", "Drying rack for clothing", "Kitchen", "Stove", "Toaster", "Conditioner", "Hot water", "Paid parking off premises", "Smoke alarm", "Laundromat nearby", "Cable TV", "Freezer"], "price": 180.0, "numbers_of_review": 55.0, "review_scores_rating": 4.85, "reviews": [{"name": "Janine", "date": "2016-01-24", "review": "The cottage was fantastic, warm and cosy. Really great location within walking distance to so many great parts of London. Hugo was a great host and make me feel very welcome. Would definitely stay again. "}, {"name": "Iona", "date": "2016-02-14", "review": "Absolutely charming cottage, with lots of character and everything you would need for a home away from home. Set off the main road on a quiet street made it lovely and secluded.  Hugo provided a detailed list of instructions for everything, so all was perfectly straight forward. Tube station a short walk away, and tesco on the corner of the road made its positioning even better- a well located property. Would definitely stay at Hugo's again, he was very helpful and easily contactable. "}, {"name": "Alice", "date": "2016-02-18", "review": "Really beautiful little house, stylish, warm and comfortable! Hugo was a welcoming and informative host and made me feel at home. "}, {"name": "Ramneek", "date": "2016-03-23", "review": "The Notting HIll Cottage is a really nice place to stay in, really cosy and warm, you felt at home immediately. Hugo was also a really kind and welcoming person, he came to pick us up at the tube station of white city (which is only 10 m of walking from the cottage) and gave us a whole tour of the cottage and told us what places we could go visit and tips to London. The location was also perfect since there is a Tesco only 3 minutes from there and Tube station isn't that far either. In short We had a really nice citytrip in London thanks to Hugo and this really cosy and warm cottage to stay in. "}, {"name": "Doug", "date": "2016-03-30", "review": "Accurate pics and nice clean place. Definitely residential area, and very quiet at night. Never met Hugo, but picked up the key from his neighbor.  15 min walk to the tubes, and 25 min walk to Portobello Road market.  "}, {"name": "Elena", "date": "2016-04-06", "review": "la casa e' molto carina esattamente come nelle fotografie pubblicate. situata in una zona molto bella e tranquilla vicino a fermata autobus e con negozi a 2 passi. un tesco aperto tutti i giorni fino alle 23.\r<br/>hugo e' stato molto disponibile per ogni richiesta fatta, soprattutto per i tempi di check in e check out.\r<br/>grazie hugo per l'ospitalita'"}, {"name": "Hanna", "date": "2016-04-24", "review": "We stayed at the house with four people. Everything was perfect, the cottage is as shown on the photos, very clean, nicely furnished, well equipped. Hugo was a lovely host and very helpful."}, {"name": "Ginevra", "date": "2016-04-30", "review": "We had a lovely stay at Hugo's place. The flat is quiet, charming and sunny and very comfortable. Its the perfect place to stay in London. Hugo was a great host and made us feel very welcome!  We're definitely coming back :-)"}, {"name": "Steven", "date": "2016-05-04", "review": " Hugo was a great host.  He allowed us to check in early (we had an early flight).  Upon check-in, Hugo was there to welcome us and go over the amenities and process.  The flat itself was exactly as described and convenient to public transportation.  It was very charming and cozy, and situated in a safe neighborhood.  "}, {"name": "Guillemette", "date": "2016-05-08", "review": "Hugo nous a accueilli avec un immense sourire dans sa charmante maison ! \r<br/>nous nous y sommes sentis comme chez nous ! c'est tr\u00e8s chaleureux ! il y a tout ce dont on peut avoir besoin ! \r<br/>Il y a une ligne de bus qui am\u00e8ne directement \u00e0 Oxfort Circus juste \u00e0 c\u00f4t\u00e9.\r<br/>c'\u00e9tait tr\u00e8s calme et tr\u00e8s agr\u00e9able !\r<br/>Encore merci Hugo pour ton accueil !"}]}