{"id": 10690326, "listing_url": "https://www.airbnb.com/rooms/10690326", "name": "Spacious, modern 3BR family home in Dalston Square", "description": "Modern 3BR family apartment with all amenities.  Located in vibrant Dalston with very convenient transport links.<br /><br /><b>The space</b><br />This is a large apartment in a convenient location less than one minute's walk to Dalston Junction.  Whilst there's life and lots of interesting things around the square, the apartment itself feels very calm and spacious.<br /><br /><b>Guest access</b><br />You will have access to the whole apartment.  The apartment is well equipped with the essentials for modern life, such as washing machine, central heating and dryer.  There are some arguably essential items such as vitamix and dishwasher, and some clearly non-essential items such as a bread-maker and hammock.<br /><br /><b>Other things to note</b><br />This is our usual home that we are listing as we are on holiday.", "host_name": "Lin", "host_id": 48355301, "host_url": "https://www.airbnb.com/users/show/48355301", "host_picture_url": "https://a0.muscache.com/im/pictures/user/cbeb917a-4a6f-4974-908f-ac5164792ffe.jpg?aki_policy=profile_x_medium", "neighbourhood_cleansed": "Hackney", "latitude": 51.5469, "longitude": -0.07467, "property_type": "Entire rental unit", "room_type": "Entire home/apt", "accommodates": 6.0, "bathrooms": 2.0, "bedrooms": 3, "beds": 3, "amenities": ["Essentials", "Wifi", "Washer", "Long term stays allowed", "Shampoo", "Elevator", "Smoke alarm", "Hair dryer", "Iron", "Dryer", "Hangers", "Kitchen", "Heating"], "price": 125.0, "numbers_of_review": 8, "review_scores_rating": 4.5, "reviews": [{"name": "Mareeswaran", "date": "2016-08-08", "review": "When I was searching for the stay, I was little discomfort to take my family to the unknown place. But once we spoke to Lin, believe me, my concerns were gone. She was keep communicating us on our commutations and guiding us all the way. Once we enter into her house, my family totally excited with the way they organized the house. And kids were excited with the toys. Even we the elders too. And during that time she was on her vacation but she was keep inquiring about our comforts. Totally we had fantastic stay and time was not sufficient to play with toys. Though my wife wanted to stay only at home for a day, but time does not allow us. Already I started sharing feedback to my friends about our stay. \r<br/>\r<br/>At a point, it was excellent. Thanks Lin and your family.\r<br/>\r<br/>Mareeswaran"}, {"name": "Anna", "date": "2016-08-16", "review": "Lin was quick to make contact and het friend who met us and showed us in was lovely and very accommodating. Even though I was late to meet her she waited and was really friendly. \r<br/>\r<br/>The location is awesome. If you want to experience a real, non-tourist side of London. So many excellent pubs, bars, cafes and restaurants. And Street Feast is right across the road! "}, {"name": "Simone", "date": "2017-01-01", "review": "L'appartamento di Lin \u00e8 in una zona molto carina di Londra, poco turistica e con ristorantini pub nei pressi. La location \u00e8 ideale per chi vuole visitare Londra essendo vicinissima alla stazione di Dalton Junction (overground) e in poche fermate ci si pu\u00f2 trovare in centro. L'appartamento \u00e8 in un moderno e pulito palazzo, arredato in modo personale e moderno (la famiglia vive proprio un appartamento, quindi lo rende disponibile quando \u00e8 via).<br/>La proprietaria \u00e8 molto gentile e disponibile."}, {"name": "Hyo", "date": "2017-04-10", "review": "It was our family trip with 3 kids to London. We were staying at Lin's place for 4nights and it was a perfect place for us. There are 2 train stations and lots of buses which are going to everywhere in London. And there is a local market and shopping mall. Everything is very fresh, cheap and very convenient.<br/>We really have enjoyed London and Lin's place is absolutely perfect for everything. I strongly recommend Lin's place and  definitely want to stay if I visit London again. <br/>Thank you so much Lin :) <br/> <br/>\uac00\uc871\uc5ec\ud589\uc744 \uc900\ube44\ud558\uc2e0\ub2e4\uba74.  \ub2e8\uc5f0 \ucd5c\uace0\uc758 \uc704\uce58\uc758 \uc219\uc18c\uc785\ub2c8\ub2e4 4\ubc155\uc77c\ub3d9\uc548 \uc9c0\ub0b4\uba74\uc11c \uac00\uae4c\uc6b4 \ub9c8\ucf13\uc774 \uc788\uc5b4 \ucc29\ud55c\uac00\uaca9\uc73c\ub85c \uc2dd\ube44\ub97c \uc904\uc77c \uc218 \uc788\uc5c8\uad6c\uc694.... \uc5ed\uc774 \ubc14\ub85c \uc219\uc18c \uc606\uc5d0 \uc788\uc5b4\uc11c \uc5b4\ub514\ub4e0 20-30\ubd84\ub0b4\uc5d0 \ub4e4\uace0 \ub0a0 \uc218 \uc788\uc5c8\uc2b5\ub2c8\ub2e4<br/>\ub2e4\uc74c\uc5d0 \uae30\ud68c\uac00 \ub41c\ub2e4\uba74 \ub2e4\uc2dc\uc624\uace0 \uc2f6\uc740 \uacf3--<br/>\uc644\uc804 \uac15\ucd94\ud569\ub2c8\ub2e4."}, {"name": "Samuel", "date": "2017-04-15", "review": "We really enjoyed our stay at Lin's place. It is a comfortable and reassuring home that, for us who have children, could have been our own home. We were very happy to find a real dwelled apartment, what is rarely the case with Rbnb. <br/>Everything was smooth and easy with the communication and the logistic.<br/>Thank you for that Lin!<br/>Your happy six renters<br/>"}, {"name": "Hannah", "date": "2017-04-17", "review": "Fantastic location. Great for a family stay exploring the city while celebrating my dads 60th. Great base for morning runs to as you can head straight down the road into islington without the worry of getting to lost. Thanks again!"}, {"name": "\uc6b0\ub9ac", "date": "2017-08-03", "review": "\uc5ed\uacfc 1\ubd84\uac70\ub9ac\uc774\uba70, \uc5ed \ubc14\ub85c \uc606\uc5d0 11\uc2dc\uae4c\uc9c0 \uc6b4\uc601\ud558\ub294 \ub9c8\ud2b8\ub3c4 \uc788\uc5b4\uc11c \uc88b\uc2b5\ub2c8\ub2e4. \uc9d1\uc548\uc5d0 \uc6ec\ub9cc\ud55c \uc870\ub9ac\ub3c4\uad6c\uc640 \uc870\ubbf8\ub8cc \ub4f1\ub4f1\uc774 \uc788\uc5b4\uc11c \uc694\ub9ac\ud574\uba39\uae30 \uc88b\uace0 \ud654\uc7a5\uc2e4\uc774 \ub9e4\uc6b0 \uc88b\uc740 \ud3b8\uc785\ub2c8\ub2e4. (\ud654\uc7a5\uc2e4 2\uac1c)<br/>\ud638\uc2a4\ud2b8\uc640\uc758 \uc5f0\ub77d\uc740 \ube60\ub974\uac8c \uc774\ub904\uc9c0\ub294 \ud3b8\uc774\uace0 \ub9e4\uc6b0 \uce5c\uc808\ud569\ub2c8\ub2e4. \uc640\uc774\ud30c\uc774\ub3c4 \uc798 \ub418\uc5b4 \uc788\uace0, \ub2e8\uccb4\uac00 \uc0dd\ud65c\ud558\uae30 \ub9e4\uc6b0 \uc801\ud569\ud569\ub2c8\ub2e4 :)"}, {"name": "Emma", "date": "2017-08-08", "review": "We loved our long weekend at Lin's family home. It's in a great spot for hip and lively Hackney, and over the road from the lovely Dalston Curve Garden. Two overground stations are within minutes, getting you quickly to central London or Stratford, as are plenty of pubs and restaurants. The home is spacious, which is a rare find for six people in inner London (four adults and two kids), and it has decor and furniture that is a fabulous mixture of modern and rustic. Our children adored their bedroom, especially the castle bed! And Lin was a great host with speedy communication. Highly recommended."}]}