{"id": 10705728, "listing_url": "https://www.airbnb.com/rooms/10705728", "name": "Bright friendly room in Camden/ Kentish town", "description": "One of London's quirkiest neighborhood, next to Camden and its market, close to posh Primrose hill, and a short walk from  Hampstead Heath. Victorian, well maintained house,  on a quiet street in proximity to buses, tube and overground.<br /><br /><b>The space</b><br />The room is on the uppermost floor of the house, very bright and airy, overlooking gardens and open space . It is very calm . The room is equipped with a new Futon resting on a wooden frame. It features a wardrobe and cupboard and the entire house is connected to WIFI. Great courtyard for fresh air lovers !<br /><br /><b>Guest access</b><br />Guests can access the kitchen, lounge, large deck ( if not rainy and wet ) and bathroom.", "host_name": "Felicia", "host_id": 4143968, "host_url": "https://www.airbnb.com/users/show/4143968", "host_picture_url": "https://a0.muscache.com/im/users/4143968/profile_pic/1413313686/original.jpg?aki_policy=profile_x_medium", "neighbourhood_cleansed": "Camden", "latitude": 51.54651, "longitude": -0.14392, "property_type": "Private room in home", "room_type": "Private room", "accommodates": 1.0, "bathrooms": 1.0, "bedrooms": 1, "beds": 1, "amenities": ["Essentials", "Wifi", "Long term stays allowed", "Fire extinguisher", "Smoke alarm", "Hair dryer", "Iron", "Hangers", "Dryer", "Kitchen", "Heating"], "price": 40.0, "numbers_of_review": 24.0, "review_scores_rating": 4.83, "reviews": [{"name": "Paolo", "date": "2016-02-07", "review": "Felicia was a very nice and welcoming host. She waited for me until late evening the first night I arrived late due to my working concerns."}, {"name": "Yacine", "date": "2016-09-25", "review": "This stay was excellent. Felicia and myself ended up having lots of shared passions. In addition, the flat was optimally located. I will come back :)"}, {"name": "Katlyn", "date": "2016-09-27", "review": "Felicia was very welcoming and kind! She offered to describe things to do in the area and help me figure out the tube, as I'm not from London! The house is in a central part of Kentish town , close to shops and restaurants and is within walking distance to the Camden Markets, which you should definitely go check out if you stay here! Felicia's house is clean and cute! The terrace is a nice little bonus! The only complaint I have is the bed. It was very thin and a little uncomfortable, however for me, this is not the priority. I would definitely stay here again!"}, {"name": "Tristan", "date": "2017-03-07", "review": "Stayed one night. Was perfect, clean, close to the transport links. Felicia was a great host and very welcoming. Would stay again! Thank you!"}, {"name": "Jack", "date": "2017-03-08", "review": "I really enjoyed my stay here, spacious room with comfy double bed, perfect for what I needed. Great location with plenty of shops nearby. Great host, very welcoming, will book again. "}, {"name": "Sylvia", "date": "2017-03-09", "review": "Felicia was very welcoming and offered me a cup of tea on arrival. The house was cosy and comfortable. Felicia was good in communication before the trip and made sure everything was in place. I can only recommend staying at her place!"}, {"name": "Arthur", "date": "2017-03-11", "review": "Chambre confortable et pas trop cher \u00e0 moins de 10 mins \u00e0 pied de Camden Market et ses boutique ainsi que de plusieurs transport en commun. <br/>H\u00f4te tr\u00e8s agreable.<br/>"}, {"name": "Debi", "date": "2017-03-12", "review": "Lovely room with a good amount of space and a relaxing place to be.  Felicia was most accommodating and quick to answer any questions. The location was good as there are several tube stations near by within a 10min walk, supermarket near by and very close to the town centre with restaurants and pubs.  I would definitely stay again. Thank you "}, {"name": "Alexandra", "date": "2017-03-14", "review": "I had a great time at Felicia's. The house was clean and cosy, and communication with Felicia was easy. Fantastic value for money."}, {"name": "Brittany", "date": "2017-06-06", "review": "The location is great and the room very spacious. It was a pleasant stay at the end of my trip for me to relax. "}]}