{"id": 10700213, "listing_url": "https://www.airbnb.com/rooms/10700213", "name": "clean private double room Euston", "description": "with private bathroom and spacious living room. It is only 1 minutes walk from Mornington Crescent tube station. You can reach any places in central London within 15 minutes.<br /><br />This is my own room and I rent it when I am traveling. It is super clean", "host_name": "Yu", "host_id": 10115581, "host_url": "https://www.airbnb.com/users/show/10115581", "host_picture_url": "https://a0.muscache.com/im/users/10115581/profile_pic/1444467484/original.jpg?aki_policy=profile_x_medium", "neighbourhood_cleansed": "Camden", "latitude": 51.5364, "longitude": -0.13767, "property_type": "Private room in rental unit", "room_type": "Private room", "accommodates": 2.0, "bathrooms": 1.0, "bedrooms": 1, "beds": 1, "amenities": ["Essentials", "Wifi", "Washer", "Long term stays allowed", "Shampoo", "Smoke alarm", "Hair dryer", "Carbon monoxide alarm", "Heating"], "price": 38.0, "numbers_of_review": 15.0, "review_scores_rating": 4.07, "reviews": [{"name": "Ghislain", "date": "2016-02-22", "review": "A clean, large and bright sunshiny flat. <br/>Very comfortable and well located in a lively neighbourhood.<br/>We spend really good time and Yu was a very welcoming host."}, {"name": "Silvia", "date": "2016-03-08", "review": "Esta fue mi primera experiencia Airbnb y Yu consigui\u00f3 que todo fuera muy f\u00e1cil. Contest\u00f3 a todas mis dudas, me ayud\u00f3 a buscar la mejor opci\u00f3n de transporte hacia la zona y estuvo pendiente de mi en todo momento. \r<br/>\r<br/>El alojamiento es tal y como ense\u00f1an las fotos, para una pareja est\u00e1 perfecto.\r<br/>\r<br/>La ubicaci\u00f3n es fant\u00e1stica, a solo un par de minutos del metro Mornington Crescent e incluso perfecto para ir andando al British Museum y a Camden."}, {"name": "Christine", "date": "2016-03-15", "review": "Yu was very welcoming and explained all we needed to know. The location was excellent and easily commutable from Euston station .The only downfall we found was the lack of cutlery and crockery ,which made self catering difficult, and attempting to eat shredded wheat with chopsticks was somewhat challenging !!"}, {"name": "Mo", "date": "2016-04-11", "review": "Really awesome flat Yu has, right across the street from Mornington Crescent station. It's the cheapest place I've seen in that area of London and you get your own private bathroom which is amazing. Yu was very welcoming and he showed me how to open the stubborn front door, which is a must if you're staying with him. There's only one bad thing I could say about the place and it's that it could have done with the bathroom being cleaned before I arrived as I had to do it myself. But all in all a great experience"}, {"name": "Norm", "date": "2016-05-02", "review": "great area, nice apartment.  Although the mattress was not great, I'd still probably stay here again. good value for money, especially in London and this area. "}, {"name": "Fanny", "date": "2016-05-15", "review": "L'appartement est super bien plac\u00e9 , \u00e0 deux minutes du m\u00e9tro et 1 minutes des bus juste en face qui vous conduit dans le centre . Nous n'avons pas vu ses colocataires, l'appartement est tr\u00e8s calme et propre . Nous sommes tr\u00e8s satisfaite m\u00eame si il manquait de la vaisselle . "}, {"name": "Nasser", "date": "2016-06-05", "review": "Yu's place is nice, clean and tidy. He communicated with me throughout and was very pleasant indeed. He had to leave for a trek but explained everything before leaving. His roommate was also very nice to us. The location of the apartment is excellent. The tube station is a 5 min walk. Theres a Sainsbury around the corner open till midnite.  Overall a great place to stay - 10 mins or so from Central London. The bus stop is on the same street - a min's walk from the apartment. There are tons of restaurants within a 5 to 10 min walk."}, {"name": "Birgit", "date": "2016-06-12", "review": "We liked the apparrment and enjoyed that it is next to the underground and to a lot of good Restaurants  Everything was explained good in the Video we got be for our arrival. Only the second door is really hard to open. .but with the video and another key, we managed that. Its a good place to stay, thanks"}, {"name": "Alyssa", "date": "2016-06-19", "review": "My partner and I stayed for two nights on a weekend. We didn't get to meet Yu, but he sent us a helpful video about how to get into the flat and unlock the very tricky door. This was a mostly positive experience-- convenient location, clean room, moderately comfortable bed, good neighborhood. the price is really good for this location of London, so it is hard to pass up the opportunity to stay here! However, do be aware that there is at least one other person living in the house, and the kitchen is Right next to the room you'll have, so if it is in use or the housemate has guests, it can be quite loud. I also recommend bringing an extra towel if there will be two of you in the room, as only one was available for our stay. Overall a good experience, young. "}, {"name": "Joseph", "date": "2016-07-05", "review": "My host made me feel very welcome, and the flat itself was ideal for a relaxing stay. In terms of cleanliness, it was spotless, and in terms of location it was situated close to major cultural attractions in London and of course to the Underground. "}]}