{"id": 107051, "listing_url": "https://www.airbnb.com/rooms/107051", "name": "JESSIE the narrowboat in Little Venice", "description": "JESSIE the narrowboat is moored in the heart of Little Venice on the north bank of the Pool of Little Venice and just opposite Brownings Island. It\u2019s a stones throw from Paddington Station. Convenient, pretty and very relaxing.<br /><br /><b>The space</b><br />Stay on this lovely individual, comfortable boat in the heart of London and experience the capital from a different point of view.<br /><br />Jessie is a 57 foot canal boat (or narrowboat) completed in 2011.  She is 6 foot 10 inches wide. She can sleep 4 people in comfort, for 2 she is very comfortable. The boat has a warm inviting interior and space on deck to sit and watch the world go by. The appropriately named Little Venice (a name coined by the poet Robert Browning) is a very pretty corner of London, famous as home to hundreds of beautiful canal boats and convenient base from which to explore the capital. Two underground stations and good bus routes to all parts of the city are a short walk away. There is something very spe", "host_name": "Meg", "host_id": 554519, "host_url": "https://www.airbnb.com/users/show/554519", "host_picture_url": "https://a0.muscache.com/im/users/554519/profile_pic/1335735035/original.jpg?aki_policy=profile_x_medium", "neighbourhood_cleansed": "Westminster", "latitude": 51.52055, "longitude": -0.18317, "property_type": "Houseboat", "room_type": "Entire home/apt", "accommodates": 4.0, "bathrooms": 1.0, "bedrooms": 2, "beds": 3, "amenities": ["Extra pillows and blankets", "First aid kit", "Oven", "Fire extinguisher", "Hair dryer", "Dining table", "Private entrance", "Hangers", "Waterfront", "Essentials", "Shampoo", "Free street parking", "Cooking basics", "Bed linens", "Carbon monoxide alarm", "Shower gel", "Indoor fireplace", "Wifi", "Heating", "Coffee maker", "Long term stays allowed", "TV", "Host greets you", "Refrigerator", "Iron", "Kitchen", "Breakfast", "Hot water", "Paid parking off premises", "Smoke alarm"], "price": 204.0, "numbers_of_review": 581.0, "review_scores_rating": 4.91, "reviews": [{"name": "Fabien", "date": "2011-07-04", "review": "My girlfriend and I were Meg's first guests. The boat \"Jessie\" was built 2 years ago by a professionnal shipyard and Meg started renting it only a few weeks ago. It is very comfortable, clean, well built and well equiped. The kitchen is beautiful and very convenient. The main bedroom is incredibly cosy and there is a really nice atmosphere in the whole boat. The pictures uploaded by Meg show exactly what the boat is like; you just miss the swans swimming past in the morning... ; )\r<br/>\r<br/>It was summer when we went so we could have dinner and enjoy a glass of wine on the deck at night. Which felt really good after a whole day exploring busy and noisy London.\r<br/>\r<br/>The boat was moored in Little Venice when we went (close to Warwick Avenue subway station, 3 min walk). The location is very central and convenient if you wanna explore London. It is at the same time amazingly quiet and relaxing. It is seriously a little piece of heaven right in the middle of London.\r<br/>\r<br/>We are already nostalgic of the life on the canal and will definitly go back as soon as we can.\r<br/>If you are not looking for the standard Sofitel hotel room but for a confortable and quiet place with lots of character ; this is the perfect place for you. \r<br/>\r<br/>I forgot to say that Meg was very helpful in organising the trip (before we arrived, she even filled the cupboards with enough to cook a nice breaky on our first morning)\r<br/>\r<br/>To sum up...\r<br/>Meg is an amazing host.\r<br/>Jessie is an amazing boat.\r<br/>I already miss the swans,\r<br/>\r<br/>Thanks Meg and see you soon !\r<br/> "}, {"name": "Adrian", "date": "2011-07-07", "review": "We had a really good time on the boat (Jessie). ! would give it a 5 start review had it not been for a little snafu at the start of our stay. We had to wait 5 hours while the boat came back from a \"pump out\" at an out of town location as the local maintenance depot was out of order. It was not Meg's fault but it was a huge inconvenience. \r<br/>\r<br/>To Meg's credit she did offer us an extra day but that wasn't practical given our schedule. \r<br/>\r<br/>The rest of our stay was delightful full of ducks, amazing views and great canal side walks. The boat is very comfortable and child friendly. It is in a great location and easy to reach other parts of London from (close to two tube stations and the national rail system.  \r<br/>\r<br/>You can also walk many places from the boat . Regents Park, The Zoo and Camden Lock are all within reasonable walking distance along the canal.\r<br/>\r<br/>Jessie (the boat) is close to shops and some lovely pubs and restaurants. The fellow boat dwellers and other local people were all very friendly. \r<br/>\r<br/>Meg was a great host and made sure we had all we need. I strongly recommend this for short and unique London vacation."}, {"name": "Kerri", "date": "2011-07-13", "review": "Jessie is an awesome place to stay while in London.  It's central and much cooler than staying in a hotel or apartment.  It's cozy but more than enough room for my husband and my 3 year old son.  Great area and close to transportation around the city."}, {"name": "Kate", "date": "2011-07-28", "review": "I had my birthday on the barge with some fellow friends and it was an amazing experience. We cooked and ate together and each had a very comfy bed. Meg was very friendly and wonderful to communicate with and was there to help us when we needed more water etc. Great location and unique experience. "}, {"name": "Baily", "date": "2011-08-01", "review": "My family and I had a fantastic time aboard Jessie!!! We look forward to visiting again."}, {"name": "Marc", "date": "2011-08-08", "review": "Our family had a wonderful few days on this beautiful boat. \"Jessie\" was moored a few corners away from Little Venice, but we actually preferred this quiet spot.\r<br/>Naturally, our two sons really enjoyed this adventurous trip, but personally I have to say I'll have a hard time ever staying anywhere else when I'm in London.\r<br/>Thanks, Meg, for this wonderful experience! "}, {"name": "Ilse", "date": "2011-08-23", "review": "We had a great time staying on Megs barge Jessie.\r<br/>The boat was moored in a beautifull and central location and has everything you could wish for.\r<br/>Meg couldnt have been better as a host; she had the fire lit for us when we arrived, there were fresh flowers, all the maps and guidebooks we needed, tea, coffee, and the essentials for our first breakfast ....\r<br/>All in all 10/10!\r<br/>We are hoping to visit again soon."}, {"name": "Sandy", "date": "2011-09-07", "review": "What a fantastic location and the boat was a treat. Meg met us at the boat and took is through everything and it was pretty straight forward I just couldn't believe that our quiet location with ducks was only metres from cafes, pubs supermarkets and paddington station. "}, {"name": "Grandma", "date": "2011-09-20", "review": "My boyfriend and I had a wonderful weekend on Jessie. It's beautiful, comfortable and offers all the amenities one could possibly need for a relaxing holiday in London (fully equipped kitchen, breakfast items, fireplace, t.v. and dvd player, hairdryer, iron, etc...) Waking up on the boat is magical, with the swans, ducks and neighbouring boat floating along, and the location is fantastic. I would recommend warm pyjamas and thick socks if you're coming in the fall, as it can get chilly in the mornings and night. Also, you do have to be conscious taking care of hot water and electricity usage, but that is part of the charm. We were moored in a commercial area between Paddington and Edgware Road, and we really liked this quiet and clean location. All in all, a highly recommended experience and we would love to go back. "}, {"name": "Stephanie", "date": "2011-10-01", "review": "Meg was a lovely host. She gave us a great directions on how to get to the canal from the airport and a clear overview of everything we needed to know to stay on her boat. I stayed there with my mother and found it to be quite comfortable with plenty of space for both of us. The canal is in a great location, felt very safe, and was peacefully quiet at night. The boat was clean and well maintained. Meg provided maps and restaurant menus for the area. She also allowed us to borrow two oyster cards (for public transit) so that we did not need to purchase our own. You add money to them based on your transit needs. The only slight issue we ran into was that you need to run the boat engine twice a day to charge the battery. We returned to the boat around 1130 one evening and proceeded to run the engine only to be scolded by one of our neighbors for waking him up. It was no big deal but if you are planning on being out late every day with no stop offs to the canal then this is something to consider. Overall both my mother and I would highly recommend this charming boat for your stay on your travels. "}]}