{"id": 10704858, "listing_url": "https://www.airbnb.com/rooms/10704858", "name": "Shared Room Tooting Borders", "description": "The living room is available to share in a clean tidy two double bedroom flat in the well known Tooting/Mitcham area of London. <br />The guests sleep on a double airbed located in the living room.<br />Fast virgin media broadband throughout property.<br /><br /><b>Guest access</b><br />The bathroom and kitchen will be shared.<br /><br /><b>Other things to note</b><br />You will have a set of keys", "host_name": "Zalan", "host_id": 54785855, "host_url": "https://www.airbnb.com/users/show/54785855", "host_picture_url": "https://a0.muscache.com/im/pictures/user/b8284b62-f4ca-4fb1-94fd-1d5cbe910bcf.jpg?aki_policy=profile_x_medium", "neighbourhood_cleansed": "Merton", "latitude": 51.41882, "longitude": -0.1524, "property_type": "Shared room in rental unit", "room_type": "Shared room", "accommodates": 2.0, "bathrooms": 1.0, "bedrooms": 1, "beds": 1, "amenities": ["Essentials", "Wifi", "Washer", "TV", "Smoke alarm", "Dryer", "Kitchen", "Heating", "Hot tub"], "price": 20.0, "numbers_of_review": 30.0, "review_scores_rating": 4.43, "reviews": [{"name": "Veronica (Roni)", "date": "2016-02-01", "review": "Zalan was a very nice host and very helpful. We slept in his living room on a very comfortable air mattress. I would recommend that if you want your own room, you should ask in advance and you can pay a little extra for that. One thing I would recommend for Zalan is to make sure that you have a key for future guests. That way, you won't have to get up at five in the morning to let us out of your appartement (which requires a key to open the door from the inside). But, again thank you to Zalan for getting up early, I really appreciated it. Very nice host and very helpful overall. Great experience! "}, {"name": "Teresa", "date": "2016-02-14", "review": "All the information provided in the description is true and Zalan's house is even better! :) He is very friendly and his house is well communicated with bus/underground/train.\r<br/>\r<br/>This was my first Airbnb experience and I am really really happy.\r<br/>\r<br/>Zalan is very friendly and nice! I went with a friend and we arrived a bit later that expected. Despite that, he was available and was awake when we arrived. We talked with him a bit and he understood that we were a bit tired (after all the day in London non stop) and we went to sleep. \r<br/>\r<br/>The house is very nice, clean and tidy - Something that I think is very important as I prefer clean spaces for being confortable when I sleep outside my own house.\r<br/>\r<br/>Zalan is very generous and he offered us breakfast. We did not expect this, but we had a wonderful time having breakfast with him. He travels a lot so we could talk about many things, comparing cultures and talking about lots of different things. \r<br/>\r<br/>Furthermore, my friend and I had problems with our Oyster cards and he came with us to the train and underground stations in order to help us sort it out. He takes care and is a really good host! :D\r<br/>\r<br/>Thanks to Zalan, I will recommend Airbnb to my friends :) \r<br/>\r<br/>If I go to London again and he is available, I will go to his house again =D\r<br/>\r<br/>Highly recommended :) \r<br/>\r<br/>Location - Buying a day travel card Oyster is a good option as you could have all the transport in zones 1,2,3 included for 7.60pounds. That makes easier to travel in London as a tourist and then going to Zalan's house :)"}, {"name": "Ji", "date": "2016-03-15", "review": "Zalan is a warm and nice host\uff01He gave me whole information about how i can get to his flat. My friend and I spent 4 perfect days in his flat. The flat is very clean and every thing is convenient. The location of the flat is really good. It is easy to go to the undergroud station. And there are alot of restaurants and shops in the walking distance. "}, {"name": "Heesung", "date": "2016-04-19", "review": "Zalan is a very nice man. <br/>Our bus to London delayed about 2hours. So we arrived late at London. But He helped us to get to his house with instant detailed messages.<br/>And He gave us must-go places in London. <br/> The house located in zone 3. It takes less than 1 hour to go to sightseeing places. It is better to buy a oyster card and use bus and train. It does not charge over \u00a37.60 a day. (Train \u00a32.60~, bus \u00a31.50, no discount for tranfer)<br/> We stayed in a living room. It was clean and we had pretty much privacy.  <br/> <br/> The air bed was ... the air bed. It was good enough to sleep for 2people.<br/> <br/> Zalan let us have coffee, white bread and use laundry."}, {"name": "Kiki", "date": "2016-04-28", "review": "I visit London for 5 days with my sister and we stayed in Zalan's house. We feel very comfortable in his house and we were free to use the kitchen and also the bathroom. Moreover, he offered us breakfast and we he gave us keys for the property. The house is located at Mitcham and we had to take the bus (which was every 15 minutes) and then the underground for 20-25 minutes for the city center.  We loved Zalan's  roommate, Kinka!"}, {"name": "Katya", "date": "2016-06-06", "review": "It was a great experience, he is so nice, and an amazing host he offer us some cereal and that was a nice detail from him.<br/>He is an amazing person and I totally recommend him, thank you for all!! <br/>We were two and we enjoy the trip, it is in zone 3, and you will think is far away of the zone 1(center of London) but it's pretty near. We bought and Oyster card. <br/>Also the bus stop is just outside of the house.<br/>"}, {"name": "Victoria", "date": "2016-07-12", "review": "unfortunately the room was quiet literally a shared room on an air matress put on the floor, limitations literally applied everywhere, we wernt even allowed to open the window without asking. having a room where the kitchen is in the same area is not recommended as he walks in in the morning sits there and has breakfast when you are trying to get rest. \r<br/>He is a nice person and doesn't mean harm at all, just obsessive. i must say he did share his weetabix which was good. There is a lot more i wish to say however i dont want to cause more damage for the nearby future\r<br/>also when trying to get to the apartment i was very delayed due to transport and while on our journey zalan said that he couldnt wait for us and wanted us to wait another 8 hours before coming to see him, imagine if people were coming from abroad and had no where to stay, these things need to be thought about for the future \r<br/>"}, {"name": "Andreea", "date": "2016-09-26", "review": "Zalan was very friendly and kind, he waited for us even though we arrived late in the night. He gave us lots of useful tips about London and how to get around. He also gave us a parking permit for our rental which otherwise would've cost us lots of money. The apartment was clean and the air mattress was very comfortable. We slept like teddy bears. :) \r<br/>Overall, we enjoyed our stay and we hope we'll get to see Zalan again."}, {"name": "Tiffany", "date": "2016-10-16", "review": "Zalan was very nice and the entire place was very neat and clean. The airbed was also comfortable. Great stay"}, {"name": "Alexandre", "date": "2016-11-29", "review": "O Zalan foi super gente boa comigo e com minha namorada, o custo x beneficio \u00e9 \u00f3timo, n\u00e3o tem luxo mas \u00e9 super agrad\u00e1vel, utilizamos a cozinha para prepara lanches pra levar na mochila (Londres \u00e9 muito caro), o Tesco \u00e9 do lado da casa dele, o ponto de \u00f4nibus se pode ver da janela da sala, o acesso ao underground via \u00f4nibus \u00e9 extremamente f\u00e1cil, a localiza\u00e7\u00e3o \u00e9 perfeita, comprem o Olyster para as zonas 1, 2 e 3 que n\u00e3o tem erro, a casa estava com uma temperatura boa, o banheiro \u00e9 limpo, o Zalan fornecer muita dicas sobre Londres al\u00e9m de ter v\u00e1rios livros tur\u00edsticos sobre a cidade. Com certeza voltaria a me hospedar com ele se houver oportunidade de voltar a Londres."}]}