{"id": 10706762, "listing_url": "https://www.airbnb.com/rooms/10706762", "name": "Clean and quite room with a garden", "description": "We are happy to present a clean and quite double room in safe residential neighbourhood with private access to the garden. It is 15 min walk to Brixton with its famous \"village\" and only 5 min walk to Herne Hill train station. <br />You will be sharing bathroom with us.<br /><br /><b>The space</b><br />You will find nice and clean double size room with a private conservatory that leads straight to the garden in our ground floor flat. It easily accommodates 2 people <br /><br />If you are using or planning to use a bicycle in London, you can keep it safely in the garden and access through a private entrance.<br /><br />PARKING<br /><br />We have parking bays outside the house and they are free for most of the time, but reserved for residents from 12.00-14.00 (2 hours) from Monday-Friday.<br /><br />Getting to CENTRAL LONDON<br />There are 3 ways to get to Central London<br /><br />- By TUBE/UNDERGROUND. Take a 15 min walk or a 5 min ride by P4 bus to Brixton Tube station and then it is ", "host_name": "Konstantin", "host_id": 19124794, "host_url": "https://www.airbnb.com/users/show/19124794", "host_picture_url": "https://a0.muscache.com/im/pictures/user/516874ed-e671-4bb6-9ad0-7ca655355882.jpg?aki_policy=profile_x_medium", "neighbourhood_cleansed": "Lambeth", "latitude": 51.45947, "longitude": -0.10154, "property_type": "Private room in rental unit", "room_type": "Private room", "accommodates": 2.0, "bathrooms": 1.0, "bedrooms": 1, "beds": 1, "amenities": ["Essentials", "Wifi", "First aid kit", "Washer", "Smoke alarm", "Hair dryer", "Iron", "Carbon monoxide alarm", "Dryer", "Kitchen", "Heating"], "price": 41.0, "numbers_of_review": 227.0, "review_scores_rating": 4.65, "reviews": [{"name": "Jos\u00e9", "date": "2016-01-28", "review": "I came to UK for a short visit and needed a place not too far from the centre. I came across the place with Konstantin and Ana. They were really welcoming and gave loads of useful information. Thanks to them, I found a nice place to have my breakfast and a reasonable  place for dinner. Overall I had a great experience"}, {"name": "Coco", "date": "2016-02-01", "review": "Very nice experience, clean and tidy room, the family is so friendly and nice:)"}, {"name": "Sarah", "date": "2016-03-03", "review": "Konstantin was an excellent host! Welcoming and great to communicate with, he made getting to the house very easy and stress free. The room was so clean and cozy just as the pictures describe. He went out of his way to find us converters and gave amazing recommendations for dinner. "}, {"name": "Marta", "date": "2016-03-08", "review": "We had an amazing experience in London, and we'd like to thank Konstantin and Ana. They provided us with everything we could need. The apartment was really nice, well communicated and in a very quiet and nice neighborhood. I really recommend this place!"}, {"name": "Marion", "date": "2016-03-10", "review": "Fantastic stay with a really welcoming host. Location is brilliant and offers good value for money! Would recommend to anyone staying in London as its only a few stops away from Victoria station and just a 15 minute walk to Brixton where there are many cool restaurants, cafes and bars. This place has everything u need."}, {"name": "TsungTing", "date": "2016-03-22", "review": "Thanks for ur everything "}, {"name": "Etienne", "date": "2016-03-29", "review": "Thx Konstantin for these Easterweekend. :)\r<br/>The  Arparment is easy to find and with railway (from Station HerneHill) just 9min from ViktoriaStation away. It was really cozy. The View when you are lying in this very comfortable bed and the sun goes up...really nice!!! \r<br/>If you wanna have a cozy place to stay for some days in London i can just recommend Konstantin!!! :)"}, {"name": "Lonneke", "date": "2016-04-16", "review": "Quiet, residential area.  Flexible with arrival time, which was ideal as we had taken a really early flight.  Internet worked well.\r<br/>We needed to be in the area, but I could imagine if you were coming to London to do the tourist hotspots, you might prefer to be a bit closer to the centre or a tube station.  That said, it was a 20 min walk to Denmark hill train station, and the bus (which is cheaper) that goes to the centre leaves frequently from here too.  Further, there were no curfews, so you could just come and go as you pleased.\r<br/>We slept really well - the bed is comfy, and it's really quiet there.  The kettle in the room is a nice touch, as was the plug adapters (we had forgotten ours).  The shower worked fine, and we were provided with towels.  We never used the kitchen in the end, but this also looked fine.  Lots of storage space in the bedroom too, and the bedroom is situated at the other end of the house from where the owners live.  This gave a sense of privacy.  We would certainly recommend this Air BnB to anyone who needs to be in the area, or prefers to stay in a quiet residential area and taking the bus/overground to the center."}, {"name": "Jessica & Chris", "date": "2016-04-18", "review": "We had a great experience as first time air B&B ers. The room was a short walk from the Herne Hill train station, which was easily accessible to main London city centers. The room was exactly as described and in photos. Konstantin was helpful and wanted to make sure we knew where we were going when we arrived. He recommended us get an Oyster card for traveling on the city transport, which we looked into and decided to get. It's a \u00a35 card that you pre load with money and you can get refunded the \u00a35 when you leave, including whatever funds you have remaining on the card.  You just scan the card and away you go. Very nice and quiet room. Konstantin and his wife were very quiet while we were there and respectful :) All in all, a nice experience! Thank you for everything Konstantin! "}, {"name": "Beatrice", "date": "2016-04-27", "review": "Sono stata ospite di Konstantin per 3 notti ed \u00e8 stata una piacevole vacanza. La casa \u00e8 molto carina, in un quartiere silenzioso e tranquillo a soli 2 minuti dalla fermata dell autobus che porta alla vicina stazione della metro di brixton. <br/>Pur avendo visto Konstantin per pochi minuti, \u00e8 stato molto gentile e ci ha dato tutte le informazioni necessarie su cosa visitare a Londra e soprattutto \u00e8 stato molto disponibile anche nel rispondere ai messaggi ogniqualvolta io ne ho avuto bisogno. <br/>Consiglio questa bella esperienza, e se dovessi tornare a Londra prenoter\u00f2 sicuramente da Konstantin <br/>"}]}