{"id": 10715631, "listing_url": "https://www.airbnb.com/rooms/10715631", "name": "Beautiful well connected house", "description": "Beautiful big house looking onto lovely garden, on a quiet street in Zone 2, 20 mins train into central London.  5 mins walk to park with views over London, local pub and tapas bar.  4 stations within 10 mins walk.  5 mins drive to Blackheath and Greenwich.<br /><br /><b>Other things to note</b><br />Street parking is restricted between 10-12, Mon - Fri although permits can be obtained in advance.", "host_name": "Maria", "host_id": 39013302, "host_url": "https://www.airbnb.com/users/show/39013302", "host_picture_url": "https://a0.muscache.com/im/pictures/user/5d00d5f2-b047-4b66-b681-be32ca988fbb.jpg?aki_policy=profile_x_medium", "neighbourhood_cleansed": "Lewisham", "latitude": 51.46656, "longitude": -0.02001, "property_type": "Entire home", "room_type": "Entire home/apt", "accommodates": 12.0, "bathrooms": 1.5, "bedrooms": 5, "beds": 6, "amenities": ["Fireplace guards", "First aid kit", "Oven", "Hair dryer", "Hangers", "Dishes and silverware", "Luggage dropoff allowed", "Essentials", "Free parking on premises", "Shampoo", "Free street parking", "Cooking basics", "Bathtub", "Indoor fireplace", "Wifi", "Heating", "Children\u2019s books and toys", "Coffee maker", "Dishwasher", "Game console", "Long term stays allowed", "TV", "Microwave", "Refrigerator", "Room-darkening shades", "Iron", "Kitchen", "BBQ grill", "Stove", "Hot water", "Washer", "Children\u2019s dinnerware", "Smoke alarm"], "price": 200.0, "numbers_of_review": 6, "review_scores_rating": 5.0, "reviews": [{"name": "Sandra", "date": "2016-08-15", "review": "My family and I had a wonderful time at Maria's. The house is well located, has lots of amenities and was very clean. The neighbourhood is nice and close to everything. I would highly recommend her place."}, {"name": "Maria Da Gra\u00e7a", "date": "2016-08-19", "review": "Nous \u00e9tions 6 personnes \u00e0 partager le confortable logement de Maria, une grande maison \u00e0 seulement quelques minutes (en voiture) du centre de Londres. D\u00e8s notre arriv\u00e9e, nous avons \u00e9t\u00e9 chaleureusement accueillis par Margarita, qui nous a mis tout \u00e0 fait \u00e0 l'aise. Toutes les pi\u00e8ces de la maison sont parfaitement \u00e9quip\u00e9es : cuisine, chambres, salles de bain, s\u00e9jour ... ; nous avons pu profiter du jardin sous un soleil radieux ; c'\u00e9tait formidable ! Pour la voiture, le stationnement r\u00e9serv\u00e9 devant la maison est un v\u00e9ritable avantage. Nous n'h\u00e9siterons pas \u00e0 revenir avec d'autres amis. Merci Maria, et \u00e0 bient\u00f4t j'esp\u00e8re ! "}, {"name": "Laura", "date": "2018-02-11", "review": "Great house and plenty of room for 8 adults to share."}, {"name": "Alan", "date": "2018-08-10", "review": "Really nice place would book again"}, {"name": "Alan", "date": "2018-08-24", "review": "Had a good trip would book again"}, {"name": "Constance", "date": "2019-08-18", "review": "Nous avons appr\u00e9ci\u00e9 notre week-end chez Maria. La maison est grande et dispose de tous les \u00e9quipements n\u00e9cessaires. Le quartier est calme et plut\u00f4t bien desservi par les transports en commun."}]}