{"id": 10728724, "listing_url": "https://www.airbnb.com/rooms/10728724", "name": "Clean,Quiet,Double room,FREE BREAKFAST included.", "description": "This well looked after flat is located on the ground floor of a charming period property. It comprises a modern bathroom, spacious eat in kitchen, a communal patio garden and a bright newly refurbished bedroom. The bedroom has large built in wardrobes and is very spacious.<br /><br />Located only moments away from the central line/Hammersmith & City Line (kings cross 30 min-Notting hill 15 min)only 10min walk to Westfield Shopping Centre. Hammersmith tube within 20 min by bus. 35-40 min away from Heathrow<br /><br /><b>The space</b><br />Guests are allowed to use living room kitchen and toilet. Use of the tv, football match available. Guests are allowed to use the play station on request. Food is not allowed in the living room and bedroom.<br />Kitchen is available not to cook but to use dining table or help yourself on complementary tea and coffe kettle is always available also cutlery.<br />Washing them up after use is a must!<br />Thank you<br /><br /><b>Other things to note</b><br ", "host_name": "Francesco", "host_id": 55451700, "host_url": "https://www.airbnb.com/users/show/55451700", "host_picture_url": "https://a0.muscache.com/im/pictures/user/928d1818-585c-47fb-b212-3bf2784b173d.jpg?aki_policy=profile_x_medium", "neighbourhood_cleansed": "Hammersmith and Fulham", "latitude": 51.50806, "longitude": -0.23609, "property_type": "Private room in rental unit", "room_type": "Private room", "accommodates": 2.0, "bathrooms": 1.0, "bedrooms": 1, "beds": 1, "amenities": ["Hair dryer", "Hangers", "Dishes and silverware", "Essentials", "Shampoo", "TV with standard cable", "Free street parking", "Paid parking on premises", "Carbon monoxide alarm", "Wifi", "Heating", "Backyard", "Long term stays allowed", "Microwave", "Refrigerator", "Iron", "Kitchen", "Lock on bedroom door", "Breakfast", "Security cameras on property", "Hot water", "Washer", "Smoke alarm", "Dryer", "Lockbox", "Cable TV"], "price": 39.0, "numbers_of_review": 22.0, "review_scores_rating": 4.86, "reviews": [{"name": "Steve", "date": "2018-04-21", "review": "We had the best sleep of our trip at Francesco\u2019s. We loved the comfortable bedding and quiet neighborhood while still being very accessible by a short walk to the train. The kitchen/dining and bathroom were beautiful and the private room was very inviting. The breakfast in the morning was a great touch and much appreciated. <br/>We did not get to meet Francesco but we did meet his cousin who was nice to talk to and his golden retriever was very quiet but friendly. Would absolutely stay again!"}, {"name": "Federica", "date": "2018-04-25", "review": "Host gentilissimo e molto disponibile, pulizia della camera perfetta e Oscar (il cucciolone di casa) \u00e8 stato veramente dolcissimo! Grazie Francesco per averci ospitati! Alla prossima!"}, {"name": "Alan", "date": "2018-04-30", "review": "We had a wonderful stay at Francesco's. He provided us with a rich breakfast every morning, the room and the apartment were fresh and clean. The apartment is conveniently located within half an hour of the center and in a nice ethnic neighborhood with plenty of food options. Francesco's dog was really friendly and well behaved."}, {"name": "Carla", "date": "2018-05-06", "review": "My partner and I had a great stay at Francesco's. We had a one night layover in London and he recommended a great place for dinner and helped us find out way there. The room was bright and comfortable. We would definatley stay here again."}, {"name": "Marcus", "date": "2018-05-10", "review": "I had a good stay at Francesco's place. The bedroom was quite large compared to many with a nice mattress and clean bedding as well as being quiet since it is a couple blocks from the main street. There was a good variety of foods provided for breakfast and his place was decently connected to a few different transit routes.<br/>Thanks for the hospitality. <br/>Marcus"}, {"name": "Neil", "date": "2018-06-01", "review": "A friendly welcome from Francesco and Oscar the dog. <br/>Comfy bed, clean property.<br/>A perfect location to explore London, excellent transport links and a wonderful variety of food available locally. <br/>We might just return."}, {"name": "Lynda", "date": "2018-06-04", "review": "Francesco and his adorable dog Oscar made us feel so welcome and relaxed. Communication was brilliant, and gave great advise about how to get around. <br/>Nice clean place and good for transport links. And you get a breakfast too! Will definitely return. Thanks again."}, {"name": "Kevin", "date": "2018-06-07", "review": "Great location, and Francesco is a great host. Very happy and will be staying again. "}, {"name": "Viktoria", "date": "2018-06-10", "review": "It was super nice to stay at Francescos. We had a quite, clean and cosy private room. Francesco, his dog and roommate were really friendly and prepared us breakfast every morning. Everything was stressless and uncomplicated. We absolutely want to come back! "}, {"name": "Erik", "date": "2018-06-25", "review": "Francesco is very nice host, the apartment is exactly like on the pictures with everything what you need. I really recommend this place! \u263a"}]}