{"id": 10725563, "listing_url": "https://www.airbnb.com/rooms/10725563", "name": "Unique and stylish - The Old Ballroom, Brixton!", "description": "Hello traveller :)<br /><br />Look no further..<br /><br />Our flat is a 1550sqf old converted Ballroom in a former hotel between Brixton and Stockwell (London, SW9). The large open space is very epic and the flat is truly one of a kind. We love living here and hope you enjoy your stay too!<br /><br />We're just 25 minutes from Oxford Circus and 10 minutes from central Brixton.<br /><br /><b>The space</b><br />The flat is on two levels. The top level has one ensuite double bedroom, with a bath and lots of storage space. The bedroom is on a mezzannine above the kitchen and has a screen rather than walls which makes for a brilliant little nest. A balcony runs around the upper-level meaning you can have a real explore of the space. The ground floor has a large double bedroom and shower/bathroom as well as a great open plan kitchen just off to the main living area.<br /><br />Once-upon-a-time the flat was an active Ballroom and therefore boasts the most exquisite levels of light and open s", "host_name": "Archie", "host_id": 9005321, "host_url": "https://www.airbnb.com/users/show/9005321", "host_picture_url": "https://a0.muscache.com/im/users/9005321/profile_pic/1379944312/original.jpg?aki_policy=profile_x_medium", "neighbourhood_cleansed": "Lambeth", "latitude": 51.47048, "longitude": -0.11075, "property_type": "Entire loft", "room_type": "Entire home/apt", "accommodates": 4.0, "bathrooms": 2.0, "bedrooms": 2, "beds": 2, "amenities": ["Fireplace guards", "Oven", "Hangers", "Dishes and silverware", "Essentials", "Patio or balcony", "Shampoo", "Cooking basics", "Indoor fireplace", "Wifi", "Heating", "Dishwasher", "Long term stays allowed", "TV", "Microwave", "Refrigerator", "Iron", "Kitchen", "Stove", "Hot water", "Washer", "Smoke alarm", "Dryer"], "price": 130.0, "numbers_of_review": 21.0, "review_scores_rating": 4.76, "reviews": [{"name": "Joe", "date": "2016-02-05", "review": "What an unbelievable place - thank you so very much. The pictures make it look great but they dont even come close to doing it justice. If you are planning on an exciting trip to South London - look no further!\r<br/>\r<br/>I was completely blown away by this epic hidden gem in the heart of Brixton. The dome ceiling, open space, lovely bathrooms, Sonos, cool bathrooms (with extraordinary shower), smoking balcony, and great vibe made for an extraordinary visit.\r<br/>\r<br/>Archie was incredibly friendly and responded quickly to all of my questions. He was relaxed and I felt totally comfortable with him. I will be back Arch!\r<br/>\r<br/>"}, {"name": "Prateek", "date": "2016-02-20", "review": "The place looks exactly like its shown in the pictures. The appartment is absolutely gorgeous with beautiful interiors and I would highly recommend this place . Archie was really helpful host. Had a wonderful stay.\r<br/>"}, {"name": "Nazeera", "date": "2016-02-21", "review": "For a weekend away in doors- Stunning house with great space and great facilities ! Lived up to the description and I definitely was not disappointed. "}, {"name": "Edle", "date": "2016-03-17", "review": "The Old Ballroom is definitely a unique experience. The living area is absolutely stunning. Communication with Archie was perfect throughout. He is an excellent host - welcoming, relaxed and smooth. The bed was very comfy. I really enjoyed my stay. Highly recommended. "}, {"name": "Monsuru", "date": "2016-03-30", "review": "My friends and I had an amazing time staying at the flat! The decor is truly breathtaking, really loved the space, the artwork and really cool artefacts around the house. Archie was a really welcoming host and really tried to make me feel at home when I met him. The immediate area is nice and tranquil and walking distance Brixton high street which was lively and vibrant. Would absolutely recommend to all my friends and anyone looking for a memorial stay in London!"}, {"name": "Nathanael", "date": "2016-05-01", "review": "The Old Ballroom is a magnificent space in an ideal location in Brixton. The beds are very comfortable and the shower is great. The space is equipped with everything you need for your stay. Archie and George are very accommodation and easy to communicate with. We loved staying at the Old Ballroom and will definitely book again if we're back in Brixton. "}, {"name": "J\u00e9r\u00e9my", "date": "2016-08-06", "review": "Great location,Brixton is the ideal place to be in London ! \r<br/>The flat was unusual in a great way ! I highly recommend this apartment "}, {"name": "Caroline", "date": "2016-08-13", "review": "Amazing flat: the photos don't do it justice! "}, {"name": "Neil", "date": "2016-08-22", "review": "Great pad with everything"}, {"name": "Mathias", "date": "2016-08-31", "review": "Han er fuld ud disponibel, frisk fyr med s\u00f8d reng\u00f8rings kone\r<br/>"}]}