{"id": 10728795, "listing_url": "https://www.airbnb.com/rooms/10728795", "name": "Spacious double bedroom near Dalston Jn", "description": "The house is beautiful, with a living area and separate kitchen.  There's a washing machine, dishwasher and fully equipped kitchen. Dalston Kingsland and Haggerston are really close by, as well as Angel and Liverpool Street a short bus ride away.<br /><br /><b>The space</b><br />The bedroom is very cool, spacious and relaxing.  It is fully furnished.<br /><br /><b>Guest access</b><br />You will have access to all levels of the house.  On the lower ground floor there is your bedroom, fully equipped kitchen, and access to the garden.  On the first floor there is the entrance hallway, Elisha's bedroom, as well as a large bathroom and separate toilet. Upstairs there is the living room, Jackie's bedroom and an attic space.<br /><br /><b>Other things to note</b><br />There are two cats at the house!  They are very friendly, so a you should be a cat lover to come and stay here.", "host_name": "April", "host_id": 43676722, "host_url": "https://www.airbnb.com/users/show/43676722", "host_picture_url": "https://a0.muscache.com/im/pictures/user/0d4998b3-aaab-4895-9b90-82da79948044.jpg?aki_policy=profile_x_medium", "neighbourhood_cleansed": "Hackney", "latitude": 51.54093, "longitude": -0.08265, "property_type": "Private room in townhouse", "room_type": "Private room", "accommodates": 2.0, "bathrooms": 1.0, "bedrooms": 1, "beds": 1, "amenities": ["Extra pillows and blankets", "First aid kit", "Oven", "Hair dryer", "Hangers", "Dishes and silverware", "Luggage dropoff allowed", "Essentials", "Patio or balcony", "Shampoo", "TV with standard cable", "Cooking basics", "Bed linens", "Carbon monoxide alarm", "Wifi", "Heating", "Coffee maker", "Dishwasher", "Backyard", "Microwave", "Refrigerator", "Iron", "Kitchen", "BBQ grill", "Stove", "Hot water", "Washer", "Paid parking off premises", "Smoke alarm", "Ethernet connection", "Cable TV"], "price": 31.0, "numbers_of_review": 5.0, "review_scores_rating": 5.0, "reviews": [{"name": "Natalia", "date": "2016-04-30", "review": "Thank you April for sharing your wonderful room in a cosy home on a quiet street in charming De Beauvoir! It was a joy living here for 3 months and getting to know the housemates Jackie and Ali, the cats and spending early spring in the garden. The house was very clean, homely and well placed in relation to shops, the market in Ridley Road and authentic pubs. I could not recommend it more. Thank you again!"}, {"name": "Dominik", "date": "2017-04-13", "review": "I had a nice stay at April's place."}, {"name": "David", "date": "2017-07-01", "review": "I had a great stay in the spacious double room in a fantastic friendly house with a family feel. April & Jackie (and the 2 cats!) made me feel welcome & right at home the entire length of my stay. The area is beautiful, super quiet & is about 20 mins to central by public transport. Highly recommend, would defiantly stay again. "}, {"name": "L\u00e1szl\u00f3", "date": "2018-08-19", "review": "Fabulous place, fabulous, kind people! Wish we could spend more time here!"}]}