{"id": 10724626, "listing_url": "https://www.airbnb.com/rooms/10724626", "name": "Light, Spacious Victorian East London Home", "description": "Spacious, light, restored modern rustic Victorian home with a lovely garden ;)<br />Our home is fun, friendly and totally lived in and that's the way we love it. We're super laid back and love hosting people!<br />We have good connections to Liverpool St, Stratford, Olympic Park, Westfield, ExCel Centre, O2.<br /><br /><b>The space</b><br />Spacious, bright, restored Victorian home with garden.<br />Exposed brickwork, miss-matched floorboards, woodwork throughout - some chipped wood and peeling paint has been intentionally left so we are in keeping with the character of the house.<br />Our house is modern rustic and totally lived in.<br />Parking is available on our street but we live in a controlled parking zone meaning guests must pay a small fee for parking permits, please let me know if you will have a car.<br /><br />We have a sofa bed in the sitting room which has a single mattress on, if you would like to use this please let me know, there is a \u00a315 extra charge per night to use ", "host_name": "Danielle", "host_id": 26284806, "host_url": "https://www.airbnb.com/users/show/26284806", "host_picture_url": "https://a0.muscache.com/im/pictures/user/9a55c7f5-69ff-431c-a0d0-5b480817c9b6.jpg?aki_policy=profile_x_medium", "neighbourhood_cleansed": "Newham", "latitude": 51.55179, "longitude": 0.04277, "property_type": "Private room in home", "room_type": "Private room", "accommodates": 2.0, "bathrooms": 1.5, "bedrooms": 1, "beds": 2, "amenities": ["Extra pillows and blankets", "First aid kit", "Oven", "Fire extinguisher", "Hair dryer", "Hangers", "Dishes and silverware", "Luggage dropoff allowed", "Essentials", "Shampoo", "Cooking basics", "Bed linens", "Paid parking on premises", "Babysitter recommendations", "Carbon monoxide alarm", "Bathtub", "Indoor fireplace", "Wifi", "Heating", "Dishwasher", "Long term stays allowed", "TV", "Hot water kettle", "Microwave", "Refrigerator", "Host greets you", "Iron", "Kitchen", "Stove", "Hot water", "Washer", "Smoke alarm"], "price": 40.0, "numbers_of_review": 12.0, "review_scores_rating": 5.0, "reviews": [{"name": "Matt", "date": "2016-04-11", "review": "I felt welcome before I'd even arrived - Dani's communication is top notch, and very friendly. The house & cats are wonderful, the atmosphere friendly and conversation is as easy as breathing. I feel that Dani & Jarvis are the epitome of what AirBnB is all about, and all it should be. My only regret is the shortness of my stay! "}, {"name": "Maxime", "date": "2016-04-22", "review": "Danielle and Jarvis are wonderful host, (and their cats too ;-)), their place is very lovely like on the picture and we successfully found some time to exchange / discuss during the week.  "}, {"name": "Tim", "date": "2016-05-05", "review": "My partner and I stayed 11 nights at Dani and Javis's home in Manor Park. We probably took them a little by surprise being a somewhat unusual pair of visitors, as we normally housesit and come with quite a bit of gear, but we had a gap to fill in our schedule.  Their home is one of the friendliest, fun and welcoming as you'll find on here and my partner and I really enjoyed our stay. They are interesting, energetic, smart and motivated people and that energy rubbed off on us. Tucky and Moppie their two young cats are a barrel of fun, and Dave the roommate is a cool guy too. Our room was great with plenty of storage and we thought the bed was nice and comfortable too. The house is situated in a very quiet street where the locals care about the surroundings and it's only 5 minutes walk to the railway station - so really handy to get into London.  All up we had a great time here and thoroughly recommend a stay with Dani in Manor Park!"}, {"name": "Lauris", "date": "2016-05-08", "review": "Even though we haven\u2019t met Danielle as she had to leave somewhere, we felt very welcome at her place. We arrived at night at 3am and found everything prepared for our stay: some notes with all important info, towels, London transportation scheme, etc. \r<br/>The neighbourhood is lovely, easy to reach at anytime. Nearest bus & metro stops and Tesco shop are 5mins away from the house.  It takes ~20 mins to get to Liverpool Street, where you can get off and have a walk or take another metro line for further ride.\r<br/>Moppy & Tucky (cats) are very friendly. And we actually spent most of the time with them while at home, since Dani was away. :)\r<br/>\r<br/>P.S. Could not find the Hair Dryer that are mentioned in the Essential. And don\u2019t forget to bring EU to UK adapters when coming here."}, {"name": "Trine Anemone", "date": "2016-05-15", "review": "V\u00e6relset har hvad det skal have, k\u00f8kken og hus meget rummeligt og hyggeligt. Omgivelserne og afstand til \u00f8vrige omr\u00e5der af London er som beskrevet, to min. v\u00e6k fra 'the tube' med gode, konstante forbindelser. Ogs\u00e5 stor, flot park i g\u00e5afstand. \r<br/>Dani og Jarvis var ovenud eksemplariske v\u00e6rter - engagerede i vores bes\u00f8g b\u00e5de f\u00f8r og under og gav samtidig fin plads i huset. Ogs\u00e5 de \u00f8vrige tre beboere, Dave og de to charm\u00f8r-katte bidrog yderst positivt til stemningen. Vi f\u00f8lte os hjemme og var meget tilfreds med opholdet."}, {"name": "Maxime", "date": "2016-05-26", "review": "Wonderful AirBnB experience ! 1000 thanks."}, {"name": "Nora", "date": "2016-05-27", "review": "Dani and Jarvis are a very welcoming and open minded couple. We felt very at home and at ease staying with them. Their home is original and has surprisingly good transport links to East London. It's a quiet neighborhood, we had two great night sleeps, and their friendly cats joined us for some cuddles in the morning. Totally recommended. "}, {"name": "Ayushi", "date": "2017-04-30", "review": "Danielle is a friendly, warm host. Her house is beautiful and the communication was excellent. Would definitely recommend it to others "}, {"name": "Ivanna", "date": "2017-08-16", "review": "Danielle and Jarvis are warm and welcoming people and great hosts! They're always ready to recommend places to visit and things to do. During our stay, they were in the beginning stages of building a studio in their back garden. It was fun to see the progress, and an indication of how much they love their home. Envious of the airbnb'rs who get to see the finished project! Their's is a lovely house, situated in a quiet neighborhood but still a bare 10 minutes from two tube stations. The room we stayed in was lovely, with a very comfy bed and plenty of space to store belongings. If you're a cat person, be prepared to fall in love with their two friendly kitties as well. We would definitely be willing to repeat the experience! Thank you guys!"}, {"name": "Ivanna", "date": "2017-08-31", "review": "We liked these lovely people so much we went back! We stayed for 9 nights this time, and everything was just as amazing as the first time we stayed. Danielle and Tom are the nicest, easiest to talk to people you could have the pleasure of meeting. The room is airy and comfortable, and their cats are adorable. Walking distance to two tube stations, Manor Park and Woodgrange Park, as well as the beautiful Wanstead Flats. Very recommended!"}]}