{"id": 10736658, "listing_url": "https://www.airbnb.com/rooms/10736658", "name": "Escape to a Chic Oasis near Chiswick and Gunnersbury Park", "description": "Quietly nestled just outside central London, this newly refurbished garden flat is stylishly furnished with eclectic accents collected from across the globe. Full of life and charm, the modern living area and tranquil garden offers a perfect respite.", "host_name": "Eliza", "host_id": 20566114, "host_url": "https://www.airbnb.com/users/show/20566114", "host_picture_url": "https://a0.muscache.com/im/pictures/user/6c6af27c-5d3c-4419-ac36-27795cdf61c2.jpg?aki_policy=profile_x_medium", "neighbourhood_cleansed": "Ealing", "latitude": 51.50219, "longitude": -0.26895, "property_type": "Entire rental unit", "room_type": "Entire home/apt", "accommodates": 4.0, "bathrooms": 2.0, "bedrooms": 2, "beds": 2, "amenities": ["Wifi", "Coffee maker", "Paid parking off premises", "Dishwasher", "Washer", "Pets allowed", "Backyard", "TV", "Smoke alarm", "Hair dryer", "Bathroom essentials", "Iron", "Dryer", "Kitchen", "Carbon monoxide alarm", "Heating", "Bedroom comforts"], "price": 350.0, "numbers_of_review": 75.0, "review_scores_rating": 4.97, "reviews": [{"name": "Julius", "date": "2016-04-07", "review": "Eliza's fantastic apartment was perfect. Comfortable, immaculate, well-located and beautifully furnished. It was a real home-away-from-home for the 2 and 1/2 week stay and would not hesitate to return :-)"}, {"name": "Daryl", "date": "2016-04-21", "review": "Eliza has furnished her flat to a high degree of elegance and taste: the whole place is just beautiful. And comfortable \u2013 we lounged around in the contemporary kitchen and felt really at home; sat in the sunny garden; slept soundly in the comfy beds. There's everything down to a washing machine, and you're on your own \u2013 completely private. Eliza herself is helpful and generous. The house is in a pleasant Victorian enclave of Acton. We had a wonderful stay."}, {"name": "Brandon", "date": "2016-05-20", "review": "Eliza is a fantastic host.  Her home is beautiful and in a safe neighborhood within walking distance to the train.  It's a quiet location with plenty of parks and places to eat nearby.  The garden is my favorite part.  It's nice to be able to look out the window and see the birds stop by.  It truly felt like a home away from home.  I would highly recommend!"}, {"name": "Eduardo", "date": "2016-09-02", "review": "Eliza's home is lovely. It makes you feel as if you were at home.\r<br/>Eliza was also very helpful and ready to answer any doubt we had. The heater was not working (it was unplugged) and he solved 10min after we told her! Amazing.\r<br/>The house was very clean and had all the necessary stuff for a normal living (for cooking, sleeping, bath, etc.). The garden is also very nice. We spent some good hours there.\r<br/>The location is not bad. The tube is at 5min walking. Another tube stop better communicated (direct line to Picadilly) at 15min walking. Bus stop to this tube is at 2 min walking.\r<br/>\r<br/>The price was also fair for this kind of house. Not too cheap, not too expensive.\r<br/>We will come back to Eliza's home in our next visit to London!"}, {"name": "\u6eaa\u6167", "date": "2016-09-19", "review": "very nice house \uff0cit is very tidy and bright .the neighbor upstair is give up a lot of help in London. "}, {"name": "Shani", "date": "2016-09-26", "review": "We had a wonderful stay at Eliza's beautiful home.  Would highly  recommend it to anyone.  If ever we are in Chiswick again we will definitely look this place up."}, {"name": "John", "date": "2016-11-17", "review": "Eliza's place is great and I definitely felt welcomed. She is a great person. "}, {"name": "Catherine", "date": "2016-12-08", "review": "Very lovely flat to stay in, bright, clean, well-designed and quiet.  Everything worked, parking is easy and inexpensive for London, pretty garden. Communication with Eliza was quick and straightforward and she went out of her way to accommodate us.  A lovely host.  Thank you so much.  Highly recommended."}, {"name": "Alessandra", "date": "2017-03-02", "review": "This is a high end London apartment, with all you could need. It may not be central but the standard of interior design and comfort are all Mayfair !!"}, {"name": "Sarah", "date": "2017-04-10", "review": "Eliza's home is a gorgeous. Exactly as beautiful and high end as the pictures show. We enjoyed the sunshine in her garden that is filled with tulips and enjoyed cooking and relaxing in her kitchen/living room. We have serious interior design envy and will miss the amazing rain shower in the bathroom. Eliza was incredibly warm and friendly when we met her and was happy to answer any queries throughout our stay but at the same time allowed us to enjoy her home in its entirety without any disruption. I would highly recommend this home and would definitely stay again. Thanks Eliza! "}]}