{"id": 10738478, "listing_url": "https://www.airbnb.com/rooms/10738478", "name": "Highbury Park", "description": "A beautiful, private road with ample free parking. Close to shops, restaurants and transport. The house has two friendly, helpful professional working housemates. Happy to help with anything you may need. Free to use all the house as your own.<br /><br /><b>The space</b><br />A bright airy room or dark and cosy when the blinds are drawn. Plenty of storage, workspace with desk and wifi. New linen and towels for guests. Clean and comfortable.<br /><br /><b>Guest access</b><br />Front door keys and keys to your room. Guests have full use of the house and features. From kitchen, fridge, cupboard space, utensils, lounge room, washer, dryer. Need help with anything? Ask and we are happy to walk you through anything you may need.<br /><br /><b>Other things to note</b><br />No pets please", "host_name": "Beau", "host_id": 55512662, "host_url": "https://www.airbnb.com/users/show/55512662", "host_picture_url": "https://a0.muscache.com/im/pictures/user/4f05b926-7a10-45fd-b907-f3dd8d3e7d70.jpg?aki_policy=profile_x_medium", "neighbourhood_cleansed": "Islington", "latitude": 51.55416, "longitude": -0.09461, "property_type": "Private room in rental unit", "room_type": "Private room", "accommodates": 2.0, "bathrooms": 1.0, "bedrooms": 1, "beds": 1, "amenities": ["Essentials", "Wifi", "First aid kit", "Washer", "Free parking on premises", "Shampoo", "TV", "Long term stays allowed", "Fire extinguisher", "Smoke alarm", "Iron", "Carbon monoxide alarm", "Dryer", "Hangers", "Kitchen", "Heating", "Lock on bedroom door"], "price": 45.0, "numbers_of_review": 1, "review_scores_rating": 5.0, "reviews": [{"name": "Xavier & Rachael", "date": "2016-04-22", "review": "Great house, location and housemates. Clean and comfortable. "}]}