{"id": 10736115, "listing_url": "https://www.airbnb.com/rooms/10736115", "name": "Beautiful Little Venice London 2 Bed 2 Bath Home", "description": "Just moments from Warwick Avenue on the Bakerloo Line lies this beautiful professionally-managed two double bedroom, two bathroom apartment with a homely feel and a stunning garden terrace. It's perfect for up to four people who are looking to enjoy the best that London has to offer!<br /><br /><b>The space</b><br />The apartment comes with two bedrooms, a spacious living room, a fully-equipped kitchen and a lovely garden. It is situated on the lower ground level. There are five steps leading down to the apartment but its not considered a basement flat as you have the garden to the rear. Once inside, there are no steps and the apartment is on one level.<br /><br /><b>Guest access</b><br />Guests have access to the whole apartment and are welcome to use everything they need. We ask that guests take a sensible approach to using any of the owner's belongings and kitchen items. Please leave any alcohol untouched but help yourselves to tea and coffee. If you finish something, please replace", "host_name": "Home Host", "host_id": 23234040, "host_url": "https://www.airbnb.com/users/show/23234040", "host_picture_url": "https://a0.muscache.com/im/pictures/user/b1e8e6c2-3d90-4d9b-9820-6b1e23ed752f.jpg?aki_policy=profile_x_medium", "neighbourhood_cleansed": "Westminster", "latitude": 51.52466, "longitude": -0.19102, "property_type": "Entire rental unit", "room_type": "Entire home/apt", "accommodates": 4.0, "bathrooms": 2.5, "bedrooms": 2, "beds": 2, "amenities": ["First aid kit", "Fire extinguisher", "Hair dryer", "Private entrance", "Hangers", "Dishes and silverware", "Essentials", "Shampoo", "Cooking basics", "Carbon monoxide alarm", "Wifi", "Heating", "Long term stays allowed", "TV", "Host greets you", "Iron", "Kitchen", "Hot water", "Washer", "Smoke alarm", "Dryer"], "price": 182.0, "numbers_of_review": 140.0, "review_scores_rating": 4.78, "reviews": [{"name": "Alicia", "date": "2016-02-15", "review": "Celia's apartment was absolutely gorgeous! It is a basement apartment, as you have to go down a couple steps to get to the front door, and I was apprehensive entering, but boy oh boy was it a deal! The living space was a great area to gather with friends and the rooms were very spacious! It was great having our own bathroom from our other guests and the kitchen was very accessible. Love the art and decor as well. Great place. <br/>Location was good, close to Warwick avenue which is quite near Oxford St. The only drawback is that the Bakerloo line is old and there's no other line from Warwick, but we managed just fine on the tube to get all around London. <br/>Celia was great to communicate with and she was very flexible when my brother's flight was delayed and we had to push back the check in time short notice. She was easy to get a hold of and seemed very kind. I would definitely stay here again! "}, {"name": "Chris", "date": "2016-02-20", "review": "A fantastic property and a great experience, highly recommended!"}, {"name": "Amy", "date": "2016-02-22", "review": "Great communication from Celia. Very organised"}, {"name": "Nelly", "date": "2016-02-27", "review": "Celia nous a lou\u00e9 un superble appartement, tres bien situ\u00e9. Un cadre tr\u00e8s cosy anglais. Nous prevoyons deja un futur sejour a Londres et nous esperons retour et chez Celia."}, {"name": "\u83b9", "date": "2016-03-02", "review": "the apartment is very good."}, {"name": "Axel", "date": "2016-03-17", "review": "Simply fabulous. \r<br/>Wonderful spacious place, with a fantastic sunny dining room and a superb rear garden. Perfectly equipped, even a plenty of plug adapters! No. 6 bus stops just around the corner, going directly to the Piccadilly Circus and Trafalgar Square. No. 414, from the same stop, is perfect for the South Kensington museums."}, {"name": "Lorraine", "date": "2016-04-08", "review": "We were made to feel welcome, the description of the property was accurate and great layout.\r<br/>Good for underground, a wee walk but pleasant surroundings.\r<br/>Delighted to be near Abbey Road Studios too :o)\r<br/>Worried only the top lock was operational on front door for safety of our young son, would be easy to open from inside. The cleaning of the flat was a little poor. Dirty oven and hob, we cleaned before we used and before we left. :o(\r<br/>We have mentioned to friends and would return! :o)"}, {"name": "Constance", "date": "2016-04-23", "review": "Celia was a very good host, she answered all our questions and let us arrive and leave at the time we wanted. The apartment is in a very good neighbourhood  with the tube at 7 min walking. From the apartment to oxford street its around 15/20 minutes which is very not so long for a big big city like London. The apartment is very cosy and cool with a great terrace and two rooms with very comfortable beds. Will definite come back again if we return to London."}, {"name": "Susan", "date": "2016-04-25", "review": "I stayed in this lovely two bed flat with my husband and two friends for a couple of nights when I was running the London Marathon as it felt like it would be more comfortable/convenient. It was my first Airbnb stay. The flat was in an ideal location, a short walk from Warwick Ave tube and had lovely living space to relax. There were good facilities - restaurants and shops - close by (would highly recommend Red Pepper on Formosa Street). From the time of booking Celia was very prompt in responding to any queries and seemed very friendly/easy to deal with. \r<br/>We had a couple of minor issues as there had been a problem with drying the bedding/towels prior to us arriving which was explained and dealt with at the time. I was very confident that any other concerns would have been promptly addressed. I would definitely recommend Celia as a host and would stay here again."}, {"name": "Mariya", "date": "2016-05-02", "review": "The listing was a precise description of what you get and even underestimated the property. Beautiful apartment! Spacious, nicely furnished and a sunny dining are with a nice garden! Central location in a residential area! My family and I loved it! The hosts were the most responsive and of great service! Thank you!!"}]}