{"id": 1073961, "listing_url": "https://www.airbnb.com/rooms/1073961", "name": "Stylish large room King size bed", "description": "<b>The space</b><br />room dimensions: 3.7m x 2.7m (12ft x 9ft) <br />fitted wardrobes and draws <br />king size bed fitted sheets  <br />FREE broadband Wi Fi <br />Free Use of large DVD library <br />and for your convenience help your self to tea coffee milk and bread(never have to worry that you haven't got the basics at home)  <br />free off street parking.  <br />smoking permitted in garden and guests welcome for lengthy lets  <br />we have two friendly cats Mogwai and Charly. <br /> <br /> I have in the last 2 years had several BA Cabin Crew staff stay for various lengths of time  <br /> <br />I can also pick you up from local stations for a small fee to make your arrival easier if you have no car, (closest station Hayes and Harlington (2 min Drive))  <br />you can catch a bus (U4) 2 minutes walk away to Brunel University. (approximate journey of 20 - 30 mins) <br /> <br />for details of getting to Cranebank see link http://www.ebaft.com/download/detailed%20map%20and%20directions.", "host_name": "Odysseus", "host_id": 4365801, "host_url": "https://www.airbnb.com/users/show/4365801", "host_picture_url": "https://a0.muscache.com/im/users/4365801/profile_pic/1366032392/original.jpg?aki_policy=profile_x_medium", "neighbourhood_cleansed": "Hillingdon", "latitude": 51.52025, "longitude": -0.42436, "property_type": "Private room in home", "room_type": "Private room", "accommodates": 1.0, "bathrooms": 1.5, "bedrooms": 1, "beds": 1, "amenities": ["First aid kit", "Oven", "LG 2.1 sound system", "Fire extinguisher", "Hair dryer", "Wine glasses", "Dining table", "Hangers", "Cleaning products", "Dishes and silverware", "Luggage dropoff allowed", "Essentials", "Bread maker", "Free street parking", "Cooking basics", "Bed linens", "Clothing storage", "Carbon monoxide alarm", "Bathtub", "Heating", "Wifi", "Safe", "Coffee maker", "Dishwasher", "Long term stays allowed", "TV", "Hot water kettle", "Microwave", "Portable fans", "Refrigerator", "Room-darkening shades", "Private patio or balcony", "Iron", "Kitchen", "Drying rack for clothing", "Stove", "Lock on bedroom door", "Toaster", "Hot water", "Washer", "Private fenced garden or backyard", "Smoke alarm", "Dryer", "Nespresso machine", "Outdoor furniture", "Freezer"], "price": 25.0, "numbers_of_review": 10, "review_scores_rating": 4.8, "reviews": [{"name": "Fa\u00efza", "date": "2013-05-09", "review": "\"There is no problem, only solutions\" : it's true, I lived one week at Seth's home, and this room was THE solution that I was looking for. Everyting was perfect, better than in the picture. Just see to believe in ! The house was perfectly clean and tidy, with lot of Light ^^. Seth and her daughter were very friendly and smart.  Both make the perfect team. My journey in there house was like a ray of sunlight during the night; a breath of happyness. There you have all things that you need to make you feel like at home.  Of course, I will return to their home if I come again into the UK. \r<br/>(Sorry for my poor English, I'm a beginner) ^^\r<br/>Do not hesistate, this is the home sweet home that you need ! #TheBritishDream"}, {"name": "Elliot", "date": "2013-05-27", "review": "Absolutely brilliant! I was slightly dubious at first due to such low prices for london, but when I met Seth and he showed me the room I knew I had lucked out. The house/room is very clean and welcoming, as is Seth who went out of his way to make me feel comfortable throughout my stay. I would highly recommend."}, {"name": "Xiaoping", "date": "2020-07-26", "review": "Seth is a Superhost and his home is immaculate! This home is located in a lovely area of west London and it is conveniently near shops, restaurants, transportation and parks.  Seth is very helpful answering questions, explaining things and making suggestions to make your stay more comfortable.  I highly recommend staying at Seth\u2019s flat on your next trip to London."}, {"name": "Gary", "date": "2021-11-04", "review": "Everything was as advertised, plus the location is literally 100 meters or so from a fairly large, lovely park with trees and grass aplenty. The area seems to be really safe. The host was very helpful in going out of his way to assist me with a few things that really made a difference. I'd certainly stay again. Recommended."}, {"name": "Bruce", "date": "2021-11-19", "review": "Couldn\u2019t ask for more: spacious, comfortable room with loads of storage; gorgeous house, all of the amenities you could ever expect; extremely helpful, thoughtful and kind host; plenty of green space nearby and good connections to central London. <br/>10/10!"}, {"name": "Sonoko", "date": "2021-12-31", "review": "It\u2019s comfortable because everything has  what I want and need.He and his daughter are also very kind to me, so it\u2019s easy to spend his house. <br/>There\u2019s a TV which can see movies all the time in my room. There\u2019s a great selection of items in the kitchen as well. I had no trouble with daily .<br/>We were able to participate with Christmas party and eat British food. We had a great time ! I  had a valuable experience in my life. <br/>I moved because his house was far from school,If it\u2019s not far away to school, I would still live there till I go back to Japan."}, {"name": "Thomas", "date": "2022-01-23", "review": "very lovely place"}, {"name": "Azeez", "date": "2022-03-09", "review": "He is a nice guy and very caring."}, {"name": "Kate", "date": "2022-03-26", "review": "graet value"}, {"name": "Maridel", "date": "2022-06-30", "review": "Very good place and accommodating host."}]}