{"id": 1073554, "listing_url": "https://www.airbnb.com/rooms/1073554", "name": "Large double room with private toilet/shower", "description": "<b>The space</b><br />Our Twin En-suite Room is an excellent choice if you are looking for a quiet place with easy access. This room is bright and airy. <br /><br />The room has two double beds and equipped with a bathroom en-suite, cable TV, Fridge there is also free WiFi. Kitchen and living room for all visitors with big garden and BBQ area if you like. <br /><br />Also very close to the Olympic Park in Stratfford, 6 min from tube station and easy access to buses. supermarket, shops, 24 hours office license, 20 min walking to westifield.<br />You are very welcome to visit us, hope to see you soon. :)", "host_name": "Celi", "host_id": 5492152, "host_url": "https://www.airbnb.com/users/show/5492152", "host_picture_url": "https://a0.muscache.com/im/pictures/user/6e31ec54-0b33-4c0e-ad97-5bce9a424d6b.jpg?aki_policy=profile_x_medium", "neighbourhood_cleansed": "Waltham Forest", "latitude": 51.55434, "longitude": 0.0006, "property_type": "Private room in home", "room_type": "Private room", "accommodates": 2.0, "bathrooms": 1.5, "bedrooms": 1, "beds": 2, "amenities": ["Wifi", "Washer", "Long term stays allowed", "TV with standard cable", "Smoke alarm", "Carbon monoxide alarm", "Dryer", "Kitchen", "Cable TV", "Heating"], "price": 95.0, "numbers_of_review": 13.0, "review_scores_rating": 4.56, "reviews": [{"name": "Doris", "date": "2013-06-25", "review": "We had a lovely stay at Celi\u2019s home. The room is exactly as the pictures. Celi gave us useful travel information. She was a very good hostess. The house is nearby the tube station and a bus stop. You can get easily to London by tube in 20 minutes. We loved our stay and recommend this room."}, {"name": "Emilie", "date": "2013-07-15", "review": "Tell others in the Airbnb community about your stay."}, {"name": "Monika", "date": "2013-08-19", "review": "Celi is a very friendly and positive person :-) Again thank you very much for your hospitability! Monika and Family"}, {"name": "Herv\u00e9", "date": "2013-09-03", "review": "CELI nous a formidablement accueilli. Tout a \u00e9t\u00e9 fait pour nous mettre \u00e0 l'aise, en toute simplicit\u00e9 et beaucoup de gentillesse. Notre logement \u00e9tait agr\u00e9able, confortable et tr\u00e8s tranquille, aucun bruit. La proximit\u00e9 du m\u00e9tro est tr\u00e8s pratique pour se rendre au centre de Londres et les commerces tout proches permettent de se ravitailler facilement. En r\u00e9sum\u00e9 nous sommes tr\u00e8s satisfaits de notre s\u00e9jour."}, {"name": "Stephanie", "date": "2013-09-25", "review": "My friends and I stayed with Celi for 10 days. The room was very nice and clean and exactly as shown in the pictures. The location was very good. Walking distance to the mall, grocery store, and tube station and very close to central London. Celi and her son were also very helpful and we couldn't have asked for better hosts. We definitely enjoyed our stay with Celi and would be more than happy to stay with her again :) "}, {"name": "Daniel", "date": "2013-10-15", "review": "Accommodation at Celi was fine and everything corresponded to the information contained in the advertisement. Very good access to the city center by metro. 5 minutes walk to the subway. 15 minutes walk to the Olympic shopping center or one station in the subway.\r<br/>We had a good time the Celi house.I highly recommend to everyone.\r<br/>Thank you Celi.\r<br/>"}, {"name": "Ang", "date": "2016-07-21", "review": "\u623f\u4e1cCeli\u5f88\u597d\u5f88\u70ed\u60c5\u3002\u623f\u5b50\u5730\u7406\u4f4d\u7f6e\u4e5f\u5f88\u4e0d\u9519\u3002\u56db\u4e2a\u4eba\u4f4f\u5f88\u5212\u7b97\u3002\u867d\u7136\u5165\u4f4f\u7684\u65f6\u5019\u6709\u70b9\u610f\u5916\u7684\u5c0f\u6ce2\u6298\uff0c\u4f46\u4e5f\u5f88\u597d\u7684\u89e3\u51b3\u4e86\u3002\u5f3a\u70c8\u63a8\u8350\u6709\u9700\u8981\u7684\u670b\u53cb\u9009\u62e9\u8fd9\u5bb6\u3002\r<br/>Celi is a nice landlady and the house is really nice."}, {"name": "Anslim", "date": "2016-07-31", "review": "Very welcoming host"}, {"name": "Doruk", "date": "2017-05-07", "review": "The house is very close to underground station. It was clean and the room is quite big. All things are as expected."}, {"name": "Radek", "date": "2017-06-13", "review": "The Celi's place is amazing pretty close to the underground! If you're looking place for a place to spend week in London Celi's house is the best decision!"}]}