{"id": 10731309, "listing_url": "https://www.airbnb.com/rooms/10731309", "name": "London 2bedroom 2bathroom mins to central ln tube", "description": "My place is close to:<br />-30 mins drive to Stansted Airport<br />-2 mins walk to Gants Hill Underground Station<br />-Central Line tube Station <br />-10 mins tube to Olympic Park and Westfield Stratford<br />-20 mins tube to central London<br />-30 mins tube to Oxford Circus <br />-2 mins walk to great local eatery <br />-2 mins walk to Tesco Express and Sainsbury's Local . <br />-5 mins walk to local Park<br /><br />My place is good for:<br />-Couples<br />-Solo adventurers<br />-Business travellers<br />-Families (with children)<br /><br /><b>The space</b><br />You\u2019ll love my place because of:<br />- Modern apartment<br /> -Great local London views from 6th floor<br />-2 private bathrooms 1 en-suite<br />-Living room with comfy sofa <br />- Wifi and TV with Netflix and Amazon Prime<br />-Fully equipped kitchen for cooking<br />-Great for couples and families<br /><br /><b>Guest access</b><br />-Guests are able to access all areas of the apartment. <br />-Guests will have access to", "host_name": "Sumaya", "host_id": 55469179, "host_url": "https://www.airbnb.com/users/show/55469179", "host_picture_url": "https://a0.muscache.com/im/pictures/user/adcedd31-15c8-4723-9f88-5b4c3cb2e6a4.jpg?aki_policy=profile_x_medium", "neighbourhood_cleansed": "Redbridge", "latitude": 51.57762, "longitude": 0.06789, "property_type": "Entire rental unit", "room_type": "Entire home/apt", "accommodates": 6.0, "bathrooms": 2.0, "bedrooms": 2, "beds": 2, "amenities": ["Extra pillows and blankets", "First aid kit", "Oven", "Hair dryer", "Hangers", "Dishes and silverware", "Essentials", "Shampoo", "TV with standard cable", "Cooking basics", "Bed linens", "Wifi", "Heating", "Host greets you", "Microwave", "Refrigerator", "Iron", "Kitchen", "Stove", "Hot water", "Washer", "Paid parking off premises", "Elevator", "Smoke alarm", "Dryer", "Cable TV"], "price": 70.0, "numbers_of_review": 8, "review_scores_rating": 4.5, "reviews": [{"name": "Ron", "date": "2018-08-17", "review": "This is a great place. New apartment, very comfortable and has what ever is needed. Exelannt location 2 min from the underground and just 20-26 min to zone 1 the city center.  Sumaya and her husband are great hosts. They were so kind and helpful with all that we needed. I would defentally come back myself and send my family and friends and would highly recommend the place for any one who wish to stay in london !!"}, {"name": "Kadiatou", "date": "2018-08-29", "review": "Tr\u00e8s belle appartement confortable et cosy il poss\u00e8de tout ce dont vous avez besoins. Il ce situe seulement \u00e0 2 min du m\u00e9tro. Sumaya est une excellente h\u00f4te tr\u00e8s gentille et serviable. <br/>Je recommande vivement cet endroit \u00e0 tous ceux qui souhaitent s\u00e9journer \u00e0 Londres.<br/>"}, {"name": "Hanan", "date": "2018-09-02", "review": "Sumaya was a great host and provided us with everything we needed. Our stay was great and very comfortable. The apartment was very lovely. The location was perfect, close to the station and shops. Would definitely stay here again in the future."}, {"name": "Gurin", "date": "2018-09-09", "review": "Sumaya is a fantastic host. She was flexible with the check in and personally welcomed me. She was even thoughtful enough to stock up the place with useful groceries. Our stay was superbly comfortable and a total value for money. The place is right next to the Underground station which makes the place easily accessible.<br/>Highly recommended."}, {"name": "Antonio", "date": "2018-09-20", "review": "Lugar agrad\u00e1vel mas que poder\u00e1 ser muito melhor se algumas medidas de limpeza do condom\u00ednio forem adotadas. A localiza\u00e7\u00e3o \u00e9 muito boa, perto do metro e de \u00f4nibus, mas um pouco distante do centro de Londres (35 minutos de metro). As facilidades encontradas no flat ajudam muito os h\u00f3spedes. Voltaria a me hospedar l\u00e1, principalmente pelo atendimento proporcionado pela Sumaya."}, {"name": "Siqi", "date": "2018-09-22", "review": "Nice host, nice stay. Recommend."}, {"name": "Pauline", "date": "2018-09-24", "review": "Une r\u00e9activit\u00e9  dans les r\u00e9ponses pour l'organisation du voyage ainsi qu'un tr\u00e8s bon accueil. Un logement convivial avec une bonne qualit\u00e9 prix pour un week-end \u00e0 Londres. Je recommande"}, {"name": "Brenda", "date": "2018-10-01", "review": "The location was close to the underground and easy to find."}]}