{"id": 10738413, "listing_url": "https://www.airbnb.com/rooms/10738413", "name": "Beautiful, Modern Flat in Central London", "description": "This is a beautiful, modern flat right in the centre of London. You will be a 5 minute walk from Upper Street, with its vast array of restaurants, shopping, and entertainment. The flat is tucked away on a residential road that's quiet at night, and the nearby canal is perfect for runners, or a stroll, and extends for several scenic miles.<br /><br />An 8 minute walk to the tube and 4 to a bus. This really is a perfect spot for any visit to the city. But don't take my word for it, just read the reviews!<br /><br /><b>The space</b><br />Unlike most flats in London, this is a spacious accommodation with a large bedroom, kitchen, and living room. It is extremely bright, with expansive windows throughout. It has been recently finished to a very high standard, with real wood floors, granite breakfast bar, and instant hot water tap--I drink a lot of tea :)<br /><br />It contains all the modern amenities, including a dishwasher, washing machine, 100Mb wireless internet, and a 60\" TV!<br /><br ", "host_name": "Philip", "host_id": 941810, "host_url": "https://www.airbnb.com/users/show/941810", "host_picture_url": "https://a0.muscache.com/im/pictures/user/56e4cf7d-fd03-419d-b99f-7e06dce2c39d.jpg?aki_policy=profile_x_medium", "neighbourhood_cleansed": "Islington", "latitude": 51.53205, "longitude": -0.09873, "property_type": "Entire rental unit", "room_type": "Entire home/apt", "accommodates": 2.0, "bathrooms": 1.0, "bedrooms": 1, "beds": 1, "amenities": ["Extra pillows and blankets", "First aid kit", "Oven", "Fire extinguisher", "Hair dryer", "Wine glasses", "Private entrance", "Hangers", "Cleaning products", "Rice maker", "Dishes and silverware", "Essentials", "Shampoo", "Baking sheet", "Cooking basics", "Single level home", "Bed linens", "Paid parking on premises", "Carbon monoxide alarm", "Bathtub", "Shower gel", "Heating", "Wifi", "Coffee maker", "Free dryer \u2013 In unit", "Dishwasher", "Game console", "Long term stays allowed", "Hot water kettle", "Microwave", "Refrigerator", "Room-darkening shades", "Iron", "Body soap", "Drying rack for clothing", "Bluetooth sound system", "Kitchen", "Stove", "Toaster", "Dedicated workspace", "Hot water", "Paid parking off premises", "Smoke alarm", "Lockbox", "Free washer \u2013 In unit", "Ethernet connection", "Portable air conditioning", "65\\ HDTV with Amazon Prime Video", "Chromecast", "Netflix", "Freezer"], "price": 139.0, "numbers_of_review": 75.0, "review_scores_rating": 4.93, "reviews": [{"name": "Renaud", "date": "2016-03-03", "review": "L'appartement de Philip est parfaitement proportionn\u00e9 pour une ou deux personnes, tr\u00e8s bien \u00e9quip\u00e9 (cuisine, wifi, tv, etc.), bien con\u00e7u et confortable. Il est situ\u00e9 dans une all\u00e9e pi\u00e9tonne tr\u00e8s calme \u00e0 deux pas de Regent's canal et \u00e0 5' \u00e0 pied de la station Angel, dont les abords offrent de multiples ressources (bars, restaurants, magasins en tout genre, ainsi qu'un march\u00e9 ouvert) et de nombreuses liaisons en bus et m\u00e9tro vers toutes les zones de Londres (10' de Bank ou Holborn, par exemple).\r<br/>\r<br/>Philip s'est montr\u00e9 un h\u00f4te attentif, de tr\u00e8s bon conseil pour profiter des ressources du quartier et tr\u00e8s r\u00e9actif pour r\u00e9pondre \u00e0 mes questions.\r<br/>\r<br/>Je recommande sans r\u00e9serve."}, {"name": "Robin", "date": "2016-03-21", "review": "Great host"}, {"name": "Ray", "date": "2016-04-25", "review": "Philip was a great host and was fantastic with communication. He was in touch (almost instantaneously) throughout my stay.  \r<br/>\r<br/>The flat itself was spacious and in a great location near Angel and Old Street stations.  I found myself being able to walk to shops and bars/restaurants, while at the same time having great tube access to wherever I wanted to go.  Thanks again Philip!"}, {"name": "Tina", "date": "2016-05-02", "review": "The apartment was even better than the photographs! It was clean and tidy and had everything we needed.\r<br/>The location is excellent: just down the road from the high street and a minutes walk from the canal.\r<br/>Philip was a wonderful host and kept in touch and responded quickly to my emails."}, {"name": "Omar", "date": "2016-06-16", "review": "Philip was an excellent host and very attentive. He went out of his way to send details explaining things and offering suggestions. The flat was very clean and well equipped."}, {"name": "Michael", "date": "2016-06-21", "review": "Philip was an excellent host right from the start, replying promptly to my booking request and going to great lengths to make a late check-in possible for me via a friend of his, as I got into London after 9pm. I didn't get to meet him in person, but he made sure via messages that I felt at home and had everything I needed. He also prepared a detailed document and email containing all the necessary information about the house and surroundings, including links to manuals for all the domestic appliances.\r<br/>Philip's apartment was exactly as described, very spacious with modern interiors. It was spick and span when I arrived. Located in a very quiet neighbourhood, but within 10 min walking distance to Angel, it's close to dozens of restaurants, supermarkets and public transport links (there's also a bus stop close by). It's just two minutes away from beautiful Regent's Canal, which makes it a perfect starting point for nice walks (and runs!) towards leafy Victoria Park.\r<br/>I very much enjoyed my stay there and highly recommend it to anyone who's looking to spend a relaxing time in one of the best areas of the city!"}, {"name": "Christina", "date": "2016-07-18", "review": "Philip was great! He was very flexible with meeting times, which was appreciated given my arrival time, and met me at the apartment to drop off keys. The apartment itself was spacious, clean and well furnished. The bed was comfortable, and I slept well! The location itself is ideal--close to cafes, restaurants and cute shops. Very convenient access to the tube. Philip was quick to reply to any questions and also gave tips on his favorite places in the neighborhood. I would highly recommend! "}, {"name": "Dune", "date": "2016-08-08", "review": "Awesome, clean, close to tons of food and bus stops, super nice host.<br/>A+ overall"}, {"name": "Hagop", "date": "2016-09-17", "review": "I had a great stay at Philip's apartment. The place is spacious and comfortable and well-designed, and only a 5-7 minute walk from Angel tube station. Philip was always responsive and helpful. Great experience :)"}, {"name": "Michael", "date": "2016-10-02", "review": "Very nice flat, great host, great location.  Thanks for a great stay.  "}]}