{"id": 10732756, "listing_url": "https://www.airbnb.com/rooms/10732756", "name": "Fabulous Country Family Home,", "description": "Large and bright, modern, spacious family home. 45 min. to London on the train (walking distance). Sweeping views, gardens, close to English country side and city exploration. Cleaning service & Airport transfers available.LGW: 20 min. Not suitable for parties<br /><br /><b>Other things to note</b><br />Downstairs self contained ensuite is rented out to a film maker. He has his own entrance and amenities and rarely around. Occasional use of kitchen.", "host_name": "Havovi", "host_id": 18032682, "host_url": "https://www.airbnb.com/users/show/18032682", "host_picture_url": "https://a0.muscache.com/im/pictures/user/3575443f-5007-4cff-8a10-e9cceda743e1.jpg?aki_policy=profile_x_medium", "neighbourhood_cleansed": "Croydon", "latitude": 51.31515, "longitude": -0.1048, "property_type": "Entire home", "room_type": "Entire home/apt", "accommodates": 6.0, "bathrooms": 3.5, "bedrooms": 4, "beds": 4, "amenities": ["First aid kit", "Hair dryer", "Hangers", "Dishes and silverware", "Essentials", "Free parking on premises", "Shampoo", "TV with standard cable", "Free street parking", "Indoor fireplace", "Wifi", "Heating", "Air conditioning", "Children\u2019s books and toys", "Long term stays allowed", "Host greets you", "Microwave", "Iron", "Kitchen", "Hot water", "Washer", "Smoke alarm", "Dryer", "Cable TV"], "price": 200.0, "numbers_of_review": 23.0, "review_scores_rating": 4.86, "reviews": [{"name": "Kaysha", "date": "2016-05-01", "review": "Beautiful beautiful family home with great space all around, everyone's dream home. <br/>Had family over for dinner and they all loved it the kitchen is the best feature so we ended up staying there all night :)<br/>The host was only a message away anything I needed she wouldn't hesitate to help.<br/>I felt very comfortable and relaxed definitely will be staying again.<br/>Thank you for the great experience."}, {"name": "Emma", "date": "2016-05-15", "review": "Absolutely beautiful house which had more than we could have needed. Havovi was very helpful in the run up to us going and Pavlla who met us was so friendly and helpful. Great house, great garden, great host, great stay!"}, {"name": "Outi", "date": "2016-05-31", "review": "We had a really nice stay in this family home in Kenley. Very convenient for two families with five children, plenty of room for plays, trampoline in the garden and spacious kitchen and dining area for adults to socialize. Train station is a nice walk distance away with a direct 1-hour train to London, Victoria. What more could you ask for!"}, {"name": "Bex", "date": "2016-06-19", "review": "Big house perfect for large groups. Plenty of rooms for sleeping and host provided all the bedding and towels we needed. \r<br/>Good value for money. The communication was great and Havovi was very relaxed dealing with our requests and helping make our stay great!"}, {"name": "Anna", "date": "2016-07-05", "review": "Havovi accepted my request at short notice. She was attentive and easy to communicate with.\r<br/>Her house is lovely and has everything you need.\r<br/>When we were there, another guest who was living in the basement, shared the house with us. He is very nice and a good cook too. "}, {"name": "Catherine", "date": "2016-08-01", "review": "Havovi's home has all the amenities of home.  Havovi was always in contact with us, and ready to attend to our needs.  We were there for a family wedding and her home allowed us to be together as a family for this wonderful celebration.  Thank you Havovi. The home is in a beautiful area, and was close to everything that we needed.  \r<br/>"}, {"name": "Natalie", "date": "2017-01-17", "review": "Havovi's home was lovely - a great space for a family. However the listing was for an 'entire home' and this was not the case as there was a lodger in the basement who shared the common areas.<br/>Otherwise the space was lovely and Havovi was easy to communicate with."}, {"name": "Saticl", "date": "2017-02-01", "review": "Very nice house especially for family."}, {"name": "Hsin Chang", "date": "2017-06-29", "review": " Havovi's home  was lovely ,a great place to stay , Pavla and Marius help us everything, Would highly recommend! "}, {"name": "Q", "date": "2017-07-15", "review": "Our guests were very happy"}]}