{"id": 10748886, "listing_url": "https://www.airbnb.com/rooms/10748886", "name": "Designer 2 bed in Kensington", "description": "Welcome!<br /><br />We put heart and soul in this place and now decided to try let it through AirBnB after trying and loving this service ourselves. <br /><br />It very nicely done and very well located whether you are coming from Heathrow or going to the centre.", "host_name": "Inna & Alex", "host_id": 36274475, "host_url": "https://www.airbnb.com/users/show/36274475", "host_picture_url": "https://a0.muscache.com/im/pictures/user/fed8e2e5-092c-4247-a980-0a354def1c08.jpg?aki_policy=profile_x_medium", "neighbourhood_cleansed": "Hammersmith and Fulham", "latitude": 51.49336, "longitude": -0.20852, "property_type": "Entire rental unit", "room_type": "Entire home/apt", "accommodates": 4.0, "bathrooms": 2.0, "bedrooms": 2, "beds": 2, "amenities": ["Essentials", "Wifi", "Washer", "Long term stays allowed", "Shampoo", "Kitchen", "Heating", "Breakfast"], "price": 120.0, "numbers_of_review": 2, "review_scores_rating": 5.0, "reviews": [{"name": "Alex", "date": "2016-01-27", "review": "I booked Alexander's flat when my parents were visiting in London. Alexander proved to be very good host: he promptly answered all questions. \r<br/>Location is really good - very close to both West Kensington and Barons Court tube stations, also quite close to all museums and other attractions in South Kensington. \r<br/>Flat itself is freshly renovated, in an excellent condition with all amenities and fast WIFI. Show room is amazing! \r<br/>Overall highly recommend"}, {"name": "Sergey", "date": "2016-01-28", "review": "Great value for money! \r<br/>\r<br/>The description was very accurate. In fact the flat looks much larger in real life. Freshly renovated with period features that make it look very cosy. Very well equipped and nicely decorated. Loved that bay window full of light in the living room! \r<br/>\r<br/>The flat is very conveniently located on the way from Heathrow - no need to use expensive Heathrow express or change to tube/taxi. It only takes half an hour from T5 by Piccadilly line. \r<br/>\r<br/>Then it's conveniently located form Chelsea and Knightsbridge. You could even walk to Holland Park in 10 - 12 mins. \r<br/>\r<br/>Alex and his lovely wife were very welcoming and made us feel at home. Thanks to the hosts! We need more listing like these :)  "}]}