{"id": 10740342, "listing_url": "https://www.airbnb.com/rooms/10740342", "name": "Bright flat with views of London", "description": "This is a bright, south facing 2 bedroom flat with a balcony. The view spans East to West and you can see many London landmarks such as the Shard or the London eye. The flat is very conveniently located near King's Cross station (10 minutes walk).<br /><br /><b>The space</b><br />Newly built flat, very bright with amazing views.<br />2 bedrooms and 1 bathroom, with a big living space (kitchen, dinner and lounge)", "host_name": "Valerie", "host_id": 42104414, "host_url": "https://www.airbnb.com/users/show/42104414", "host_picture_url": "https://a0.muscache.com/im/users/42104414/profile_pic/1440153368/original.jpg?aki_policy=profile_x_medium", "neighbourhood_cleansed": "Islington", "latitude": 51.53826, "longitude": -0.11907, "property_type": "Entire rental unit", "room_type": "Entire home/apt", "accommodates": 4.0, "bathrooms": 1.0, "bedrooms": 2, "beds": 2, "amenities": ["Essentials", "Wifi", "Long term stays allowed", "Shampoo", "TV", "Elevator", "Smoke alarm", "Hair dryer", "Iron", "Hangers", "Kitchen", "Heating", "Breakfast"], "price": 150.0, "numbers_of_review": 5, "review_scores_rating": 4.8, "reviews": [{"name": "Javier", "date": "2016-03-29", "review": "La estancia ha sido fant\u00e1stica. Es un piso moderno y acogedor, perfecto para 3 o 4 personas, ya que dispone de dos habitaciones amplias. Estuvimos muy a gusto ya que Valerie nos dej\u00f3 preparadas toallas y enseres de ba\u00f1o, incluso nos ofreci\u00f3 poder consumir comida de su despensa o nevera. \r<br/>La casa dispone de suelo radiante, internet, televisi\u00f3n, buenas camas, lavadora, lavavajillas, microondas y adaptadores de enchufes!!!\r<br/>El barrio est\u00e1 muy cerca de King\u00b4s Cross y St Pancras Internacional, lo que facilit\u00f3 mucho nuestra movilidad por Londres. Hay tiendas cerca para comprar cualquier cosa de urgencia, acceso al Regent\u00b4s Canal y un par de pub t\u00edpicos para tomar una cerveza.\r<br/>No dudar\u00eda en ning\u00fan momento volver a repetir la experiencia en el piso de Valerie. 100 % RECOMENDABLE"}, {"name": "Maciej", "date": "2016-08-15", "review": "flat is great. clean and cool furnished. close to the kings cross station, royal canal, lovely neighbourhood. only one minus is late check-in (6pm) and early check out and this isn't specified in the offer. anyway, we really enjoyed time in Valerie flat."}, {"name": "Erick", "date": "2016-08-19", "review": "Valerie's place is just as described. Well located, bright, and upscale feeling. It was a joy returning to this flat when coming back from a full day of site seeing.  Beds are comfy and the neighbourhood is quiet. Good local cheap breakfast spot around the corner is a plus. Would definitely stay here again ."}, {"name": "Stephan", "date": "2016-08-23", "review": "Tr\u00e8s bel appartement et tr\u00e8s fonctionnel. Comme \u00e0 la maison."}, {"name": "Vidya", "date": "2017-03-30", "review": "Valerie's place was great. I stayed with 3 others and we were all very comfortable. We left early in the morning and came back late at night, so we didn't have much time to cook or watch TV, but The rooms were spacious and relaxing. Valerie was quick with responding to questions (I really only had one or two, since she was kind enough to put together a packet before the trip). The proximity to king's cross/St pancras is the best part. It's about a 8-10 min walk and you can get anywhere in London. If you need a place to stay in London, I would check out Valerie's place! "}]}