{"id": 10748882, "listing_url": "https://www.airbnb.com/rooms/10748882", "name": "Beautiful 2 bed Split-Level Apartment nr Wimbledon", "description": "2 bedroom, 2 bathroom designer apartment located in the lovely neighborhood of East Putney.  Less than a 10 minute drive to the All England Lawn Tennis Club, for you tennis fans! Contemporary finish with high ceilings and ample natural light. Large mezzanine kitchen overlooks a spacious double-height living room with timber floors & cosy fireplace.<br /><br /><b>The space</b><br />2 double bedrooms available in this unique 2 bed, 2 bathroom apartment. <br /><br />The kitchen: a quirky, colourful space with a 6 person dining table. The kitchen overlooks the living room, by way of a mezzanine balustrade. The views of London from the kitchen are stunning, particularly at night.<br /><br />Master Bedroom: King sized bed with built-in wardrobes (ample storage space), bedside tables, dresser and large full length mirror.<br /><br />Second Bedroom:  Good sized double, with wardrobe and shelves. Lots of sunlight.<br /><br />Living room: Cosy seating, a 42\" TV and Sonos system installed, with a", "host_name": "Daania", "host_id": 51663114, "host_url": "https://www.airbnb.com/users/show/51663114", "host_picture_url": "https://a0.muscache.com/im/pictures/user/18bfb3bc-a992-4ccf-b366-aa7ed5d819f7.jpg?aki_policy=profile_x_medium", "neighbourhood_cleansed": "Wandsworth", "latitude": 51.45605, "longitude": -0.20233, "property_type": "Entire rental unit", "room_type": "Entire home/apt", "accommodates": 4.0, "bathrooms": 2.0, "bedrooms": 2, "beds": 2, "amenities": ["Essentials", "Wifi", "First aid kit", "Hot water", "Washer", "Long term stays allowed", "Shampoo", "TV with standard cable", "Smoke alarm", "Hair dryer", "Iron", "Indoor fireplace", "Dryer", "Hangers", "Carbon monoxide alarm", "Cable TV", "Heating", "Kitchen", "Breakfast"], "price": 155.0, "numbers_of_review": 5, "review_scores_rating": 4.8, "reviews": [{"name": "Katherine", "date": "2016-07-07", "review": "My two adult daughters and I  enjoyed 11 days at this modern apartment. Daania is personable, thoughtful and a great communicator so I was disappointed not to meet her in person! She was considerate in providing some staples for us (milk, bread, orange juice etc) and her charming flat was really clean and everything we needed was provided.\r<br/>\r<br/>I really loved the living room but the whole space is beautifully presented: colourful touches with a light, bright backdrop. Unfortunately we didn't spend a lot of time enjoying our accommodation as we were out and about most of the time. The location was really good for us as we had family in the area but it was super easy to get to the tube and could be a great spot for Wimbledon as well.\r<br/>\r<br/>The street is very quiet but from the kitchen you can see the city skyline which is not that far away. Daania had left a really helpful list of amenities and places of interest and we all felt very comfortable in the area.\r<br/>\r<br/>Given the opportunity I would definitely stay here again."}, {"name": "Harald", "date": "2017-04-22", "review": "Tastefully decorated and fully equipped flat. Bus stop at the end of the road allows for quick commute to the center or further outwards (Richmond, Wimbledon). Shops, dry-cleaner etc. nearby."}, {"name": "Pallavi", "date": "2017-05-30", "review": "Its a cosy beautiful apartment and host Daania is very welcoming this being our first try at  airbnb we were little worried but ended up enjoying this unique experience. "}, {"name": "Logan", "date": "2017-07-11", "review": "What a great flat. Perfect amount of space needed. I was over for Wimbledon and it was very easy to navigate the area with Daania's help."}, {"name": "Grace", "date": "2017-12-28", "review": "Daania's place is really beautiful. We loved staying in her apartment, it's very stylish and comfortable and has everything you could need for a great London stay. Beautiful views from the kitchen, lovely and quiet road, close to good public transport. All round success."}]}