{"id": 10749070, "listing_url": "https://www.airbnb.com/rooms/10749070", "name": "Stay In Style in Notting Hill Work/Play Chef Kitchen Privacy", "description": "A path leads to a private entrance of this beautifully appointed lofthome in Notting Hill. Work remotely with 3 dedicated office/study areas and high-speed Wifi (60 mbps). <br />\u00a0<br />A gated loft-style house with south-facing park views affords seclusion and quiet, despite being so close to the centre of London. Blending classic furnishings and contemporary decor throughout, the open-plan ground-floor space is filled with sunlight and brims with books and artwork. The whole family can spend time here, whether it's working from home, studying, cooking or relaxing in front of Netflix after a long day.", "host_name": "Marina", "host_id": 5085804, "host_url": "https://www.airbnb.com/users/show/5085804", "host_picture_url": "https://a0.muscache.com/im/pictures/user/60386263-1323-4ceb-8a6a-dae4a8e4edd7.jpg?aki_policy=profile_x_medium", "neighbourhood_cleansed": "Kensington and Chelsea", "latitude": 51.52158, "longitude": -0.2191, "property_type": "Entire home", "room_type": "Entire home/apt", "accommodates": 6.0, "bathrooms": 2.0, "bedrooms": 3, "beds": 5, "amenities": ["Fire extinguisher", "Hair dryer", "Crib", "Carbon monoxide alarm", "Indoor fireplace", "Bathtub", "Self check-in", "Wifi", "Heating", "Children\u2019s books and toys", "Coffee maker", "Dishwasher", "Game console", "Pack \u2019n play/Travel crib", "TV", "Full kitchen", "Room-darkening shades", "Bathroom essentials", "Iron", "Gym", "Paid parking off premises", "Washer", "Children\u2019s dinnerware", "Smoke alarm", "High chair", "Dryer", "Bedroom comforts"], "price": 576.0, "numbers_of_review": 32.0, "review_scores_rating": 4.75, "reviews": [{"name": "Cathy", "date": "2016-09-06", "review": "Nous avons s\u00e9journ\u00e9 dans une belle maison de ville tr\u00e8s bien entretenue. La literie est de bonne qualit\u00e9.\r<br/>La maison est situ\u00e9e en deuxi\u00e8me ligne par rapport \u00e0 la rue, directement sur le parc au calme.\r<br/>Le parc propose un espace vert qui se termine par de nombreux jeux pour enfants jusqu\u2019\u00e0 14 ans.\r<br/>L\u2019entr\u00e9e du parc se situe sur la rue.\r<br/>Tr\u00e8s bon s\u00e9jour.\r<br/>"}, {"name": "Esther", "date": "2017-07-13", "review": "Le logement est magnifique, remplis d'antiquit\u00e9s et d'\u0153uvres d'arts.  Les renseignements fournis par Marina \u00e9taient tr\u00e8s complets.  Les lits sont confortables et nous y avons pass\u00e9 un tr\u00e8s agr\u00e9able s\u00e9jour.  Il faut compter au moins 30 minutes pour se rendre au coeur de Londres en transport en commun."}, {"name": "Arigen", "date": "2017-08-06", "review": "A charming and rustic home which stands out in the already beautiful neighbourhood with an impeccable interior to boot.  A sure win with any house proud traveller."}, {"name": "Anne", "date": "2018-01-01", "review": "Great space.   Perfect for families.  We are a family of 5 and the size was perfect.  Clean, stylish, everything a family could need and more.  <br/>Great location, walking distance to many shops, markets and restaurants in the Portobello area.   Easy transportation to sites in London proper.  We were there for the Christmas and New Year holidays - London was simply beautiful.    We would highly recommend this Loft."}, {"name": "Lara", "date": "2018-03-18", "review": "Our family of four had a great stay at Marina's Notting Hill loft house. We loved the wide open plan ground floor - room for everyone.   The location and the park next door was great for our two kids, who loved spending time there at the end of each day after sightseeing.  There is a bus stop just steps away from the front door that will take you to the underground station and Portobello Market  in 5 minutes. Or you can walk in in 10 minutes. The house is spacious and beautifully decorated, super clean, light and bright.  It is well equipped with everything needed,  comfortable beds and a high-end kitchen we really enjoyed trying out!    Marina was very helpful, responsive and accommodating in helping to ensure a great stay.  The loft is in a leafy residential section of London with the back facing a park.The area the home was in was very safe and quiet.  Highly recommend - 5*\u2019s all around for this home!"}, {"name": "Ian", "date": "2018-03-19", "review": "A unique place, private and quiet in a central location, walk to underground in under 10 min,  or hop on a  a short 5 min. bus ride (stop right outside the house) to the tube station.   There are easy links from there to the hustle and bustle of London sightseeing.  This home has all benefits of a London home, but at the same time with a lovely country feel because of its sunny aspect  overlooking a park.  The decor, artwork, books, furniture and kitchen equipment were exceptional, I felt we were visiting a friends home as a special guest. Everything reflects a great \"design eye\" and loving care. Not your run of the mill rental.  The park next door was an immediate hit with our 2 kids.  Marina was most helpful for any of our needs and questions.  Lots of personal recommendations for  eating out in the area and helpful transport suggestions.  Can't imagine anyone not loving their stay at this very special property with this lovely host."}, {"name": "Edward", "date": "2018-03-23", "review": "Our family of four (children 9 & 12)  thoroughly enjoyed our stay at the this beautiful loft home in Notting Hill. We loved the spacious layout, the wonderful art and furnishings and the very comfortable beds and fine linens. It was fun to experience a London \"neighborhood\" and to see how the locals live. We enjoyed all the recommended restaurants in the area, and took advantage of the offerings of the wonderful Portobello market. Public transit was quickly and easily accessible - both bus and tube - but walking was also an option. After spending our days in the exciting hubbub of the city, it was truly a pleasure to return to the quiet luxury of this  lovely loft home.  I would definitely recommend this house for either a family or travellers without children. The house is as stylish and modern as the pictures suggest - you will not be let down!"}, {"name": "Kenneth", "date": "2018-04-08", "review": "Hi Marina, Thank you again for allowing us to stay at your beautiful home in London over spring break.  Open floor plan, top notch amenities, comfortable bedrooms and toys for our kids to play with.  It was a perfect place for our family.  Beautiful neighborhood, parks to play right outside the front door, along with bus transportation and tube stops nearby, and of course the neighborhood vibe, Notting Hill, perfect.  We really felt like we were a part of the community staying at your place.  Even met your neighbor.  So nice.    And thank you for helping me figure out the buses.  So fun.  The kids want me to figure out how to bring a double decker bus to our neighborhood back home!  Thanks again and we will definitely recommend your place to any of our friends traveling to the UK in the future.  Thanks again.  Take care. Ken"}, {"name": "Leslie", "date": "2018-04-15", "review": "This is a stunning property in a wonderful part of London!  It\u2019s a two story detached house sitting essentially in a park, so it\u2019s surrounded by green space and is nice and quiet while being close to the center of Notting Hill. The decor is lovely with lots of character, and the books and art and comfortable sofas make you feel immediately at home. Wish we could have stayed for a month!"}, {"name": "Susan", "date": "2018-06-30", "review": "Marina was a wonderful host. We loved everything about our stay - and the location is just brilliant. "}]}