{"id": 10755482, "listing_url": "https://www.airbnb.com/rooms/10755482", "name": "COZY ROOM IN A FAMILY HOME", "description": "Double-room comfortable with television   ;Internet , near to shops & Take ~ways and small restaurants near by. About 40 mins from Central London . Near to meridian Greenwich .Transports  buses and British Rail  Beckenham hill , junction and Bromley North ..no tube or metro . Free road parking . Just to clarify this a room in a  flat sharing with a 2 teenagers and a small friendly puppy \ud83d\udc36 . Allowed to use toilet &   the bathroom .No cooking allowed at the moment.<br /><br /><b>The space</b><br />Shopping mall and shops near by .The Green Chain walk beautiful park near by .<br /><br /><b>Guest access</b><br />Only bathroom& shower<br /><br /><b>Other things to note</b><br />NEFLIX available .<br /><br />I just want to clarify that if you bringing and extra guest you Must pay an extra fee this price is only for one person. <br /><br />The phone in the room is only there because is the main switch for the WiFi but you aren\u2019t Allowed to use unless it any emergency 999 .<br /><br />Smoking ", "host_name": "Victoria", "host_id": 54195728, "host_url": "https://www.airbnb.com/users/show/54195728", "host_picture_url": "https://a0.muscache.com/im/pictures/user/fa88c0c6-70fe-4d9c-8414-c053c490bd21.jpg?aki_policy=profile_x_medium", "neighbourhood_cleansed": "Lewisham", "latitude": 51.42418, "longitude": -0.00191, "property_type": "Private room in rental unit", "room_type": "Private room", "accommodates": 1.0, "bathrooms": 1.0, "bedrooms": 1, "beds": 1, "amenities": ["Essentials", "Wifi", "First aid kit", "Hot water", "Dedicated workspace", "Free parking on premises", "Shampoo", "TV", "Elevator", "Refrigerator", "Free street parking", "Smoke alarm", "Iron", "Shower gel", "Hangers", "Carbon monoxide alarm", "Heating", "Dishes and silverware", "Luggage dropoff allowed"], "price": 21.0, "numbers_of_review": 89.0, "review_scores_rating": 4.72, "reviews": [{"name": "Vittorio", "date": "2016-03-13", "review": "L'accoglienza di Victoria \u00e8 stata splendida. Di pi\u00f9 non ci si pu\u00f2 aspettare. Victoria \u00e8 una persona molto gentile e disponibile che ti fa sentire a casa propria  mettendoti a disposizione la casa.\r<br/>Il quartiere \u00e8 silenzioso e il centro di Londra \u00e8 raggiungibile con mezzi pubblici in circa 40 minuti.\r<br/>La stanza \u00e8 come appare dalla foto.\r<br/>Il soggiorno \u00e8 consigliabile."}, {"name": "Paul", "date": "2016-03-17", "review": "A relaxing place to stay. Victoria was a kind caring warm host, it was delightful to stay with a lovely family who made me feel welcome and part of the family every day. Thank you Victoria, I cant recommend Victoria highly enough ,you can't help but feel feel welcome and at home when you walk through the door . Thank you Victoria "}, {"name": "Vera", "date": "2016-06-13", "review": "Thank you very, very much Victoria for your wonderful hospitality for our little/big girl!!!  She could not have been in better hands! Very nice accomodation, wonderful host, can\u00b4t ask for more!"}, {"name": "Falk", "date": "2016-07-01", "review": "It was the 2nd Time I stayed with Victoria and her Family. Very friendly and helpful. Can recommend staying here! See you soon. Best, Falk"}, {"name": "Bryan", "date": "2016-07-22", "review": "Victoria is lovely and Giarda is so cute! The room is clean, warm, and comfortable. I felt welcome and comfortable. "}, {"name": "Abs", "date": "2016-08-11", "review": "Victoria is a great host and made feel completely home. Her place is clean, tidy comfortable and cosy, truly a home away from home."}, {"name": "Richard", "date": "2016-09-08", "review": "Great place to stay, Cosy, clean place.  Victoria is very friendly and great host.  The amazing Beckenham Park Place right on your doorstep, would definitely recommend "}, {"name": "Al", "date": "2016-09-16", "review": "Nice place and great host"}, {"name": "Nikos", "date": "2016-09-23", "review": "Great host"}, {"name": "Joseph", "date": "2016-10-06", "review": "Victoria is a hard working mum who did everything she could to make me feel welcome in her home. I have absolutely no hesitation in recommending her. The flat was spotlessly clean and the room had every amenity I needed. Wifi could have been better but it worked. The area is in bit of a transport grey spot but not impossible, and the nearby park was a revelation - worth day out on its own. All round excellent value."}]}