{"id": 10757141, "listing_url": "https://www.airbnb.com/rooms/10757141", "name": "3 Bed flat beautiful London area", "description": "Comfortable spacious 3 bedroom flat in sought after private leafy estate next to Blackheath Village.  The main living area is open plan with spacious kitchen, dining room and living room area with Large TV and BT package (netflix, sports etc). The three bedrooms are at the other end of the flat are on the same floor, and are all doubles. The bathroom  has a bath & shower where you'll find towels, soap, shampoo and conditioner for you and your guests.<br /><br /><b>The space</b><br />The flat is lived in and we let it out when we are away, so you will find that the cupboards have clothes etc in them, but we leave space for our guests to make themselves at home and its always tidy and welcoming. This is a great space for families with children as it's a safe leafy area with large communal gardens and set back from the main road.<br /><br />The location is the absolute best if you like space, trees, safety but still with access to central London within 17 minutes! <br /><br /><br />The is", "host_name": "Juliette", "host_id": 37221266, "host_url": "https://www.airbnb.com/users/show/37221266", "host_picture_url": "https://a0.muscache.com/im/pictures/user/088690df-204e-482d-9abb-d3081990710d.jpg?aki_policy=profile_x_medium", "neighbourhood_cleansed": "Greenwich", "latitude": 51.46111, "longitude": 0.01567, "property_type": "Entire rental unit", "room_type": "Entire home/apt", "accommodates": 6.0, "bathrooms": 1.0, "bedrooms": 1, "beds": 1, "amenities": ["Essentials", "Extra pillows and blankets", "Wifi", "Hot water", "Washer", "Free parking on premises", "Shampoo", "TV with standard cable", "Bed linens", "Hair dryer", "Private entrance", "Iron", "Hangers", "Kitchen", "Cable TV", "Heating"], "price": 65.0, "numbers_of_review": 11.0, "review_scores_rating": 4.75, "reviews": [{"name": "Sam", "date": "2016-09-19", "review": "Our stay at Juliette's was perfect! The location is great at a comfortable distance from central London whilst also being in a lovely neighbourhood, the property itself was exactly what we wanted and Juliette was an amazing host! Unfortunately we didn't actually get to meet her in person during our stay and wish we could have, but we loved the post-it note messages she'd leave if she popped round whilst we were out :)<br/>We didn't have any issues at all, but Juliette was always available to contact both by phone and through airbnb had we needed to, and we wouldn't hesitate to stay here again if we're in London in the future!<br/>All in all it was a great stay, and we highly recommend Juliette's place!"}, {"name": "Coen", "date": "2016-11-12", "review": "Juliette et sa fille sont adorables. Je me suis vraiment senti '\u00e0 la maison'. Le quartier est super tranquille et naturel et l'appartement confortable.  Juliette est tr\u00e8s sympathique et en m\u00eame temps chacun fait son truc. J'y \u00e9tais pour trois jours d'exposition Early Music Exhibition. Je recommande vivement !"}, {"name": "Nathalie", "date": "2016-12-28", "review": "Jules/ Juliette was kind enough to trust me and my friend to stay at her place while she was overseas. After a little hiccup with the key we found the flat as described in the ad. She had made sure everything we needed was in place and organized. Her two lovely cats were no trouble at all, we gladly fed them whilst she was absent. The flat is in a nice and safe secluded area near to Blackheath railway station (5-8min walk) from where you can easily get to Greenwich and/or the city centre using your Oyster. Ideal for city trippers who want to keep it affordable."}, {"name": "Pedro", "date": "2017-01-06", "review": "The stay at Juliette's was absolutely wonderful. The location is great, the house is very nice and quiet and the cats were wonderful. Jules was always available and nice. We had a great time. "}, {"name": "Monika", "date": "2017-04-20", "review": "I had an amazing stay at Juliette's home. She and her daughter are very lovely and instantly made me feel comfortable. I spent a lot of funny evenings with them which made my stay even more pleasant. Everything was as described and I never had any problems with the room. Juliette was extremely helpful with all little issues I was facing due to living in a new country. I'd very much recommend staying at her home and will definitely come back when I am back in London!"}, {"name": "Ben", "date": "2017-04-23", "review": "Stayed at Jules' place the night before the London marathon. A perfect location for getting to the start line, in a really nice, quiet neighbourhood only a short walk from the centre of Blackheath. Jules was away for the night I stayed but gave instructions on how to get to her place, and even left a couple of energy gels for the race. Thoroughly recommend "}, {"name": "Pamella", "date": "2017-04-30", "review": "Juliette is a wonderful host, her place is homely and comfortable. I can fully recommend Juliette. "}, {"name": "Aleksandr", "date": "2017-05-10", "review": "Juliette is very nice and easy-going host. It was pleasure to stay in her house. I really felt like at home there. Cats are very sociable, one of them even slept with me often. In general it's a really good option to stay in London."}]}