{"id": 10758924, "listing_url": "https://www.airbnb.com/rooms/10758924", "name": "Spacious comfy room", "description": "A pleasant quiet room in a terraced house. Bathroom has bath with shower. Walk 8 minutes from Oakleigh Park Station.Train runs to Finsbury Park which takes 20 minutes. Finsbury Park connects with Victoria and Piccadilly underground. Buses from East Barnet run to Northern line and Piccadilly underground approximately 15 minutes. The location is good if you are travelling to the city, 307 bus runs to Enfield (15 mins) great for shopping.", "host_name": "Mary", "host_id": 55624582, "host_url": "https://www.airbnb.com/users/show/55624582", "host_picture_url": "https://a0.muscache.com/im/pictures/user/e7ad7b12-6df4-4e15-8b71-6e2986e4fdf8.jpg?aki_policy=profile_x_medium", "neighbourhood_cleansed": "Barnet", "latitude": 51.6398, "longitude": -0.16385, "property_type": "Private room in home", "room_type": "Private room", "accommodates": 1.0, "bathrooms": 1.0, "bedrooms": 1, "beds": 1, "amenities": ["Extra pillows and blankets", "Oven", "Hair dryer", "Hangers", "Dishes and silverware", "Essentials", "Shampoo", "Free street parking", "Cooking basics", "Bed linens", "Carbon monoxide alarm", "Indoor fireplace", "Wifi", "Heating", "Dishwasher", "Long term stays allowed", "Host greets you", "Microwave", "Refrigerator", "TV with ", "Outdoor dining area", "Iron", "Kitchen", "Stove", "Lock on bedroom door", "Dedicated workspace", "Hot water", "Washer", "Private fenced garden or backyard", "Smoke alarm", "Dryer", "Outdoor furniture"], "price": 27.0, "numbers_of_review": 113.0, "review_scores_rating": 4.92, "reviews": [{"name": "Rafi", "date": "2016-02-25", "review": "Mary was an excellent and accommodating host. Her house was cosy and clean. Her house was within easy walking distance of both East Barnet Village and Oakleigh Park Station on the Great Northern line. \r<br/>\r<br/>Would highly recommend. "}, {"name": "Alasdair", "date": "2016-03-26", "review": "Great stay at Mary's. Highly Recommended. Great connection by train into London. Warm welcome, even helping me with a last minute problem I had. The room itself is spacious with a nice view over the garden and tray with water, and midnight snacks :) Mary is very friendly and will leave you alone or engage in conversation as you wish. Look forward to staying again."}, {"name": "Katherine", "date": "2016-04-03", "review": "I had a lovely stay at Mary's house. The room was clean and beautiful with many thoughtful touches and a nice view of the garden. It is easy to get to by tube and train or bus and is in a pleasant and quiet residential street about a minute's walk from East Barnet village shops and amenities. Mary herself was a very kind, thoughtful and pleasant host. I hope to stay again in the future."}, {"name": "Timothy", "date": "2016-04-23", "review": "Great host wonderful accomadation"}, {"name": "Chiung Yu", "date": "2016-05-03", "review": "It was the first time I used Airbnb to book a place by myself.I was lucky to find Mary's place.Mary was very helpful and welcomed me just like I found another home in London, I really like this place,nice Park,nice restaurants,and nice Pub near by,also easy to go to city centre.  I returned back to Mary's place again after my trip to Leeds.and I already told friends from Taiwan.this is a good place to stay when they come to visit London.\u5f88\u597d\u7684\u9078\u64c7\u8ddf\u502b\u6566\u7684\u843d\u8173\u5730\uff01"}, {"name": "Chiung Yu", "date": "2016-05-18", "review": "Mary is a very kind lady,My knee was injured and had problem with suitcase.She was so nice to help me up to the tube station.\r<br/>I need to do some shopping for my family before I got back to Taipei,there is a shopping mall about ten minutes away by Bus.I got all things I need and no need to go to city centre.which is great! I followed Mary 's suggestion to go.and I found lot of things I had not found before in London!It is good to get away from all the tourtists area but get fresh air in North of London.hope to get back to Mary's place again in the future.\r<br/>Thank you so much Mary,you are wonderful host!  I already miss you and your lovely dog and cat !"}, {"name": "James", "date": "2016-06-03", "review": "Mary was a great host, very welcoming and her house was in a great location.\r<br/>\r<br/>I would definately stay again for an event in the area."}, {"name": "Seher", "date": "2016-06-21", "review": "I have enjoyed my stay at Mary\u00b4s place. She was very helpful and caring. Her house is lovely with a garden and a big kitchen. The bed was very comfortable. I did rest very well. Very close to Mary\u00b4s place is a huge park. Perfekt for jogger or to go for a walk. In few minutes distance are also shops, cafe\u00b4s and a pub.\r<br/>Thank you again, Mary, "}, {"name": "Tim", "date": "2016-06-24", "review": "Mary was an charming host with great communication throughout my stay.\r<br/> The house was clean and tidy, unbelievably good value overall.\r<br/> Very handy for the station only a 7 minute walk, 30 mins in to Moregate central London."}, {"name": "Niccol\u00f2", "date": "2016-06-29", "review": "Ottima accoglienza da parte della proprietaria Mary molto socievole e disponibile. La posizione della casa \u00e8 perfetta per prendere la metro  che \u00e8 a 5 min a piedi. La consiglio vivamente.\r<br/>"}]}