{"id": 10757481, "listing_url": "https://www.airbnb.com/rooms/10757481", "name": "Beautiful refurbished double room", "description": "Fabulous double room in Victorian period family home. Zone 2, 5 minutes walk to Herne Hill BR; 9 minutes to Victoria, 15 minutes to Blackfriars & the City; short  bus ride to  the cutting edge destinations of Brixton & Peckham with their great Art/Food /Music & cultural events!<br /><br /><b>The space</b><br />Our rooms are all newly refurbished with fabulous oak floors & new beds & mattresses. There is a large fully appointed bathroom with power shower & full sized tub. Rooms are spacious & bright. Our location is ideal for City & West End workers / students who might be looking for accommodation on a Monday to Friday basis. It is also an ideal base for parents & prospective students to visit universities & colleges in the London area. Please note that we have a minimum 2 night stay policy.<br /><br /><b>Guest access</b><br />Guests will have access to a spacious traditional style  bathroom which is not shared with the host. We also have a large sunny garden with terrace and tables wh", "host_name": "Glyn", "host_id": 55629922, "host_url": "https://www.airbnb.com/users/show/55629922", "host_picture_url": "https://a0.muscache.com/im/pictures/user/a21d0f28-72cc-425a-a285-90dfac840145.jpg?aki_policy=profile_x_medium", "neighbourhood_cleansed": "Southwark", "latitude": 51.45188, "longitude": -0.09918, "property_type": "Private room in home", "room_type": "Private room", "accommodates": 2.0, "bathrooms": 1.0, "bedrooms": 1, "beds": 1, "amenities": ["Essentials", "Wifi", "First aid kit", "Dedicated workspace", "Patio or balcony", "Backyard", "Shampoo", "Long term stays allowed", "Fire extinguisher", "Smoke alarm", "Carbon monoxide alarm", "Hangers", "Heating"], "price": 74.0, "numbers_of_review": 5, "review_scores_rating": 4.0, "reviews": [{"name": "Luke", "date": "2017-04-07", "review": "As an experienced Herne Hill resident, I can highly recommend staying at Glyn's. The road is ideal as it is just off Half Moon Lane that runs through the village. It is also a gorgeous and well kept street with pretty trees and lovely residents. The house is terrific, a great size which is ideal for airbnb - in my opinion. The family are 5 stars and because they are experienced hosts, everything is simple and easy. I also recommend Herne Hill because it is a junction in London with access to the city's far corners. Trains, and buses aplenty. Brockwell park is also my favourite park in London. The rooms that are available are also a good energy. Go for it!"}, {"name": "Gay", "date": "2017-07-22", "review": "The location is excellent. My room on the third floor was quiet and the adjoining shared bathroom was fine however the whole house needed to be a lot cleaner."}, {"name": "Louisa", "date": "2022-06-23", "review": "Glyn and Rosie were fabulous hosts -- great with communication and so warm and welcoming. Their very conveniently located Herne Hill house is lovely, and the room I stayed in overlooking the back garden was peaceful and immaculate. I highly recommend booking with Glyn and Rosie if you can."}, {"name": "Nicole", "date": "2022-10-12", "review": "Glyn and his wife were such sweet hosts. The room was lovely with lots of natural light, and the location is perfect!"}, {"name": "Olivier", "date": "2023-07-19", "review": "Nice quiet place in Herne Hill, and Glyn was a very friendly host. <br/>Close to the train station and therefore a quick trip into more central London."}]}