{"id": 10760704, "listing_url": "https://www.airbnb.com/rooms/10760704", "name": "Double room close to Greenwich", "description": "A double room close to beautiful Greenwich, located 10 minutes from Greenwich park and Greenwich centre and 30-40 minutes from the city centre including locations like London Bridge, Charing Cross and Cannon Street. The room has a big comfy bed, free WiFi, fresh towels and tea & coffee. Perfect for business trips and those visiting London for long weekends. Please read the whole flat description in detail before booking.<br /><br /><b>The space</b><br />Please read before booking :)<br />The space is a modern, light and warm two-bed flat. The room has a king-sized bed and underfloor heating and a fan for the summer months. There is a kettle, tea and coffee in the room and wardrobe space with hangers. There's also a pull out table for meals. Myself and my partner also live in the flat.<br />- The space is great for couples visiting London, using the flat as a base to get up and go explore this beautiful city. It's not suitable for those who plan on staying in the flat all day as the hos", "host_name": "Sunny", "host_id": 55646717, "host_url": "https://www.airbnb.com/users/show/55646717", "host_picture_url": "https://a0.muscache.com/im/pictures/user/3e8a6e1a-8569-48b0-8374-62655e90cd84.jpg?aki_policy=profile_x_medium", "neighbourhood_cleansed": "Lewisham", "latitude": 51.47216, "longitude": -0.01305, "property_type": "Private room in rental unit", "room_type": "Private room", "accommodates": 2.0, "bathrooms": 1.0, "bedrooms": 1, "beds": 1, "amenities": ["Essentials", "Wifi", "First aid kit", "TV", "Elevator", "Smoke alarm", "Hair dryer", "Iron", "Carbon monoxide alarm", "Hangers", "Kitchen", "Heating", "Lock on bedroom door"], "price": 55.0, "numbers_of_review": 22.0, "review_scores_rating": 4.76, "reviews": [{"name": "Thorbj\u00f8rn", "date": "2016-03-16", "review": "Excellent host and great apartment! We felt right at home. Sunni was so welcoming and the apartment was clean and nice. Greenwich was a pleasant surprise too, being a really nice area to stroll around.\r<br/>\r<br/>5 stars to Sunni for being a fantastic host and for making our stay in London easy and comfortable!"}, {"name": "Tanja", "date": "2016-04-08", "review": "Everything from the house, bathroom, kitchen, living room as well as to the private room were excellent, clean and modern. \r<br/>The private room was spotless, quiet, very bright and the bed was comfy. There was even a kettle for making tea or coffee in the room itself, which we liked really much. We also enjoyed that there was a little tray prepared for us with rolls and all kinds of spreads to put on them. We could even have used the kitchen for cooking, the fridge, coffee maker etc. If the weather would have been nicer, we could even have used the big balcony.\r<br/>Sunni was really helpful before our trip and during our stay,  she was a sweet host who answered every question we had and gave us nice tips.\r<br/>Bus stops are right next to the house, the DLR is just a few minutes walk away as well. Greenwich and Sunni's flat were definitely a great choice to stay in London."}, {"name": "Diana", "date": "2016-04-24", "review": "Sunnis flat is brilliantly appointed 10 minutes from Greenwich village and about the same from Greenwich park. The room is bright and airy and the large bed very comfy. Sunni was helpful in advance of arriving and flexible whilst we were there. "}, {"name": "David", "date": "2016-07-10", "review": "Sunni and her partner made us feel right at home from the very moment we arrived. The flat is in excellent shape and the double bed room is spacious enough for two.\r<br/>Besides being excellent hosts, they also know the area well and gave us lots of ideas what to explore during our stay."}, {"name": "Janis", "date": "2016-09-18", "review": "La stanza \u00e9 luminosa, il letto comodo, la casa moderna e in ottimo stato. Caffe e t\u00e8 unlimited, colazione inclusa :) Sunni \u00e8 stata un'ospite discreta ma presente e sempre disponibile. La fermata del bus 53 proprio sotto casa. Ottimo rapporto qualit\u00e0 prezzo, altamente raccomandato!"}, {"name": "Marta", "date": "2016-10-09", "review": "Sunni is great host! Nice, helpful and hospitable. I would definitely recommend stay in London in her place. Apartment is nice and comfortable."}, {"name": "Tyler", "date": "2016-10-23", "review": "Sunni was very accommodating and the room was exactly as described. She and her partner gave us great suggestions for drinks (The George. Go there.) and helped us figure out the transit, of which the bus just happens to be literally at their door step. Lewisham station is just down the road and only one stop from London Bridge station. I would absolutely recommend staying here. "}, {"name": "Claudia", "date": "2016-10-29", "review": "Very nice apartment, clean and  comfortable. Kitchen available for Breakfast or lunch/dinner.<br/>Good position in Greenwich, easy to arrive in central London by DLR and tube. <br/>The host Sunny is always ready to help and give advice for the best way to visit London.<br/>Thank you for everything Sunny, see you next time!"}, {"name": "Gerald", "date": "2016-11-06", "review": "Terrific place,host very enjoyable and we had many nice informative discussions.this is the way airbnb should be."}, {"name": "Sean", "date": "2016-11-12", "review": "Sunni is very sweet and the place is absolutely amazing, you won't find a better place to stay in London! <br/>We really enjoyed our last few nights in London here. Thanks again for everything! "}]}