{"id": 10767575, "listing_url": "https://www.airbnb.com/rooms/10767575", "name": "Warehouse studio in Hackney Wick", "description": "Set within an old Victorian print warehouse, this character filled space comes complete with cabin bedroom, simple compact kitchen and bathroom.<br /><br /><b>The space</b><br />Warehouse living in Europe's biggest artist's quarter in East London. A bit of secret London for you to discover. Close to canal bars, Westfield<br /><br /><b>Guest access</b><br />The warehouse is surrounded by wonderful canal walks, that will take you miles across London. There are several great breweries that serve there own beer on premises. Arty cafes are a short stroll. The Olympic village is across the canal, with good gardens. Westfield shopping heaven or hell is a 15 min walk across the park. Hackney Wick station can get you to anywhere in London easily and even further afield.<br /><br /><b>Other things to note</b><br />Hackney innit! The Wick is infamous as an area with its own culture. You can find numerous venues and breweries where you can drink beer made on site while sitting on a canal. It is th", "host_name": "Kirsty", "host_id": 6430690, "host_url": "https://www.airbnb.com/users/show/6430690", "host_picture_url": "https://a0.muscache.com/im/users/6430690/profile_pic/1416436738/original.jpg?aki_policy=profile_x_medium", "neighbourhood_cleansed": "Tower Hamlets", "latitude": 51.54188, "longitude": -0.024, "property_type": "Entire rental unit", "room_type": "Entire home/apt", "accommodates": 2.0, "bathrooms": 1.0, "bedrooms": 1, "beds": 1, "amenities": ["Essentials", "Wifi", "Washer", "Long term stays allowed", "Shampoo", "Smoke alarm", "Iron", "Hangers", "Kitchen", "Heating"], "price": 70.0, "numbers_of_review": 1, "review_scores_rating": 4.0, "reviews": [{"name": "Sian", "date": "2016-07-13", "review": "The appartment was clean and upon arrival me and my partner were greated by Kirsty's neighbour who was very welcoming. The decor of the appartment was lovely, the bed was comfortable and the book collection impressive. Unfortunately the fire alarm went off in the early hours a few times but we were informed this was a natural occurance, also the walls are quite thin and the noise from the neighbours disrupted sleep but when i asked politely they were apologetic and considerate of noise levels. <br/>Overall we had a pleasant time in kirsty's appartment and found it a reasonable price."}]}