{"id": 10763729, "listing_url": "https://www.airbnb.com/rooms/10763729", "name": "Self Contained Stylish Pad nr St Pauls/City", "description": "Situated in the heart of vibrant Clerkenwell, what many consider to be the creative and culinary capital of London and within a short walk of a multitude of pubs, bars and restaurants. Accommodation features all the comfort and convenience of a hotel<br /><br /><b>The space</b><br />Luxurious Self Contained One Bedroom Suite centrally located off fashionable St John Street, Clerkenwell.<br /><br /><br />In Covid19 times we are flexible on the terms and consider short 2 days bookings as well as long up to 6 months long bookings. In current times place would be perfect for \u201cworking from home\u201d quite environment.<br /><br /><br />Ideal as a weekday pied-a-terre, as a short term base for professional contractors, consultants etc or just for a leisure stay.<br /><br />Accommodation is extremely quiet and features all the comfort and convenience of a boutique hotel but at budget hotel rates:<br /><br />Deluxe ensuite shower room with a bath, basin and WC<br />32 inch Samsung LED TV <br />Delu", "host_name": "Tim", "host_id": 55652810, "host_url": "https://www.airbnb.com/users/show/55652810", "host_picture_url": "https://a0.muscache.com/im/pictures/user/6b7219e5-c8c3-48a5-a31a-21ab7441e8b5.jpg?aki_policy=profile_x_medium", "neighbourhood_cleansed": "Islington", "latitude": 51.52364, "longitude": -0.10345, "property_type": "Entire rental unit", "room_type": "Entire home/apt", "accommodates": 2.0, "bathrooms": 1.0, "bedrooms": 1, "beds": 1, "amenities": ["Essentials", "Wifi", "Hot water", "Long term stays allowed", "Shampoo", "TV", "Microwave", "Refrigerator", "Cooking basics", "Smoke alarm", "Hair dryer", "Iron", "Carbon monoxide alarm", "Hangers", "Kitchen", "Heating", "Dishes and silverware"], "price": 150.0, "numbers_of_review": 85.0, "review_scores_rating": 4.75, "reviews": [{"name": "Myroslava", "date": "2016-04-24", "review": "\u041f\u0440\u0438\u0454\u043c\u043d\u0435 \u043f\u043e\u043c\u0435\u0448\u043a\u0430\u043d\u043d\u044f, \u043d\u0435\u0434\u0430\u043b\u0435\u043a\u043e \u0432\u0456\u0434 \u043e\u0441\u043d\u043e\u0432\u043d\u0438\u0445 \u0442\u0443\u0440\u0438\u0441\u0442\u0438\u0447\u043d\u0438\u0445 \u0442\u043e\u0447\u043e\u043a. "}, {"name": "Guy", "date": "2016-04-30", "review": "Perfect location, lovely apartment ideal for any travelling business man. Tim was always available, l had no issues at all."}, {"name": "Emma", "date": "2016-06-12", "review": "The apartment was the best spot to be in to start my time in London. Tim had thought of everything that would be needed for my stay. He also provided an extensive list of restaurants, bars, cafe and amenities around the area which was incredibly helpful. The apartment is close to Farringdon station and within walking distance of most things. Thank you Tim for making my stay so enjoyable!!"}, {"name": "Cristina", "date": "2016-06-19", "review": "Our experience in the apartment of Tim was excellent.Everything was according to the specifications on airbnb.In addition, on owner was extremely thoughtful before and during your stay. Gave us tips of the neighborhood, provided change of towels...\r<br/>The space is very clean, news furnitures, the bed is very comfortable and the bath is excellent too. The building is quiet. \r<br/>My only suggestion would be to put a safe as are common in hotels.\r<br/>Thanks Tim and airbnb.\r<br/>Cristina Nagel, Brazil\r<br/>\r<br/>\r<br/>\r<br/>"}, {"name": "Stephanie", "date": "2016-07-06", "review": "Tim's flat is great.  Everything is new and works perfectly -- new appliances, bathroom fixtures, etc.  Having windows on two sides makes it easy to keep it cool in the summer.  The location is terrific: 5 min walk to the Underground (Farringdon), grocery stores (Waitress and Tesco), best coffee in London (Workshop) and anything else you might need.  Neighborhood also has many of London's best restaurants.  The flat is really comfortable and quiet -- Tim has thought of everything, like good reading light that you can shut off from the bed.  He is an excellent communicator and handles everything immediately.  For 1 or 2 people, this is a perfect place to stay in London!"}, {"name": "Greg", "date": "2016-07-17", "review": "Beautiful apartment and great location "}, {"name": "Richard", "date": "2016-07-24", "review": "Tims flat was perfect!! Great location and very comfortable interior. Tim was very helpful and responsive. Thanks Tim would definitely stay there again when in London and recommend anyone considering."}, {"name": "Aaron", "date": "2016-08-05", "review": "Just like staying at a great hotel! "}, {"name": "Raymond", "date": "2016-08-13", "review": "Great place and host. Tim was extremely helpful during our stay!"}, {"name": "Ye", "date": "2016-08-16", "review": "very great location "}]}