{"id": 10761585, "listing_url": "https://www.airbnb.com/rooms/10761585", "name": "Independent Luxury studio apartment", "description": "This luxury Studio accommodation is equipped with a double bed, a kitchenette and a small lounge area. The bathroom has toilet, bath and shower facilities. . This studio is 5-star quality. Located in Gants Hill (central line) 35-45 minutes from central London.<br /><br />For any car enthusiasts we have some classic and unusual cars which you are welcome to view and have your picture with subject to availability during your stay.<br /><br /><b>Guest access</b><br />Full use of the studio apartment. Own entrance.<br />Please Be Aware The Staircase Leading Up To The Apartment is Steep and Narrow.....<br /><br /><b>Other things to note</b><br />Please note for families looking into booking with us, our studio is not suitable for under 12 years of age.", "host_name": "Carl", "host_id": 55652657, "host_url": "https://www.airbnb.com/users/show/55652657", "host_picture_url": "https://a0.muscache.com/im/pictures/user/60b62b07-5ce2-4ab4-90f2-f490b12194c3.jpg?aki_policy=profile_x_medium", "neighbourhood_cleansed": "Redbridge", "latitude": 51.57554, "longitude": 0.0603, "property_type": "Private room in loft", "room_type": "Private room", "accommodates": 2.0, "bathrooms": 1.0, "bedrooms": 1, "beds": 1, "amenities": ["First aid kit", "Fire extinguisher", "Hair dryer", "Hangers", "Dishes and silverware", "Essentials", "Free parking on premises", "Shampoo", "Free street parking", "Bed linens", "Carbon monoxide alarm", "Shower gel", "Wifi", "Heating", "Long term stays allowed", "TV", "Microwave", "Refrigerator", "Iron", "Kitchen", "Lock on bedroom door", "Breakfast", "Dedicated workspace", "Hot water", "Smoke alarm"], "price": 65.0, "numbers_of_review": 391.0, "review_scores_rating": 4.87, "reviews": [{"name": "Sylvia", "date": "2016-06-02", "review": "The apartment is brand-new and well equipped. However, beware of your head :). The description is very accurate, the place is near to Gants Hill underground station, very nice and cosy. \r<br/>It has all the utensiles one needs and little surprises that make one feel home. We had a pleasent stay and Carl and his wife are very nice persons. Carl is always ready to help, provide any support and his communication was promt. I would recommend this Airbnb location to anyone!\r<br/>"}, {"name": "Ringo", "date": "2016-06-03", "review": "Carl and his family were very nice and friendly, which made us felt very welcome. We had some accident on the way and delayed our arrival time, thanks Carl for waiting us. The studio was lovely and spacious. Everything is perfect. Studio was convenient and it was near the underground station. The room was much better than that of photo and out of expectation. Highly recommend it!!!"}, {"name": "Taha", "date": "2016-06-04", "review": "Carl and his wife were extremely welcoming, and it was extremely thoughtful that they stocked the fridge up with water, bread and other snacks. Their studio flat was beautiful, clean and modern. I will definitely be staying here again and would recommend Carl's place to any Airbnb'er! Cheers Carl! "}, {"name": "Jordan", "date": "2016-06-05", "review": "Can't fault the apartment or Carl and his family's hospitality. The apartment is spotless and modern and had everything that we needed if not more eg personal touches such as a birthday balloon! Thanks very much Carl! "}, {"name": "Rio", "date": "2016-06-07", "review": "Everything was perfect about our stay! \r<br/>Carl was an amazing host and attentive to all our needs. It was mine and my partners anniversary and despite booking last minute upon arriving in the room we had a balloon and bottle of champagne waiting for us! The room was clean, homely and cosy. It was the perfect place and had everything we wanted if not more and we would be over the moon to stay again at some point :)"}, {"name": "Alan Orest", "date": "2016-06-08", "review": "Carls place was perfect. The place is brand new, and luxury is a fair way to describe the apartment. Thanks to Carl who made sure I had everything I needed, and for a very relaxing stay. \r<br/>\r<br/>The only downside is the bed is super comfortable so you might have trouble waking up in the morning! "}, {"name": "Vanessa", "date": "2016-06-08", "review": "Wonderfull place to stay in :) all really tidy and clean...We definitly chose again...They are really nice and helpfull."}, {"name": "Shari", "date": "2016-06-10", "review": "Absolute great place and very friendly hosts . Central to get to supermarkets and bus stations . The appartment is very tidy ,modern and definitely very welcoming . Will return here on my next London stay . Thank you ! "}, {"name": "Susanne", "date": "2016-06-14", "review": "Min 13-\u00e5rige datter og jeg havde et rigtig dejligt ophold i denne nyistandsatte og nym\u00f8blerede, lyse og hyggelige lejlighed. Vi blev taget rigtig godt imod af v\u00e6rten Carl og hans kone, som begge er meget venlige og varme mennesker.\r<br/>De havde s\u00f8rget for nogle l\u00e6kkerier, som specielt min datter var rigtig glad for :-) \r<br/>Der var store, l\u00e6kre h\u00e5ndkl\u00e6der p\u00e5 badev\u00e6relset, og en god, stor og sk\u00f8n dyne p\u00e5 sengen. \r<br/>Lejligheden har seperat indgang, og ligger t\u00e6t p\u00e5 undergrundstationen. Her er der et mindre supermarked, restauranter, en iscafe, en kaffebar m.m. Men der er stille og roligt p\u00e5 vejen hvor huset ligger. \r<br/>Carl's beskrivelse af lejligheden er meget pr\u00e6cis, og jeg kan kun varmt anbefale dette sted. "}, {"name": "Elena", "date": "2016-06-18", "review": "El Studio es perfecto para dos. Muy bonito y totalmente equipado. Ha sido todo un placer vivir all\u00ed durante nuestro viaje a Londres. Una y mil veces, gracias Carl."}]}