{"id": 10764562, "listing_url": "https://www.airbnb.com/rooms/10764562", "name": "Luxury Flat on Limehouse Marina", "description": "All's bright and beautiful in this larger than average, professionally cleaned flat overlooking Limehouse Marina in historic Limehouse, with a massive terrace to relax and enjoy. Steps away from the River Thames along Narrow Street and 1 min walk from Limehouse station. The airy living room has a floor to ceiling window with large TV. The spacious bedroom has a king size bed, walk-in wardrobe with ample storage space. It also has a stylish bathroom and a well equipped kitchen.<br /><br /><b>The space</b><br />It's rare to find a flat so spacious and peaceful among the hustle and bustle of hectic London life. Tucked between the Limehouse Marina and the river Thames, it's just a short walk from Canary Wharf yet feels like a world away. Everything you need either for a weekend trip or an extended stay for work has been provided in the flat for you enjoyment. Whenever weather permits, make sure you check out the beautiful terrace: take a glass of wine and watch the world glide by.<br /><br", "host_name": "Minying", "host_id": 55670564, "host_url": "https://www.airbnb.com/users/show/55670564", "host_picture_url": "https://a0.muscache.com/im/pictures/user/db76d584-a66c-4873-afde-00552f29ad9c.jpg?aki_policy=profile_x_medium", "neighbourhood_cleansed": "Tower Hamlets", "latitude": 51.51185, "longitude": -0.03956, "property_type": "Entire rental unit", "room_type": "Entire home/apt", "accommodates": 2.0, "bathrooms": 1.0, "bedrooms": 1, "beds": 1, "amenities": ["Extra pillows and blankets", "Oven", "Hair dryer", "Hangers", "Dishes and silverware", "Essentials", "Patio or balcony", "Free parking on premises", "Shampoo", "TV with standard cable", "Cooking basics", "Bed linens", "Bathtub", "Wifi", "Heating", "Dishwasher", "Long term stays allowed", "Microwave", "Refrigerator", "Room-darkening shades", "Iron", "Kitchen", "Stove", "Hot water", "Washer", "Elevator", "Smoke alarm", "Cable TV"], "price": 94.0, "numbers_of_review": 4.0, "review_scores_rating": 5.0, "reviews": [{"name": "James", "date": "2017-06-15", "review": "Minying is a great host and super helpful. The location is awesome and has nice views of the Marina. The apartment was clean, comfy and  was a great place to stay in. "}, {"name": "Kim", "date": "2017-06-26", "review": "Minying is a fabulous host. Her communication prior to arrival was excellent. Check in was smooth and when we had questions or problems (such as not being able to operate the oven) Minying was responsive and came over to help. <br/>The flat is in a great location if you want an escape from the city life yet be close enough to the city for a night out or sightseeing. We could get the Thames Clipper from Canary Wharf (10 min walk) or the DLR and Tube (3 min walk) or the number 15 bus (3 min walk) into the city.<br/>There is a great Tesco Express close by, some great local restaurants, canels and the marina to wander around. <br/>The flat is well appointed and has all you need including a washing machine and other items such as iron and drying rack.<br/>The flat was beautifully clean and well looked after in a secure building with a great view."}, {"name": "Meeri", "date": "2017-07-09", "review": "Minying is an excellent host - excellent communication! Her apartment is very well located in a beautiful area, clean and cozy. Thank you for everything!:) Jo\u00e3o & Meeri"}]}