{"id": 10778211, "listing_url": "https://www.airbnb.com/rooms/10778211", "name": "Lovely furnished double room", "description": "A beautiful warm family home in a very quiet and safe neighbourhood with excellent transport links to London.<br /><br />The room comes fully furnished with a super comfortable double bed.<br /><br />It's an amazing space, feels great to live in, quiet area with free WiFi.<br /><br />In room white noise machine should you wish for a lie in, want to mute out any Day to Day house background noise (kids!) or want an extra deep sleep (sounds such as ocean waves or birds singing!) so treat yourself to some beautiful sounds.<br /><br /><b>The space</b><br />The house has wooden floors throughout with a traditional Victorian theme in the property.<br /><br />We often burn Tibetan incense of cedarwood, sandalwood or juniper to keep the energy of the house clear and smelling wonderful.<br /><br />Its a warm and welcoming environment with a beautiful garden for the summer.<br /><br />The kitchen, bathroom and ground floor have had a full refurbishment which was completed in March 2017 and are sh", "host_name": "Oliver", "host_id": 35645478, "host_url": "https://www.airbnb.com/users/show/35645478", "host_picture_url": "https://a0.muscache.com/im/pictures/user/8c022c8e-c808-4b4a-abbf-b1666d4bc022.jpg?aki_policy=profile_x_medium", "neighbourhood_cleansed": "Newham", "latitude": 51.52528, "longitude": 0.05348, "property_type": "Private room in home", "room_type": "Private room", "accommodates": 2.0, "bathrooms": 1.0, "bedrooms": 1, "beds": 1, "amenities": ["Extra pillows and blankets", "Oven", "Hair dryer", "Private entrance", "Hangers", "Dishes and silverware", "Luggage dropoff allowed", "Essentials", "Patio or balcony", "TV with standard cable", "Cooking basics", "Bed linens", "Wifi", "Heating", "Dishwasher", "Backyard", "Refrigerator", "Iron", "Kitchen", "BBQ grill", "Stove", "Hot water", "Washer", "Smoke alarm", "Lockbox", "Cable TV"], "price": 16.0, "numbers_of_review": 113.0, "review_scores_rating": 4.3, "reviews": [{"name": "Teresa", "date": "2016-02-19", "review": "Fant\u00e1stico, la casa es muy bonita y agradable.\r<br/>La habitaci\u00f3n muy confortable.\r<br/> Habia calefacci\u00f3n, lo cual se agradece mucho, agua caliente para ducharse y todo estaba muy limpio. El barrio es muy tranquilo y pudimos estacionar el coche gratis.\r<br/>Oliver fue muy amable. Al llegar nos hab\u00eda dejado leche con t\u00e9 y toallas limpias. No tuvimos problemas para encontrar la llave. Tambi\u00e9n nos dej\u00f3 informaci\u00f3n \u00fatil sobre Londres.\r<br/>Hay autobuses que te dejan casi a la puerta y algunos supermercados cercanos."}, {"name": "Mohd", "date": "2016-02-21", "review": "Excellent host, Very decent room and good location near east ham station (10min from bus). Highly recommended! We enjoyed our stay :) "}, {"name": "Sarah", "date": "2016-02-28", "review": "Since I was in London on an intensive course for a week, I wanted a place that was clean, comfortable, and reasonably quiet- and I hit the jackpot! A warm, welcoming place, Oliver's home is convenient to the Tube, near essential shopping and good food, and his guidebook is very helpful in finding your way around. Lovely place, wonderful host!"}, {"name": "Jan", "date": "2016-03-02", "review": "It was absolutely perfect,highly recommended . If I go back to London, definitely possibilities for accommodation reused"}, {"name": "Mai", "date": "2016-03-08", "review": "Oliver was extremely nice and friendly to me! Even though I arrived really late in the night on the first day, he greeted me warmly. The room is really cozy as well, with clean towels and a comfortable double bed. The bathroom is also really clean. I really enjoyed my stay there!"}, {"name": "Sophia", "date": "2016-03-12", "review": "We had a really nice stay at Olivers home and would recommend it ! Good link to the city, comfortable room and a really warm and welcoming family :) Perfect for a budget short trip to London!"}, {"name": "Claudia", "date": "2016-03-15", "review": "L'appartamento \u00e8 tranquillo e confortevole. Raggiungibile con il bus dalla fermata di East Ham e ben connesso anche con Manor Park. \r<br/>Bisogna di conseguenza per\u00f2 munirsi della Oyster Card appena arrivati a Londra, per evitare spese eccessive di trasporti.\r<br/>La camera \u00e8 pulita e comoda. \r<br/>Unico difetto \u00e8 il bagno in comune."}, {"name": "Linda", "date": "2016-03-20", "review": "Oliver and Hellen are very nice welcoming people. They have a warm and nice home. Our room was perfect: Good bed and useful furniture (chest of drawers, wardrobe) where we could keep our stuff. We could use everything we wanted and felt very welcome. Also the location is really perfect, busses from and to East Ham station every couple of minutes (even late at night) and you'll be on the District line or Hammersmith & City line. Takes about 30 mins to the city centre."}, {"name": "Tracy", "date": "2016-03-25", "review": "I thoroughly enjoyed my stay at Oliver's flat! Very inviting family and home with a comfortable private room. We were situated right next to a bus stop which was very convenient in getting to the local Tube station. He was very organized and professional."}, {"name": "Vernon", "date": "2016-04-09", "review": "Will definitely recommend! We had a truly wonderful stay over at Oliver's flat. Amazing location for its price, as other reviewers have already noted. Squeaky clean apartment and welcoming family. Will stay again for my next visit to London!"}]}