{"id": 10781941, "listing_url": "https://www.airbnb.com/rooms/10781941", "name": "Family home to explore London from", "description": "Ideal base(two family share possible)<br />Large family home with mod. kitchen,garden,BBQ on quiet residential road. 2mins to good restaurants, swimming pool/gym/spa. 8mins from undergroundx2 or train. C. London in 40 mins. <br />Locally Tennis/Wombles/Parks<br />N or S Downs/coast 1hr<br /><br /><b>The space</b><br />Great location to explore.<br />Possible for two families to share, a floor each?<br />4 large bedrooms <br />2 bathrooms<br />Games room<br />Dining room<br />Front lounge<br />Kitchen-breakfast room with all mod-cons inc. wine cooler<br />Toilet on ground floor<br />Garden<br /><br /><b>Guest access</b><br />Whole house<br />Wifi <br />Washing machine and dryer<br />& London", "host_name": "David", "host_id": 28153453, "host_url": "https://www.airbnb.com/users/show/28153453", "host_picture_url": "https://a0.muscache.com/im/pictures/user/adb2b1d9-622a-428b-b65a-f83d7331a913.jpg?aki_policy=profile_x_medium", "neighbourhood_cleansed": "Merton", "latitude": 51.42109, "longitude": -0.1921, "property_type": "Entire home", "room_type": "Entire home/apt", "accommodates": 9.0, "bathrooms": 2.5, "bedrooms": 4, "beds": 6, "amenities": ["Essentials", "Wifi", "First aid kit", "Hot water", "Washer", "Paid parking off premises", "Long term stays allowed", "TV", "Microwave", "Smoke alarm", "Hair dryer", "Iron", "Carbon monoxide alarm", "Hangers", "Dryer", "Kitchen", "Heating"], "price": 500.0, "numbers_of_review": 2, "review_scores_rating": 5.0, "reviews": [{"name": "Antonio", "date": "2017-07-15", "review": "Big house with a nice garden and barbecue. Nice and quiet place close to Wimbledon train station. Very confortable, the only thing to get better is the conformability of the beds"}, {"name": "Federico", "date": "2022-12-30", "review": "Amplia casa, con todos los servicios, en barrio residencial muy bien comunicado. El anfitri\u00f3n fue muy amable y atento a todas nuestras necesidades y dudas."}]}