{"id": 10782552, "listing_url": "https://www.airbnb.com/rooms/10782552", "name": "Modern ensuite in London Fields", "description": "- Modern flat in London Fields. <br />- Ensuite + private balcony with double bed. <br />- Big living room and kitchen. <br />- Roof terrace. <br />- Trendy area, next to broadway market.<br />- Good restaurants and bars in the area.<br />- 4 min from Underground.<br /><br /><b>The space</b><br />The flat is situated in a really trendy area, in a walking distance to London fields, Broadway Market, Colombia Road, Shoreditch and Hackney Central. <br /><br />Cosy double bedroom with a private balcony and bathroom in a spacious and modern 3 bedroom flat. <br /><br />Kitchen is new and fully equipped with a new microwave, oven, dishwasher & fridge. All toiletries, towels, bedding and linen will be provided including.<br /><br />The building has 24-hour concierge, and a big communal roof terrace with an amazing view of London.<br /><br />On the ground floor you can find great restaurants (check the photos but we will provide more local recommendations). <br /><br />The flat is well connected", "host_name": "Diogo", "host_id": 25124571, "host_url": "https://www.airbnb.com/users/show/25124571", "host_picture_url": "https://a0.muscache.com/im/users/25124571/profile_pic/1419334300/original.jpg?aki_policy=profile_x_medium", "neighbourhood_cleansed": "Hackney", "latitude": 51.54276, "longitude": -0.05797, "property_type": "Private room in rental unit", "room_type": "Private room", "accommodates": 2.0, "bathrooms": 2.0, "bedrooms": 1, "beds": 1, "amenities": ["Essentials", "Wifi", "Washer", "Long term stays allowed", "Shampoo", "TV", "Elevator", "Fire extinguisher", "Smoke alarm", "Hangers", "Kitchen", "Heating"], "price": 50.0, "numbers_of_review": 1, "review_scores_rating": 5.0, "reviews": [{"name": "Penelope", "date": "2016-11-06", "review": "Perfect room with a private bathroom in a great apartment. Diogo and his roommates are super nice, Diogo was very helpful and gave us a lots of good tips to live East London as a local.\r<br/>The neighbourhood is super chill with many restaurants, bars and clubs at walking distance.\r<br/>Thank you so much"}]}