{"id": 10784732, "listing_url": "https://www.airbnb.com/rooms/10784732", "name": "Spacious 4 bedroom house in Stoke Newington", "description": "Three storey Victorian terraced house in tree-lined street in trendy Stoke Newington, a neighbourhood with lots of restaurants and cafes, a nice park and swimming pool a few minutes away,  a short bus ride from Islington and Liverpool Street station.", "host_name": "Nogah", "host_id": 55799031, "host_url": "https://www.airbnb.com/users/show/55799031", "host_picture_url": "https://a0.muscache.com/im/pictures/user/19c5afd5-f2ac-418f-821d-54666f07062a.jpg?aki_policy=profile_x_medium", "neighbourhood_cleansed": "Hackney", "latitude": 51.55909, "longitude": -0.07925, "property_type": "Entire home", "room_type": "Entire home/apt", "accommodates": 6.0, "bathrooms": 1.5, "bedrooms": 4, "beds": 5, "amenities": ["Essentials", "Wifi", "Washer", "Long term stays allowed", "Shampoo", "TV", "Fire extinguisher", "Smoke alarm", "Hair dryer", "Iron", "Kitchen", "Heating"], "price": 125.0, "numbers_of_review": 7, "review_scores_rating": 4.71, "reviews": [{"name": "Carol", "date": "2016-04-08", "review": "Although we didn't meet with Nogah personally, communication through text an email was very good. Lovely family home well represented by photographs. We would stay again. "}, {"name": "Ginny", "date": "2016-08-21", "review": "A lovely, comfortable house in a quiet street convenient for a Stoke Newington Church Street and close to a handy bus route. Nogah was away during our stay but was quick to respond to any queries. The house is spacious and light, and well represented by the photos, and we were quickly able to feel at home."}, {"name": "John", "date": "2016-08-29", "review": "we had a wonderful stay here. Everything was as described, their system for getting the keys to us worked super smooth and it's a great house in fantastic location.<br/>10/10 "}, {"name": "Seydou", "date": "2017-08-13", "review": "Premier visite en famille \u00e0 Londres apr\u00e8s un premier passage en couple en 2010 \u00e0 l'h\u00f4tel. Cette maison \u00e9tait parfaite pour nous et nos 4 enfants (age: 15/10/5/5). Il y a 4 chambres mais 3 nous ont suffit car il y a beacoup de places.<br/>Les propri\u00e9taires sont tr\u00e8s propre et ont lair tr\u00e8s simple. Tout \u00e9tait fait pour que nous soyons \u00e0 l'aise et pour que les enfants ne s'ennuient pas car ils ont laiss\u00e9 plusieurs jouets \u00e0 disposition. Le petits jardin est tr\u00e8s agr\u00e9able pour le petit-d\u00e9jeuner londonien.Acces \u00e0 internet en WiFi et tv. Salle Salle de bain au 1er et toilettes suppl\u00e9mentaires au 2\u00e8me \u00e9tage.   Le quartier est r\u00e9sidentiel,  calme, proche du bus (ligne de bus 73) et il y a de la place pour le stationnement  (pr\u00e9voir une carte de stationnement visiteur en semaine : merci \u00e0 l'h\u00f4te de nous en avoir r\u00e9serv\u00e9 une).<br/>Il y a 2 \u00e9piceries au coin de la rue.<br/>En gros, meilleur confort qu'\u00e0 l'h\u00f4tel ou nous aurions d\u00fb prendre peut-\u00eatre 2 chambres,  se r\u00e9veiller \u00e0 l'heure de l'h\u00f4tel etc...<br/>Merci encore \u00e0 eux"}, {"name": "Charlotte", "date": "2017-08-20", "review": "Great location and a very helpful host"}, {"name": "Aude", "date": "2017-08-29", "review": "We unfortunately did not get to see each other, but our host left us with all the explanations for the house. She made herself available when needed. The house is comfortable and clean. grocery store and transport nearby. Great stay. thank you very much."}, {"name": "Elena", "date": "2019-08-20", "review": "The house is very comfortable, with plenty of space and a nice garden. Also the neighborhood is very nice and there are plenty of shops and a huge park very close. Everything was prepared and super clean when we arrived and communication with Nogah was very easy. We have enjoyed very much our stay. Thanks a lot!"}]}