{"id": 10786108, "listing_url": "https://www.airbnb.com/rooms/10786108", "name": "Peaceful King + Ensuite + Large Balcony + Central", "description": "A quiet, clean, harmonious 2 bedroom flat (1 room available),  great transport & walking distance to Chelsea & Clapham.<br /><br />The double room is light & spacious with a private ensuite bathroom (w.c., bath & shower, large cupboard), dressing room, library wall. The room is now empty for guest use only: Personal objects/belongings shown in the photos have been removed.<br /><br />Lovely sunny South-facing balcony off the living room, overlooking a private gated communal garden. <br /><br />I wish you a wonderful visit! x<br /><br /><b>The space</b><br />The flat is warm, welcoming, and has a peaceful 'energy'. <br />It's cosy but not too small.<br />There is lots of light throughout the flat, and greenery.<br />There are also bicycle racks on the building premise.<br /><br /><b>Guest access</b><br />You may use:<br />Living room<br />Washer and dryer<br />Kitchen<br />Balcony<br />Communal garden<br />Bicycle rack in communal areas<br /><br /><b>Other things to note</b><br />Please", "host_name": "Elsa", "host_id": 55807386, "host_url": "https://www.airbnb.com/users/show/55807386", "host_picture_url": "https://a0.muscache.com/im/pictures/user/2f71ed71-0aef-409f-8532-0010f57e6721.jpg?aki_policy=profile_x_medium", "neighbourhood_cleansed": "Wandsworth", "latitude": 51.47267, "longitude": -0.17086, "property_type": "Private room in condo", "room_type": "Private room", "accommodates": 2.0, "bathrooms": 1.0, "bedrooms": 1, "beds": 1, "amenities": ["Oven", "Waterfront", "Dishes and silverware", "Essentials", "Cooking basics", "Bed linens", "Wifi", "Heating", "Dishwasher", "Long term stays allowed", "TV", "Host greets you", "Refrigerator", "Shared fenced garden or backyard", "Outdoor dining area", "Private patio or balcony", "Iron", "Kitchen", "Stove", "Gym", "Hot water", "Washer", "Paid parking off premises", "Elevator", "Smoke alarm", "Ethernet connection", "Dryer", "Outdoor furniture"], "price": 65.0, "numbers_of_review": 1, "review_scores_rating": 5.0, "reviews": [{"name": "Reuben", "date": "2017-05-23", "review": "Wow. What a haven of peace and calm. The flat has been beautifully designed and renovated, it couldn't be more comfortable. Elsa is a wonderful host, warm, friendly and very knowledgable about the area. <br/>With great transport links but also a lovely \"local London village\" vibe just around the corner, you're sorted whether you're heading out, or staying in. <br/>I hope I get the chance to visit again, and if you can, you should take the opportunity too! <br/>Thank you Elsa for the effort you went to to make my stay perfect in every way. "}]}