{"id": 10799172, "listing_url": "https://www.airbnb.com/rooms/10799172", "name": "Modern family home Twickenham Green", "description": "Our modern family home is next to Twickenham Green. We have a 180ft garden and parking space for 3 cars. Strawberry Hill station is a short walk away and we have  shops, pubs and restaurants on our doorstep!<br /><br /><b>The space</b><br />Our House has three double bedrooms (2 with double beds + 1 with bunkbeds)  and family bathroom on first floor. On the ground floor is  a large double lounge with French doors leading to the garden, a large study / utility  area , downstairs toilet and an open plan kitchen / diner with sliding doors onto our 180ft garden.", "host_name": "Carol", "host_id": 55894030, "host_url": "https://www.airbnb.com/users/show/55894030", "host_picture_url": "https://a0.muscache.com/im/pictures/user/4e5b3b89-9919-406b-80b4-d39e83fa5418.jpg?aki_policy=profile_x_medium", "neighbourhood_cleansed": "Richmond upon Thames", "latitude": 51.44494, "longitude": -0.34494, "property_type": "Entire home", "room_type": "Entire home/apt", "accommodates": 6.0, "bathrooms": 1.5, "bedrooms": 3, "beds": 5, "amenities": ["Hair dryer", "Private entrance", "Hangers", "Essentials", "Free parking on premises", "Shampoo", "Carbon monoxide alarm", "Bathtub", "Indoor fireplace", "Wifi", "Heating", "Children\u2019s books and toys", "Long term stays allowed", "Pack \u2019n play/Travel crib", "TV", "Iron", "Kitchen", "Hot water", "Washer", "Smoke alarm", "High chair", "Dryer"], "price": 200.0, "numbers_of_review": 16.0, "review_scores_rating": 4.63, "reviews": [{"name": "Richard", "date": "2016-02-18", "review": "Just back from a relaxing half term trip to Twickenham to catch up with friends. Carol's house was perfect for us as a family and is ideally located close to Twickenham Green and its local shops and restaurants. Carol and her family are wonderful hosts and particularly accommodating even when we arrived early than agreed! No issues with the booking at all and would happily recommend it to anyone - hopefully we'll be back soon!"}, {"name": "Farrah", "date": "2016-05-02", "review": "Carol was very welcoming and went out of her way to make the house feel homely for us (fresh flowers etc).  We stayed for 3 weeks and during that time Carol was contactable for any query we had, the one small issue we had with a lamp was resolved immediately.  The house itself is beautiful with a wonderful big lounge and super bright dining area, perfect for families.  This area of Twickenham is lovely as it is very accessible and has a range of shops, pubs and restaurants all with in walking distance.  The garden of the house is amazing and our daughter loved playing in it!"}, {"name": "William", "date": "2016-06-27", "review": "All good. Carol was very accomodating. Nice house in a great location.  It was exactly as described and suited our purposes perfectly."}, {"name": "Patricia", "date": "2016-08-06", "review": "Carol and Simon are terrific hosts. They are warm, friendly and everything was  clean and in order when we arrived. Most important, they were really responsive to issues that arose, even though they were out of the country! The location is excellent for getting around the neighborhood as well as into London and its sites. We gave \"4\" rather than \"5\" only because the noise level from the street is substantial with the windows open. The kitchen is modern and well equipped. Really great washer/dryer. Close to grocery, the Green, restaurants. Safe area and plenty of regular public transport. Internet spotty at times during the day but otherwise okay.The garden is absolutely beautiful and there is plenty of fresh air and natural light. Thanks Carol and Simon"}, {"name": "Mel", "date": "2016-12-30", "review": "A great house with everything we needed. Carol and Simon were very kind to have the Christmas tree up and decorations which made it very homely and special for our girls. Simon was excellent at settling us in and Carol was amazing with her quick responses and letting us know area information. We really felt at home in this lovely house. The garden is beautiful. The girls loved running around and looking for the fox they spotted in the morning. There are many restaurants nearby and great public transport links. My husband was very happy to watch the rugby in a great pub across the road. We would highly recommend and in this lovely area of West London. "}, {"name": "Julian", "date": "2017-04-15", "review": "In London for a family wedding we needed somewhere to accommodate 4 adults and 2 children for the week. Carol and Simon's home fitted the bill perfectly - location, accomodation, equipment, onsite parking and only 40 metres from Twickenham Green. Ideal."}, {"name": "Ying", "date": "2017-08-07", "review": "I stayed at Carol's place with my family and the house size is perfect for us (2 kids and 3 adults). The place is as described plus extra bonus: the garden is exceptionally wonderful and there are toys and books for children. The neighbourhood is nice, with good cafes and restaurants within walkable distance and Twickenham Green adjacent. Richmond is quite closeby and has a lot to offer. "}, {"name": "Shantal", "date": "2017-08-31", "review": "We stayed in this lovely house for two weeks and loved it. We were a family of 5 staying along with my mother and it was big enough for all of us.  The kitchen is very spacious and overlooks a beautiful garden which we all enjoyed. Very close to shops and the green as well as public transportation. Would definitely recommend it."}, {"name": "Matt", "date": "2017-12-26", "review": "Carol and Simon are great hosts and have a beautiful home in a great location.  We stayed over Christmas and our flight arrived very early into the UK but Carol and Simon were very flexible in allowing us to check in earlier than intended.  The house was very clean and in great condition and had Christmas decorations including a Christmas tree.  We had a baby with us and the house has a high chair, crib which was really helpful. Twickenham is lovely area to stay i.e. near the River Thames, Ham House, Hampton Court Palace etc.  As we stayed in Winter we did not spend much time in the garden but it would be great to hang outside in the summer.  Also, one of the best pubs in Twickenham is just a couple of doors away.  Thanks for a wonderful stay, Matt & Kaitlin."}, {"name": "Julie", "date": "2018-06-16", "review": "Had a great stay, great location. The home was very family friendly and our granddaughter loved the garden! Thanks Carol!"}]}