{"id": 10797502, "listing_url": "https://www.airbnb.com/rooms/10797502", "name": "Bright double room in period house", "description": "Recently refurbished room in substantial Victorian family house; oak flooring & comfortable double bed & mattress.  Beautiful bathroom  with large bathtub & power shower. Friendly, artistic, slightly untidy host family, one super friendly Jack Russell dog. Special weekly / monthly rates available.<br /><br /><b>The space</b><br />Our Airbnb rooms are comfortable & spacious with modern, neutral decoration. They are located on the top floor of our beautiful Victorian home away from the hustle & bustle of family life. <br /><br />This is a great base to explore London, being within easy reach of the West End & City via Network Rail & Thameslink Services and local buses as well as offering a vibrant local neighbourhood vibe. <br /><br />In addition to the usual tourism / family events visitors we would welcome guests who might work in London, who might be looking to relocate or are seeking  a Monday to Friday base. Our location would also provide an excellent base for potential students & ", "host_name": "Glyn", "host_id": 55629922, "host_url": "https://www.airbnb.com/users/show/55629922", "host_picture_url": "https://a0.muscache.com/im/pictures/user/a21d0f28-72cc-425a-a285-90dfac840145.jpg?aki_policy=profile_x_medium", "neighbourhood_cleansed": "Southwark", "latitude": 51.45029, "longitude": -0.09781, "property_type": "Private room in home", "room_type": "Private room", "accommodates": 2.0, "bathrooms": 1.0, "bedrooms": 1, "beds": 1, "amenities": ["Essentials", "Wifi", "First aid kit", "Dedicated workspace", "Long term stays allowed", "Shampoo", "BBQ grill", "Fire extinguisher", "Smoke alarm", "Outdoor dining area", "Hair dryer", "Iron", "Hangers", "Outdoor furniture", "Heating", "Dishes and silverware"], "price": 70.0, "numbers_of_review": 10, "review_scores_rating": 4.6, "reviews": [{"name": "Graham", "date": "2016-07-03", "review": "A really nice house in a lovely neighbourhood! Location was great for our needs - just a few minutes walk to Herne Hill train station (with regular trains to Victoria), and a variety of nice coffee shops and the excellent farmers market on the Sunday! The room was bright, comfortable and spaceous with a large bathroom right beside it. The quiet area and comfy bed made for a great nights sleep! Glyn and his family made us feel really welcome and had lots of helpful suggestions of things to do and where to eat/drink etc."}, {"name": "Aiah", "date": "2016-08-11", "review": "Jeg fik en personlig modtagelse og en kop varm te. V\u00e6relset var fint som beskrevet og jeg havde et dejligt badev\u00e6relse til r\u00e5dighed helt for mig selv. Beskrivelse af v\u00e6relse levede op til mine forventninger."}, {"name": "J", "date": "2016-09-25", "review": "Charming hostess, immaculately clean and comfortable room in quiet residential area close to easy transport to London. Our own beautiful bathroom with toiletries towels and a lovely mixture of period and modern fittings. Excellent! "}, {"name": "Martin", "date": "2016-10-16", "review": "Hosts and room were great. A large bedroom with a very comfortable bed. It is at the top of the house meaning there are quite a few stairs to climb. Great bathroom next door. Very convenient for the local train station that has very good links into London. Really enjoyed our stay."}, {"name": "Tony", "date": "2016-11-27", "review": "Lovely family who made me feel very at home. Endless teas including one brought to my room in the morning!"}, {"name": "Ree", "date": "2017-04-04", "review": "A great room in a great location. The family was very friendly. You should be aware there is a relatively complicated security system to manage, but after the first day you'll get the hang of it. All in all, a wonderful place.  "}, {"name": "Paul", "date": "2017-05-14", "review": "As a first airbnb experience, this was wonderful.  Rosie and Boudicca welcomed me and were very helpful and friendly.  The guest room and bathroom were hotel standard, and the location is perfect for Herne Hill.<br/>The Jack Russell dog is also friendly!"}, {"name": "Kate", "date": "2017-05-17", "review": "Rosie and Glynn were the best hosts they were kind and generous and the room was really clean and quiet yet 2 mins from hern hill .<br/>Excellent couldn't have been better thank you all "}, {"name": "Sally", "date": "2019-01-02", "review": "Charming hospitality from Rosie and Glynn! Lovely location and adorable family and dog!"}, {"name": "Albie", "date": "2019-09-14", "review": "We recieved a warm welcome from Glyn's family ,the house is ideally located on a quiet street near to restaurants and public transport."}]}