{"id": 10796015, "listing_url": "https://www.airbnb.com/rooms/10796015", "name": "Two bedroom flat in Central London", "description": "Located in an excellent zone, 10 minutes to Pimlico or St. James's Park tube stations and 15 minutes to Westminter. A cosy two bedroom flat, ideal for those looking to explore the major sites in London including Westminster Abbey and Big Ben.", "host_name": "Manon", "host_id": 17743804, "host_url": "https://www.airbnb.com/users/show/17743804", "host_picture_url": "https://a0.muscache.com/im/pictures/user/0c726ccc-ad10-4f96-82f8-f79f541a26a5.jpg?aki_policy=profile_x_medium", "neighbourhood_cleansed": "Westminster", "latitude": 51.49356, "longitude": -0.12878, "property_type": "Entire rental unit", "room_type": "Entire home/apt", "accommodates": 4.0, "bathrooms": 1.0, "bedrooms": 2, "beds": 2, "amenities": ["Essentials", "Wifi", "Washer", "Long term stays allowed", "Shampoo", "TV", "Elevator", "Hair dryer", "Iron", "Hangers", "Kitchen", "Heating"], "price": 200.0, "numbers_of_review": 6, "review_scores_rating": 5.0, "reviews": [{"name": "Ryan", "date": "2016-02-21", "review": "Great place!  Wonderful location for exploring central London.  We could walk 15 min to a tube stop and only a few minutes to a bus stop.  Our hosts could not be there, but they had arranged friends to meet us, which worked perfectly.  We were even left with tube maps and oyster card holders!  Thank you!  The two bedrooms were clean and open and the beds were comfortable.  The shower was amazing, too!  We were impressed and had a great stay in London.  Everything in the listing was accurate!"}, {"name": "Ellen", "date": "2016-03-30", "review": "The apartment was in a great location, quiet clean and very spacious. Very up to date with many amenities. A 15 minute walk to the metro was very convenient to see all of London. Close to restaurants and shopping. Great choice"}, {"name": "Chris And Margaret", "date": "2016-05-29", "review": "Absolutely loved this flat and Manon and Bianca were very helpful hosts. My wife and I were meeting up with her parents who were flying in from the US and Manon kindly let us check in early which let them get a much needed rest. The two bedrooms and living room gave us the privacy we needed and the common space to catch up in comfort. The location was near many of the sights we wanted to see as well as right around the corner from a grocery store and most importantly a Starbucks!  Will definite stay again next time we're meeting friends or family in London. "}, {"name": "Luna", "date": "2017-01-02", "review": "This house is perfect to me. It's cozy and clean. It's very close to the main spots and underground stations. Besides there are stores and coffee shops nearby. <br/>Manon is very kind and quickly reply .<br/>"}, {"name": "Yoli", "date": "2017-04-18", "review": "La ubicaci\u00f2n  del departamento es excelente, a un paso de Westminster, se puede ir caminando, c\u00f3modo y acogedor."}, {"name": "Paolo", "date": "2017-05-21", "review": "Manon's place is awesome, its spacious yet cozy. Everything was really clean, and the location is impeccable. The neighborhood is really friendly. We thank Manon for being very flexible for check-in and check-out. Overall great place we highly recommend staying here. "}]}