{"id": 10795114, "listing_url": "https://www.airbnb.com/rooms/10795114", "name": "Green Haven in the City", "description": "Less than 15 minutes by tube and a short walk from the centre of town, our garden flat is a peaceful retreat from the London bustle. The kitchen-diner provides a relaxed living space and great cooking facilities. The garden backs on to a parkland walk so we're surrounded by trees and birdsong. The large living room provides another comfortable space that can also be used as a second bedroom.  We're spoilt for choice for local bars, cafes and restaurants on Stroud Green Road and in Crouch End.<br /><br /><b>The space</b><br />The ground floor apartment is made up of three rooms -  bedroom, living room and kitchen diner - plus a shower room and separate toilet. The kitchen has sliding glass doors making the most of the lovely backdrop of the leafy garden. Morning sun shine on the patio  makes it a great place to have breakfast. The bedroom also has double glass doors opening on to a small patio area. The living room has a comfortable double sofa bed and so can be used as a second bedroom", "host_name": "Alison", "host_id": 11549530, "host_url": "https://www.airbnb.com/users/show/11549530", "host_picture_url": "https://a0.muscache.com/im/pictures/user/70e255ba-6f6e-487c-ac2a-15c92332b472.jpg?aki_policy=profile_x_medium", "neighbourhood_cleansed": "Haringey", "latitude": 51.57456, "longitude": -0.11566, "property_type": "Entire rental unit", "room_type": "Entire home/apt", "accommodates": 4.0, "bathrooms": 1.0, "bedrooms": 1, "beds": 1, "amenities": ["Essentials", "Wifi", "Hot water", "Washer", "Long term stays allowed", "TV with standard cable", "Free street parking", "Fire extinguisher", "Smoke alarm", "Hair dryer", "Iron", "Hangers", "Kitchen", "Cable TV", "Heating"], "price": 95.0, "numbers_of_review": 6, "review_scores_rating": 5.0, "reviews": [{"name": "Paolo", "date": "2016-08-15", "review": "Alison's place is beautiful, clean, quiet, I couldn't find a single negative point in the whole stay. \r<br/>We were 4, slept in a double bed and a sleeping couch and everything is as described in the account. \r<br/>The area is very quiet and green and the garden is overlooking a forest so lots of tranquillity that you appreciate after visiting busy central London.\r<br/>It is less than 15 minutes walk from Finsbury Park station (zone 2), in a street with restaurants, pubs, caf\u00e8s and supermarkets so all is very convenient.\r<br/>The place was spotless and communication with Alison was smooth and clear.\r<br/>I certainly recommend this place to those wanting to visit London but still interested in staying in a nice green neighborhood.\r<br/>"}, {"name": "Daniela", "date": "2016-08-29", "review": "Alison fue genial y el alojamiento fue todo lo que mi familia buscaba. Un espacio bonito, tranquilo y accesible en Londres.\r<br/>Lo recomendamos totalmente."}, {"name": "Katie", "date": "2016-10-30", "review": "Could not fault the house, communication, accuracy and cleanliness. Was over and above what we expected. Very high standards. Beautiful home. Wonderful welcome. Fantastic value. Very comfortable. Brilliant kind and warm hosts. <br/>Very very happy and would jump to stay there again if we need to visit the area. "}, {"name": "Habib", "date": "2016-11-13", "review": "Brilliant and spacious pad, lovely furnished and Alison was very helpful. Thank you for the snacks, classy touch."}, {"name": "Christof", "date": "2017-08-24", "review": "The apartment is very quiet, has a marvellous garden that adjoins a forest, is spacious and offers all modern facilities you can imagine. Furthermore, the host gives hints and offers maps for exploring the neighbourhood. It is a place where you feel most comfortable."}, {"name": "J\u00e9r\u00f4me", "date": "2017-12-31", "review": "Perfect stay in Alison's appointment . Great location near Finsbury park station (then 15min To City Center). Perfect for a 4 persons group. Alison is a great host with a lot of kind attentions. I would definitely return To Alison's apartment for another stay."}]}