{"id": 10803132, "listing_url": "https://www.airbnb.com/rooms/10803132", "name": "Quiet & green oasis 30 mins to central London", "description": "Lovely warm single room in a 3 storey Victorian family home occupied by 2 adults.. <br />We are in a very unique location in a quiet cul-de-sac away from the hustle bustle of the city but it's only 20 mins tube journey to central London, just 5 stops on The Victoria line from Finsbury Park to Oxford Circus.<br /><br /><b>The space</b><br />Quiet and comfortable single bedroom overlooking the garden. <br />With walk in wardrobe shower and sink en suite.  <br />There is a built in wardrobe and plenty of shelf space and a small table and chair.<br /><br /><b>Guest access</b><br />There is a separate toilet for guest use only.  <br />Kettle and Tea making equipment provided.<br />Visitors parking vouchers available.<br /><br /><b>Other things to note</b><br />Parking restrictions apply between 12pm-2pm Monday to Friday.<br />Visitors permits can be purchased.", "host_name": "Jennie", "host_id": 23939121, "host_url": "https://www.airbnb.com/users/show/23939121", "host_picture_url": "https://a0.muscache.com/im/pictures/user/3f72fe9c-1b35-48cf-b7d7-041d414d424c.jpg?aki_policy=profile_x_medium", "neighbourhood_cleansed": "Haringey", "latitude": 51.5737, "longitude": -0.11484, "property_type": "Private room in home", "room_type": "Private room", "accommodates": 1.0, "bathrooms": 1.0, "bedrooms": 1, "beds": 1, "amenities": ["Essentials", "Extra pillows and blankets", "Wifi", "Hot water", "Washer", "Coffee maker", "Shampoo", "Paid parking off premises", "Long term stays allowed", "Smoke alarm", "Hair dryer", "Paid parking on premises", "Iron", "Hangers", "Heating", "Dishes and silverware"], "price": 39.0, "numbers_of_review": 17.0, "review_scores_rating": 5.0, "reviews": [{"name": "Jacqui", "date": "2019-03-01", "review": "I had a wonderful stay at Jennie\u2019s. Her home is a calm and tranquil haven from the hustle and bustle of London. I felt extremely comfortable and relaxed and would thoroughly recommend Jennie\u2019s place to travellers."}, {"name": "Naomi", "date": "2019-03-03", "review": "i had such a restful night's sleep in this  quiet and tranquil place and woke up to the birds tweeting outside. lovely decor, artwork and thoughtful touches. perfect. thank you"}, {"name": "Jacqui", "date": "2019-03-08", "review": "Another lovely stay at Jennie\u2019s. Very comfortable and relaxing. Jennie adds done lovely touches which are very much appreciated."}, {"name": "Thomas", "date": "2019-03-18", "review": "Lovely stay, quiet and comfortable to relax between sightseeing tours.  Super friendly and helpful host."}, {"name": "Jacqui", "date": "2019-03-22", "review": "Another very comfortable stay at Jennie\u2019s. Thanks Jennie and Si. Much appreciated. Thoroughly recommend."}, {"name": "Jan", "date": "2019-04-17", "review": "Great stay and a very soothing place. Jennie is a great hostess and I received fresh fruit and some delights. Parking was free (with the vouchers provided by Jennie)."}, {"name": "Stephanie", "date": "2019-04-26", "review": "My mum stayed at Jennie\u2019s and loved it. J was so warm and welcoming, and went out of her way to reception my m. The room was lovely and quiet and clean. A big thank you :-)"}, {"name": "Pam", "date": "2019-05-02", "review": "A friendly and warm welcome awaits you. Jennie has organised some lovely thoughtful touches to make your stay really enjoyable. A peaceful haven!"}, {"name": "Kelly", "date": "2019-05-06", "review": "Jennie was very warm and welcoming.  Loved having the on suite shower and sink.  Many thoughtful and kind touches with coffee and tea and fruit provided in the room.  Wonderful stay!"}, {"name": "Ali", "date": "2019-05-12", "review": "The room was much better than I expected. Not only essentials were provided, but Jennie offered me some tea, coffee and fresh fruits too, which was really nice. The house itself is very quiet and full of good scents. The place is 10 min walk from Finsbury Park tube station. There was no problem with my late check-in. Highly recommended."}]}