{"id": 1080216, "listing_url": "https://www.airbnb.com/rooms/1080216", "name": "Double Room in Lovely Bright Edwardian House.", "description": "This house is airy, bright and clean, with a large entrance hall.  There is off street parking in front of the house. The Double bedroom faces South onto a large terrace & garden so feels very private. There is a large bathroom with shower, bath, bidet, toilet and sink to share.  There is also a downstairs toilet.<br /><br /><b>The space</b><br />There is a very good Jazz Club at the end of the road 'The Hideaway' where you can dine as well as listen to great live Jazz music.  The Dulwich Picture Gallery (check out current Exhibitions) in Dulwich Village is close designed by John Soames who also designed the the Bank of England !  <br />Plenty of bars, restaurants, cafes, within a few minutes walk.<br />Also two lovely parks Tooting Bec and Streatham Common and The Rookery.<br /><br /><b>Guest access</b><br />You have access to your bedroom, bathroom, downstairs toilet, kitchen and dining area, the living room and TV is not for your general use, the beautiful terrace & garden, is avail", "host_name": "Kathleen", "host_id": 3703280, "host_url": "https://www.airbnb.com/users/show/3703280", "host_picture_url": "https://a0.muscache.com/im/pictures/user/a0fdd3db-1f79-44e5-8837-8d34bd55147d.jpg?aki_policy=profile_x_medium", "neighbourhood_cleansed": "Lambeth", "latitude": 51.42822, "longitude": -0.12688, "property_type": "Private room in home", "room_type": "Private room", "accommodates": 2.0, "bathrooms": 1.5, "bedrooms": 1, "beds": 1, "amenities": ["Essentials", "Wifi", "First aid kit", "Hot water", "Washer", "Free parking on premises", "Shampoo", "Long term stays allowed", "Microwave", "Smoke alarm", "Hair dryer", "Iron", "Indoor fireplace", "Hangers", "Carbon monoxide alarm", "Kitchen", "Heating", "Breakfast"], "price": 30.0, "numbers_of_review": 16.0, "review_scores_rating": 5.0, "reviews": [{"name": "Ami", "date": "2016-06-30", "review": "Kathleen was very accommodating throughout our stay. When my friend and I arrived (rather late in the evening), she greeted us with a lovely cup of tea and then as we hadn't eaten dinner, she told us about some places in the area that we could go to. Not only did she suggest THE most amazing pizza place in the world, but she even walked us to the restaurant herself (at almost 10pm.) Kathleen was also very helpful if we needed to get somewhere in the city, suggesting the easiest way to get there via public transport etc and places we might like to go. \r<br/>The room itself, was nice and big. It had lots of natural light and a very comfortable bed. The bathroom is immaculate, had a seperate shower and a big bath. \r<br/>The property is nice and close to quite a few bus stops, and only a very short walk to the station. Although I found that getting a bus to the Brixton underground and then taking the Victoria line or just getting the bus all the way to Liverpool Street was the easiest way to get to the city or anywhere north of the river. \r<br/>I very much enjoyed my stay at Kathleen's place, would definitely recommend to anyone wanting to spend some time in London. "}, {"name": "Nicholas", "date": "2016-08-01", "review": "Staying at Kathleen's house was a wonderful experience. I stayed here for a month and would definitely recommend the place to anyone else.<br/>The room is spacious and clean. There is more than enough storage space and a work desk.<br/>The house itself is well located and close to transport links, shops, restaurants and bars. From streatham, central london is easily reachable by train (20 mins) or bus (45 mins). <br/>Kathleen is a great Airbnb host and goes the extra mile to make your trip a great experience. <br/>"}, {"name": "Eneken", "date": "2016-10-21", "review": "Kathleen is a brilliant host, who knows how to take care of the guests. The house is very cozy and has a nice garden. The location has excellent connections: both bus and train. I had a wonderful time there and I can definitely recommend this place."}, {"name": "Julien", "date": "2017-09-15", "review": "Kathleen's house literally is a small haven where I enjoyed my three-night stay while in London.<br/>She is a very thoughtful and welcoming host. I really enjoyed our conversations but also my independence in the house.<br/>The house is a five minute walk from the nearest train station, and there are plenty of shops and food outlets nearby too.<br/>The room is just what you need. Clean, bright and spacious.<br/>Would definitely stay again!"}, {"name": "Maria", "date": "2017-09-26", "review": "If you looking for for a place to feel like home while traveling - you found it. In a way my trip may be defined as perfect thanks to Kathleen's hospitality and a homesweethome atmosphere of her lovely house. Do not hesitate - book it straight away"}, {"name": "Alexander", "date": "2017-10-14", "review": "A wonderful and considerate host. Always checking up to ensure you are having a comfortable stay. Many recommendations for local shops, restaurants, etc.  would highly recommend."}, {"name": "Laura", "date": "2017-10-31", "review": "Kathleen is a lovely host and her house is beautiful and clean. She made me feel very comfortable and welcome, while also having my independence in and around the house. Close to public transport and a quiet, nice area."}, {"name": "Mika", "date": "2017-11-13", "review": "Kathleen is a lovely host. She gave us information about the places we were interested of. We respect, that she had time to chat and share the moment with cup of tea with us. Her home is artistic, homy, clean and comfortable. The room is very quiet and a view to the backyard peacefully after a busy day in London. Cat\u2019s are lovely. They don\u2019t  hesitate to enter your room if door is left open. Neither do we hesitate to recommend her place. With single sentence: Kathleen, we hope to see You again!"}, {"name": "Glen", "date": "2017-11-28", "review": "Clean, hospitable and convenient location. Kathleen is a friendly, accomodating host."}, {"name": "Clare", "date": "2017-12-06", "review": "Wouldn\u2019t hesitate to recommend Kathleen\u2019s house. Very quiet, safe, warm space to spend a few nights and Kathleen does her upmost to make you feel at home. It\u2019s like Home from Home."}]}