{"id": 10805394, "listing_url": "https://www.airbnb.com/rooms/10805394", "name": "Bright double room in Kilburn", "description": "Bright double room in Kilburn with great transport links. Close to two Underground stations and two overground lines, central London in 15minutes. The area has great restaurants, cafes and pubs. Two parks nearby.<br /><br />It is a shared flat of young professionals, best suited for relaxed guests visiting London for vacation<br /><br /><b>The space</b><br />An authentic London experience of an old fashioned London apartment<br /><br /><b>Guest access</b><br />The apartment has a nice Kitchen with an oven for cooking, microwave and fridge, there are two bathrooms and a cosy tv room. Treat it like a home.<br /><br /><b>Other things to note</b><br />we will be more than happy to help you out during your stay.<br /><br />If you come in late make sure to not let the door slam, as some people may have work in the morning.", "host_name": "Kit", "host_id": 16900523, "host_url": "https://www.airbnb.com/users/show/16900523", "host_picture_url": "https://a0.muscache.com/im/pictures/user/04a443b4-bd8f-4789-a8e8-0bfbda2832dd.jpg?aki_policy=profile_x_medium", "neighbourhood_cleansed": "Brent", "latitude": 51.54224, "longitude": -0.20153, "property_type": "Private room in rental unit", "room_type": "Private room", "accommodates": 2.0, "bathrooms": 1.5, "bedrooms": 1, "beds": 1, "amenities": ["Essentials", "Wifi", "First aid kit", "Washer", "Long term stays allowed", "TV with standard cable", "Smoke alarm", "Iron", "Carbon monoxide alarm", "Kitchen", "Cable TV", "Heating"], "price": 24.0, "numbers_of_review": 10, "review_scores_rating": 4.2, "reviews": [{"name": "Nic", "date": "2016-03-06", "review": "Kit is a very nice host.Although he wasn't at his flat through my stay,he asked his flatmates to give me full support and help.\r<br/>Kit's flat is so cozy and quiet that I have sweet dreams every night;moreover,the location is good as well,which is very close to the tube station , coffee shop and supermarket.\r<br/>\r<br/>It's really a happy and pleasant time staying at Kit's room.I will recommend it to my friends definitely if they are going to visit London."}, {"name": "Hyunjin", "date": "2016-07-13", "review": "The room was very nice. There are three stations near the flat, so it is very useful. The host was so kind and helpful initially, but he was not contacted well since I arrived in London. It was very difficult to contact with him."}, {"name": "Tom", "date": "2016-07-20", "review": "The room, house, and neighboorhod is excellent!"}, {"name": "Ja-Young", "date": "2016-07-26", "review": "Kit\uc758 \uce5c\uad6c\uc778 Duncan\uc774 \uccb4\ud06c\uc778\uc744 \ub3c4\uc640\uc92c\ub2e4. \ub0b4\uac00 \ud0c4 \ud30c\ub9ac\uc5d0\uc11c \uc601\uad6d\uc73c\ub85c \uac00\ub294 \ubc84\uc2a4\uac00 \uc608\uc815\uc2dc\uac04\ubcf4\ub2e4 3\uc2dc\uac04\uc774\ub098 \uc9c0\uc5f0\ub418\uace0, \uacf5\ud56d\uc5d0\uc11c \uc624\ub294 \uc5c4\ub9c8\uac00 \uc57d\uc18d\uc7a5\uc18c\uc5d0 \ub098\ud0c0\ub098\uc9c0 \uc54a\uc544 Duncan\uc5d0\uac8c \uacc4\uc18d \uccb4\ud06c\uc778 \uc2dc\uac04\uc744 \ubbf8\ub904\ub2ec\ub77c\ud588\uace0 Duncan\uc740 \uace0\ub9d9\uac8c\ub3c4 \uac71\uc815\ud574\uc8fc\uba70 \ub0b4 \ubd80\ud0c1\uc744 \ubaa8\ub450 \ub4e4\uc5b4\uc8fc\uc5c8\ub2e4. \ubc29\uc740 \uc0ac\uc9c4\uacfc \uadf8\ub300\ub85c\uc600\uc9c0\ub9cc \uc0dd\uac01\ub9cc\ud07c \uae68\ub057\ud558\uc9c0\ub294 \uc54a\uc558\ub2e4. \ub2e4\ub9cc \uc601\uad6d\uc5d0\uc11c \uc774\uc815\ub3c4 \uac00\uaca9\uc758 \ubc29\uc740 \ucc3e\uae30 \uc815\ub9d0 \ud798\ub4e4 \uac83\uc774\ub2e4. "}, {"name": "Dr. Bohus", "date": "2016-08-07", "review": "We were keep in touch by sms, and letter. That was correct in time. The house is a classic english house. There was clean everywere. "}, {"name": "Karina", "date": "2016-08-16", "review": "We had a wonderful time, place is quite and everyone very friendly and helpful."}, {"name": "Osama", "date": "2017-08-01", "review": "It was a nice stay, the flatmates were nice, the room was clean. The area was quiet and the apartment was calm"}, {"name": "Celina", "date": "2018-01-03", "review": "A really affordable place to stay in London! The Kilburn Underground Station is about 10 minutes away and offers a direct connection to the city center. "}, {"name": "Declan", "date": "2018-08-16", "review": "Kit's room was very nice. Lovely big comfortable bed with nice views from the 4th floor of the building. I would definitely recommend staying with Kit. "}, {"name": "Owen", "date": "2019-03-26", "review": "We really enjoyed our stay! Excellent location and great value too :)"}]}