{"id": 10819379, "listing_url": "https://www.airbnb.com/rooms/10819379", "name": "Well Located Room in Leicester Sq.", "description": "I am renting a bright and super clean double room in Leicester Square, in the city center. You won't need to spend on travel card to see London's landmarks. The flat is located 1 minute walking from Leicester Sq station, only 5 min walking to Trafalgar Square and 5 min walking to Covent Garden station. You could not be more central than this.<br /><br /><b>The space</b><br />The flat is bright, spacious and sparklingly clean! It has been renovated recently, all the walls have been painted in white and a new carpet was placed. <br />The flat is shared with one other room but cleanliness is kept at a high standard.", "host_name": "Gabriel", "host_id": 42040711, "host_url": "https://www.airbnb.com/users/show/42040711", "host_picture_url": "https://a0.muscache.com/im/pictures/user/3250f840-9140-453d-89f6-0d7ae69ae6ba.jpg?aki_policy=profile_x_medium", "neighbourhood_cleansed": "Westminster", "latitude": 51.51128, "longitude": -0.12627, "property_type": "Private room in rental unit", "room_type": "Private room", "accommodates": 2.0, "bathrooms": 1.5, "bedrooms": 1, "beds": 1, "amenities": ["Essentials", "Wifi", "Dedicated workspace", "Hot water", "Washer", "Coffee maker", "Long term stays allowed", "TV", "Smoke alarm", "Iron", "Carbon monoxide alarm", "Hangers", "Kitchen", "Heating"], "price": 79.0, "numbers_of_review": 50.0, "review_scores_rating": 4.69, "reviews": [{"name": "Oleksandr", "date": "2016-09-07", "review": "We would like to thank Gabriel for the warm and very friendly welcome! The location is excellent, right nearby the tube station, and in a minutes of walking distance from cinemas, theaters, pubs, restaurants, etc. The place is really fantastic! The living room, the bathroom and the kitchen is clean and very well fitted. We really enjoyed our time at this place. Would highly recommend it.\r<br/>Oleksandr & Tetyana. \r<br/>"}, {"name": "Miguel", "date": "2016-09-10", "review": "Gabriel is a great host, is focused on helping make one\u00b4s stay comofortable. Good apartment, great location, very clean bathroom. Guest room is OK, shutters do not block all the light, though. Wifi works perfectly."}, {"name": "Bram", "date": "2017-01-02", "review": "Great location near Leicester Square, Covent Garden, British Museum and the National Gallery. The appartment is simple, but clean. Altough Gabriel wasn't there (we visited during the holidays), we could always reach him."}, {"name": "Wenjun", "date": "2017-04-05", "review": "This I is great location! And have sweet room"}, {"name": "Mio", "date": "2017-04-09", "review": "Amazing Airbnb! Gabriel was so accommodating and friendly. His place is in an incredible location and we had the best time. "}, {"name": "Balazs", "date": "2017-04-14", "review": "Gabriel is a very great person. We had very clear discussions before the trip. The location of the flat is great and central next to the underground. When we arrived we got the keys for the flat. All the time we spent was so great.<br/>So, I'm very recommend his place."}, {"name": "Gautier", "date": "2017-04-16", "review": "Very well placed flat, clean and spacious. Gabriel is very friendly and can give some good advices. The trip was very good there!"}, {"name": "Matthew", "date": "2017-04-17", "review": "Great place to stay! My wife and I had a great stay at Gabriel's place!"}, {"name": "Jiaqian", "date": "2017-04-20", "review": "Good place to stay!"}, {"name": "Paul", "date": "2017-04-21", "review": "Very helpful and accommodating as we arrived much later than expected, perfectly situated near Trafalgar square. "}]}