{"id": 10819279, "listing_url": "https://www.airbnb.com/rooms/10819279", "name": "Zone1-Bayswater/Queensway/DoubleRm", "description": "I am renting out my room for two weeks that I will be on holidays. <br />The flat is located in Queensway/Bayswater (zone 1) very central (7minute walk from Hyde park), with many restaurants, shopping centre and supermarkets around :)", "host_name": "Mariana", "host_id": 31730458, "host_url": "https://www.airbnb.com/users/show/31730458", "host_picture_url": "https://a0.muscache.com/im/pictures/user/09cdc0d7-edc1-433d-915b-8cf4c793c670.jpg?aki_policy=profile_x_medium", "neighbourhood_cleansed": "Westminster", "latitude": 51.51503, "longitude": -0.18859, "property_type": "Private room in rental unit", "room_type": "Private room", "accommodates": 2.0, "bathrooms": 2.0, "bedrooms": 1, "beds": 1, "amenities": ["Essentials", "Wifi", "Washer", "Long term stays allowed", "Shampoo", "TV", "Hot tub", "Smoke alarm", "Hair dryer", "Iron", "Hangers", "Kitchen", "Heating", "Lock on bedroom door"], "price": 40.0, "numbers_of_review": 5, "review_scores_rating": 4.4, "reviews": [{"name": "Antonio", "date": "2016-02-21", "review": "Great location with affordable price, and Mariana will make your stay easier with her help at any time.\r<br/>\r<br/>You will have a bathroom that although is not in the room itself, can be considered as yours, nobody will use it.\r<br/>\r<br/>Well, be sociable, is a shared house, but the privacy is well respected.\r<br/>\r<br/>Supermarkets, cofee shops, plenty of restaurants, shops of any type metro, all there in just 200 m.\r<br/>\r<br/>Good choice!."}, {"name": "Toby", "date": "2016-05-16", "review": "The check in process is convenient by getting the keys in the nearby pubs. Communication is easy and relax. The room is as described in the description and I had a really good stay in London in Mariana's flat. "}, {"name": "Karin", "date": "2016-08-02", "review": "It was a great time in London in Marians home.\r<br/>She was very friendly and gave us a lot of information. The location of Marianas home is great and very central. We recommend this location. Thanks for all."}, {"name": "Daniel", "date": "2016-08-08", "review": "Lindo barrio. Buena locomoci\u00f3n a 1 cuadra del Tube station. Habitaci\u00f3n confortable. "}, {"name": "Jae", "date": "2016-08-13", "review": "The location was awesome! Having two subway stations close by was definitely a big advantage for visitors. Mariana always messaged me to make sure that I am fine. Although there was some internet connection problem, other things were just fine. Maybe it would be nicer if there is a lock on the restroom door! But there is no problem without it."}]}