{"id": 10820812, "listing_url": "https://www.airbnb.com/rooms/10820812", "name": "4 Bed family home Surbiton London", "description": "See our identical listing for further discount. Click on my profile picture to find \"4 Bedroom 8 guest Surbiton entire house\". Our 4 double bed 3 en-suite bathrooms + downstairs toilet has a small lovely garden. We are near River Thames, Hampton Court Palace, Richmond Park. It is a 15-20 min train ride to Waterloo South Bank with its famous attractions - Big Ben, Houses of Parliament, London Eye and 7 min to Wimbledon . Excellent shopping and transport links. 30 min from London Heathrow/Gatwick.<br /><br /><b>The space</b><br />The house has 3 very spacious bedrooms, all with direct access to a bathroom (the third bathroom also has a door to the hallway), as well as a smaller 4th bedroom. The kitchen is also a good size, with a breakfast table, stylish fittings including a granite worktop and the usual appliances. The L shaped lounge/dining room has a huge L shaped sofa as well as a conventional sofa, offering seating for 8 people.<br /><br /><b>Guest access</b><br />The whole house ex", "host_name": "Barry", "host_id": 35215305, "host_url": "https://www.airbnb.com/users/show/35215305", "host_picture_url": "https://a0.muscache.com/im/users/35215305/profile_pic/1433766322/original.jpg?aki_policy=profile_x_medium", "neighbourhood_cleansed": "Kingston upon Thames", "latitude": 51.39767, "longitude": -0.2951, "property_type": "Entire townhouse", "room_type": "Entire home/apt", "accommodates": 8.0, "bathrooms": 3.5, "bedrooms": 4, "beds": 4, "amenities": ["Oven", "Fire extinguisher", "Hair dryer", "Private entrance", "Hangers", "Dishes and silverware", "Luggage dropoff allowed", "Essentials", "Shampoo", "TV with standard cable", "Cooking basics", "Carbon monoxide alarm", "Wifi", "Heating", "Coffee maker", "Dishwasher", "Long term stays allowed", "Microwave", "Refrigerator", "Private patio or balcony", "Iron", "Kitchen", "BBQ grill", "Stove", "Security cameras on property", "Hot water", "Washer", "Private fenced garden or backyard", "Paid parking off premises", "Smoke alarm", "Lockbox", "Cable TV"], "price": 310.0, "numbers_of_review": 42.0, "review_scores_rating": 4.88, "reviews": [{"name": "Candy", "date": "2016-07-18", "review": "The host is welcoming and the house is fantastic for our family. Walking distance to town centre and around one hour drive to central London. Highly recommend for any family with a car if possible. \r<br/>The house is clean and tidy, warm and cosy. "}, {"name": "Sumaya", "date": "2016-08-16", "review": "the house was comfortable, spacious and clean . The garden was lovely. we enjoy our stay with the perfect location which was close to the station and center. Facilities were good and the present of \"Polina\" next to the house was very helpful. <br/>thanks a lot<br/>we enjoy our stay "}, {"name": "Matthew", "date": "2016-08-22", "review": "Absolutely fantastic stay at Barry's home in Surbiton house was exactly as advertised :) Many thanks for my stay "}, {"name": "Aaron", "date": "2016-08-28", "review": "Barry made contact throughout the stay to make sure all was ok. House was clean and as advertised. There was more than enough room for the 4 adults and 4 children and in easy reach to Chessington World of Adventures and Thorpe Park. My first experience of Airbnb and lets hope that they are all as good as this one thanks to Barry.  "}, {"name": "Robert", "date": "2016-12-14", "review": "Great home, very close to train station for trips into London. close to stores and entertainment. Wonderful home"}, {"name": "Nicki", "date": "2016-12-23", "review": "Perfect stay for our family of 5. Seamless arrival after a long haul flight made getting the kids in and settled in bed simple. Milk in fridge meant we could get a cuppa immediately, and all the home comforts, rather than just 'essentials' meant that this really was our home from home for the 5 nights, which was exactly what was needed. We'll definitely look forward to staying again when back over in the summer. Thanks for making it so easy!"}, {"name": "Christine", "date": "2016-12-29", "review": "Le logement correspond parfaitement \u00e0 la description. La maison est tr\u00e8s confortable et spacieuse. Barry est tr\u00e8s arrangeant concernant les heures d'arriv\u00e9e et de d\u00e9part\r<br/>Le centre de Londres est \u00e0 25 minutes en train"}, {"name": "Richard", "date": "2017-02-05", "review": "The house is extremely spacious and had the advantage of 3 bathrooms so ideal for families or groups. It has all the amenities you could want and is less than 10 minutes walk to Surbiton high street, with shops, bars and restaurants and the train station. The owners were extremely helpful and answered all the questions we had and even managed to arrange extra cleaning for us. Highly recommended for anyone wanting a house with great accessibility to Surbiton, Kingston or central London. "}, {"name": "Candice", "date": "2017-02-13", "review": "The place was spacious, comfortable, very clean and felt really welcoming. Check in and out were straight forward & The hosts were very helpful and accommodating! <br/>The location is perfect! So clean to Surbiton centre! <br/>The house was perfect for a big group of 7; loads of space for personal & group time! <br/>All around excellent house & host!"}, {"name": "Ming", "date": "2017-04-21", "review": "We had a wonderful stay at Barry and Irina's place. The bus stop is about a 3-5 minute walk and the train station about 5-10 minutes, which takes you directly into London. There are shops on the high street and a really nice fish and chip shop near the station. There is a children's play ground about a 15 minute walk away that my children thoroughly enjoyed.<br/>Thanks to Barry and Irina for letting us use their wonderful home!"}]}