{"id": 10820505, "listing_url": "https://www.airbnb.com/rooms/10820505", "name": "Stunning Private Bed & Bathroom!", "description": "~Bright, beautiful and modern newly built 2 bedroom & 2 bathroom apartment situated 2-minute walk from the underground tube station and 15 minutes to central London. <br />~Private guest Bathroom. <br />~Private guest Bedroom with double bed.<br /><br /><br />Due to the coronavirus, we\u2019re taking extra steps to clean and sanitize frequently touched surfaces between reservations.<br /><br /><b>The space</b><br />This stunning luxury property was completed in August 2015. Everything is modern and brand new!<br /><br />Due to the coronavirus, we\u2019re taking extra steps to clean and sanitize frequently touched surfaces between reservations.<br /><br /><b>Guest access</b><br />Guests will have:<br />~their own private bedroom <br />~their own private bathroom (located next to their bedroom)<br /><br />Owners live in the apartment and have their own private bedroom & private bathroom.<br /><br /><b>Other things to note</b><br />Laundry services are not available.<br /><br />Only Airbnb guests o", "host_name": "Spencer", "host_id": 28219253, "host_url": "https://www.airbnb.com/users/show/28219253", "host_picture_url": "https://a0.muscache.com/im/pictures/user/4beabe29-23df-4a46-9f5f-75637f7c0bbf.jpg?aki_policy=profile_x_medium", "neighbourhood_cleansed": "Lambeth", "latitude": 51.46201, "longitude": -0.12901, "property_type": "Private room in condo", "room_type": "Private room", "accommodates": 2.0, "bathrooms": 1.0, "bedrooms": 1, "beds": 1, "amenities": ["Extra pillows and blankets", "First aid kit", "Fire extinguisher", "Hair dryer", "Hangers", "Dishes and silverware", "Essentials", "Patio or balcony", "Shampoo", "Bed linens", "Carbon monoxide alarm", "Shower gel", "Wifi", "Heating", "Coffee maker", "Host greets you", "Microwave", "Refrigerator", "Iron", "Lock on bedroom door", "Breakfast", "Hot water", "Elevator", "Smoke alarm"], "price": 68.0, "numbers_of_review": 122.0, "review_scores_rating": 4.99, "reviews": [{"name": "Pascal", "date": "2016-04-12", "review": "A fantastic apartment that is very close to central London. Very close to the tube then a short 15 minute tube ride to Big Ben and the London Eye. The apartment is lovely, modern and clean and it was great to have our own bathroom & bedroom. Spencer was a lovely and helpful host. I would highly recommend to Airbnb travellers!"}, {"name": "Shea", "date": "2016-04-30", "review": "Spencer and Keith made us feel absolutely welcome. The location is perfect. The room was super clean and with it being a new build it has all the mod cons. It was great to have our own bathroom.<br/>They left us some basic food stuffs for breakfast which was unexpected.<br/>Very friendly, great guys and would definitely recommend staying here if you were to spend a few days in London!"}, {"name": "Andrea", "date": "2016-05-16", "review": "We loved to stay at this place very much! The new appartment was clean and the room had a comfortable bed and private bathroom. Only a few minutes walk from the tube station. Easy connection to visit other parts of London. We also liked the recommendations Keith and Spancer gave us for some nice spots. We will defenitely recommend this place to others and stay here again when in London. Many thanks again! "}, {"name": "Sylwia", "date": "2016-05-23", "review": "Spencer and Keith were some of the most welcoming people I have ever met. Both of them were very friendly and flexible with our plans.  They gave us many useful tips and fantastic suggestions. \r<br/>\r<br/>The apartment was also well kept and situated in a good area from which it was easy to get anywhere in the city. The room was exactly like in the pictures -  comfotable and very clean.  We really enjoyed our stay. Highly recommendable to everyone! "}, {"name": "Kim", "date": "2016-05-29", "review": "We had an amazing time in London! Also because of the great airbnb. Spencer was really nice and helpfull. He showed and told us about great places in London! The appartment was clean and we had good breakfast everyday. We really recommend this city and this appartment. If we want to see the city again, we would go to the same airbnb! Thnx for everything Spencer, we had a great time!!!"}, {"name": "Magdalena", "date": "2016-06-14", "review": "Both Spencer and Keith were very friendly and immediately made us feel at home. They gave us some useful tips about getting around London and places worth seeing. The apartment is beautifully decorated and very clean. It's very close to the underground station which makes it convenient for sightseeing. There are plenty of restaurants and bars close by. Definitely worth recommending.  "}, {"name": "Rita", "date": "2016-06-17", "review": "Heel mooi ,modern, schoon appartement.<br/>In een gezellige wijk van Londen, veel restaurantjes en pubs in de omgeving.supermarkt ook in de buurt.<br/>Metro op 5 minuten lopen van het appartement<br/>Kieth en Spencer zijn erg gastvrij en willen je overal mee helpen.<br/>In dit appartement hebben wij 1 ding gemist, bedlampjes.<br/>"}, {"name": "Tamara", "date": "2016-06-22", "review": "Me and my boyfriend spent three nights at Spencer's and Keith's apartment which is really nice, clean and looks exactly like in the pictures. Additional to our room, we had our own private bathroom. Everything necessary (sheets, towels, etc.) was provided. Plus, they even left us some food for breakfast which was really nice, since London's quite expensive. The apartment complex is only a one minute walk to the next tube station, which is perfectly connected to Central London.\r<br/>\r<br/>Both Spencer and Keith are absolutely warm-hearted, kind and helpful people and were always willing to listen to any questions we had. Also they were really flexible with our plans, since we arrived later than expected. They gave us many useful tips and suggestions concerning our stay and made us feel very comfortable at their apartment. Both of them really want their guests to have a great time, both in their apartment and London in general since they were really interested in the experiences we made in London and our satisfaction with the room.\r<br/>Next time we come to London, we would definitely stay at Spencer's and Keith's again. "}, {"name": "W", "date": "2016-06-27", "review": "Spencer and his friend are very kind and picked us up at the metro station. The place is 5-minute walk to metro station and easy to get to the central London. They are also very considerate to book us the skygarden ticket which is gone on second. The room is very clean and so is the restroom, towel get chaned every other day. Will definitely stay here next time in London"}, {"name": "Carol", "date": "2016-07-09", "review": "Spencer and Keith were excellent hosts! Very welcoming! The location is fantastic (1 block from Clapham North and Clapham High St, 5-10m from Clapham Common, several pubs and restaurants around the corner). The house is super clean and organized - impeccable! We definitely recommend staying here."}]}