{"id": 10824732, "listing_url": "https://www.airbnb.com/rooms/10824732", "name": "White Hill House 4 - Serviced Apartment Clapham", "description": "Family friendly short term home in a serviced apartment at Clapham South with fast wifi and a flexible bedding configuration. Large private terrace with lounging furniture.<br />Suitable for corporate housing and insurance relocation accommodation. Near St. George's Hospital, Madison Hill provides emergency accommodation in south west London.<br /><br /><b>The space</b><br />Madison Hill London is a member of The Association of Serviced Apartment Providers (ASAP) and have operated in the Balham and Clapham area for 10 years. We\u2019ve held our membership since 2016.<br /><br />The International Serviced Accommodation Accreditation Process (ISAAP) is the leading global provider of quality assessment for serviced accommodation. We have been accredited since inception.<br /><br />You can Stay with Confidence, knowing we meet legal and safety standards and have achieved ISAAP 2020 Infection Control accreditation.<br /><br />\u2022 Professionally managed<br />\u2022 Reliable guest support<br />\u2022 Telephon", "host_name": "Madison Hill London", "host_id": 54184847, "host_url": "https://www.airbnb.com/users/show/54184847", "host_picture_url": "https://a0.muscache.com/im/pictures/user/3ed82fa3-6e11-438a-bae0-fa229520dd24.jpg?aki_policy=profile_x_medium", "neighbourhood_cleansed": "Wandsworth", "latitude": 51.45142, "longitude": -0.14732, "property_type": "Entire rental unit", "room_type": "Entire home/apt", "accommodates": 4.0, "bathrooms": 2.0, "bedrooms": 2, "beds": 3, "amenities": ["Extra pillows and blankets", "Oven", "Fire extinguisher", "Hair dryer", "Baby bath", "Private entrance", "Hangers", "Crib", "Dishes and silverware", "Essentials", "Outlet covers", "Patio or balcony", "Shampoo", "Baking sheet", "Cooking basics", "Single level home", "Bed linens", "Carbon monoxide alarm", "Bathtub", "Shower gel", "Heating", "Wifi", "Coffee maker", "Dishwasher", "Long term stays allowed", "Pack \u2019n play/Travel crib", "TV", "Microwave", "Portable fans", "Refrigerator", "Room-darkening shades", "Iron", "Body soap", "Kitchen", "Stove", "Conditioner", "Dedicated workspace", "Hot water", "Washer", "Paid parking off premises", "Children\u2019s dinnerware", "Smoke alarm", "High chair", "Dryer", "Lockbox", "Nespresso machine", "Freezer"], "price": 399.0, "numbers_of_review": 22.0, "review_scores_rating": 4.64, "reviews": [{"name": "Jenny", "date": "2016-02-29", "review": "Julie was a fantastic host - she made sure we had everything we needed, including a high chair and cot for our baby. \r<br/>The apartment was really well equipped, which is fantastic for self catering. Everything we needed was there. \r<br/>It was spacious but felt cozy and the outdoor terrace was lovely and private. \r<br/>I would definitely stay here again and will recommend Julie to family and friends."}, {"name": "Tounes", "date": "2016-03-31", "review": "Hey everyone,\r<br/>\r<br/>I would like to give you a piece of information about Julie and her appartment \r<br/>\r<br/>She  is a wonderful host, really nice, welcoming and helpful. \r<br/>\r<br/>We had a great time in her appartment. A sweet, cleaned and enjoyable apartment with a perfect location. \r<br/>\r<br/>To finish she is flexible and she has an understanding mind. \r<br/>\r<br/>You can trust her and rent her apartment without any problem. \r<br/>\r<br/>Hope you will also enjoy your time there. "}, {"name": "George", "date": "2016-04-13", "review": "We had a lovely stay at this property. Julie was a great host who looked after us well. The apartment is well equipped for families, professionals and tourists. 30 second walk to Clapham South tube. My only criticism was that the 2nd bedroom overlooking the road was quite noisy. "}, {"name": "Sasha", "date": "2016-09-10", "review": "GREAT stay at Julie\u2019s place, perfect location & easy to access. Andrew was so efficient to help us for WIFI fixing & did have a easy communication with Julie. The flat was clean & it was same as the photos. \r<br/>HIGHLY recommend to all London visitors!\r<br/>"}, {"name": "Sean", "date": "2016-09-23", "review": "Very smooth process, in a very good location, easy access to tubes, plenty of choices for food within walking distance (eat in, take away or grocery)"}, {"name": "Mihaela", "date": "2016-11-02", "review": "Great experience!"}, {"name": "Nathan", "date": "2016-11-28", "review": "We arrived early in the day and due to the unit not having been let the night before, Julie allowed us into the unit early in the morning thus we did not have to drag our suitcases around all day...great personal attention.  We were met at the unit on check-in and given a full and explanatory tour that exceeded our expectations.  The tube is a one minute walk from the unit and it takes 18 minutes to get to downtown London, just fantastic.  I highly recommend this unit!"}, {"name": "\u7433", "date": "2017-02-16", "review": "\u975e\u5e38\u6ee1\u610f\u7684\u516c\u5bd3\uff01\u6211\u548c\u5c0f\u4f19\u4f34\u4eec\u90fd\u5f88\u5f00\u5fc3\uff01\u79bb\u5730\u94c1\u7ad9\u5f88\u8fd1\u9644\u8fd1\u6709\u597d\u51e0\u5bb6\u8fde\u9501\u8d85\u5e02\u548c\u5916\u5356\u5e97\uff01\u623f\u5b50\u5f88\u5e72\u51c0\u6574\u6d01\uff0c\u4e5f\u5f88\u8212\u9002\u53c8\u5f88\u6e29\u99a8\uff01\u6211\u4eec\u4ee5\u540e\u53bb\u4f26\u6566\u8fd8\u4f1a\u9009\u62e9\u8fd9\u5bb6\uff01\u623f\u4e1c\u4eba\u5f88\u597d\u3002\u603b\u4e4b\u6211\u4eec\u76f8\u5f53\u6ee1\u610f\uff01"}, {"name": "Vanessa", "date": "2017-03-29", "review": "Super hosts.  <br/>Great apartment! All new, really clean, modern, comfortable and stylish. Everything you need and more in the apartment and in the fantastic location it is in. There were a couple of maintenance issues but were dealt with straight away. <br/>Communication was superb. <br/>Service was amazing. <br/>Will stay again for sure. "}, {"name": "Kerrie", "date": "2017-06-04", "review": "Fantastic host, great location & gorgeous accommodation. Highly recommend :) "}]}