{"id": 10824050, "listing_url": "https://www.airbnb.com/rooms/10824050", "name": "Double Room In Converted Warehouse", "description": "Very spacious room with built in Mezzanine - The warehouse is situated on the canal in Fish Island right opposite the Olympic Stadium. We have lovely housemates and a well equipt communal space with a coffee machine, pizza oven and grand piano.", "host_name": "Laura", "host_id": 15372252, "host_url": "https://www.airbnb.com/users/show/15372252", "host_picture_url": "https://a0.muscache.com/im/users/15372252/profile_pic/1399817804/original.jpg?aki_policy=profile_x_medium", "neighbourhood_cleansed": "Tower Hamlets", "latitude": 51.53881, "longitude": -0.0223, "property_type": "Private room in rental unit", "room_type": "Private room", "accommodates": 2.0, "bathrooms": 4.0, "bedrooms": 1, "beds": 1, "amenities": ["Wifi", "Washer", "Long term stays allowed", "Smoke alarm", "Hair dryer", "Kitchen", "Heating", "Lock on bedroom door"], "price": 40.0, "numbers_of_review": 1, "review_scores_rating": 5.0, "reviews": [{"name": "J\u00f6rg", "date": "2016-05-29", "review": "Interesting place in a great location (if you need to be close to the Olympic Park, that is). The house is full of musical instruments and the artists to operate them. If you know your way around those instruments you can do part to contribute to the general. A canal passes right in front of the house, if the weather is fine (which, admittedly, in London is a big IF), you have your sundeck at one step outside of your house. Arts center is right next door. If that is your thing, you have come to the right place;-)"}]}