{"id": 10833014, "listing_url": "https://www.airbnb.com/rooms/10833014", "name": "Charming apartment, Central London", "description": "Beautiful entire apartment, newly renovated, very well located in central London, Bermondsey area, packed with character. Amazing transport links to all tourist attractions, direct train to London Bridge in just 4 minutes, 1.2 miles away from Tower Bridge. The apartment is available when we travel for work, its very comfortable and great location to explore London.<br /><br /><b>The space</b><br />Stylish, comfortable and relaxing apartment, fully furnished and commands an excellent location, 2 minutes walk from South Bermondsey train station, only 4 minutes to London bridge (one stop). <br />The apartment is newly refurbished to very high standard.<br />Brand new furniture, tastefully decorated flat in retro style.<br />Living room has two comfortable sofa beds, cool dinning table and chairs, 40\" TV with free view channels and NETFLIX.<br />The bedroom has a comfortable king size bed, wardrobe and side tables.<br />Beautifully done kitchen with wood worktop, slick and stylish, fridge,", "host_name": "Yuriy", "host_id": 38222926, "host_url": "https://www.airbnb.com/users/show/38222926", "host_picture_url": "https://a0.muscache.com/im/pictures/user/9932f892-d2f6-47af-9562-67d7ceee6a47.jpg?aki_policy=profile_x_medium", "neighbourhood_cleansed": "Southwark", "latitude": 51.48785, "longitude": -0.05753, "property_type": "Private room in rental unit", "room_type": "Private room", "accommodates": 5.0, "bathrooms": 1.0, "bedrooms": 1, "beds": 4, "amenities": ["Extra pillows and blankets", "First aid kit", "Oven", "Fire extinguisher", "Hair dryer", "Private entrance", "Hangers", "Crib", "Dishes and silverware", "Luggage dropoff allowed", "Essentials", "Free parking on premises", "Shampoo", "TV with standard cable", "Free street parking", "Cooking basics", "Single level home", "Bed linens", "EV charger", "Carbon monoxide alarm", "Heating", "Wifi", "Children\u2019s books and toys", "Coffee maker", "Long term stays allowed", "Pack \u2019n play/Travel crib", "Microwave", "Refrigerator", "Room-darkening shades", "Iron", "Kitchen", "Stove", "Lock on bedroom door", "Hot water", "Washer", "Smoke alarm", "Ethernet connection", "Dryer", "Lockbox", "Cable TV", "Pocket wifi"], "price": 90.0, "numbers_of_review": 350.0, "review_scores_rating": 4.7, "reviews": [{"name": "Lo", "date": "2016-02-18", "review": "Yuriy est un h\u00f4te pr\u00e9venant et attentionn\u00e9, arriv\u00e9s \u00e0 1h du matin, il \u00e9tait l\u00e0 pour nous accueillir. Il a \u00e9galement \u00e9t\u00e9 de tr\u00e8s bon conseil pour les activit\u00e9s.\r<br/>L'appartement, dans un quartier tr\u00e8s calme, se situe \u00e0 proximit\u00e9 imm\u00e9diate (environ 2min \u00e0 pied) de la station de train et de l'arr\u00eat de Bus direct pour le centre ville. De la gare de train, nous \u00e9tions au London Bridge en 5 min.\r<br/>Le logement spacieux (nous \u00e9tions 5), agr\u00e9able et enti\u00e8rement refait \u00e0 neuf est tr\u00e8s bien \u00e9quip\u00e9. Le couchage est de qualit\u00e9, que ce soit dans la chambre ou dans le salon, nous y avons tr\u00e8s bien dormi.\r<br/>Nous retenons donc cette tr\u00e8s bonne adresse pour y revenir avec plaisir lors d'un prochain s\u00e9jour.\r<br/>Pascale et Lo\u00efc.\r<br/>\r<br/>Yuriy is a considerate and attentive host, arrived at one o'clock in the morning, he was there for us to welcome. He was also very helpful for the activities.\r<br/>The apartment, in a very quiet area, is located nearby (about 2 minutes walk) from the train station and from the direct Bus to the city centre stop. From the train station, we were at London Bridge in 5 min.\r<br/>The spacious accommodation (we were 5), fully renovated and pleasant is very well equipped. The bedding is quality, whether in the bedroom or in the living room, we slept there very well.\r<br/>We therefore adopt this very good address to return with pleasure during a future stay.\r<br/>Pascale and Lo\u00efc."}, {"name": "Allan", "date": "2016-02-22", "review": "Yuriy was very welcoming indeed, and most professional in every way."}, {"name": "Zx", "date": "2016-02-27", "review": "The house is very beautiful and neat. Landlord is very handsome and nice and provide some delicious Chinese snack. It's a good time in the house."}, {"name": "Lisette", "date": "2016-03-03", "review": "Very flexible person. He waited for me, even when it was late and he showed me around the apartment."}, {"name": "Danny", "date": "2016-03-04", "review": "Yuriy's apartment was wonderful - I'd love to live here! Great spacious apartment, hard to find in London, in a very peaceful neighbourhood. Well-stocked kitchen, serene bedroom and lovely, colourful living room. Plenty of natural light and a calm, comfortable and zen-like atmosphere. I hope to stay here again soon!"}, {"name": "Elena", "date": "2016-03-06", "review": "Ha sido una experiencia buena y agradable, el casero muy simp\u00e1tico, atento y la casa muy limpia,  la ubicaci\u00f3n muy buena, para ver los sitios principales de londres, en general le doy 10 estrellas."}, {"name": "Daniel", "date": "2016-03-12", "review": "El casero fue muy atento, estuvo esper\u00e1ndonos en la casa a la hora convenida. Cuando llegamos nos ense\u00f1\u00f3 la casa y nos ayud\u00f3 en lo que necesitamos.\r<br/>La casa est\u00e1 en un barrio tranquilo, muy cerca de una estaci\u00f3n de tren que queda a una parada del centro (London Bridge).\r<br/>La casa estaba muy limpia, muebles nuevos y muy completa."}, {"name": "Nerea", "date": "2016-03-13", "review": "Listing was perfectly described and a good central location for the price. Flat was really clean and we'd definitely consider staying here again."}, {"name": "Aliz\u00e9e", "date": "2016-03-22", "review": "Tr\u00e8s bon accueil! Super appartement, chaleureux et tr\u00e8s confortable. Tout pr\u00e8s de l'arr\u00eat de train pour se rendre dans le centre. C'\u00e9tait parfait ! "}, {"name": "Fadi", "date": "2016-03-25", "review": "First of all, the location of this room is great. its only one station away from london bridge wich is close to the shard and only a few minuts walk to the tower bridge. the room was clean and fresh. yuriy is a great host"}]}