{"id": 10830111, "listing_url": "https://www.airbnb.com/rooms/10830111", "name": "Sunny Flat, Perfect Location", "description": "The flat, which is within a Georgian terrace looking out on Haverstock Hill in the recently founded Steele's Village hamlet, is directly above a row of shops which includes 3 restaurants, a local shop and the well-known Sir Richard Steele pub.<br /><br /><b>The space</b><br />The living space has original oak flooring and a period fireplace feature. The kitchen is fully equipped with all utensils and electric oven/hob; whilst there is a microwave, fridge/freezer and washer/dryer in the small hall area surrounding the entrance to the flat. The bedroom has a mezzanine bed installed, which can be used for sleeping or storage. Another divan bed is also available.<br /><br /><b>Guest access</b><br />Have this space as your own personal London flat for the duration of your stay with the owner based nearby.", "host_name": "Simon", "host_id": 56078789, "host_url": "https://www.airbnb.com/users/show/56078789", "host_picture_url": "https://a0.muscache.com/im/pictures/user/ba02e8bb-8c82-43cb-95d9-9601e8e9b801.jpg?aki_policy=profile_x_medium", "neighbourhood_cleansed": "Camden", "latitude": 51.54783, "longitude": -0.15896, "property_type": "Entire rental unit", "room_type": "Entire home/apt", "accommodates": 4.0, "bathrooms": 1.0, "bedrooms": 1, "beds": 2, "amenities": ["Essentials", "Hot water", "Washer", "Long term stays allowed", "TV", "Host greets you", "Hair dryer", "Iron", "Indoor fireplace", "Hangers", "Kitchen", "Heating"], "price": 90.0, "numbers_of_review": 4.0, "review_scores_rating": 4.33, "reviews": [{"name": "Marta", "date": "2019-05-02", "review": "The flat is indeed ideally located, very close to Chalk farm tube station, zone 2 Northern Line and the bus stop practically next to the flat. It is also very convenient for foodstores nearby. The flat is not big but three of us stayed there for 6 days and we were comfortable.  Camden Town is very near with lots of restaurants, street food at reasonable prices and amazing canal walk. Also, communication with the owner was fantastic, we got all information we asked for very promptly. We had great time in London staying in Simon's flat!"}, {"name": "Alberto", "date": "2019-05-23", "review": "Hi Simon, <br/>we spent a wonderful week in your apartment that we found clean and comfortable.<br/>the house is close to the metro, the  bus  stop  and the splendid primrose hill<br/>The reception was nice despite the delay due to the stansted express<br/>You were very kind in providing us immediately with a wifi router and another set of keys.<br/>We will certainly return to our next trip to London<br/>Alberto and Silvia"}, {"name": "Yael", "date": "2019-06-03", "review": "We spent 5 nights at Simon\u2019s flat. <br/>The location is great and Simon was responsive and helpful. <br/>However, the flat is small and since we are a family with two young boys, we felt it was too crowded. There was a minimal amount of kitchenware, there was no television and internet wasn\u2019t always fast enough for streaming TV. <br/>I think it could be a good option for tourist who plan to use the flat as a night base to explore the city. It was less compatible for us though."}]}