{"id": 10831889, "listing_url": "https://www.airbnb.com/rooms/10831889", "name": "DOBLE ROOM TO RENT, STOKE NEWINGTON", "description": "Hi there ;), Stoke Newington's a funny place with lots of funny people", "host_name": "Mabel", "host_id": 32826618, "host_url": "https://www.airbnb.com/users/show/32826618", "host_picture_url": "https://a0.muscache.com/im/users/32826618/profile_pic/1431004315/original.jpg?aki_policy=profile_x_medium", "neighbourhood_cleansed": "Hackney", "latitude": 51.56449, "longitude": -0.08275, "property_type": "Private room in rental unit", "room_type": "Private room", "accommodates": 1.0, "bathrooms": 1.5, "bedrooms": 1, "beds": 1, "amenities": ["Essentials", "Wifi", "Washer", "Long term stays allowed", "Shampoo", "Elevator", "Hair dryer", "Iron", "Hangers", "Kitchen", "Heating"], "price": 20.0, "numbers_of_review": 1, "review_scores_rating": 4.0, "reviews": [{"name": "Charlotte", "date": "2016-02-21", "review": "Great location, lovely room! close to transport links, which i needed due to working in central London. Overall a really lovely stay, thank you Mabel x"}]}