{"id": 10833620, "listing_url": "https://www.airbnb.com/rooms/10833620", "name": "Comfy doubleroom in Canary wharf", "description": "My place is close to, DLR station,Canary wharf and various shopping centre.  You\u2019ll love my place because of the neighbourhood, the light, the comfy bed,the gym and the cosiness. My place is good for couples, solo adventurers, and business travellers.<br /><br /><b>The space</b><br />New luxury development, walking distance to canary wharf. Free on site gym and concierge. Close to various shopping centres and DLR station.", "host_name": "Sara", "host_id": 44188644, "host_url": "https://www.airbnb.com/users/show/44188644", "host_picture_url": "https://a0.muscache.com/im/pictures/user/8b604a57-1480-4277-9c20-0dda776819fb.jpg?aki_policy=profile_x_medium", "neighbourhood_cleansed": "Tower Hamlets", "latitude": 51.51417, "longitude": -0.01932, "property_type": "Private room in rental unit", "room_type": "Private room", "accommodates": 2.0, "bathrooms": 1.0, "bedrooms": 1, "beds": 1, "amenities": ["Essentials", "Wifi", "Hot water", "Long term stays allowed", "Shampoo", "Elevator", "Smoke alarm", "Bed linens", "Hair dryer", "Shower gel", "Hangers", "Heating"], "price": 69.0, "numbers_of_review": 44.0, "review_scores_rating": 4.61, "reviews": [{"name": "David", "date": "2018-08-15", "review": "Sara\u2019s place is excellent, I was only originally booked in for a week, ended up extending it to a month! The whole apartment was spotlessly clean, the location is perfect for Canary Wharf (15 mins walk) and links into central - the DLR station is 10 mins walk. Sara was a fantastic host, I felt very welcome in her home. Will definitely be recommending to family and friends visiting London."}, {"name": "Timo", "date": "2018-10-21", "review": "Had an amazing stay at Sara's place. She and her sister are very friendly, considerate and I enjoyed the occasional conversations in the evening. The flat was clean and one can use the kitchen and washing machine which is perfect for longer stays. It is even possible to work out in the gym.<br/>I can highly recommend this place to people looking for an affordable place to stay in London."}, {"name": "Ellen", "date": "2018-10-25", "review": "Sara is very a warm and friendly host.<br/>I had a very comfortable stay as the bed and room are very clean.<br/>The distance to the nearest DLR is Langdon Park is less than 10mins walk."}, {"name": "Marouan", "date": "2018-10-29", "review": "Eine sch\u00f6ne ruhige Lage, und gute Verbindungen"}, {"name": "Spartaco", "date": "2018-11-01", "review": "Great place!!! This place offers everything you could ask. Book it!"}, {"name": "Elisa", "date": "2018-11-04", "review": "Great hospitality. Very welcoming. We had very nice conversation :)"}, {"name": "Pedro", "date": "2018-11-07", "review": "Tudo corresponde ao descrito e a simpatia das anfitri\u00e3s."}, {"name": "Nicola", "date": "2018-11-18", "review": "very nice place and very kind host. 5 min from train DLR. perfect for solo"}, {"name": "Sam", "date": "2018-12-01", "review": "Sara's place is great. I would recommend."}, {"name": "Jo", "date": "2018-12-02", "review": "Great place to stay, close to Canary Warf. Room easy to use and near bathroom"}]}