{"id": 10830597, "listing_url": "https://www.airbnb.com/rooms/10830597", "name": "Morden,Safe,Convenient,Friendly", "description": "The Flat has lovely widow (URL HIDDEN) quiet and relaxing.24hours (URL HIDDEN) very convenient to go to city center, like going to Oxford circus, Kingscross and Westminster only 25minutes.Tube station is 1 minute away.  Supermarket is just downstairs.", "host_name": "Yaqi", "host_id": 27840312, "host_url": "https://www.airbnb.com/users/show/27840312", "host_picture_url": "https://a0.muscache.com/im/users/27840312/profile_pic/1432802743/original.jpg?aki_policy=profile_x_medium", "neighbourhood_cleansed": "Tower Hamlets", "latitude": 51.52375, "longitude": -0.01171, "property_type": "Entire rental unit", "room_type": "Entire home/apt", "accommodates": 2.0, "bathrooms": 1.0, "bedrooms": 1, "beds": 1, "amenities": ["Essentials", "Wifi", "Washer", "Long term stays allowed", "Shampoo", "Elevator", "TV with standard cable", "Smoke alarm", "Hair dryer", "Iron", "Hangers", "Kitchen", "Cable TV", "Heating", "Gym"], "price": 35.0, "numbers_of_review": 5.0, "review_scores_rating": 4.25, "reviews": [{"name": "Thomas", "date": "2016-02-20", "review": "Yasi nous avais laiss\u00e9 des mugs et du th\u00e9 \u00e0 disposition, un petit mot nous disant de faire comme chez nous et quelques indications pratique (wifi, d\u00e9tecteur de fum\u00e9e etc...)\r<br/>L'appartement correspondait totalement aux photos aucune surprise ! \r<br/>Yaqi \u00e9tant en voyage lors de notre venue nous avons quelque peu eu du mal \u00e0 s'entendre avec la r\u00e9ception afin d'obtenir les clefs ( le personnel est n\u00e9anmoins plus que sympa!), les h\u00f4tes nous pr\u00e9c\u00e9dant n'ont pas forc\u00e9ment pris le soin de nettoyer l'appartement (po\u00eale, serviette, reste de nourriture) mais Yaqi n'\u00e9tant pas sur place, et nous n'\u00e9tions venu \u00e0 Londres vraiment pour \u00eatre en ext\u00e9rieur et visiter le maximum, nous en avons vite fait abstraction! \r<br/>Yaqi est tr\u00e8s r\u00e9active, avant et durant notre s\u00e9jour! \r<br/>Je recommande! Le logement est proche d'un supermarch\u00e9, du m\u00e9tro et facilement accessible !"}, {"name": "Amina", "date": "2016-02-26", "review": "amazing flat, great view, everything is as described. the host is awesome and so helpful and available at anytime . the tube is few seconds walk and sainsbury is just down the building...just perfect"}, {"name": "Audrey", "date": "2016-02-28", "review": "We had a wonderful time on London and we were very happy with Yaqi's appartment. We picked up and gave back the key at the reception downstairs, which was very convinient. The appartment looks exactly like the pictures. It is safe and quiet and near by the metro station and the DLR. We loved the led-lighted shower head and the night view of the London eye from her balcony."}, {"name": "Maria", "date": "2016-03-06", "review": "The flat has a good location, just next to the tube station but it was a little bit hard to find the building when we arrived at night. It was easy to communicate with Yaqi."}]}