{"id": 10837216, "listing_url": "https://www.airbnb.com/rooms/10837216", "name": "West London, Kensington, 15 mins to the Centre", "description": "Bright large double bedroom, 4 minutes walk to Barons Court Station (Piccadilly / District Lines). <br /><br />Great area, easy access to the following locations:<br /><br />- 5 minutes to the Science, Victoria & Albert & National History Museums<br /><br />- 7 minutes to Harrods<br /><br />- 15 minutes to the city centre, Leicester Square, Piccadilly Circus, Soho, Westminster & Big Ben<br /><br /><b>The space</b><br />Large double room, kitchen, shower and bath available.<br /><br /><b>Guest access</b><br />Free Wi-Fi", "host_name": "Matteo", "host_id": 56122194, "host_url": "https://www.airbnb.com/users/show/56122194", "host_picture_url": "https://a0.muscache.com/im/pictures/user/2dd4d532-faf9-4361-bc7f-1d885fcc5f1b.jpg?aki_policy=profile_x_medium", "neighbourhood_cleansed": "Hammersmith and Fulham", "latitude": 51.482, "longitude": -0.20463, "property_type": "Private room in rental unit", "room_type": "Private room", "accommodates": 2.0, "bathrooms": 1.5, "bedrooms": 1, "beds": 1, "amenities": ["Extra pillows and blankets", "Oven", "Cleaning before checkout", "Mini fridge", "Hair dryer", "Wine glasses", "Dining table", "Private entrance", "Hangers", "Dishes and silverware", "Luggage dropoff allowed", "Essentials", "Shampoo", "Clothing storage: closet", "Cooking basics", "Bed linens", "EV charger", "Carbon monoxide alarm", "Shower gel", "Bathtub", "Dove body soap", "Wifi", "Heating", "Long term stays allowed", "TV", "Hot water kettle", "Microwave", "Portable fans", "Refrigerator", "Iron", "Kitchen", "Drying rack for clothing", "Toaster", "Breakfast", "Paid street parking off premises", "Hot water", "Washer", "Smoke alarm", "Dryer", "Freezer"], "price": 29.0, "numbers_of_review": 13.0, "review_scores_rating": 5.0, "reviews": [{"name": "Derrick", "date": "2016-07-27", "review": "Great place Matteo is a gentleman would really recommend his place\r<br/>lovely and clean thanks Matteo\r<br/>\r<br/>Regards\r<br/>Derrick"}, {"name": "Aneta", "date": "2016-07-31", "review": "Matteo byl skv\u011bl\u00fdm hostitelem!M\u016f\u017eu jen doporu\u010dit! Byl velmi p\u0159\u00edjemn\u00fd, ochotn\u00fd a sna\u017eil se n\u00e1m maxim\u00e1ln\u011b vyhov\u011bt! Bylo pro n\u011bj d\u016fle\u017eit\u00e9, a\u0165 se u n\u011bj c\u00edt\u00edme jako doma. Za velmi mil\u00e9 a p\u0159\u00edjemn\u00e9 jsme pova\u017eovaly i p\u0159ipravenou sn\u00eddani. Pokoj byl velk\u00fd a fotky odpov\u00eddaly realit\u011b. Lokalita je tak\u00e9 velmi dobr\u00e1 - bezpe\u010dn\u00e1, bl\u00edzko metro i mo\u017enost p\u016fj\u010den\u00ed kol."}, {"name": "Stan", "date": "2016-10-02", "review": "If you are looking for a basic but comfortable room in London - this place is the one! Matteo is a great and very helpful host. His apartment is clean and nice, perfectly located close to the tube station. Highly recommended!"}, {"name": "Campbell", "date": "2016-10-16", "review": "Nice spacious room, comfortable bed and pillows, good shower. Able to use the washing machine and dryer which was great. Tea and coffee and breakfast cereal available. We stayed two nights and had a early flight so the 9am check out time was not an issue but may be if you have different circumstances. "}, {"name": "Adam", "date": "2016-10-21", "review": "Perfect location very close to Baron's Court station. Great place and room - quiet, spacious, clean. Host welcoming and communicative (but was respectful if I was perhaps quieter!)"}, {"name": "Rose", "date": "2018-05-09", "review": "Great location, easy going host who really cared about ensuring my i had everything i needed - which i did :)"}, {"name": "Peter", "date": "2018-05-12", "review": "Room and flat clean, host is very helpful and a great location. Would recommend!"}, {"name": "Zira", "date": "2018-05-15", "review": "Matteo was an excellent host, with a genuinely nice personality. He is very clean, responsive, and willing to help."}, {"name": "Gregorious", "date": "2018-05-17", "review": "Host was very easy to work with and a genuinely nice guy, the room was spot on had everything I needed to catch up on some work and have a great nights sleep!"}, {"name": "Titti&Sabri", "date": "2018-05-19", "review": "Matteo is a really good host. Communication was perfect as well as the check-in. Really recommended!"}]}