{"id": 1084977, "listing_url": "https://www.airbnb.com/rooms/1084977", "name": "1 Bedroom flat in London Fields Hackney", "description": "Colourful, spacious, peaceful, airy, clean, relaxing flat in the heart of trendy Hackney.<br /><br /><b>The space</b><br />Lovely two bedroom flat in London Fields available for short term renting in the heart of trendy Hackney. The flat has one bathroom, kitchen, big lounge, 2 bed rooms and 2 balconies.<br /><br /><b>Guest access</b><br />The whole flat.", "host_name": "Stefano", "host_id": 827049, "host_url": "https://www.airbnb.com/users/show/827049", "host_picture_url": "https://a0.muscache.com/im/pictures/user/5490777e-32d4-40b1-89b6-eb1d56f339ab.jpg?aki_policy=profile_x_medium", "neighbourhood_cleansed": "Hackney", "latitude": 51.54263, "longitude": -0.05542, "property_type": "Entire rental unit", "room_type": "Entire home/apt", "accommodates": 2.0, "bathrooms": 1.0, "bedrooms": 1, "beds": 1, "amenities": ["Essentials", "Wifi", "Dedicated workspace", "Hot water", "Washer", "Coffee maker", "Shampoo", "TV", "Dishwasher", "Refrigerator", "Oven", "Smoke alarm", "Private patio or balcony", "Kitchen", "Heating", "Stove", "Dishes and silverware"], "price": 120.0, "numbers_of_review": 18.0, "review_scores_rating": 4.88, "reviews": [{"name": "Mary", "date": "2013-06-28", "review": "Stefano was very kind and obliging and really helped us out of a tight spot at the last minute!"}, {"name": "Karen", "date": "2013-07-26", "review": "Stefano is a lovely guy, his communication before we moved in was brilliant and even when I was over 2 hours late for check-in after getting stuck on the motorway he was incredibly understanding.\r<br/>\r<br/>The flat itself is in a great location, right beside the lovely London Fields and Broadway market which is full of great bars and restaurants. \r<br/>\r<br/>There are three nice restaurants/bars opposite (you should definitely try the corgette flower pizza from Lardo) - and a supermarket within 5 mins walk so a perfect location but once in the flat you don't hear anything.\r<br/>\r<br/>The flat is on the 3rd floor with no lift so if you have any issue with exercise it might be a problem but for us it was fine. The stairs are only short so really not as bad as it sounds and gave us a bit of exercise!\r<br/>\r<br/>I'd definitely recommend the flat if you are looking for somewhere in a great location, with lots of things to do around you.\r<br/>\r<br/>Thanks again Stefano."}, {"name": "Jack", "date": "2015-10-19", "review": "This was my first air bnb experience and I would highly recommend to anyone. Stefano is a great host with friendly cats who were just as great hosts! \r<br/>\r<br/>I will definitely be looking to use Stefano's accommodation again when I am next down in London.\r<br/>\r<br/>Instructions left were easy to use and Stefano was always contactable throughout our stay."}, {"name": "Heleen", "date": "2015-12-31", "review": "Stefano's flat is a great place to stay in London. We rented the flat for three nights with our two teenage daughters. It has room enough for the four of us. And very important: it was very clean! A perfect spot to visit London, with the trainstation nearby and several buslines to take you to the centre of the city. Thanks Stefano! It was a pity we could not meet in person, but we had several good contacts bij mail and telephone."}, {"name": "Anna", "date": "2016-02-28", "review": "Stefano worked around our schedule, was very friendly, left clear instructions on the cats, and generally was a fantastic host, thank you Stefano! \r<br/>\r<br/>The flat was exactly was we expected and more, very handy location and lovely flat, comfortable beds, he even left out flowers out. \r<br/>\r<br/>Would highly recommend this air b'n'b for a base for your east London (or beyond, we'd gone for a gig  at Alexandra Palace) stay. "}, {"name": "Annunziata", "date": "2016-07-21", "review": "Il mio host e'stato molto preciso e premuroso nelle comunicazioni,  sia all'atto della prenotazione che nei giorni precedenti al nostro arrivo. Abbiamo soggiornato in 5 comodamente per 2 notti. L'appartamento rispecchia fedelmente la descrizione fatta e le foto sono reali. Era molto grazioso, pulito, luminoso e arieggiato e, considerando che il nostro soggiorno \u00e8 coinciso con i giorni forse pi\u00f9 caldi dell'anno a Londra, abbiamo riposato bene la notte. L'appartamento ha il pavimento in parquet, cosa molto apprezzabile per chi \u00e8  allergico alla polvere. E' dotato di due ampie terrazze, una sulla zona giorno e una che serve le due camere da letto e si affaccia su un ampio cortile interno. E' in un quartiere vicino al parco di londonfields. \u00c8 ben servito dai mezzi di trasporto e vicino a negozi tra cui uno appena aperto, di fronte alla casa, che vende prodotti biologici. L'appartamento si trova al terzo piano senza ascensore, ma le scale sono comode. Siamo stati in compagnia anche dei due gatti dell'host  Stefano, anche loro molto discreti,  che richiedono poca assistenza se non qualche carezza. Il luogo rispecchia credo la sensibilit\u00e0 del nostro host: \u00e8 ricco di piante ben curate sia all'interno, che sulle terrazze, che sulle scale che non precludono gli spazi interni e non richiedono cure. \u00c8 dotato di ogni confort per una famiglia: lavastoviglie, lavatrice, bollitore elettrico, vaporiera, macchina per il caff\u00e8 elettrica. La cucina \u00e8 attrezzata con stoviglie e bicchieri sufficienti. Nelle camere ci sono due armadi vuoti a disposizione degli ospiti e  biancheria da letto e da bagno adatta.\r<br/>\u00c8 stata la mia prima esperienza con airb&b e sono stata veramente soddisfatta. La scelta \u00e8 stata facilitata dalla presentazione dell'host e dalle recensioni lette che sono assolutamente vere e forse inferiori alla realt\u00e0 della situazione. Certo bisogna avere confidenza con i gatti, che sonon stati veramente molto discreti.\r<br/>Consiglio vivamente l'esperienza a famiglie, molto migliore di un'esperienza in albergo a Londra."}, {"name": "Jenny", "date": "2016-07-31", "review": "Stefano is an excellent host and communicated prior to arrival and sent extremely detailed instructions on how to find and access the flat. Without this we would have had difficulty both finding the entrance and getting into the gated complex. The flat itself is very clean, tidy and homely. Everything was easy to find and use. The location for us was amazing. We were attending a wedding at Hackney town hall, which was a 5min walk in one direction (even in stilettos) with the wedding breakfast at the Pub on the Park, a 2min walk in the opposite direction. The area is great with lots of cafes and a great vibe. Easy overground/underground into central London. Will definitely consider staying here again on future family visits."}, {"name": "Grace", "date": "2017-07-15", "review": "Stefano's place was absolutely amazing, he was a great host that thought of everything and made our stay so relaxing.<br/>The cats are also extremely easy+lovely. We would definitely return to this flat, it's very comfortable and perfect for everybody. There is even a mini library full of interesting books for nights in. I highly recommend it."}, {"name": "Liam", "date": "2017-07-17", "review": "My girlfriend and I stayed at Stefano's flat for two nights, and we found it to be clean, comfy, and full of character. Even though we never met Stefano in person, he was an amazing host who sent us very detailed instructions beforehand describing how to find and access the flat, and responded to messages quickly both before and during the trip. The two cats were no hassle at all and just required feeding twice a day. The flat is located in a gated complex so was very quiet for central London and felt secure. It was very close to a London Overground station, yet was walkable to many popular places such as London Fields, Broadway Market, Hackney Central and Victoria Park, with a supermarket just around the corner. The bed was comfy and the kitchen contained everything we needed for a self-catered stay. If we were ever looking to stay in East London again we wouldn't hesitate to stay at Stefano's flat again."}, {"name": "Kristina", "date": "2017-09-27", "review": "Stefano's place is very clean and has a very peaceful environment. It is close to public transport and markets. Stefano was very helpful and friendly to us, and gave us good instructions,we had no problem finding the apartment. <br/>Good value for money."}]}