{"id": 10849284, "listing_url": "https://www.airbnb.com/rooms/10849284", "name": "Spacious Stylish  20's Family House", "description": "Large, renovated, family home with good sized garden & off street parking.  Walk to local pubs / delis & coffee shops on trendy Chamberlayne Road. 5 min walk to the tube (bakerloo/overground). Close to Portobello rd & only 25min to centre of London.<br /><br /><b>The space</b><br />Our house was originally built in the 1920's and we renovated it around 2/3 years ago. It is around 1700-1800 square ft so quite a large size.  It also has a lovely light an airy openplay kitchen/dining/snug space with bi-fold doors that fully open onto a south west facing large garden to enjoy.   The open plan space comes with underfloor heating and a larder room.  <br /><br /> It is stylishly interior designed with quirky and vintage finds but has all the modern things you'll need for comfort-including a large flat screen TV,sonos system,wi-fi and games cupboard.<br /><br />The house comfortably sleeps 6 people and would be perfect for a family.  we have one kingsize bedroom, one double bedroom and one bed", "host_name": "Francis", "host_id": 40732845, "host_url": "https://www.airbnb.com/users/show/40732845", "host_picture_url": "https://a0.muscache.com/im/pictures/user/998ca9bd-e2b6-4ccf-af96-ca489e1db69c.jpg?aki_policy=profile_x_medium", "neighbourhood_cleansed": "Brent", "latitude": 51.53634, "longitude": -0.23829, "property_type": "Entire home", "room_type": "Entire home/apt", "accommodates": 6.0, "bathrooms": 2.0, "bedrooms": 3, "beds": 3, "amenities": ["Essentials", "Wifi", "First aid kit", "Washer", "Free parking on premises", "TV with standard cable", "Smoke alarm", "Iron", "Indoor fireplace", "Dryer", "Carbon monoxide alarm", "Kitchen", "Cable TV", "Heating"], "price": 200.0, "numbers_of_review": 1, "review_scores_rating": 4.0, "reviews": [{"name": "An Biao", "date": "2016-07-31", "review": "\u623f\u4e3b\u81ea\u7528\u7684\u623f\u95f4\uff0c\u5ea6\u5047\u671f\u95f4\u62ff\u51fa\u6765\u51fa\u79df\uff0c\u623f\u95f4\u5f88\u8212\u9002\u4e5f\u5e72\u51c0\uff0c\u8d70\u5230\u5730\u94c1\u4e0d\u5230\u5341\u5206\u949f\uff0c\u9644\u8fd1\u9ed1\u4eba\u6bd4\u8f83\u591a\uff0c\u4f46\u53ea\u8981\u4e0d\u9ed1\u5929\u5728\u5916\u9762\u8d70\u4e5f\u6ca1\u4ec0\u4e48\u3002"}]}