{"id": 10852341, "listing_url": "https://www.airbnb.com/rooms/10852341", "name": "Compact, modern studio flat", "description": "This beautiful studio apartment is only short walk from Marylebone Village, Marble Arch, Oxford Street, Hyde Park and all the entertainment of the West End. It has a unique charm, with the painted fireplace, and a super comfortable wall bed.<br /><br /><b>The space</b><br />Bright and modern studio flat on James Street. With comfortable furniture and quirky decor, you're sure to feel right at home in the cosy space. There's also DVD/CD facilities, a mini safe, direct dial telephone, good internet access, and entry phone for added security.<br /><br /><b>Guest access</b><br />You have access to the entire apartment during your stay.<br /><br /><b>Other things to note</b><br />Key collection would be from office location in W1.<br /><br />*We offer various studio apartments in the same building, pictures are for guidance purposes only however all Globe's studios are decorated and maintained to the same impeccable standard.", "host_name": "Globe", "host_id": 4209940, "host_url": "https://www.airbnb.com/users/show/4209940", "host_picture_url": "https://a0.muscache.com/im/users/4209940/profile_pic/1443008205/original.jpg?aki_policy=profile_x_medium", "neighbourhood_cleansed": "Westminster", "latitude": 51.51604, "longitude": -0.15017, "property_type": "Entire rental unit", "room_type": "Entire home/apt", "accommodates": 2.0, "bathrooms": 1.0, "bedrooms": null, "beds": 1, "amenities": ["Essentials", "Wifi", "Hot water", "Washer", "Long term stays allowed", "Shampoo", "TV with standard cable", "Smoke alarm", "Hair dryer", "Iron", "Dryer", "Hangers", "Kitchen", "Cable TV", "Heating", "Building staff"], "price": 200.0, "numbers_of_review": 14.0, "review_scores_rating": 4.62, "reviews": [{"name": "P\u00e9tronille", "date": "2017-01-02", "review": "Appartement extr\u00eamement bien situ\u00e9 \u00e0 3min \u00e0 pied de la station Bond street (circle line) dans un quartier anim\u00e9 (St Christopher place) mais calme la nuit. Nous avons \u00e9t\u00e9 accueilli avec un petit sac de provisions tr\u00e8s agr\u00e9able. La propret\u00e9 de l'appartement \u00e9tait parfaite. \"Lit placard\" tr\u00e8s pratique et confortable. Bref s\u00e9jour r\u00e9ussi!"}, {"name": "Albert Heekwan", "date": "2017-03-05", "review": "Amazing location. It's literally 3 min. away from Bond Street Station (Jubilee line) and 1 min. walk to St. Christopher Place with all the cafes. It's studio but bathroom and kitchen is all separated. Clean and convenient!! If you want to enjoy the central London: Marylebone, Mayfair, Fitzrovia, Soho, etc, this could be the best choice!! Highly recommended!!  "}, {"name": "Dana", "date": "2018-10-12", "review": "although the location was great, the apartment felt more like an hotel then a home, to our disappointment"}, {"name": "Sasha", "date": "2018-12-18", "review": "We loved our stay in Globe\u2019s apartment. It was in the perfect location and felt very homey for my boyfriend and I!"}, {"name": "David", "date": "2019-01-02", "review": "In general the experience was outstanding, the location is great and the apartment fulfilled the expectations."}, {"name": "Renato", "date": "2019-04-17", "review": "Excellent apartment in one of the best addresses in London. A very clean and modern apartment. A great choice to stay in London."}, {"name": "James", "date": "2019-05-28", "review": "This is a great place! First, it's an amazing location, close to everything in the Mayfair, Soho, Covent Garden areas. The space is clean, functional, and has all the amenities you need. Some things in the space needed tuned up, like the hot water in the bathroom sink and the dryer in the kitchen, but certainly nothing that was an absolute need for us. The check in process was super easy, but you do have to get the keys from an office a 10min walk away. But overall, the location and price is what makes this a 5 star space! It's just very hard to find anything close to as good as this."}, {"name": "Jessica", "date": "2019-06-06", "review": "Excellent location, so easy to get anywhere in London from this spot! The flat was bigger than expected and was perfect for a week's stay for two of us. The washer/dryer in the kitchen was very convenient to use, and the apartment was clean and well kept. There were even some welcome snacks waiting for us upon arrival!  There are a lot of restaurants on the street below so it can be a little noisy until 11pm when they close but after that it's quite quiet and a nice place to sleep. Communication with the property management was excellent and the after-hours key pick up from their office nearby was easy."}, {"name": "Brett", "date": "2019-11-04", "review": "Good place. Great location! It\u2019s very easy to get around the city from here, the food options are amazing, and there\u2019s even a little store right in front of the building for all the odds and ends you might need. There\u2019s very little else one could ask for."}, {"name": "Cherry (Ma. Lourdes)", "date": "2019-11-27", "review": "Top location, easy communication, kitchen is complete with everything you need. Good value for your money. Would not hesitate to stay here again."}]}