{"id": 10850068, "listing_url": "https://www.airbnb.com/rooms/10850068", "name": "Class of Its Own", "description": "With light and spacious interiors, chic and calming design, an exceptional living area and a private outdoor space this property is a gem in a fantastic location.<br />        <br />HOME HIGHLIGHTS<br />- Classic bedrooms<br />- Stunning conservatory living area<br />- Private patio garden<br /><br />ROOMS<br />The property is pristinely kept with cream carpets throughout and crisp white walls dotted with a collection of art work. This home is the epitome of good taste and has a classic Chelsea feel to it.<br /><br />THE LIVING ROOM<br />A large and fresh space, with dining table to seat six. Three comfortable white sofas are set in a horse shoe around a coffee table and big flat-screen TV, covered by a large conservatory ceiling looking out to the garden.<br /><br />FIRST BEDROOM<br />A light, elegant and simple room with super king bed, wall mounted TV and fitted wardrobes. <br /><br />SECOND BEDROOM<br />A calming blue space, with king bed, garden views and ample storage hidden behi", "host_name": "Veeve", "host_id": 33889201, "host_url": "https://www.airbnb.com/users/show/33889201", "host_picture_url": "https://a0.muscache.com/im/pictures/user/cefcf382-a8fe-4348-9bba-ae00462784ca.jpg?aki_policy=profile_x_medium", "neighbourhood_cleansed": "Hammersmith and Fulham", "latitude": 51.47835, "longitude": -0.18519, "property_type": "Entire home", "room_type": "Entire home/apt", "accommodates": 6.0, "bathrooms": 2.0, "bedrooms": 3, "beds": 3, "amenities": ["Wifi", "Oven", "Washer", "Dishwasher", "Backyard", "TV", "Long term stays allowed", "Microwave", "Refrigerator", "Iron", "Dryer", "Kitchen", "Heating"], "price": null, "numbers_of_review": 2, "review_scores_rating": 4.0, "reviews": [{"name": "Federico", "date": "2017-07-03", "review": "Nice apartment, comfortable and cozy. "}, {"name": "Kita", "date": "2017-08-29", "review": "Nice location. Home was good "}]}