{"id": 10860229, "listing_url": "https://www.airbnb.com/rooms/10860229", "name": "Zone1- 8min walk to 5 tube stations", "description": "SUPER CENTRAL-8 mins walk to tube stations - Warren Street, Euston, Euston Square, Great Portland street and 15 min walk to King's Cross. 25 mins walk to Camden town & Oxford street. Night buses are just 2 mins away.<br /><br /><b>The space</b><br />Female guests ONLY. <br /><br />The room is decently sized hence a double bed and a single bed fits in. You get the double bed with duvet and pillows. <br /><br />Ideal for SOLO travellers coming to see the city and only need a space to crash at night and feel at home at the end of the day. There will be 2 or 3 other flatmates in the house. I am travelling this month hence the room will be shared by you and my friend (a girl).<br /><br /><b>Guest access</b><br />You can access the shared room where I will stay as well.  You can access the kitchen and toilet other than the shared room. Unfortunately there is no living room. The tiny kitchen has place for two to sit and eat.<br /><br /><b>Other things to note</b><br />Its a smoking room. Inca", "host_name": "Ipsita", "host_id": 51105434, "host_url": "https://www.airbnb.com/users/show/51105434", "host_picture_url": "https://a0.muscache.com/im/pictures/user/ec89c02d-d9e2-417e-ba51-dc0dfd237c3d.jpg?aki_policy=profile_x_medium", "neighbourhood_cleansed": "Camden", "latitude": 51.52532, "longitude": -0.14174, "property_type": "Shared room in rental unit", "room_type": "Shared room", "accommodates": 1.0, "bathrooms": 1.0, "bedrooms": 1, "beds": 2, "amenities": ["Wifi", "Washer", "Long term stays allowed", "Shampoo", "Fire extinguisher", "Smoke alarm", "Hair dryer", "Iron", "Carbon monoxide alarm", "Kitchen", "Heating"], "price": 28.0, "numbers_of_review": 20.0, "review_scores_rating": 4.65, "reviews": [{"name": "Laura", "date": "2016-04-03", "review": "It's a lovely room to stay in London few days. It's really close to the centre and you can go walking without the necessity of taking public transport. Ipsita is a charming girl who supply all you need. If I return to London, I'd choose this room again."}, {"name": "Filipe", "date": "2016-04-05", "review": "I had a nice stay at Ipsita's room, albeit short. The room is located near Great Portland street, which makes it convenient when coming/going to Heathrow airport, as well as visiting London. The bed is very comfortable, water in the tube is hot and the room is clean, which a nice wardrobe for visitors to keep their things. Unfortunately I didn't stay longer but I had a really recharging night sleep their, exactly what I was looking cor after a long day playing tourist."}, {"name": "Anis", "date": "2016-04-06", "review": "Everything went very smoothly. The flat is very near and wasnt hard to find. Even if she was not there during our stay, she is a great host. Always update me about stuff and easy to communicate."}, {"name": "Konrad", "date": "2016-04-11", "review": "Ipsita is very warm person and great partner for discussions about architecture and everything related to it :) Her green tea with honey is delicious :) Her room is small but big enough to accommodate very comfortable double bed (for guests) and her own bed in two separate corners. The house is cosy and clean. The location on the quiet street in the very heart of the city - 10 minutes walk to Euston, British Library and Kings Cross for me was perfect. For the first time in London I could just walk to British Museum, Regents Park or to tube that took me to the airport."}, {"name": "Lea Vittoria", "date": "2016-04-14", "review": "My coworker Cassie said she had a great time at Ipsita's, and that she couldn't have shared a room with a friendlier and lovelier host! Thanks!"}, {"name": "Xiaozhi", "date": "2016-04-14", "review": "This place was very close to Euston station and several underground stations. The room was clean and Ipsita was a really nice and loverly host!"}, {"name": "Indira", "date": "2016-04-15", "review": "Ipsita is lovely and she helped me a lot with what I needed! The room is clean and the bed is soso comfy! The place is also close to a lot of tube stations and almost everything it makes it easy to get around London. Definitely an ideal place for a one night stay. "}, {"name": "Mohit", "date": "2016-04-17", "review": "A very comfortable bed in an apartment very close to multiple tube stations and excellent connectivity. Going anywhere in London was a breeze from this place. \r<br/>\r<br/>Got a warm welcome on the day I checked-in and Ipsita also suggested a lot of unconventional places to visit in London which I would have completely missed otherwise. All in all an excellent place to sleep in the night and use as a hub for sigh-seeing and shopping in London.\r<br/>\r<br/>"}, {"name": "Khasan", "date": "2016-04-20", "review": "Unfortunately I had to cancel the booking last minute because of uni deadlines but ipsita was very understanding and had excellent communications throughout. Was quite helpful in all aspects and Would definitely recommend to anyone looking for a place to stay in London :) "}, {"name": "Shoko", "date": "2016-04-29", "review": "Ipsita is really nice girl.<br/>Before I see her,she cared me so much through airbnb that I could visit her place in relief.<br/>She's student of university near from her place.Some of her flatmates live in the same apartment and sharing bath room.<br/>The location is great.I went to Camden marcket on foot in 40 min.<br/>I left her place early morning,but she cared my breakfast and saw me off at the door.<br/>Ipsita is cute girl,I wanted to talk with her more..."}]}