{"id": 10868644, "listing_url": "https://www.airbnb.com/rooms/10868644", "name": "Fantastic 2 Bed Flat in Fulham", "description": "Great 2 double bedroom flat with a nice terrace in the heart of Fulham. Plenty of shops, cafes and restaurants in the local area. Good connections to the centre of London and main attractions.<br /><br /><b>The space</b><br />Very nice 2 double bedroom flat (1 king bed and the other double sized bed), living room leading directly onto a private terrace. A galley kitchen with modern appliances and fully equipped for all your needs. Bathroom has bath/shower.<br /><br />The flat is on the 2nd floor accessed by stairs.<br /><br />Fresh linen and towelling provided.<br /><br /><b>Guest access</b><br />Guests have full access to the entire flat.", "host_name": "Veronica", "host_id": 28820321, "host_url": "https://www.airbnb.com/users/show/28820321", "host_picture_url": "https://a0.muscache.com/im/users/28820321/profile_pic/1444330784/original.jpg?aki_policy=profile_x_medium", "neighbourhood_cleansed": "Hammersmith and Fulham", "latitude": 51.47266, "longitude": -0.2047, "property_type": "Entire rental unit", "room_type": "Entire home/apt", "accommodates": 4.0, "bathrooms": 1.0, "bedrooms": 2, "beds": 2, "amenities": ["Essentials", "Wifi", "Washer", "Long term stays allowed", "Shampoo", "TV with standard cable", "Smoke alarm", "Hair dryer", "Iron", "Carbon monoxide alarm", "Dryer", "Hangers", "Kitchen", "Cable TV", "Heating"], "price": 80.0, "numbers_of_review": 22.0, "review_scores_rating": 4.41, "reviews": [{"name": "Simo", "date": "2016-02-20", "review": "Very nice apartment and host, warmly recommended.  I had some requests for the host and she kindly fulfilled them all.  Neighbourhood is very comfy also."}, {"name": "Simo", "date": "2016-02-26", "review": "This was an extension to our previous stay. We would've stayed even longer had the apartment been available. Great apartment, great location, great host."}, {"name": "Marlies", "date": "2016-03-03", "review": "A big thank you to Veronica and her team. Everything worked perfectly fine, my family and I really enjoyed staying in the flat. It felt like being home. Flat was nice and clean and 100% fit to the pictures. \r<br/>It was a lovely holiday."}, {"name": "Dessislava", "date": "2016-03-06", "review": "The apartment was great even though we didn't spend much time in it :-) The location is perfect - it's 5 min walk to the underground and the area is very nice. The apartment was as described in the listing. There was everything we needed in it. I was on my way to London and I haven't received Veronica's messages but everything was organized and we were welcomed by Pedro. Our stay in London was perfect. Thanks, Veronica!"}, {"name": "Abdullah", "date": "2016-03-24", "review": "Ev gayet g\u00fczel bir lokasyonda yer almaktad\u0131r. Arkada\u015f\u0131m ile birlikte 17 g\u00fcn burada konaklad\u0131k. Evin tek eksik noktas\u0131 banyo ve lavabosunun foto\u011frafta g\u00f6z\u00fckt\u00fc\u011f\u00fcnden k\u00fc\u00e7\u00fck olmas\u0131 idi ancak o b\u00f6lgedeki \u00e7o\u011fu evde bu \u015fekilde. \r<br/>\r<br/>Londra da konaklamak isteyenlere tavsiye ederim. Metro yak\u0131n\u0131nda olup \u015fehir merkezine k\u0131sa s\u00fcrede ula\u015f\u0131labilinmektedir.\r<br/>"}, {"name": "Costanza", "date": "2016-04-01", "review": "Veronica was a great host and easy to communicate with. The flat, which was well equipped as it is in the photos, is located very closed to the metro, so it was very easy to get around the city. I would stay here again. "}, {"name": "Vivien", "date": "2016-04-05", "review": "Great location. 7min walk to the tube station. Great cafe for breakfast/brunch   on the way to the tube station made the mornings easy. Apartment itself was OK.  Nice outside terrace. Only negative thing are the stairs. Flat is on the 3rd floor so not great if you have a baby stroller but apart of that, great base for exploring London."}, {"name": "Gokhan", "date": "2016-05-04", "review": "Great flat! Veronica and Viki was very helpful.The flat is in a very nice location in SW London, close to the Parson's Green and Putney Bridge tube station. Also to the centre by bus or tube. The house is as shown in the picture, functional with kitchen and terrace. I would definetely recommend.\r<br/>"}, {"name": "Morten", "date": "2016-05-10", "review": "Perfect location in Fulham. Veronica was very helpful and accommodating with everything. Thank you!"}, {"name": "Lucinda", "date": "2016-05-14", "review": "We were met at the property by a lovely who showed us around.  There was a problem with the front door which was fixed in the following days.  The flat was well presented but there are quite a lot of stairs leading to the property.  The area was great and serviced by good public transport and great bars and restaurants."}]}