{"id": 10870435, "listing_url": "https://www.airbnb.com/rooms/10870435", "name": "Cute Single Room Close To Kings College Hospital", "description": "Recently renovated. And now with a desk. If I am at home I am happy for you to arrive at anytime day or night but it is best to check with me first before booking because if I am working or travelling it might not be possible for you to check in at the exact time you request.<br /><br /><b>The space</b><br />This room is in an apartment with the other 3 rooms in the listing. You will be sharing the kitchen and bathroom with a maximum of 3 other guests or just Trevor or sometimes on your own.<br /><br /><b>Guest access</b><br />You have access to the kitchen and bathroom.<br /><br /><b>Other things to note</b><br />This is my home so unlike a hotel it isn't always possible to host people even when the room is listed as free because for a variety of reasons I might be away on the day you want to arrive or at the time of day or night that you want to arrive  So please message me before requesting to book! This is  also the home from home for my guests so please feel free to share a little", "host_name": "Trevor", "host_id": 766056, "host_url": "https://www.airbnb.com/users/show/766056", "host_picture_url": "https://a0.muscache.com/im/pictures/user/5a389e31-c4a2-446a-9854-da44d66df09d.jpg?aki_policy=profile_x_medium", "neighbourhood_cleansed": "Lambeth", "latitude": 51.46779, "longitude": -0.10098, "property_type": "Private room in rental unit", "room_type": "Private room", "accommodates": 1.0, "bathrooms": 1.0, "bedrooms": 1, "beds": 1, "amenities": ["Oven", "Fire extinguisher", "Hair dryer", "Hangers", "Dishes and silverware", "Essentials", "Shampoo", "Cooking basics", "Carbon monoxide alarm", "Wifi", "Heating", "Coffee maker", "Dishwasher", "Long term stays allowed", "Host greets you", "Microwave", "Refrigerator", "Iron", "Kitchen", "Stove", "Dedicated workspace", "Hot water", "Washer", "Paid parking off premises", "Smoke alarm", "Dryer"], "price": 30.0, "numbers_of_review": 54.0, "review_scores_rating": 4.78, "reviews": [{"name": "Veronica", "date": "2016-02-06", "review": "Trevor was a very kind and helpful host. He helped me with my luggage and give me a quick tour in the house. It's a beautiful and cosy house, where you feel immediately at home in a peaceful neighbourhood. You have several grocery stores nearby and you have a busstop to Brixton station around the corner. There's also a Brixton market nearby, 10-15 min walk( with loads of cute stores, restaurants and a record store) and if you walk further you will arrive at Brixton station as well. I felt immediately at home. The room is cozy, the bed is very comfortable and you have a lot of light coming through the window in the morning. You can put away your luggage in the wardrobe and there is a little table in the room, that you can use for little things. Definitely a place I will book again, when I come back to London. "}, {"name": "Matt", "date": "2016-02-19", "review": "I stayed for 10 days at this location and would recommend it to anyone without reservations.  For one, the room was exactly as described, and the entire flat was clean and enjoyable to live in.  Especially for those who cook, having access to a fully stocked kitchen was a major plus.  The flat is also central to several different neighborhoods in London.  For those who are looking for great nightlife, there is much in reach.  However, for those who just want to experience quiet, the location also will not disappoint, since it is located on a quiet street.  One can also easily access public transportation to get to anywhere in London.   Secondly,  Trevor was an excellent host. He was more than willing to offer any advice or answer any questions I had about getting sorted out in London. This was a great Airbnb experience. "}, {"name": "Maximilian", "date": "2016-02-23", "review": "I really enjoyed staying at Trevors place. It felt like staying at the brother's flat. Trevor really cares about his guests! My room was nice, quiet, warm and clean. I loved the floor heating in the bathroom. The kitchen is good equipped and clean. Next time i will come to London i know where i want to stay : )"}, {"name": "Reka", "date": "2016-02-26", "review": "I had a fantastic stay at Trevor's house. He was a really friendly and helpful host. I liked my sunny room and the big kitchen which I could use for cooking and chatting with the other flatmates as well. The house is in a quiet street, the bus stop is only a few steps on the main road and the underground station is only a few mins walk. If I had the chance, I'd gladly stay here again!"}, {"name": "Ellis Grace", "date": "2016-03-01", "review": "Really enjoyed my stay at Trevor's. He was kind enough to provide me with a route description, offered to carry my ridiculously heavy luggage upstairs - and down again, knowing how heavy it would be. Very easy and correct communication. Great location nearby lovely Brixton, which is absolutely worth a visit on its own. If you are looking for some peace and quiet and a quick hop to the city, this is the place to be."}, {"name": "Tanly", "date": "2016-07-13", "review": "Trevor was incredibly friendly and even helped me with my heavy suitcase up the stairs! He explained everything to me clearly and also helped me navigate London's transport system to the place that I wanted to go. \r<br/>\r<br/>Although Trevor didn't actually live in the house when I was there, my other housemates were lovely and very friendly. I always felt welcomed and they are always willing to sit down and have a chat with me. \r<br/>\r<br/>The neighbourhood is also very convenient. It's very close to public transport and heaps of supermarkets. \r<br/>\r<br/>Thanks so much for accommodating me Maya and Trevor! I had a lovely time in London! :)"}, {"name": "Rose", "date": "2016-08-13", "review": "Very welcome and showed me round the flat explaining the facilities etc"}, {"name": "Friederike", "date": "2016-08-27", "review": "I didn't actually get to meet Trevor as he was out of town while I was there but his friend let me in and explained everything to me, the house is close to the centre of London, the bathroom and kitchen are very modern and I would recommend this place to anyone who wants to go to London and I would definitely book this room again!"}, {"name": "Alison", "date": "2016-09-11", "review": "Trevor was awesome! Before I arrived he kept me up to date and replied to all my queries in minutes!\r<br/>The home was lovely and the bus stop was less than 2 minutes down the street which was really handy.\r<br/>I'd definitely stay again :)"}, {"name": "Jonathan", "date": "2016-09-19", "review": "Great host! The room was exactly as described and what I needed. Amenities were all there. Nice, quiet neighborhood with access to buses and train. Fun jazz bar nearby. Close to Brixton, which was really nice. I'd stay here again if/when I go back to London. "}]}