{"id": 10874177, "listing_url": "https://www.airbnb.com/rooms/10874177", "name": "Cosy private Double room", "description": "Spacious and cosy private room with great views to an old Church in Shoreditch. For one or two people. We are located at the beginning of Zone 2 next to Shoreditch.  Great transport connections, including several 24 hours bus services and the Overground. 17 min walk distant from one of the most busiest train station and centre of the City.  Door to Door buses towards Oxford Street, British Museum, London Bridge, Liverpool station and others. Supermarket and coffewhops are around the corner...<br /><br /><b>The space</b><br />THE AREA<br /><br />BRICK LANE A microcosm of London's shifting ethnic patterns, the area around Brick Lane in East London was once associated with poor slums and the scene of the crime for the Jack the Ripper murders. Whilst the notorious pub Ten Bells still stands, the area itself is now extremely popular with London's edgy and artistic crowd, featuring galleries, restaurants, markets and festivals throughout the year.<br />The Old Truman Brewery at 91 Brick Lane", "host_name": "Eva", "host_id": 34163228, "host_url": "https://www.airbnb.com/users/show/34163228", "host_picture_url": "https://a0.muscache.com/im/pictures/user/d21e5378-8bd5-4360-b278-7bd74f8620c4.jpg?aki_policy=profile_x_medium", "neighbourhood_cleansed": "Hackney", "latitude": 51.53215, "longitude": -0.07254, "property_type": "Private room in home", "room_type": "Private room", "accommodates": 1.0, "bathrooms": 1.5, "bedrooms": 1, "beds": 1, "amenities": ["Extra pillows and blankets", "Oven", "Fire extinguisher", "Hangers", "Dishes and silverware", "Luggage dropoff allowed", "Essentials", "Cooking basics", "Bed linens", "Carbon monoxide alarm", "Wifi", "Heating", "Long term stays allowed", "Microwave", "Refrigerator", "Iron", "Kitchen", "Stove", "Lock on bedroom door", "Washer", "Smoke alarm"], "price": 28.0, "numbers_of_review": 10.0, "review_scores_rating": 4.75, "reviews": [{"name": "Sophie", "date": "2016-09-18", "review": "We had a great stay at Eva's place. Neat and tidy and in a great spot in shoreditch! Would recommend!"}, {"name": "Korantin", "date": "2017-07-31", "review": "."}, {"name": "Jakub", "date": "2019-05-02", "review": "Amazing host, I had a great stay!"}, {"name": "Melissa", "date": "2019-06-08", "review": "Lovely room in a great location.<br/>The room itself is large, particularly by London standards, and has lots of natural light & plenty of storage. It is well decorated & more than comfortable for longer stays.<br/>The house is close to Hoxton overground, regent's canal & Shoreditch & is in a safe area. There are frequent buses & trains into & around the city.<br/>Eva & the other 2 ladies are absolutely lovely, inviting me for drinks & offering to keep my luggage whilst I travelled. Eva has amazing knowledge of London, the UK & Europe & gave me some great tips. <br/>Highly recommended & I'd happily stay here again. Thanks Eva!"}, {"name": "S", "date": "2019-08-09", "review": "Eva's place was fantastically located in Hoxton. Local shoos and buses just around the corner. The room was spacious and cosy with a very comfy bed. I slept really well all week. Eva is a warm and welcoming host, and her flatmates were lovely too! I would stay here again."}, {"name": "S", "date": "2019-08-23", "review": "A fantastic stay again - thanks Eva!"}, {"name": "Melanie", "date": "2019-09-07", "review": "Thank you Eva for being a wonderful host with great communication and hospitality.<br/>The bedroom is lovely and the bathroom and use of the kitchen is fully equipped with everything needed for a great stay.<br/>Very convenient location too."}, {"name": "Lauren", "date": "2021-08-29", "review": "This was the PERFECT place to stay as a solo female traveller and a great home base for my week doing an internship in the city. The place is spotlessly clean, quiet, and in such a great location. This was my first time staying in a place I did not have all to myself, and I was rather nervous about it, but Eva and her flatmates were so kind, and she did a great job of making me feel at home. I never felt unsafe or uncomfortable at all and was so greatful for Eva's lovely hospitality. Would definitely stay again!"}]}