{"id": 10871585, "listing_url": "https://www.airbnb.com/rooms/10871585", "name": "Amazing flat with garden available in Battersea", "description": "Available for whole of August 2017<br />Lovely flat in Battersea - walking distance from Clapham Junction. <br />5 mins walk to Battersea Park<br />Quiet neighborhood with bright living room and TV.<br />Private Garden - BBQ.<br />1 double bed room and 1 room with 2 singles<br />All bills included (fast wifi)<br />Close to gyms and public swimming pool<br /><br /><b>The space</b><br />Perfect location in London in trendy/chic area. <br />Available for whole month", "host_name": "Steven", "host_id": 28719291, "host_url": "https://www.airbnb.com/users/show/28719291", "host_picture_url": "https://a0.muscache.com/im/pictures/user/6585c0f4-5621-4206-a74c-f2b63162d8a8.jpg?aki_policy=profile_x_medium", "neighbourhood_cleansed": "Wandsworth", "latitude": 51.47359, "longitude": -0.16935, "property_type": "Entire rental unit", "room_type": "Entire home/apt", "accommodates": 2.0, "bathrooms": 1.0, "bedrooms": 2, "beds": 1, "amenities": ["Essentials", "Wifi", "Oven", "Washer", "Backyard", "Long term stays allowed", "TV with standard cable", "Refrigerator", "BBQ grill", "Host greets you", "Smoke alarm", "Bed linens", "Iron", "Carbon monoxide alarm", "Hangers", "Kitchen", "Cable TV", "Heating", "Stove", "Dishes and silverware"], "price": 50.0, "numbers_of_review": 1, "review_scores_rating": 5.0, "reviews": [{"name": "Sam", "date": "2017-08-31", "review": "Wonderfull place to stay. Steven when over and beyond make the arrival and departure accomodate my needs. The place has everything you need for an enjoyable stay and the location is fantastic close and easy transport and attractions. Thanks once again Steven \ud83d\udc4d\ud83d\udc4d\ud83d\udc4d\ud83d\udc4d\ud83d\udc4d"}]}