{"id": 10876348, "listing_url": "https://www.airbnb.com/rooms/10876348", "name": "Quiet Apartment Close to Sutton And London Trains!", "description": "This newly converted apartment in a sought after area features marble worktops, luxurious shower (no bath), nice kitchen and cable TV. It's a safe, comfortable and pleasant place to spend your time. 35mins to London Bridge or Victoria. 4 mins walk to station.<br /><br /><b>The space</b><br />Features: <br />\u2022 Fully furnished<br />\u2022 Ensuite shower room<br />\u2022 Dining table<br />\u2022 Cable TV<br />\u2022 Parking<br /><br />\u2022 Washing machine / Dryer<br />\u2022 Dishwasher <br /><br />\u2022 Gas central heating <br />\u2022 Wooden flooring <br /><br />\u2022 Your own door for entry <br />\u2022 Patio garden<br /><br /><b>Guest access</b><br />Guests have their own apartment with their own front door. The indoor space is the entire ground floor and is private and separate from our living space. The patio garden is also private.<br /><br /><b>Other things to note</b><br />Some mobile phone networks don't have very good reception in the apartment. The best way around this is either to enable wifi calling (mobile network-depen", "host_name": "Chris And Loi", "host_id": 11140978, "host_url": "https://www.airbnb.com/users/show/11140978", "host_picture_url": "https://a0.muscache.com/im/pictures/user/2a4a2dd5-1649-4108-ac00-5a2f7f622b96.jpg?aki_policy=profile_x_medium", "neighbourhood_cleansed": "Sutton", "latitude": 51.35312, "longitude": -0.17386, "property_type": "Entire rental unit", "room_type": "Entire home/apt", "accommodates": 4.0, "bathrooms": 1.0, "bedrooms": 1, "beds": 2, "amenities": ["First aid kit", "Oven", "Fire extinguisher", "Hair dryer", "Private entrance", "Hangers", "Dishes and silverware", "Luggage dropoff allowed", "Essentials", "Patio or balcony", "Free parking on premises", "Shampoo", "TV with standard cable", "Free street parking", "Cooking basics", "Single level home", "Bed linens", "Carbon monoxide alarm", "Wifi", "Heating", "Children\u2019s books and toys", "Dishwasher", "Long term stays allowed", "Pack \u2019n play/Travel crib", "Microwave", "Refrigerator", "Iron", "Kitchen", "Stove", "Security cameras on property", "Hot water", "Washer", "Smoke alarm", "Dryer", "Lockbox", "Cable TV"], "price": 69.0, "numbers_of_review": 100.0, "review_scores_rating": 4.97, "reviews": [{"name": "Poonam", "date": "2016-03-16", "review": "The accommodation was modern and well decorated with all the required necessities. Chris & Loi made the stay very comfortable for us. It was very closely located to Carshalton Beeches train station and off street park right outside the accommodation. Highly recommended"}, {"name": "Art", "date": "2016-05-07", "review": "Chris and Loi were both lovely and gracious hosts.  All of our inquiries and requests were answered and seen to almost immediately.\r<br/>Our accommodation was clean, quiet, private, and well appointed and the off-road parking was an added bonus.  We highly recommend Chris and Loi and would definitely stay with them again."}, {"name": "Inna And Artem", "date": "2016-05-22", "review": "Beautiful apartment!!!! Very comfortable and very clean! In very nice locations! Owners made us feel very welcomed !!!!"}, {"name": "Artin", "date": "2016-09-23", "review": "My parents stayed here for 4 months and they had everything they needed. By the end of their stay, The host had became more like a family to us than anything else. They would be more than happy to return to this lovely home and to be welcomed by this great host/family.\r<br/>I totally recommend this home to anyone who wishes to stay in London/Carshalton area. The best home and host you can ever wish for!\r<br/>\r<br/>\r<br/>"}, {"name": "Nko", "date": "2016-10-13", "review": "Chris & Loi made us feel extremely welcome, and ensured we had everything we needed. Excellent hosts!"}, {"name": "Ayan", "date": "2016-10-27", "review": "Chris and Loi were wondeful hosts. Everything about the apartment was perfect and we had a very pleasant stay. The house is very close to the main line station and has has quite a few shops and restaurants close by. Cris and Loi were always available to address anything we needed. I would recommend this place to anyone looking for a place south of London."}, {"name": "Gretchen", "date": "2016-12-21", "review": "Chris was a great host. It is a fantastic apartment and with all the amenities required. Everything was clean and welcoming. The house book was clear and made using the amenities quick and easy. Even the heating had been turned on prior to our arrival, great attention and appreciated the warm and cozy home. Good location near shops and the train station. <br/>Will definitely use again for visiting guests. <br/>"}, {"name": "Helen", "date": "2016-12-26", "review": "Chris & Loi ensured we had everything we needed for a comfortable stay.  The apartment is very cosy and had everything we needed to make ourselves at home. The station is a 5 min walk away, and the neighborhood is very safe and quiet.  Would recommend to friends and family who come to visit."}, {"name": "Caroline", "date": "2017-01-27", "review": "Great flat - very practical, will stay again certainly"}, {"name": "Matthew", "date": "2017-02-28", "review": "Great flat with a warm welcome we couldn't ask for better. "}]}