{"id": 10877256, "listing_url": "https://www.airbnb.com/rooms/10877256", "name": "Charming, bright Putney flat with Garden", "description": "Clean & well maintained this charming 1 bedroom raised ground floor flat is on a quiet tree lined street. Elegantly & minimally furnished with a neutral colour scheme it has Wifi, great transport links to central London and an abundance of pubs, restaurants and cafes, all in walking distance of this leafy affluent area.  A double bed in the spacious bedroom & sofabed in the living area make the space a perfect stay for up to 2 guests - business or leisure...a great base for exploring London.<br /><br /><b>The space</b><br />Delightful high ceilinged one bedroom raised ground floor flat, you enter into the cute hallway, the spacious bedroom is to your left. To your right you walk into the cosy bright living space with Venetian blinds, rustic wooden floors & tv. The bathroom is off to your right. From the living area you will overlook the garden, access to the flat's garden is from the galley kitchen (complete with fridge / freezer & microwave) which is beyond the living space.  500sft t", "host_name": "Charlotte", "host_id": 56353583, "host_url": "https://www.airbnb.com/users/show/56353583", "host_picture_url": "https://a0.muscache.com/im/pictures/user/6b76befc-2ccd-4dcb-b104-db921501ea6a.jpg?aki_policy=profile_x_medium", "neighbourhood_cleansed": "Wandsworth", "latitude": 51.4578, "longitude": -0.20378, "property_type": "Entire rental unit", "room_type": "Entire home/apt", "accommodates": 2.0, "bathrooms": 1.0, "bedrooms": 1, "beds": 1, "amenities": ["Essentials", "Wifi", "First aid kit", "Washer", "Long term stays allowed", "Shampoo", "TV", "Host greets you", "Microwave", "Refrigerator", "Fire extinguisher", "Smoke alarm", "Hair dryer", "Iron", "Carbon monoxide alarm", "Dryer", "Hangers", "Kitchen", "Heating"], "price": 79.0, "numbers_of_review": 32.0, "review_scores_rating": 4.81, "reviews": [{"name": "Rolande", "date": "2017-04-18", "review": "il n'y a pas de d\u00e9ception par rapport \u00e0 l'offre propos\u00e9e et Charlotte est charmante!"}, {"name": "Gerardo", "date": "2017-05-20", "review": "Everything looks as in the pictures. Nice location and nice flat. We're family of four and the space was ok. Charlie is a lovely person."}, {"name": "Miguel", "date": "2017-06-05", "review": "Charlotte's place is a nice and comfortible apartment in zone 2, 10 minutes walking from Victoria line. We were three friends spending a long weekend, everything was good for us. Charlotte was easy to communicate with us. "}, {"name": "Glenn", "date": "2017-06-09", "review": "Lovely flat and charlie was a great host. Would definitely recommend "}, {"name": "Eamon", "date": "2017-06-27", "review": "Great apartment in very nice location, we were let check in early, bonus!"}, {"name": "Mark", "date": "2017-07-22", "review": "Not in the middle of Central London but a nice, quiet neighborhood with grocery stores, pubs, restaurants, and shops.  The East Putney tube stop was an easy walk. <br/>Plenty of light inside and a patio table for sitting in the sun.  The 2nd foldout bed was a little tight for space but comfortable.  The main BR was nice and large.  <br/>Our host was very helpful."}, {"name": "Marco", "date": "2017-08-01", "review": "Charlotte's place is lovely - located on quiet road but really close to amenities and transport. Comfortable, clean and charming. Charlotte was a great host. Good value and highly recommended. "}, {"name": "Rosalia", "date": "2017-08-09", "review": "Lovely apartment central and close to transport, shops and restaurants. It has a lovely garden and is still quiet and private   amidst the bustling outside world."}, {"name": "Karen", "date": "2017-08-18", "review": "Fabulous appartment in a very convenient neighbourhood. Close to public transport and a very quiet neighbohood."}, {"name": "Alejandro", "date": "2017-09-08", "review": "Very nice flat and very friendly host who lives in the flat when she's not renting it out, so it's very livable. Would definitely recommend."}]}