{"id": 10883583, "listing_url": "https://www.airbnb.com/rooms/10883583", "name": "Double bedroom, in London Fields.", "description": "100 metres from Broadway Market & London Fields, located in the heart of Hackney. Incredible markets, cafes, parks, canals, bars, galleries, and a Lido just 5 minutes away. The flat is new, warm, dry, quiet and spacious, we love it.<br /><br /><b>The space</b><br />It is a two bedroom flat, with open plan kitchen - lounge area, a balcony on the fourth floor, with south facing views of the London skyline and London Fields park. The flat is dry, quiet and at an ambient temperature. It is furnished with modern decor that encourages relaxation and sociability. There is a private bathroom for guests.<br /><br /><b>Guest access</b><br />Guests may access their designated room, bathroom and the kitchen lounge area and balcony. Hosts bedroom is out of bounds.<br /><br /><b>Other things to note</b><br />We work a lot, so like to keep things easy and quiet.", "host_name": "Eva", "host_id": 56392105, "host_url": "https://www.airbnb.com/users/show/56392105", "host_picture_url": "https://a0.muscache.com/im/pictures/user/b6499f37-b994-4b4a-9d49-98030a66a9c6.jpg?aki_policy=profile_x_medium", "neighbourhood_cleansed": "Hackney", "latitude": 51.53651, "longitude": -0.0597, "property_type": "Private room in rental unit", "room_type": "Private room", "accommodates": 2.0, "bathrooms": 1.0, "bedrooms": 1, "beds": 1, "amenities": ["Essentials", "Wifi", "Hot water", "Washer", "Long term stays allowed", "Shampoo", "Elevator", "Host greets you", "Smoke alarm", "Hair dryer", "Carbon monoxide alarm", "Hangers", "Dryer", "Kitchen", "Heating"], "price": 60.0, "numbers_of_review": 61.0, "review_scores_rating": 4.93, "reviews": [{"name": "Anne", "date": "2016-04-07", "review": "My daughter loved her stay with Eva and Dom. Lovely room, great hospitality!"}, {"name": "Simon", "date": "2016-04-11", "review": "Eva and Dominic were very accommodating and we really enjoyed staying at their immaculate flat. We were a bit rushed and had to put back our arrival time, but they were very understanding. Our room was very comfortable, the bathroom was spotless! The view from the living room and adjoining balcony is very nice. We wouldn't hesitate to stay here again."}, {"name": "Sinead", "date": "2016-04-16", "review": "We stayed with Eva and Dom for a few days, having just moved out of our own flat in Hackney. As locals, we really appreciate what an amazing location it is - so close to all that Broadway Market has to offer, surrounded by amazing restaurants. They were both fantastic hosts, welcoming us with delicious Greek mountain tea, and with stimulating conversation! The flat is beautifully arranged, with real attention to detail, and a very inviting atmosphere. Highly recommended!"}, {"name": "Lien", "date": "2016-04-20", "review": "Thanks, Eva! My colleague Trude enjoyed her stay, she said your place is lovely and highly recommends it. Personally I enjoyed the ease of booking it and your clear communication. Many thanks, Lien"}, {"name": "Michelle", "date": "2016-05-16", "review": "very nice. easy to organise arrival time, accommodating of late flight, perfect sized room and huge private bathroom, good location, friendly hosts. "}, {"name": "Agnes", "date": "2016-05-24", "review": "Really nice flat and Eva is a great host. "}, {"name": "Laurenz", "date": "2016-05-29", "review": "I can highly recommend this place.\r<br/>\r<br/>The communication with Eva before my arrival went with ease and was completely stress free. Picking up the key went on being hassle-free.\r<br/>\r<br/>The apartment, personal bathroom and the bedroom were well-equipped, nicely furnished and totally cleaned - outstanding quality. In other words: perfectly \"gem\u00fctlich\".\r<br/>\r<br/>The area of the dwelling pleases everything a cosmopolitan heart could long for. If it's strolling around Broadway market, having a pint right next to the canal at CRATE Brewery or enjoying walking around Victoria Park - all just a stone's throw away.\r<br/>\r<br/>Generally, Eva is very polite, approaching and in terms of accommodating her guests very well-versed. I would love to stay there again."}, {"name": "Lauren", "date": "2016-06-21", "review": "Apartment was nicely located in east London. Very close to the Broadway market. Room and bathroom were very clean and spacious. Eva was very accommodating. Would definitely recommend. "}, {"name": "Melanie", "date": "2016-06-29", "review": "Eva is a wonderful host - friendly and helpful. And her home is beautiful. Every room is really bright and clean. I couldn't wish for a better place to stay. The location is perfect too. Thank you."}, {"name": "Sophie", "date": "2016-07-11", "review": "I've had a very good time at Eva's! The place is spotless, the room is small but very functional, and having your own bathroom is priceless. Eva was very quick and available to answer my questions. The listing is in a brand new building in a trendy area where you have tons of caf\u00e9s and restaurants nearby, still it's very quite during the week. Cherry on the cake: the Saturday morning market down the place. Highly recommend it!"}]}