{"id": 10880757, "listing_url": "https://www.airbnb.com/rooms/10880757", "name": "Chelsea/Fulham stylish 3Bed Terrace", "description": "Luxury 3 double bedroom 3 bathroom split level apartment with private south-west facing roof terrace located next to Chelsea Harbour.<br /><br /><b>The space</b><br />Luxury 3 double bedroom 3 bathroom split level apartment with private south-west facing roof terrace located next to Chelsea Harbour.<br /><br />This lovely apartment was completely renovated just a couple of years ago and is well presented and tastefully furnished throughout. The kitchen is fully integrated with all modern appliances, the living area is open-plan and features large glazed sliding folding doors opening out to a private roof terrace which is south-west facing.<br /><br />Each bedroom features a 32\" flat screen smart TV 3D, desk, double bed and large floor to ceiling wardrobes. Smart digital TV has Freeview and internet connection with access to all free, pay per view and replay channels (YouTube, Sky, Now TV, Netflix and BBC IPlayer).<br /><br />Each of three bathrooms are clean, modern and benefit from un", "host_name": "Christian", "host_id": 56374442, "host_url": "https://www.airbnb.com/users/show/56374442", "host_picture_url": "https://a0.muscache.com/im/pictures/user/449f3585-1ffa-400c-a134-5fd5b0471f32.jpg?aki_policy=profile_x_medium", "neighbourhood_cleansed": "Hammersmith and Fulham", "latitude": 51.47115, "longitude": -0.18606, "property_type": "Entire rental unit", "room_type": "Entire home/apt", "accommodates": 6.0, "bathrooms": 3.0, "bedrooms": 3, "beds": 3, "amenities": ["Essentials", "Wifi", "First aid kit", "Washer", "Long term stays allowed", "Shampoo", "TV", "Smoke alarm", "Hair dryer", "Iron", "Carbon monoxide alarm", "Dryer", "Hangers", "Kitchen", "Heating"], "price": 185.0, "numbers_of_review": 22.0, "review_scores_rating": 4.77, "reviews": [{"name": "Deborah", "date": "2016-03-29", "review": "Five of us stayed in Christian's flat for two nights over the Easter weekend, using it as a base to explore London. A quick 5-10 minute walk to the nearest station meant that we could be in central London within 20-30 minutes easily. Communication with Christian prior to arriving was very friendly, easy and efficient, he answered all our questions and was very helpful in giving us information about local facilities. Check in with Ausra was also very easy and communication beforehand was excellent. The flat itself is lovely - very modern, spotlessly clean and plenty of room for all of us ... having a bathroom each was a definite plus! The only thing that would have made it better was the quality of the beds and bedding. We all agreed that the mattresses were uncomfortable and that we needed more than one pillow each. We did ask for more pillows and to his credit, Christian DID try to get us some but being Easter Sunday, nowhere was open. All in all a great stay and we would definitely stay again!"}, {"name": "Gunne", "date": "2016-04-11", "review": "The apartment was neat and clean and Christian is a very professional host. He gave us a tour of the place and supplied a folder with all the necessary information. Perfect AirBNB experience!  "}, {"name": "Jack", "date": "2016-04-18", "review": "Excellent property, Really well thought out space with lots of natural light & Christian is the perfect host. Would love to stay again next time I'm in London"}, {"name": "Gr\u00e9gory", "date": "2016-05-08", "review": "First time with airbnb and absolutely not disapointed. Christian is a very kind, flexible and professional host. He has been very helpful with our group of 6. The flat is great. Situated in a very quiet neighborhood near the Thames, the overground (max. 5min) and a supermarket. It's a nice modern flat, gorgeous decoration, very luminous and spacious, a lovely terrace,... Everything was perfect for our group. We had an incredible stay. We recommand it again and again, we will maybe coming for a second time one day ! Thank you again Christian !<br/>PS: spend an evening at the Waterside, very cool bar and good kitchen."}, {"name": "Song", "date": "2016-05-11", "review": "Great house. Convenient place. Good price. My colleague and boss like it very much."}, {"name": "St\u00e9fana", "date": "2016-05-15", "review": "Un s\u00e9jour parfait. L'appartement correspond \u00e0 100% aux descriptifs. Les 3 chambres ont leur propre salle de bain.<br/>Nous avons \u00e9t\u00e9 tr\u00e8s bien accueillit. Christian est l'h\u00f4te parfait. Accueillant, il nous a pr\u00e9sent\u00e9 en 5 min l'appartement. Il est toujours disponible et arrangeant."}, {"name": "Steven", "date": "2016-05-19", "review": "The place was exactly the same as advertised.  Great area and close to metro.  Very nice patio.  Would definitely use this place again!"}, {"name": "Rohan", "date": "2016-05-28", "review": "It was a wonderful stay at the apartment "}, {"name": "Heather", "date": "2016-05-29", "review": "Really enjoyed our stay was perfectly located for our trip to Chelsea Flower Show. We loved the roof top balcony and we were able to spend a lot of time out there.  Nice and easy to find and it was easy to arrange key pick up.  Hope to stay again in the future :-)"}, {"name": "Leeza", "date": "2016-06-03", "review": "Excellant accomodation and Christian was great to deal with, extremly responsive.\r<br/>\r<br/>Highly recommend.  Great value, great apartment.     "}]}