{"id": 10880018, "listing_url": "https://www.airbnb.com/rooms/10880018", "name": "Beautiful apartment in Camden", "description": "Beautiful first floor apartment in a perfect location, very close to Kentish Town High Street with lots of cafes, pubs and restaurants. This lovely apartment is very bright and airy with high ceilings, original features and stylish decor. Camden Town is an 8 minute walk away for excellent shopping & nightlife. Great transport links with buses and tube nearby, Oxford Street 20 minutes away by tube.", "host_name": "Izzy", "host_id": 3028088, "host_url": "https://www.airbnb.com/users/show/3028088", "host_picture_url": "https://a0.muscache.com/im/pictures/user/4bde7f36-427e-490e-8c32-d45683511e98.jpg?aki_policy=profile_x_medium", "neighbourhood_cleansed": "Camden", "latitude": 51.54856, "longitude": -0.14562, "property_type": "Entire rental unit", "room_type": "Entire home/apt", "accommodates": 1.0, "bathrooms": 1.0, "bedrooms": 1, "beds": 1, "amenities": ["Oven", "Hair dryer", "Wine glasses", "Dining table", "Hangers", "Piano", "Cleaning products", "Dishes and silverware", "Essentials", "Cooking basics", "Bed linens", "Carbon monoxide alarm", "Bathtub", "Wifi", "Heating", "Coffee maker", "Dishwasher", "Long term stays allowed", "Hot water kettle", "Microwave", "Portable fans", "Refrigerator", "40\\ HDTV with Amazon Prime Video", "Netflix", "Private patio or balcony", "Iron", "Kitchen", "Drying rack for clothing", "Stove", "Toaster", "Dedicated workspace", "Hot water", "Clothing storage: closet and dresser", "Smoke alarm", "Free washer \u2013 In unit", "Freezer"], "price": 115.0, "numbers_of_review": 7, "review_scores_rating": 4.8, "reviews": [{"name": "Javier", "date": "2017-12-26", "review": "Cozy, nice and clean flat very close to pubs and shops but with the advantage of being in a residential street. Izzy helped us in everything we needed."}, {"name": "Mark", "date": "2018-06-24", "review": "Great pad, clean, quiet and stylish."}, {"name": "Danielle", "date": "2018-10-15", "review": "Beautiful apartment and the photos are a true reflection. Location is great for both Camden and kings cross. Thank you for a lovely stay, would definitely recommend."}, {"name": "Eric", "date": "2018-11-18", "review": "Izzy was a great host. Easy and responsive communication. This is a true AIRBNB experience, unlike the other apartments/flat found on the platform.<br/>We will be back !"}, {"name": "Ciara", "date": "2019-01-01", "review": "Really good location and value for money. The flat is amazing and Izzy is super quick when responding to any questions. 100% would recommend this flat!!"}, {"name": "David", "date": "2022-09-17", "review": "Terrific place and great location--close to bus/tube station and only 10-15 min ride to Kings Cross / St Pancras. Full size kitchen if you like cooking and would like to prepare your own meals. Great workstation area by the window with a second monitor if you need to work from the flat. Great big tub if you like to soak and full size washer for laundry. (There's no dryer--so you have to allow for 1-2 days for your clothes to dry on a rack)."}, {"name": "Gillian", "date": "2022-11-17", "review": "Izzy and her place were amazing! I stayed out here for a couple of months for work, and it was the perfect place to call home. It's a 10 minute walk to the Kentish Town tube station, and only 15 to Camden Town station. It is just close enough to everything you need (restaurants, coffee shops, shopping etc) but also off to the side in the quaintest of neighbourhoods. The space itself was a great size, and had so much charm, and even a balcony. Izzy made the set up of getting keys super easy, and always responded right away to any questions I had. She was super accommodating, left extra sheets, and even a guide of the area. Would definitely recommend a stay here!"}]}