{"id": 10882709, "listing_url": "https://www.airbnb.com/rooms/10882709", "name": "Prime Location Sleeps 5, London Fields, East Lnd", "description": "A beautiful, family friendly garden flat in the heart of fashionable East London (Zone 2). 30 mins to central London, minutes from vibrant Broadway Market, London Fields park and lido, cool bars, cafes and independent shops.<br /><br /><b>The space</b><br />This light and bright apartment is situated on the ground floor of a beautiful Victorian house built in 1890.  Stylishly furnished with wooden floors and contemporary artworks throughout, you will enjoy a beautifully maintained south-facing, terraced garden with stylish oak deck-chairs and a wooden table with benches which are perfect for eating outside.<br /><br />Our home has three bedrooms, one single bedroom with deskspace, a child\u2019s bedroom with bunkbeds, bathroom, kitchen and living room. Ideal for a family of four/five or two couples.<br /><br />The living room is very spacious with a super comfy four-seater sofa and armchair, round wooden dining table, 4 chairs and a Stokke child seat. We have super fast wi-fi, a top of the ", "host_name": "Dan", "host_id": 730692, "host_url": "https://www.airbnb.com/users/show/730692", "host_picture_url": "https://a0.muscache.com/im/pictures/user/2e96d2d6-2ccd-4bc3-8f1c-7ddff8a270cc.jpg?aki_policy=profile_x_medium", "neighbourhood_cleansed": "Hackney", "latitude": 51.54589, "longitude": -0.06555, "property_type": "Entire rental unit", "room_type": "Entire home/apt", "accommodates": 4.0, "bathrooms": 1.0, "bedrooms": 3, "beds": 4, "amenities": ["Extra pillows and blankets", "First aid kit", "Oven", "Fire extinguisher", "Hair dryer", "Wine glasses", "Dining table", "Hangers", "Cleaning products", "Dishes and silverware", "Essentials", "Shampoo", "Cooking basics", "Bed linens", "Carbon monoxide alarm", "Bathtub", "Wifi", "Heating", "Dishwasher", "TV", "Hot water kettle", "Refrigerator", "Portable fans", "Outdoor dining area", "Iron", "Kitchen", "Stove", "Toaster", "Dedicated workspace", "Hot water", "Washer", "Private fenced garden or backyard", "Paid parking off premises", "Smoke alarm", "Laundromat nearby", "Lockbox", "Outdoor furniture", "Freezer"], "price": 345.0, "numbers_of_review": 7, "review_scores_rating": 5.0, "reviews": [{"name": "Charleen", "date": "2016-02-22", "review": "Dan & Lucy's home is a wonderful place to stay filled with interesting art, beautifully laid out & stocked with everything you could wish for (see the photos which are totally accurate)! The area is incredible - buzzing, vibrant & exciting with easy public transport. We would totally recommend staying here ... & can't wait for our next time. Thank you guys for a super stay!"}, {"name": "Emma", "date": "2016-07-31", "review": "We stayed at Dan's for the weekend with our two young sons and our Mum. We were all very comfortable. \r<br/>The apartment is beautiful, the photos are spot on.\r<br/>Our two boys especially loved the outside are which now has fake grass, perfect for relaxing. We enjoyed breakfast outside both mornings. \r<br/>Its very safe and secure and lovely and clean.\r<br/>We would love to come and stay again!\r<br/>"}, {"name": "Anwen", "date": "2020-01-02", "review": "Dan's place is a real gem in the heart of hip Dalston. The flat is cozy, stylish and super comfy.<br/>.<br/>The local area has lots to offer being close to bars, cafes and restaurants. A perfect neighbourhood with a friendly community for enjoying a city break."}, {"name": "John", "date": "2022-08-14", "review": "First class communications from Dan.<br/>The garden makes this accommodation stand out."}, {"name": "Lisa", "date": "2022-10-25", "review": "Dan\u2019s house was perfect for our family visit to London. It\u2019s very comfortable with lots of artistic touches, and the photos are true to life. A lot of well-tended house plants, and the garden outside is lovely. Check-in and check-out was easy, and communication with Dan was quick and friendly. The area is great \u2014 don\u2019t miss the Broadway Markets and a swim in the Lido. We\u2019d gladly come and stay again."}, {"name": "Saskia", "date": "2023-04-11", "review": "We had a wonderful stay. The property was in a great location for exploring London, minutes walk from a plethora of shops and restaurants and public transport. The house itself was modern, comfortable, and well-kept. What's more, it was great for kids, with lots of activities and amenities to make them happy. Dan was incredibly welcoming and helpful, I highly recommend this place and had an amazing experience."}, {"name": "Rosalynn", "date": "2023-06-03", "review": "We had a brilliant time staying at Dan\u2019s place. The house was perfect for our family. A really lovely home with great aesthetic, everything we needed and cute garden. The neighborhood is fantastic. You can easily walk, bus or train to a lot of great cafes, restaurants, parks and galleries. <br/>Dan was super friendly and has a lot of great tips. We would love to stay here again. Thank you!!"}]}