{"id": 10883667, "listing_url": "https://www.airbnb.com/rooms/10883667", "name": "Great Double Room off King's Road", "description": "Great sized double room in a newly renovated flat just off the King's Road and only 5 minutes walk from Fulham Broadway tube station. Amazing location on the Chelsea/Fulham border.<br /><br /><b>The space</b><br />It is a relatively large double room in a newly renovated flat. Great for couples or solo travellers. Check-out the guidebook for all the local cafes, restaurants and supermarkets!<br /><br /><b>Guest access</b><br />As well as the bedroom there is a separate bathroom and shower shared with two other permanent housemates. The kitchen is modern and well-equipped and you are welcome to use any cooking utensils and equipment you need.<br /><br /><b>Other things to note</b><br />Check-in is normally from 2pm on weekends and on weekdays a specific check-in time will be arranged after booking. Whilst some housemates are working full-time, another is a student and collecting the keys may be arranged around lecture times.<br /><br />Check-out is at midday but there is the possibility", "host_name": "Nick", "host_id": 23787883, "host_url": "https://www.airbnb.com/users/show/23787883", "host_picture_url": "https://a0.muscache.com/im/pictures/user/6ed11f04-682c-4360-92eb-069059af25fe.jpg?aki_policy=profile_x_medium", "neighbourhood_cleansed": "Hammersmith and Fulham", "latitude": 51.48119, "longitude": -0.18904, "property_type": "Private room in rental unit", "room_type": "Private room", "accommodates": 2.0, "bathrooms": 1.0, "bedrooms": 1, "beds": 1, "amenities": ["Long term stays allowed", "Elevator", "Smoke alarm", "Heating", "Kitchen", "Wifi"], "price": 39.0, "numbers_of_review": 8, "review_scores_rating": 4.38, "reviews": [{"name": "Ethan", "date": "2016-02-08", "review": "Great place. Great location just beside stamford bridge stadium. Wonderful man. Able to accommodate to my last min plans. Will return if catching a match there!Thanks nick! Cheers from Singapore. "}, {"name": "Yuchan", "date": "2016-02-16", "review": "Nick and his housemate are friendly to us. The room is nice and convince to other place. 5mins walk to train station. "}, {"name": "Anne Marie", "date": "2016-03-08", "review": "En nous accueillant gentiment,la personne qui nous a donn\u00e9 les clefs,nous a aussi indiqu\u00e9 son code si nous avions besoin du wifi.La visite des lieux  de vie a \u00e9t\u00e9 rapide.Le s\u00e9jour a \u00e9t\u00e9 agr\u00e9able,les autres habitants ont \u00e9t\u00e9 tr\u00e8s respectueux et n'ont pas fait de bruit.Il faut dire que nous \u00e9tions tr\u00e8s pr\u00e8s de chez notre fille et que notre pr\u00e9sence dans les lieux a \u00e9t\u00e9 reduite \u00e0 sa plus simple expression:(coucher,4 nuits)."}, {"name": "Adrian", "date": "2016-03-09", "review": "In Nick's absence, his flat mates Geoff and Will were very friendly and welcoming. The bed was comfy and I had access to a shared bathroom and kitchen. I was able to help myself to cereal, toast and coffee for breakfast. The next day I was able to leave my bags there while I went off to do something else before returning to collect them. It was all I needed for the price.  "}, {"name": "Gianni", "date": "2016-04-26", "review": "Great stay! Place is next to the Fulham Broadway and easy to get to. Quiet at night and pleasant experience! Will definitely come back next time I'm back down to London. <br/>"}, {"name": "Ga\u00eblle", "date": "2016-06-30", "review": "Although I did not end sleeping at Nick s place because of a change of plan, he was very good with communication, opened the door very early morning for me to leave my suitcase, his flat mate was great for a little chat in the evening and both made me feel like home. Thank you!"}, {"name": "Paul", "date": "2016-06-30", "review": "Beautiful room in front od Chelsea Football Club? What's not to like."}, {"name": "Ilaria", "date": "2016-12-09", "review": "The house is really nice and it's in a wonderful position. The room is big and perfect for two people to stay. Check in and out were precise and punctual."}]}