{"id": 10892013, "listing_url": "https://www.airbnb.com/rooms/10892013", "name": "Comfortable room in family home", "description": "Safe neighbourhood. Great transport links to central London. Zones 1 -4.<br />Approx 20 minutes tube journey to Covent Garden. Piccadilly Line 5 minutes by bus, Northern line either 5 minutes by bus or a 10 minute walk.  Good local Pubs, Restaurants and local parks.<br /><br /><b>The space</b><br />Parking on public road outside house. WiFi, TV, small desk in room. Single bed.  No smoking.<br /> Please note,  there is no cooking allowed.<br /><br /><b>Guest access</b><br />Use of Garden and Shared Bathroom. Kitchen to make tea or coffee when required.<br /><br /><b>Other things to note</b><br />We are a working household so appreciate our guests being reasonably quite after 10.00pm and early in the morning. Please remove shoes when entering the house and take them to your room.", "host_name": "Kay", "host_id": 50467958, "host_url": "https://www.airbnb.com/users/show/50467958", "host_picture_url": "https://a0.muscache.com/im/pictures/user/9a9c1d9c-7283-404b-a5e2-60ebe7ccb3f2.jpg?aki_policy=profile_x_medium", "neighbourhood_cleansed": "Barnet", "latitude": 51.62743, "longitude": -0.16093, "property_type": "Private room", "room_type": "Private room", "accommodates": 1.0, "bathrooms": 1.0, "bedrooms": 1, "beds": 1, "amenities": ["Essentials", "Wifi", "Dedicated workspace", "Free parking on premises", "Long term stays allowed", "TV", "Smoke alarm", "Hair dryer", "Carbon monoxide alarm", "Bathtub", "Hangers", "Heating"], "price": 30.0, "numbers_of_review": 8, "review_scores_rating": 4.63, "reviews": [{"name": "B\u00e9atrice", "date": "2016-03-04", "review": "Kay has been very welcoming and a great host. The house is calm, as clean as can be. The room is comfortable... i'll come back without hesitation on my next trip to London."}, {"name": "Venla Ilona", "date": "2016-04-04", "review": "Staying with Kay was a very pleasant experience. I stayed for almost a month and through out the whole time she was a great host and everything worked out very well. The house is cozy and the room was good! The area is nice and safe and the public transport connections very good. Highly recommended!"}, {"name": "Rose", "date": "2016-04-27", "review": "Yes I was made very welcome and it was very pleasant neighbourhood"}, {"name": "Jiewen", "date": "2017-04-11", "review": "Good location, friendly host and good breakfast. "}, {"name": "Alison", "date": "2017-10-11", "review": "Nice quiet location and great value."}, {"name": "Joanna", "date": "2017-10-26", "review": "Tidy, comfortable room with simple decor.  No key though.  Downstairs toilet.  Friendly hosts, but house can be noisy in the evenings due to chatting."}, {"name": "Natasha", "date": "2022-04-20", "review": "Lovely lady, very clean accommodation & great communication. She was very welcoming and I felt right at home! Would stay again!"}, {"name": "Krist\u00fdna", "date": "2022-06-26", "review": "Very nice accommodation in London suburbs but still on the tube so you can be in the city centre in 30 minutes. The room was very nice and clean,  there was a TV, wardrobe and a comfy bed. Kay was very nice, she explained everything regarding the house and there was also a bottle of water waiting on my bed table on my arrival."}]}