{"id": 10890946, "listing_url": "https://www.airbnb.com/rooms/10890946", "name": "STAY in the Heart of London!", "description": "Best Location: 5 min from Piccadilly Circus, Oxford Circus, Covent Garden.  You can walk to all the main points of attraction.  Everything is super convenient!<br /><br />Private room sleeps 2 ppl in double bed.  The room is small as show in the photos.  <br /><br />Shared bathroom and kitchen.<br /><br /><b>The space</b><br />Fantastic duplex flat. I'm renting out the double room as you see in the picture (sleeps 2).  <br />The flat is on the 2nd and 3rd floor in the heart of London.  Shared Kitchen is upstairs and shared bathroom is downstairs.<br /><br /><b>Guest access</b><br />Exclusive access to room(s) as shown in the picture, shared bathroom and kitchen area.  The kitchen is well equipped with fridge, toaster, kettle, washer and dryer. Towels and bedlinens included.<br /><br /><b>Other things to note</b><br />This is a private home.  Please only the people in the booking are allowed in the apartment", "host_name": "Amy And Gin", "host_id": 6718950, "host_url": "https://www.airbnb.com/users/show/6718950", "host_picture_url": "https://a0.muscache.com/im/pictures/user/80ab2b5b-88fd-45a3-9d7e-cd4924dd74bb.jpg?aki_policy=profile_x_medium", "neighbourhood_cleansed": "Westminster", "latitude": 51.51284, "longitude": -0.13509, "property_type": "Private room in rental unit", "room_type": "Private room", "accommodates": 2.0, "bathrooms": 1.0, "bedrooms": 1, "beds": 1, "amenities": ["Essentials", "Wifi", "Oven", "Washer", "Shampoo", "Microwave", "Refrigerator", "Cooking basics", "Smoke alarm", "Hair dryer", "Lockbox", "Iron", "Dryer", "Hangers", "Kitchen", "Heating", "Stove", "Lock on bedroom door"], "price": 30.0, "numbers_of_review": 167.0, "review_scores_rating": 4.3, "reviews": [{"name": "Chieh", "date": "2016-02-19", "review": "Gina was very friendly and always responds efficiently.  <br/>The flat location was very good, 5 mins walk to everything, bars, restaurants, China town, Piccadilly Circus... Etc <br/>Couldn't ask for a better location!<br/>"}, {"name": "Marissa", "date": "2016-02-23", "review": "Gina was wonderful. The location of her flat is PERFECT! I was able to walk everywhere (Picadilly, Oxford street, etc.) Definitely going back."}, {"name": "Sabrina", "date": "2016-04-11", "review": "Gina was an awesome host. She made me feel very welcomed and was very easy to communicate with. She made recommendations about different places to try and things to do in the neighborhood. The flat couldn't have been in a better neighborhood. It's right in the middle of all the action! "}, {"name": "Vincent", "date": "2016-04-16", "review": "Fantastic stay! The location is everything it promised. The noise on the street can get a bit loud at night, but Gina is completely honest about that, and it is part of the experience. London is a town that's always exciting. At any day, at any hour. And especially Soho! Gina is a lovely host. She's polite, asked if we had any questions or needed any help, and provided us with a really clean and lovely place to stay."}, {"name": "Dominic", "date": "2016-04-20", "review": "Our experience in Gina's apartment was generally a good one. Location wise, it was fantastic. The apartment was in walking distance of West End, Convent Garden, Trafalgar Square and many more highlights around London. It is also 5 minutes walk away Picadilly Circus Tube station. One must note however that, by virtue of the fact that the apartment is in SOHO, the shops and sights directly around this apartment is not family friendly. There are adult book stores, people soliciting for prostitutes and the like. While this didn't bother my group, it is worth considering.<br/>The apartment itself was cosy, and fit 4 people comfortably, with 2 beds (2 people sharing one), and a toilet to share. However, the apartment was not very clean, with the kitchen bearing the brunt of it. The forks and spoons weren't very clean, the pots and pans having black residue on its underside. My group was initially very put off by this as we intended to cook some of our meals. Another bad experience we had was with the only shower in the apartment. It had very poor water power, so poor to the point where it was literally only dribbling water. To make things worse, the temperature often oscillated between boiling hot and freezing cold. This made our showering experience terrible.<br/>Gina herself was barely present to introduce us to London and welcome us to her home asides from the infrequent encounters in the kitchen. A more homely and personable host would have been appreciate. Nonetheless, Gina made sure that everything was in check, and was quick to answer any questions that we may have. While we did have some bad encounters with her, Gina is generally a good host.<br/>In summary:<br/>Location- fantastic, albeit in a shady area<br/>Home- nice and cosy with a dirty kitchen and poor shower<br/>Host- amicable and friendly host who replies promptly!"}, {"name": "Ottavio", "date": "2016-04-24", "review": "the apartment is very functional , is located in the real center of London and has everything you need , the apartment is very clean . Gina is always available and immediately responds to every request!"}, {"name": "Alexandra", "date": "2016-05-14", "review": "Gina m'a accueillie \u00e0 mon arriv\u00e9e, m'a remis les cl\u00e9s pour moi et pour la personne qui m'accompagnait. Nous avons donc pay\u00e9 pour 2 personnes avec un suppl\u00e9ment de 20\u00a3 par nuit pour l'occupation de 2 chambres. J'ai eu tr\u00e8s peu de contact avec Gina pendant mon s\u00e9jour (je suis rest\u00e9e 6 jours), elle est rest\u00e9e discr\u00e8te, mais elle r\u00e9pondait \u00e0 mes messages au besoin. J'ai occup\u00e9 la chambre que l'on voit sur la photo d'accueil. Petite chambre au calme. L'autre personne avait le salon \u00e0 l'\u00e9tage qui donne sur la ruelle, nettement plus bruyante en fonction du temps qu'il fait. Le convertible \u00e9tait confortable. \r<br/>L'appartement est lumineux, bien \u00e9quip\u00e9, propre et en bon \u00e9tat.\r<br/>Le quartier de Soho est incroyablement vivant avec ses bars, caf\u00e9s, restaurants, take away, ainsi que les th\u00e9\u00e2tres avoisinants.\r<br/>Une adresse que je recommande vivement."}, {"name": "Franco", "date": "2016-05-17", "review": "Excellent central location.\r<br/>Clean and cozy apartment"}, {"name": "Nawaf", "date": "2016-05-24", "review": "This was my fist experience with Airbnb, and it was PERFECT. The flat was Very clean and also the path. About the location it was Excellent!! it was in the center  every thing you need is close to you (tube,buses,resturants,ect). Ms.Gina was very helpful and response immediately. highly recommended .   "}, {"name": "Yang", "date": "2016-06-03", "review": "It is a very good flat and Gina is very kind and nice to us :)and the location is so great and convenient for us to go everywhere in zone 1"}]}