{"id": 10894688, "listing_url": "https://www.airbnb.com/rooms/10894688", "name": "Cambridge Garden", "description": "Bursting with character, this three storey house features antiques and art offering guests comfortable, charismatic accommodation!<br />        <br />This property sits on an attractive tree-lined street, and on arrival you are welcomed by a pleasant entrance leading to a formal living room. Elegantly designed with plush, upholstered seating and a glass coffee table, the sitting area is brought to life by splashes of colour from mesmerising art adorning the walls. The adjoining space has a bridge and chess table for game-lovers, a fun way to spend an evening indoors! Double doors lead through to the formal dining space with its extendable table and antique display cabinets. Another set of doors and a flight of pretty decorative steps lead down to the grassy garden, a sun-trap during summer with two al fresco dining areas and sun loungers. At the bottom of the garden is a separate cottage used as an artist\u2019s room, its walls adorned with framed canvassed art. Guests may use this space fo", "host_name": "Veeve", "host_id": 33889201, "host_url": "https://www.airbnb.com/users/show/33889201", "host_picture_url": "https://a0.muscache.com/im/pictures/user/cefcf382-a8fe-4348-9bba-ae00462784ca.jpg?aki_policy=profile_x_medium", "neighbourhood_cleansed": "Hounslow", "latitude": 51.4902, "longitude": -0.28059, "property_type": "Entire home", "room_type": "Entire home/apt", "accommodates": 8.0, "bathrooms": 2.0, "bedrooms": 3, "beds": 4, "amenities": ["Wifi", "Coffee maker", "Oven", "Washer", "Dishwasher", "Backyard", "TV", "Long term stays allowed", "Microwave", "Refrigerator", "Iron", "Dryer", "Kitchen", "Heating"], "price": null, "numbers_of_review": 1, "review_scores_rating": NaN, "reviews": [{"name": "Jennifer", "date": "2023-10-14", "review": "Veeve we\u2019re excellent , I would definitely look to stay in one of their properties in the future. This house is in a very residential area near busy roads. About a 10 min walk to the river. The layout is a little unusual , would probably suit a couple or a family using the 2 bedrooms only. Having the sofa bed out the whole time meant we didn\u2019t really have a proper living room to use . But overall good."}]}