{"id": 10892787, "listing_url": "https://www.airbnb.com/rooms/10892787", "name": "Walham Grove Gallery", "description": "This gorgeous 1 bedroom flat boasts a stunning garden, and is excellently located in Fulham Broadway 10 minutes from the King\u2019s Road!<br /><br />This gorgeous 1 bedroom flat boasts a stunning garden, and is excellently located in Fulham Broadway 10 minutes from the King\u2019s Road! <br />         <br />As you step inside the recently refurbished flat, a long corridor, with captivating art adorning the walls, leads to a light sitting area with its access to the garden. Elegantly furnished, it has carpeted floors, upholstered seating and a flat-screen TV for your entertainment. One of the sofas can be opened up to form a double bed but may be suited to children rather than adults. The back doors allow vast amounts of sunlight to pour in, creating a very airy and open feel. Guests will love dining al fresco or simply sitting outside in the south-facing back garden which is stunning in the summer, lined with magnolia, mulberry and fig trees! It can be lit up at night creating an ambient settin", "host_name": "Veeve", "host_id": 33889201, "host_url": "https://www.airbnb.com/users/show/33889201", "host_picture_url": "https://a0.muscache.com/im/pictures/user/cefcf382-a8fe-4348-9bba-ae00462784ca.jpg?aki_policy=profile_x_medium", "neighbourhood_cleansed": "Hammersmith and Fulham", "latitude": 51.48273, "longitude": -0.198, "property_type": "Entire rental unit", "room_type": "Entire home/apt", "accommodates": 4.0, "bathrooms": 1.0, "bedrooms": 1, "beds": 2, "amenities": ["Oven", "Backyard", "Long term stays allowed", "TV with standard cable", "Microwave", "Hot water kettle", "Refrigerator", "Iron", "Kitchen", "Cable TV", "Wifi", "Toaster", "Freezer"], "price": null, "numbers_of_review": 11.0, "review_scores_rating": 4.82, "reviews": [{"name": "Judy", "date": "2016-08-15", "review": "Nice quiet neighborhood near shops and subway as described. Well maintained. Garden was lovely. "}, {"name": "Louise", "date": "2018-07-18", "review": "Fabulous stay in London. Only 4 stops from Fulham Broadway on the tube to Wimbledon and easy to get to twickenham had the trains been on, but they weren\u2019t. We got an Uber. Very reasonable price. The apartment is great! The location is fabulous. Fulham is a great place, with lots of pubs and restaurants a stones throw away. A bit cramped for 4 adults but we expected that and it didn\u2019t bother us at all. Everything that we needed was there. Some of the furniture was a bit tired, like the sofa and chair and could be doing with being replaced. The mattress for the sofa bed isn\u2019t big enough, but again we were fine with it and took turns between the bedroom and sofa bed! The garden was lovely and we enjoyed sitting out having a glass of wine at the end of a day. We made sure to water the plants! Would come back and stay here again anytime! Thanks again! "}, {"name": "Tiffany", "date": "2018-10-02", "review": "This flat is lovely and very well-situated, with great artwork and a wonderful garden frequented by a spunky striped cat. Access to the Fulham high street, local amenities and Fulham-Broadway and West Brompton tube stations is amazing. The kitchen does not have a dishwasher, but is otherwise very well-equipped, better than most other places I've stayed. The property manager arranged for check-in with a real live human, who helped me get set up with wifi and find power switches, etc. I had a great stay and highly recommend this flat."}, {"name": "Tara", "date": "2019-05-16", "review": "Fabulous one bedroom flat in a rare quiet leafy street of Fulham!  Beautiful garden to enjoy and sit out in.  Everything one could need from pubs to food shops a 5 minute walk. Very clean and comfortable and a must for anyone looking for an Airbnb in the Fulham area.."}, {"name": "Harry", "date": "2019-11-01", "review": "A comfortable and homely spot in a great location, many shops close by and a short walk to the tube. The company managing this listing on the owner\u2019s behalf was very responsive and their representative handling the check-in process with us was very helpful and professional - highly recommend."}, {"name": "Voula", "date": "2020-08-12", "review": "The flat was very nice and we adore the garden! The house was clean and nice decorated. The location was nice, close to market and to the Fulham tube station."}, {"name": "Mostafa", "date": "2022-05-14", "review": "Very nice"}, {"name": "Eden", "date": "2022-06-15", "review": "Overall a pretty good stay. Fortunately the weather was perfect so I could enjoy the garden. I had all my meals out there. The place is sweet - no dishwasher, all the cookware (except for one crock pot) is toxic non stick and very scratched. They left me one kitchen towel, no pot holders, 2 small toilet paper rolls and 2 small paper towel rolls, for a 6 night stay. When asked where there\u2019s extra toilet paper they said they only provide 2 rolls for every guest. Seemed extremely cheap to me given my $1,700 rental fee. If you plan on doing your own cooking, I wouldn\u2019t recommend this spot. Also the bed is pretty comfortable for one person but it does sink in so not sure how it would be for 2.  Easy to get to the tube from this location and about a 20 min walk to Chelsea which is nice. Not my favorite stay but not the worst either."}, {"name": "Luis", "date": "2022-06-21", "review": "Nice location in Hammersmith and Fulham area, house is really cozy very with an extraordinary garden. Close to the underground station, many business around and a short distance of Kings Road and Kensington. Quite rcommendable"}, {"name": "Bobbi", "date": "2022-07-23", "review": "Lovely little flat. Enjoyed being able to sit in the garden after a day of sightseeing. The tube station was not far, and being on the District Line was convenient."}]}