{"id": 10899317, "listing_url": "https://www.airbnb.com/rooms/10899317", "name": "The High Life", "description": "A beautiful 2 bedroom residence in one of London's liveliest areas - sleeps 4.<br />        <br />LIVING ROOM<br />On the ground floor, the large and brightly lit living room has all the modern comforts with some original period features, including a feature fireplace, shutter windows, high ceilings, and white wooden flooring. A large comfortable sofa, a chaise lounge and a flat-screen TV make this a pleasant room for relaxing. <br /><br />KITCHEN<br />The kitchen is adjacent and comes fully equipped with everything you need to prepare a meal; including a small breakfast table for busy families and friends on the go. <br /><br />FIRST BEDROOM<br />Upstairs, the guest bedroom is painted in grey, calming tones and includes a king sized bed and built in wardrobes. It is light and airy and guests will have ample storage space. <br /><br />MASTER BEDROOM<br />The master bedroom is equally simple and elegant in its design with pale green shades and a stylish Super King sized bed. In built wa", "host_name": "Veeve", "host_id": 33889201, "host_url": "https://www.airbnb.com/users/show/33889201", "host_picture_url": "https://a0.muscache.com/im/pictures/user/cefcf382-a8fe-4348-9bba-ae00462784ca.jpg?aki_policy=profile_x_medium", "neighbourhood_cleansed": "Islington", "latitude": 51.53214, "longitude": -0.09862, "property_type": "Entire rental unit", "room_type": "Entire home/apt", "accommodates": 4.0, "bathrooms": 1.0, "bedrooms": 2, "beds": 2, "amenities": ["Oven", "Washer", "Dishwasher", "Patio or balcony", "Long term stays allowed", "Microwave", "Refrigerator", "Iron", "Kitchen", "Dryer", "Wifi"], "price": null, "numbers_of_review": 2.0, "review_scores_rating": 4.0, "reviews": [{"name": "India", "date": "2018-11-11", "review": "A nice house, which was very clean and welcoming. Comfortable and quiet bedrooms."}]}