{"id": 10898416, "listing_url": "https://www.airbnb.com/rooms/10898416", "name": "Spacious 2 bed flat in Islington", "description": "Excellent location right by Highbury & Islington station with great transport links (bus, train and tube) and amenities on the doorstep.<br /><br />Lovely well equipped 2 double bed flat with large open plan kitchen/diner and lounge.<br /><br /><b>The space</b><br />Spacious 2 double bed flat in an excellent location <br />Bed linen and towels provided<br />Fully equipped kitchen<br />Wi-Fi<br />TV, cable & DVD player<br />Dishwasher<br />Microwave<br />Washing machine<br /><br /><b>Other things to note</b><br />Fully equipped kitchen<br />Wi-Fi<br />TV, cable & DVD player<br />Dishwasher<br />Microwave<br />Washing machine", "host_name": "Anthony", "host_id": 34471866, "host_url": "https://www.airbnb.com/users/show/34471866", "host_picture_url": "https://a0.muscache.com/im/users/34471866/profile_pic/1437729772/original.jpg?aki_policy=profile_x_medium", "neighbourhood_cleansed": "Islington", "latitude": 51.5462, "longitude": -0.105, "property_type": "Entire rental unit", "room_type": "Entire home/apt", "accommodates": 4.0, "bathrooms": 1.0, "bedrooms": 2, "beds": 2, "amenities": ["Essentials", "Wifi", "Washer", "Long term stays allowed", "Shampoo", "TV with standard cable", "Smoke alarm", "Hair dryer", "Iron", "Dryer", "Hangers", "Kitchen", "Cable TV", "Heating"], "price": 100.0, "numbers_of_review": 2, "review_scores_rating": 5.0, "reviews": [{"name": "Dan", "date": "2016-05-01", "review": "Great stay in a great flat, The host was very helpful ad made sure that we had everything we needed for our stay.  The flat is great, up to date and well kept with a lovely bathroom. Location was absolutely perfect, great access to the tube and access to everywhere we wanted to be was very easy.\r<br/>\r<br/>Would gladly stay again."}, {"name": "Natalie", "date": "2016-06-01", "review": "Tony was a wonderful host, always responsive and willing to help and answer our questions.<br/>The place was perfect and I would highly recommend staying here! It was spacious, with lots of natural light, a comfortable living area with a decent kitchen and heaps of cupboard space for longer stays.<br/>The bathroom was lovely, there was plenty of bench space and even heated tiles and a bath. <br/>The location was unbelievable less than a minute walk to the Highbury and Islington station- it doesn't get much better than that! <br/>The neighborhood itself is very happening with so many great restaurants and cafes nearby including the famous and original Ottelenghi. <br/> <br/>If you are looking at staying here you won't be disappointed!  Couldn't recommend it more. I will definitely be staying here next time I'm in London"}]}