{"id": 10895035, "listing_url": "https://www.airbnb.com/rooms/10895035", "name": "Bright and beautiful Victoria Park flat", "description": "This new build one bedroom flat is perfectly situated right by East London's beautiful Victoria Park. Shoreditch, London Fields, Victoria Park Village and Bethnal Green are all within easy reach.<br /><br />Don't be perturbed by the lack of reviews - just added June 2016!<br /><br /><b>The space</b><br />The flat is brand new (built in 2014), light, bright and peaceful. Approximately 45m2, it consists of three rooms, a living room and kitchen with a large balcony facing South West (and just glimpsing the City and the Gherkin); and down the corridor a double bedroom, and a large bathroom with bathtub and shower.<br /><br />This flat is my home, and is therefore full of my things! There will be plenty of room for you and your belongings though - I split my time between here and my boyfriend's house, and often travel with work.<br /><br /><b>Guest access</b><br />You will have the entire flat to yourselves. There's only one bedroom but the flat as a whole can accommodate 4 (two on a sofab", "host_name": "RebeccA", "host_id": 5032310, "host_url": "https://www.airbnb.com/users/show/5032310", "host_picture_url": "https://a0.muscache.com/im/pictures/user/daba5c9c-679b-49d5-babf-0411dfa913ba.jpg?aki_policy=profile_x_medium", "neighbourhood_cleansed": "Tower Hamlets", "latitude": 51.53581, "longitude": -0.03517, "property_type": "Entire rental unit", "room_type": "Entire home/apt", "accommodates": 4.0, "bathrooms": 1.0, "bedrooms": 1, "beds": 1, "amenities": ["Wifi", "Washer", "Free parking on premises", "Long term stays allowed", "TV", "Elevator", "Smoke alarm", "Hair dryer", "Iron", "Hangers", "Dryer", "Kitchen", "Heating"], "price": 89.0, "numbers_of_review": 13.0, "review_scores_rating": 4.69, "reviews": [{"name": "Chlo\u00e9", "date": "2016-06-13", "review": "Rebecca a \u00e9t\u00e9 super ! \r<br/>Elle a tout fait pour nous arranger pour le checkin / checkout.\r<br/>L'appartement ressemblait vraiment aux photos, il est super joli et propre.\r<br/>L\u00e0 quartier est tr\u00e8s sympas, calme, et tr\u00e8s agr\u00e9able !\r<br/>Rebecca nous avait laiss\u00e9 une liste de choses \u00e0 faire (restaurants, bars etc) c'\u00e9tait top !\r<br/>Je recommande vraiment l'appartement de Rebecca."}, {"name": "Brian", "date": "2016-06-21", "review": "Due to unforseen circumstances, I needed a place to stay in short notice. I emailed Rebecca thru Airbnb very early and she responded within minutes. She was In Jordan so we never got to meet. Luckily for me, she arranged entry thru her neighbour which was fantastic. The apartment was very cosy and private, with the surrounding Victoria Park and village a picturesque piece of London. No hesitation at all in returning or recommending Rebecca's place to others wanting a nice suburb in stay in. "}, {"name": "Matt", "date": "2016-06-29", "review": "My parents were the main guests at Rebecca's house, but I did stop by and it was beautiful!  Now, on to my mum's kind words:\r<br/>\r<br/>Rebecca's flat was lovely, bright and comfortable. We were close to coffee shops, restaurants and scenic Victoria Park. Rebecca was welcoming and available to answer any questions that we had about the area. She provided maps which pin-pointed the nearby food stores, restaurants, transit stops and sight-seeing spots. We enjoyed morning coffee and an evening drink outdoors on the balcony. The flat is right on the canal, and I can't recommend it more. Our visit was too short at this lovely apartment and we would highly recommend it to anyone looking to stay in a quieter and beautiful of London. "}, {"name": "Julia", "date": "2016-07-07", "review": "The flat was spotless, bright and well appointed. It was in a very clean and secure building just off Old Ford Road. We found the road a bit noisy at night but the double glazing was 100% effective.\r<br/>The balcony was a bonus and all the furniture was comfortable and seemed almost new.\r<br/>Although we did not see RebeccA after the first day, she kept in touch by text.\r<br/>"}, {"name": "Jamie", "date": "2016-07-18", "review": "We had a wonderful time, a beautiful flat perfectly situated in a gorgeous area. Rebecca was a kind and attentive host, she gave me a a full run down of all the local amenities and tips on the best places to go. Perfect. "}, {"name": "Nad\u00e8ge", "date": "2016-07-24", "review": "A lovely flat, very clean with a great little balcony (perfect for a glass of wine at the end of the day).  The area is tr\u00e8s relaxing & being so close from the park is amazing. It was very easy to communicate with Rebecca. She was very accommodating for the keys ... Thanks a lot Rebecca!"}, {"name": "Olivier", "date": "2016-07-31", "review": "Perfect flat very well equipped but most truly living authentic place which. Is not always with rbnb <br/>Well situated place EST London very nice spot for staying .<br/>All was nice and smooth London is expansive but this place and its owners worths it<br/>We give you an A <br/>Highly recommended "}, {"name": "Joyce", "date": "2016-08-29", "review": "\r<br/>A brilliant communicator, Rebecca made us very welcome with several very friendly emails and a couple of lovely notes. We could tell instantly what a genuine, good person she is.\r<br/>The flat, though small, was very well appointed, everything we needed and more. Its very central location made it perfect for London sightseeing and we loved the very convenient coffee shop downstairs. The parking space was a huge boon to us, having driven from Scotland. We would love to stay there again."}, {"name": "Aisling", "date": "2016-09-06", "review": "The apartment is just beautiful and perfectly situated by the canal and the beautiful Victoria Park.  We stayed here for a friend's wedding.  It exceeded our expectations by far! The pictures do not do it justice as it is a very spacious flat.   Although the host lives here, she stows most things away so the space feels calm and uncluttered and you wouldn't think that this was a main residence - the main giveaway is that everything is such good quality (bed linen, utensils and cookware, garden furniture etc).  Perks include the balcony, dishwasher, washer/dryer, the amazing shower (really good water pressure)  and secure underground parking for cars and bikes.  Wifi connectivity is excellent- no interrupted streaming.  Great for business, couples and small families (three of us stayed and there was plenty of room).  There are also some Boris Bikes just outside the building so London is literally on your doorstep.  You'll find you won't want to venture too far though as there is plenty to occupy you in the area.  As a host, Rebecca makes every effort to make you feel welcome and replies quickly to messages.  It is a shame we did not meet her (she even arranged to work from home to greet us) but unfortunately we were delayed and so we collected the keys from her neighbour instead.  Check-in and check-out times are also flexible.  If you book this place you will not regret it!  We are already planning our next trip..."}, {"name": "William", "date": "2016-09-10", "review": "The flat is so clean, tidy and light. We had everything we needed, although we could have done with a caffetiere! :0) \r<br/>Thank you Rebecca & Dan!"}]}