{"id": 10892239, "listing_url": "https://www.airbnb.com/rooms/10892239", "name": "Double Room in West London", "description": "We offer a double bedroom in a spacious family house in West London with shared use of a gorgeous airy kitchen and access to a large garden. Fast Wi-Fi and off road parking available. Bathroom is shared with other guests, but the room has its own basin.<br /><br /><b>Guest access</b><br />You will have full access to the kitchen and garden. There is also a small library adjacent to the kitchen that you can use.  You will have your own keys to come and go as you please.<br /><br /><b>Other things to note</b><br />To save money...if you are coming from Heathrow  Airport take the Piccadilly Line train to Acton Town. It's only 20 minutes and if you know what time you're arriving give us a phone call and we will pick you up. Otherwise it's just one stop (from the opposite platform) to Ealing Common and an easy 5 minute stroll.", "host_name": "Robin And Jacqui", "host_id": 20796353, "host_url": "https://www.airbnb.com/users/show/20796353", "host_picture_url": "https://a0.muscache.com/im/pictures/user/297bb852-4dd4-4f71-b56f-d31a1e12a82f.jpg?aki_policy=profile_x_medium", "neighbourhood_cleansed": "Ealing", "latitude": 51.51097, "longitude": -0.2831, "property_type": "Private room in home", "room_type": "Private room", "accommodates": 2.0, "bathrooms": 1.5, "bedrooms": 1, "beds": 1, "amenities": ["Oven", "Fire extinguisher", "Hair dryer", "Hangers", "Dishes and silverware", "Essentials", "Free parking on premises", "Cooking basics", "Carbon monoxide alarm", "Wifi", "Heating", "Coffee maker", "Dishwasher", "Long term stays allowed", "TV", "Host greets you", "Microwave", "Refrigerator", "Iron", "Kitchen", "Stove", "Lock on bedroom door", "Hot water", "Washer", "Paid parking off premises", "Smoke alarm", "Dryer"], "price": 50.0, "numbers_of_review": 50.0, "review_scores_rating": 4.88, "reviews": [{"name": "Sian", "date": "2016-04-07", "review": "What a real pleasure it was to stay with Robin and Jacqui in their lovely home. They made me so welcome and I had the best nights' sleep, it's so peaceful there. It's actually one of the most comfortable mattresses I've ever slept on. \r<br/>The garden really is as beautiful as it looks in the pictures, as is the house. I do hope they'll have space for me next time I'm in town. "}, {"name": "L\u00e9ana", "date": "2016-04-15", "review": "I had the most perfect stay I could imagine with Robin and Jacqui. The room and the house are perfect. Robin,  Jacqui and their children are just really lovely people. I really felt like a part of their family for a week. I would totally recommend them. \r<br/>Thank you again !"}, {"name": "Matt", "date": "2016-04-29", "review": "Robin and Jacqui are perfect hosts and their house is amazing. The bed is incredibly comfy and i couldn't have asked for a better welcome. The kitchen is expansive and well equipped for your every need, parking outside on the street is easy and i never failed to find a spot after work. I would recommend them to one and all!!"}, {"name": "Vilius", "date": "2016-05-09", "review": "Staying at Robin and Jacqui place was a real pleasure. They are really lovely, friendly and welcoming people. The house and room are awesome, the bed is really comfortable. Peaceful neighborhood and close to tube station. Would definitely choose to stay at their place again."}, {"name": "Stu", "date": "2016-05-23", "review": "It was a pleasure staying with Robin and Jacqui, it was great to have someone who was knowledgeable and willing to provide information for those new to London living."}, {"name": "Leo", "date": "2016-05-28", "review": "We had a lovely stay with Robin and Jacqui. We felt very welcome in their beautiful home and couldn't recommend them more highly."}, {"name": "Victoria", "date": "2016-06-05", "review": "I stayed with Robin and Jacqui while working on a shoot at a nearby film studio. This was my first experience of Air B&B so I was a little apprehensive but needn't have worried! \r<br/>\r<br/>Robin and Jacqui were great hosts, very welcoming, and very tolerant of our extremely early starts and late finishes!! Their house is stunning!!! The room was really comfortable and felt like a home from home, and it was great to have free parking right outside!\r<br/>\r<br/>The surrounding area has a good selection for eating out. You must try the Pizza in the Italian on the High Street (they even catered for my Veganism).\r<br/>\r<br/>Many thanks, hope I get to stay with you again some day! "}, {"name": "Chris", "date": "2016-06-17", "review": "Although AirBnB consider I have had 2 visits with my Hosts Robin & Jacqui, I am treating it as one stay with a break in between.<br/>No. 11 Layer Street is a happy family home in a lovely garden setting, with family & friends coming & going.<br/>I have really enjoyed the atmosphere and Jacqui & Robin have made me very welcome, being helpful and kind, but not intrusive.<br/>They are serviced by 2 Underground lines  (District & Piccadilly) and the 2 Tube Stations (Ealing Common &  Acton Town) are each a 7 minute walk.   As well, not  far away is the Central line;  so very easy to go to the West End for Theatres and shopping,  as well as the City, Westminster And South Bank.<br/>Although Jacqui & Robin offer all coking facilities, when on holiday I prefer to eat out.   London still has a feeling of being little villages and so near  Ealing Common Tube Station, there are number of small cafe/restaurants at reasonable prices.<br/>Also there are a number of stores of various nationalities for grocery and fruit and vegetable shopping.<br/>Jacqui & Robin have added greatly to my wonderful stay in London - thank you so much."}, {"name": "Marie", "date": "2016-06-19", "review": "Excellent accueil de la part de Jacqui et de Robin. La chambre est un peu plus grande qu'il ne para\u00eet sur la photo. Leur maison est situee dans un quartier r\u00e9sidentiel calme et proche de 2 stations de m\u00e9tro. Gr\u00e2ce au beau temps nous avons pu prendre le the sur la terrasse qui donne sur leur tr\u00e8s beau jardin et admirer, avec \u00e9tonnement un groupe de perruches vertes dans les arbres. Jacqui et Robin sont ouverts et de bon conseil pour  guider sur le choix d'un restaurant. \r<br/>Il est probable que nous retournerons"}, {"name": "Ines", "date": "2017-02-10", "review": " As advertised."}]}