{"id": 10905478, "listing_url": "https://www.airbnb.com/rooms/10905478", "name": "Family-friendly, small 3 bed house", "description": "This is an end of terrace house built in 1970s. It's on a quiet cul-de-sac in Hackney. It's a family friendly house with one double bedroom, one room with bunk beds and one room with a child's bed. Decor is bright with patterns. Small cosy house.", "host_name": "Rebecca", "host_id": 40674885, "host_url": "https://www.airbnb.com/users/show/40674885", "host_picture_url": "https://a0.muscache.com/im/pictures/user/3c069e0f-2309-47b5-a40f-ef21e614570c.jpg?aki_policy=profile_x_medium", "neighbourhood_cleansed": "Hackney", "latitude": 51.54855, "longitude": -0.06156, "property_type": "Entire home", "room_type": "Entire home/apt", "accommodates": 5.0, "bathrooms": 1.0, "bedrooms": 3, "beds": 4, "amenities": ["Wifi", "First aid kit", "Washer", "Free parking on premises", "Shampoo", "Long term stays allowed", "TV with standard cable", "Fire extinguisher", "Smoke alarm", "Iron", "Carbon monoxide alarm", "Hangers", "Kitchen", "Cable TV", "Heating"], "price": 60.0, "numbers_of_review": 2, "review_scores_rating": 5.0, "reviews": [{"name": "Emilie", "date": "2016-08-02", "review": "Logement proche des bus et m\u00e9tro, des commerces. <br/>Tr\u00e8s confortable, avec tout le n\u00e9cessaire pour cuisiner. <br/>Maison pleine de vie et remplie de jouets d'enfant qui ont fait le bonheur des miens. <br/>H\u00f4tes charmants, disponibles."}, {"name": "Adam", "date": "2016-08-26", "review": "Our family really enjoyed to stay at  Rebecca's house very much. It is clean and comfortable. The kids also love the accompany of Sarge (their lovely cat) and toys. The parking is in front of the house. The overground station, Hackney Down, is only two minutes walking distance. Tesco Express is also nearby. If anyone want to visit London, we will highly recommend Rebecca's nice house. "}]}