{"id": 10900099, "listing_url": "https://www.airbnb.com/rooms/10900099", "name": "Bright, Renovated Georgian Home in Chelsea", "description": "Open the deep blue front door and step into a world of comfort in this beautiful 18th century Georgian home. Sun-lit rooms are accented with warm, eclectic decor. The sleek, equipped kitchen makes cooking easy while Buddha on the terrace beckons.", "host_name": "Margaret", "host_id": 53415873, "host_url": "https://www.airbnb.com/users/show/53415873", "host_picture_url": "https://a0.muscache.com/im/pictures/user/7be5e9b5-a3b5-466c-9dae-2e0030272623.jpg?aki_policy=profile_x_medium", "neighbourhood_cleansed": "Kensington and Chelsea", "latitude": 51.48574, "longitude": -0.18107, "property_type": "Entire rental unit", "room_type": "Entire home/apt", "accommodates": 4.0, "bathrooms": 2.0, "bedrooms": 2, "beds": 2, "amenities": ["Wifi", "Coffee maker", "Dishwasher", "Washer", "TV", "Free street parking", "Full kitchen", "Smoke alarm", "Hair dryer", "Bathroom essentials", "Indoor fireplace", "Dryer", "Iron", "Carbon monoxide alarm", "Heating", "Bedroom comforts"], "price": 270.0, "numbers_of_review": 139.0, "review_scores_rating": 4.82, "reviews": [{"name": "Gen", "date": "2016-04-30", "review": "Margaret and her husband are gracious and helpful. Their flat is very stylish and plenty of space and light. Beds are nice and bathroom is modern and spacious (for the main room). Everybody in my party is fully satisfied with what we get. Definitely we want to return. \r<br/>"}, {"name": "Sara", "date": "2016-05-22", "review": "Margaret and her husband were absolutely amazing hosts and the apartment was just perfect. Communication was easy and they really made us feel like home. We will definitely come back here next time we travel to London. "}, {"name": "Matt And Julia", "date": "2016-06-06", "review": "Great London house in fantastic location and easy as well as timely communication with our friendly hosts - I would definitely book this place again. "}, {"name": "Emma", "date": "2016-06-28", "review": "We had a wonderful time. Margaret and her husband were very friendly and helpful and make us feel very welcome. Location is perfect and just off the Fulham road and near many great restaurants and shops. It was also very close to the Kings road so great for access to shops, restaurants and near to South Kensington tube and Sloane Square. My children loved it too and have called it their \"new \" home in London. : )"}, {"name": "Kirby", "date": "2016-06-29", "review": "We had a relaxing and pampered stay at this well appointed house. Sheets are Egyptian cotton and bathrooms are newly remodeled. We will stay here again if we are in the area. Absolutely loved it.  "}, {"name": "Zoe", "date": "2016-07-13", "review": "Wonderful stay - highly recommended!"}, {"name": "Luke", "date": "2016-08-04", "review": "Excellent stay, great location and lovely apartment. Would stay again."}, {"name": "Jackie", "date": "2016-08-21", "review": "A great apartment which is highly recommended! Super location with plenty of restaurants and bars nearby. Margaret and her husband are very welcoming and helpful. They have also paid lots of attention to detail to make it feel like home from home. Would stay again!"}, {"name": "Emily", "date": "2016-09-17", "review": "Couldn't have felt more welcome - like staying with friends. Beautiful flat in the most perfect charming location. "}, {"name": "Clarisse", "date": "2016-11-01", "review": "Zalig verblijf, met een leuke ontvangst en warme verwelkoming!  De buurt is enorm gezellig en het centrum is van hieruit zeer makkelijk te bereiken. Een aanrader!"}]}