{"id": 10914219, "listing_url": "https://www.airbnb.com/rooms/10914219", "name": "Flawless Hideout", "description": "This impressive home in Kensington is beautifully designed, with elegant decoration and tasteful style<br />        <br />Stepping over the threshold of this property you know you have arrived somewhere unique with the stunning entrance hall and lavish stairwell immediately to your right as you enter. The main reception room is directly to your left and has sophisticated mauve walls and polished wooden floors. It is split into a formal sitting area and an adjoining dining room which has a large walnut table and satin chairs sitting under elegant hanging lights. The smart seating and glass coffee table in the living area are arranged by a modern electric fireplace.<br /><br />Before you reach the staircase to the lower level, there is a unique black WC and from the rear, access to a splendid terrace looking over the back gardens where guests may enjoy breakfasting in the morning!<br /><br />On the lower level is an expansive open-plan kitchen and conservatory dining area, designed to pe", "host_name": "Veeve", "host_id": 33889201, "host_url": "https://www.airbnb.com/users/show/33889201", "host_picture_url": "https://a0.muscache.com/im/pictures/user/cefcf382-a8fe-4348-9bba-ae00462784ca.jpg?aki_policy=profile_x_medium", "neighbourhood_cleansed": "Kensington and Chelsea", "latitude": 51.50122, "longitude": -0.20851, "property_type": "Entire home", "room_type": "Entire home/apt", "accommodates": 7.0, "bathrooms": 4.0, "bedrooms": 4, "beds": 5, "amenities": ["Wifi", "Coffee maker", "Oven", "Washer", "Dishwasher", "Backyard", "TV", "Long term stays allowed", "Microwave", "Refrigerator", "Iron", "Indoor fireplace", "Dryer", "Kitchen", "Heating"], "price": null, "numbers_of_review": 1, "review_scores_rating": 0.0, "reviews": [{"name": "Ashley", "date": "2022-12-28", "review": "This is a beautiful house in a wonderful neighborhood.  The kitchen and living space a gorgeous and very functional for our family stay over the holidays.  We enjoyed all the space and were able to spread out over several floors so we were able to come together, but also have some privacy.  It is a very comfortable home, and a great home base for exploring London."}]}