{"id": 10913954, "listing_url": "https://www.airbnb.com/rooms/10913954", "name": "New Spacious 2 Bedroom Split Level, Battersea Park", "description": "STUNNING NEW 2-BED SPLIT LEVEL FLAT<br />BATTERSEA PARK<br />IMMEDIATELY AVAILABLE<br />- Gorgeous area to parks, the river, & central London<br />- All new & done to a very high standard<br />- Split level flat benefiting from big windows, skylights, & views<br />- 2x private balconies<br />- New building w/ 9x flats, serviced, lift/elevator, & regularly cleaned<br />- Amazing transport links w/ a bus to central just outside the flat<br />- Overground station is a 4x minute walk. 10x mins to Waterloo station + 5x mins to Clapham Junction", "host_name": "Noelle", "host_id": 19457117, "host_url": "https://www.airbnb.com/users/show/19457117", "host_picture_url": "https://a0.muscache.com/im/users/19457117/profile_pic/1428656726/original.jpg?aki_policy=profile_x_medium", "neighbourhood_cleansed": "Wandsworth", "latitude": 51.47385, "longitude": -0.1491, "property_type": "Entire condo", "room_type": "Entire home/apt", "accommodates": 5.0, "bathrooms": 1.5, "bedrooms": 2, "beds": 2, "amenities": ["Extra pillows and blankets", "Hair dryer", "Wine glasses", "Dining table", "Portable heater", "Hangers", "Cleaning products", "Dishes and silverware", "Essentials", "Morton\u2019s  body soap", "Shampoo", "TV with standard cable", "Siemens  electric stove", "Baking sheet", "Cooking basics", "Bed linens", "Children\u2019s books and toys for ages 0-2 years old and 2-5 years old", "Babysitter recommendations", "Alexa Bluetooth sound system", "Carbon monoxide alarm", "Bathtub", "Shower gel", "Central heating", "Wifi", "Safe", "Coffee maker", "Dishwasher", "Long term stays allowed", "L\u2019Or\u00e9al  conditioner", "Hot water kettle", "Portable fans", "Shared fenced garden or backyard", "Room-darkening shades", "Private patio or balcony", "Siemens oven", "Kitchen", "Drying rack for clothing", "Paid street parking off premises", "Hot water", "Washer", "Elevator", "Children\u2019s dinnerware", "Smoke alarm", "Laundromat nearby", "Dryer", "Cable TV", "Freezer", "Siemens refrigerator"], "price": 150.0, "numbers_of_review": 5, "review_scores_rating": 5.0, "reviews": [{"name": "Chip", "date": "2021-10-17", "review": "Very spacious with great natural light, which is rare in London.  It felt great to have so much space after a long day of travel.  Plenty of room to spread out with 2 bathrooms, 2 large bedrooms, and a well laid-out living room for hosting or working remotely (as I did) with the fast internet.  Close walk to various transportation options, rent bikes across the street next to the great local pub.  Noelle is responsive and a great host, with nice touches like wine and sweets.  The unit is very clean and the building is new with great lift.  Safe neighborhood with cute cafes, amazing park, and just outside the bustle of the city.  I'll definitely book again next time in London."}, {"name": "Connor", "date": "2021-12-05", "review": "Excellent host and great apartment"}, {"name": "Alexander", "date": "2021-12-12", "review": "Great property, close to the park and easy connections. Very comfortable stay and the hosts were so helpful. Thank you."}, {"name": "Harriet", "date": "2021-12-23", "review": "This fabulous, chic and comfortable apartment is the perfect pied-a-terre in central London. Excellently located for transport links with bus outside, overland train within 2 mins. and the new northern line at Battersea Power Station 10 mins. walk which takes you straight into central London within 20 mins. Being in a modern apartment block it is warm and cozy in the winter months.  Alexander was very helpful with any questions and responded immediately. We had a great stay as a family of 4 with young children. Thank you, we will definitely come back when next in London."}, {"name": "Ann", "date": "2022-02-27", "review": "The flat was perfect for our month long stay in London!  Very sunny, comfortable beds, kitchen equipped with the basics and amazing access to the bus with stops literally outside the door. I would highly recommend for up to 4 people for a short or extended stay!"}]}