{"id": 10918655, "listing_url": "https://www.airbnb.com/rooms/10918655", "name": "Bedford Hill - Near St. George's Hospital", "description": "We are near St. George's Hospital in Tooting.<br />Under Gov.UK guidance we are able to accommodate those who require an interim home whilst their primary residence is unavailable and Key Workers. As the current situation is developing we as a company are prepared to deal with related issues. Please do not hesitate to contact Madison Hill should you want specifics on our COVID-19 Policy.<br /><br />As always:<br />\u2022 Professionally managed<br />\u2022 Reliable guest support<br /><br /><b>The space</b><br />\u2022 Telephone assisted 24/7 check-in using a key-safe<br />\u2022 Professionally cleaned with hotel-quality bed linen and towels<br />\u2022 Toiletries provided<br />\u2022 Complimentary teas, coffee, milk, sugar and biscuits<br /><br />On the first floor of a secure purpose-built block this apartment is full of light.<br /><br />It has an open-plan living area with futon and dining for four. <br />The well equipped kitchen can be closed off from the living area by a set of double doors.<br />In the bedroo", "host_name": "Madison Hill London", "host_id": 54184847, "host_url": "https://www.airbnb.com/users/show/54184847", "host_picture_url": "https://a0.muscache.com/im/pictures/user/3ed82fa3-6e11-438a-bae0-fa229520dd24.jpg?aki_policy=profile_x_medium", "neighbourhood_cleansed": "Wandsworth", "latitude": 51.44227, "longitude": -0.1492, "property_type": "Entire rental unit", "room_type": "Entire home/apt", "accommodates": 4.0, "bathrooms": 1.0, "bedrooms": 1, "beds": 2, "amenities": ["Extra pillows and blankets", "Oven", "Fire extinguisher", "Hair dryer", "Baby bath", "Hangers", "Crib", "Dishes and silverware", "Essentials", "Outlet covers", "Shampoo", "TV with standard cable", "Baking sheet", "Cooking basics", "Bed linens", "Paid parking on premises", "Carbon monoxide alarm", "Bathtub", "Shower gel", "Heating", "Wifi", "Coffee maker", "Long term stays allowed", "Pack \u2019n play/Travel crib", "Microwave", "Portable fans", "Refrigerator", "Room-darkening shades", "Iron", "Body soap", "Kitchen", "Stove", "Conditioner", "Dedicated workspace", "Hot water", "Washer", "Children\u2019s dinnerware", "Smoke alarm", "High chair", "Dryer", "Lockbox", "Nespresso machine", "Cable TV", "Freezer"], "price": 275.0, "numbers_of_review": 26.0, "review_scores_rating": 4.46, "reviews": [{"name": "Marek", "date": "2016-02-21", "review": "It was very nice to stay with Madison Hill!The place was very nice and tidy,also internet work great.And people from Madison Hill was there for you if you need something."}, {"name": "Sue", "date": "2016-03-04", "review": "We loved our 10 days in this flat.  In a terrific neighborhood with great food, nightlife, shopping.  A very family-friendly area.  The flat was comfortable, clean, good wi-fi, super comfy bed, great kitchen.  The train tracks are right out the back bedroom windows, the windows are super sound proof - didn't bother us at all.  Very quiet neighborhood otherwise. Everything we needed and wanted.  We'd certainly stay here again.  Our host Julie was readily available and friendly and helpful, always."}, {"name": "Emily", "date": "2016-04-08", "review": "Welcoming host, good location, modern "}, {"name": "Stella", "date": "2016-04-24", "review": "Clean comfortable flat in a convenient and trendy location. Host Julie was very accomodating and helpful. "}, {"name": "Massimo", "date": "2016-05-25", "review": "What a beautiful apartment in a great location! We had an amazing stay, there is everything we needed, very comfortable and cosy :) Julie was super nice to us even though we had a flight delay and we arrived very late in the evening she waited for us without a problem, thank you so much! "}, {"name": "Jandira", "date": "2016-06-09", "review": "Amazing location, close to eveything: supermarket, coffee shops, clothes store, pharmacy... I love Balham! Julie from Madison Hill manegement are wonderful and always ready to help! 100% recommend! "}, {"name": "Ashley", "date": "2016-09-08", "review": "Loved staying here! It was cozy and just what we needed. The location is perfect and close to so much! Would definitely recommend! "}, {"name": "Neal", "date": "2016-10-01", "review": "Great location being close to Balham station and almost next door to the Bedford pub. Having the parking space was really good.\r<br/>The apartment was clean, tidy and well appointed. \r<br/>It is close to the train tracks but everything else outweighs that.\r<br/>Local shops right over the road and some nice restaurants just a few minutes walk."}, {"name": "Fatima", "date": "2017-09-14", "review": "Nice and cosy one bedroom flat. Clean and provided with all kitchen supplies. Host was nice and helpful. The flat is located quite close to train and underground stations. Some comments mentioned the flat being near the railway tracks and complained about noise, but that wasn't really a problem for us as the trains would stop at night and windows were quite good. The neighbourhood is Balham, which has plenty of shops, restaurants, etc. Well connected to city centre with northern line and train to Victoria. <br/>I would absolutely recommend it."}, {"name": "Wendy", "date": "2017-10-12", "review": "If you are a light sleeper this is not for now.  Also the first airbnb I have stayed in UK, NZ, Australia that does not have tea, coffee, toiletries etc and left over cooking items from previous occupants.  I should have read descriptions better, but be prepared for 1st stop at supermarket."}]}