{"id": 10915374, "listing_url": "https://www.airbnb.com/rooms/10915374", "name": "Artistic Hoxton loft", "description": "First floor of a light industrial turn of 20th century industrial building in Shoreditch / Hoxton.<br /><br /><b>The space</b><br />Very cool, eclectic and personal, lateral loft space taking up the first floor of ean industrial turn of the 20th century workshop in Shoreditch / Hoxton.  In the same building as the other two units listed<br /><br />The flat is essentially one large room, with a three quarter height kitchen divider separating the living space from the bedroom, and from the bedroom, a door leading to a separate bathroom with bath and shower. The space has enormous windows on three sides \u2013 fitted with blackout roller blinds for when needed.<br /><br />It is fully furnished with design originals including a super comfy sofa and a dining table that seats eight easily. The main space has freeview / DVD / blu-ray / full hifi and an HD projector which accepts inputs from most laptops and very fast wifi (50-70meg). The large loading doors at the end of the space can be opened to", "host_name": "Hoxton", "host_id": 49174807, "host_url": "https://www.airbnb.com/users/show/49174807", "host_picture_url": "https://a0.muscache.com/im/pictures/user/c7fc171f-1dac-4b44-b738-0c74c2c30c88.jpg?aki_policy=profile_x_medium", "neighbourhood_cleansed": "Hackney", "latitude": 51.53013, "longitude": -0.08461, "property_type": "Entire loft", "room_type": "Entire home/apt", "accommodates": 3.0, "bathrooms": 1.0, "bedrooms": null, "beds": 1, "amenities": ["Extra pillows and blankets", "Oven", "Fire extinguisher", "Hair dryer", "Private entrance", "Hangers", "Dishes and silverware", "Essentials", "Free parking on premises", "Cooking basics", "Bed linens", "Carbon monoxide alarm", "Bathtub", "Wifi", "Heating", "Coffee maker", "Free dryer \u2013 In unit", "Dishwasher", "Long term stays allowed", "Refrigerator", "Room-darkening shades", "Iron", "Kitchen", "Stove", "Hot water", "Paid parking off premises", "Smoke alarm", "Free washer \u2013 In unit", "150\\ HDTV with Apple TV", "premium cable", "DVD player", "Ethernet connection", "Lockbox"], "price": 156.0, "numbers_of_review": 99.0, "review_scores_rating": 4.86, "reviews": [{"name": "Alin", "date": "2016-02-15", "review": "Loved the place, perfect location, my type of decorations, everything was super cool. <br/>A place that I would love to own and live in it, exactly as it is right now. <br/>Actually first time I felt bad when leaving London, as the place felt like home... Definitely will come back next month and each time I visit London from now on.  <br/>"}, {"name": "David", "date": "2016-02-20", "review": "Amazing spot. Definitely my favorite of the half dozen airbnbs I've tried in Shoreditch. So many fun decorations and creative uses of the space. Would love to stay there again."}, {"name": "Pippa", "date": "2016-02-22", "review": "Rafa was great in explaining how to pick up the keys and find the apartment. Really helpful. What an amazing location and what a fantastic space. Can not wait to come back! Apartment is well equipped, so unique. "}, {"name": "Neli", "date": "2016-03-15", "review": "Staying at Rafa`s was a great experience! A beautifully clean, comfortable and relaxing place to stay.\r<br/>The apartment had great Internet service and really comfortable bedding. Rafa was very helpfull, flexible and friendly. We felt like home. Higly recommended place to stay!\r<br/>"}, {"name": "Lucie", "date": "2016-04-01", "review": "Nous avons eu un excellent s\u00e9jour chez Hoxton. L'appartement est vraiment cool et correspond en tout point avec la description que nous en avions eu. Notre h\u00f4te a \u00e9t\u00e9 tr\u00e8s accommodant et a r\u00e9pondu rapidement \u00e0 nos questions. La localisation est impeccable pour un voyage \u00e0 Londres. Une vraie vie de quartier \u00e0 deux pas du m\u00e9tro et quelques stations du c\u0153ur de la Cit\u00e9. Je recommanderais chaudement cet appartement et n'h\u00e9siterais pas \u00e0 r\u00e9p\u00e9ter l'exp\u00e9rience."}, {"name": "\u798f\u5751", "date": "2016-04-11", "review": "This is absolutely an amazing house and really give me a special experience, Rafa is a very nice guy allowed us to leave our luggage in his house a bit late even after we check out. Next time when I come back to London here will become the first choice to stay."}, {"name": "Justine", "date": "2016-04-25", "review": "Fantastic apartment. Check in was seamless. I never met Rafa, but he was very responsive and made sure we were all settled in the place. The apartment is beautiful, light and detailed. You can tell that he has spent time creating a warm and creative environment. And a big plus... the bed is one of the most comfortable I have found. I highly recommend staying here and I hope I will be back soon. "}, {"name": "Kenny", "date": "2016-04-28", "review": "Fantastic place. Wonderful location - considerate host. Very comfortable bed. Could not be more pleased with my stay. "}, {"name": "Remie", "date": "2016-05-01", "review": "Excellent host from the start till the end of my trip. perfect location in a buzzing central part of London! Not to mention the apartments decor was very original and quirky would recommend to anyone 5* "}, {"name": "Magali", "date": "2016-05-16", "review": "L appartement est conforme au photo. Il est confortable et tr\u00e8s bien situ\u00e9 "}]}