{"id": 10919209, "listing_url": "https://www.airbnb.com/rooms/10919209", "name": "White Hill House 3 - Near St. George's Hospital", "description": "We are near St. George's Hospital in Tooting.<br />Under Gov.UK guidance we are able to accommodate those who require an interim home whilst their primary residence is unavailable and Key Workers. As the current situation is developing we as a company are prepared to deal with related issues. Please do not hesitate to contact Madison Hill should you want specifics on our COVID-19 Policy.<br /><br />\u2022 Professionally managed<br />\u2022 Reliable guest support<br /><br /><b>The space</b><br />\u2022 Telephone assisted 24/7 check-in using a key-safe<br />\u2022 Professionally cleaned with hotel-quality bed linen and towels<br />\u2022 Toiletries provided<br />\u2022 Complimentary teas, coffee, milk, sugar and biscuits<br /><br /><br />\u2022 One spacious bedroom with a double bed and good storage space<br />\u2022 Bathroom has a bath with fitted, thermostatic shower over it<br />\u2022 Open-plan living area has dining for 4, a sofa bed and storage space<br /><br /><br />FACILITIES<br /><br />\u2022 Double-glazed throughout<br />\u2022 Cen", "host_name": "Madison Hill London", "host_id": 54184847, "host_url": "https://www.airbnb.com/users/show/54184847", "host_picture_url": "https://a0.muscache.com/im/pictures/user/3ed82fa3-6e11-438a-bae0-fa229520dd24.jpg?aki_policy=profile_x_medium", "neighbourhood_cleansed": "Wandsworth", "latitude": 51.45142, "longitude": -0.14732, "property_type": "Entire rental unit", "room_type": "Entire home/apt", "accommodates": 4.0, "bathrooms": 1.0, "bedrooms": 1, "beds": 3, "amenities": ["Extra pillows and blankets", "Oven", "Fire extinguisher", "Hair dryer", "Baby bath", "Private entrance", "Hangers", "Dishes and silverware", "Essentials", "Outlet covers", "Shampoo", "TV with standard cable", "Baking sheet", "Cooking basics", "Bed linens", "Carbon monoxide alarm", "Bathtub", "Shower gel", "Heating", "Wifi", "Coffee maker", "Dishwasher", "Long term stays allowed", "Pack \u2019n play/Travel crib", "Microwave", "Portable fans", "Refrigerator", "Iron", "Body soap", "Kitchen", "Stove", "Conditioner", "Dedicated workspace", "Hot water", "Washer", "Paid parking off premises", "Children\u2019s dinnerware", "Smoke alarm", "High chair", "Dryer", "Lockbox", "Nespresso machine", "Cable TV", "Freezer"], "price": 325.0, "numbers_of_review": 10, "review_scores_rating": 4.63, "reviews": [{"name": "Susan", "date": "2016-03-23", "review": "I was met by Julie who was friendly and polite. Julie showed me round the apartment which matched all the pictures advertised."}, {"name": "Dorian", "date": "2017-09-20", "review": "Great location and accurate photos. Check in was simple. So close to the tube and plenty of places to eat nearby and just a stop or two away. Took about 30 minutes to get into Central London. Great park nearby to exercise. Needed to extend but they were booked. Gave me a great price on another available unit but just a tad out of budget. Thank you! "}, {"name": "Thibault", "date": "2017-10-01", "review": "Super s\u00e9jour ! Merci"}, {"name": "Daniel", "date": "2018-12-15", "review": "Madison Hill are good hosts - they respond quickly. The place was clean and ordered with good amenities"}, {"name": "Isabelle", "date": "2019-01-03", "review": "We had a very good experience with our stay. Very nice and clean apartment!"}, {"name": "Burcu", "date": "2019-05-01", "review": "Both Julie and Simon were so flexible and accomodating. They were quick in response and the place is perfect both in terms of location as well as being suitable for families. We felt at home, would strongly recommend this place!!"}, {"name": "Kimberley", "date": "2019-07-28", "review": "Flat 3 is fantastic. We needed a place that was clean and felt like home, where we could sleep comfortably,  relax, cook for ourselves and do laundry as needed. At Balham Hill, we could do just that. We could enjoy our time in London with all the comforts of a home  proximal to transport, shops,  groceries and lovely parks. <br/>Madison Hill were tremendous; communicative, swift to respond, and able to accommodate our arrival time flexibly."}, {"name": "Linton", "date": "2020-03-04", "review": "This is an absolutely perfect Airbnb. Zero complaints. Clean, great furniture, functional kitchen, top location, and a super friendly host. Julie is tops."}, {"name": "Fran\u00e7ois", "date": "2023-04-28", "review": "Tr\u00e8s bien. Belle qualit\u00e9 de logement."}, {"name": "Zoe", "date": "2023-05-22", "review": "Julie was an amazing host! The apartment was perfect for a group of 4! Would definitely stay here again!<br/>Thanks<br/>Zoe."}]}