{"id": 10918871, "listing_url": "https://www.airbnb.com/rooms/10918871", "name": "Voyagers End", "description": "A charming house sleeping 9 people comfortably with gorgeous antique furniture and art.<br />        <br />The front door, raised from the road level, leads into a long hallway with lots of interesting pictures and maps filling the walls, on this level is a very spacious kitchen-dining area with a solid wooden dining table and a huge window that reaches from floor to ceiling flooding the area with natural light. The kitchen is crisply finished with white, wooden cabinets and fitted with all modern amenities. A utility room with washer and dryer and a WC are found on the second floor. <br /><br />The spacious living room is on the third level, this has an ornate framed mirror hanging above the original marble fireplace and a unique 3 canvas portrait hanging above one of the sofas. The sweeping wooden floor is covered by a gorgeous Persian rug. <br /><br />The five bedrooms and two bathrooms are split between two levels: the master bedroom and en-suite is found on the fourth floor with a", "host_name": "Veeve", "host_id": 33889201, "host_url": "https://www.airbnb.com/users/show/33889201", "host_picture_url": "https://a0.muscache.com/im/pictures/user/cefcf382-a8fe-4348-9bba-ae00462784ca.jpg?aki_policy=profile_x_medium", "neighbourhood_cleansed": "Greenwich", "latitude": 51.4745, "longitude": -0.00783, "property_type": "Entire home", "room_type": "Entire home/apt", "accommodates": 9.0, "bathrooms": 2.0, "bedrooms": 5, "beds": 7, "amenities": ["Wifi", "Coffee maker", "Oven", "Washer", "Dishwasher", "Backyard", "TV", "Long term stays allowed", "Microwave", "Refrigerator", "Hair dryer", "Iron", "Indoor fireplace", "Dryer", "Kitchen", "Heating"], "price": null, "numbers_of_review": 2, "review_scores_rating": 3.5, "reviews": [{"name": "Kevin", "date": "2019-07-28", "review": "For dog lovers and those that only need one shower - really good. But for those with lots of teenagers it is a little problematic. Hoping they sort out the minor issues because, if so, it's a great stay."}, {"name": "Karen", "date": "2019-08-07", "review": "The location of this house allows very easy access to the trains.  We had no trouble at all getting around London."}]}