{"id": 10925638, "listing_url": "https://www.airbnb.com/rooms/10925638", "name": "Beautiful garden maisonette in N1.", "description": "Beautiful self contained garden maisonette in lovely tree lined road adjacent to the Regents Canal. Moments from Upper Street and easy access to Kings X, the City and Central London.", "host_name": "Lisa", "host_id": 56596672, "host_url": "https://www.airbnb.com/users/show/56596672", "host_picture_url": "https://a0.muscache.com/im/pictures/user/dbad5038-dee2-4877-aaa5-bf39dd40482d.jpg?aki_policy=profile_x_medium", "neighbourhood_cleansed": "Islington", "latitude": 51.53206, "longitude": -0.09983, "property_type": "Entire rental unit", "room_type": "Entire home/apt", "accommodates": 4.0, "bathrooms": 1.0, "bedrooms": 2, "beds": 2, "amenities": ["Extra pillows and blankets", "First aid kit", "HDTV with Amazon Prime Video", "DVD player", "Netflix", "Oven", "Hair dryer", "Wine glasses", "Dining table", "Private entrance", "Hangers", "Piano", "Cleaning products", "Dishes and silverware", "Essentials", "Baking sheet", "Cooking basics", "Bed linens", "Clothing storage", "Carbon monoxide alarm", "Bathtub", "Indoor fireplace", "Heating", "Wifi \u2013 48 Mbps", "Coffee maker", "Dishwasher", "Long term stays allowed", "Pack \u2019n play/Travel crib", "Hot water kettle", "Microwave", "Refrigerator", "Outdoor dining area", "Private patio or balcony", "Iron", "Kitchen", "Drying rack for clothing", "BBQ grill", "Toaster", "Paid street parking off premises", "Dedicated workspace", "Hot water", "Private fenced garden or backyard", "Smoke alarm", "Free washer \u2013 In unit", "Laundromat nearby", "High chair", "Lockbox", "Nespresso machine", "Outdoor furniture", "Freezer"], "price": 175.0, "numbers_of_review": 10, "review_scores_rating": 4.86, "reviews": [{"name": "Alvaro", "date": "2021-09-03", "review": "Lisa's place is in the perfect location--a leafy, quiet street but close to all the shops and restaurants around Angel, and of course the tube station itself. Her house is cosy, and has a beautiful garden and dining room-cum-conservatory. She is a very communicative and flexible host, which we appreciated greatly!"}, {"name": "Christian", "date": "2022-04-17", "review": "Great setting for people wanting to explore London. Lisa is a wonderful host. She went to great lengths to make sure our stay was perfect, even organizing a baby cot and chair with very short notice.<br/>Also, the apartment is located perfectly. It\u2019s close to transport and loads of great restaurants, pubs and playgrounds/parks (the last being a plus for families).<br/>Would highly recommend this to others."}, {"name": "Jose Victor", "date": "2022-06-06", "review": "a fantastic place. great location next to the canal. Lisa is very attentive and on top of everything. a very nice lived in place. would go back without hesitation."}, {"name": "Myl\u00e8ne", "date": "2022-07-31", "review": "Super s\u00e9jour dans la maison de Lisa. Quartier calme et charmant. Proche de tous commerces et station de m\u00e9tro. Proche du centre de Londres et des routes les destinations touristiques. La maison est tr\u00e8s agr\u00e9able. Ma jardin est super sympa. Lisa est tr\u00e8s accueillante et sympathique."}, {"name": "Samara", "date": "2022-08-14", "review": "The best Airbnb experience. From initial enquiry and throughout our stay, Lisa was a brilliant host and we felt so welcome. Ideal location for exploring London. Gorgeous property, outdoor space, quiet street and wonderfully cool on hot summer London days. Our dog loved the property too and walks by the canal and nearby gardens."}, {"name": "Annie", "date": "2022-08-25", "review": "Fantastic location in Angel near great pubs, parks, and shops. Garden and kitchen are lovely. Highly recommended for a stay in London!"}, {"name": "Sarah", "date": "2022-09-02", "review": "We loved staying in this Air BnB which was the first one we'd been to in ages which was a much loved and lovely home vs a holiday rental.<br/>It's a gorgeous location very near Angel and Regent's Canal. The maisonette is spacious and very stylishly designed. It is very well stocked with everything you could possibly need.<br/>Lisa was a very communicative and kind host. We appreciated that she asked what she could get in for us before we arrived then organised with her housekeeper to get milk for our milk-hungry toddler's arrival. <br/>The only very minor thing was the towel situation. There wasn't a towel per guest, and the ones we could find were quite small and old. Probably an oversight and I'd still totally go back."}, {"name": "Kenneth", "date": "2022-10-31", "review": "S\u00e9jour tr\u00e8s agr\u00e9able dans une maisonette tr\u00e8s confortable, id\u00e9ale pour deux adultes et deux adolescents. Situation tr\u00e8s calme , mais a 500m du quartier de l'Angel avec ses commerces et restaurants."}, {"name": "Abby", "date": "2022-12-30", "review": "My family of 4 stayed here over the holidays and it was perfect. The beds were so comfortable and the kitchen is lovely. The location can\u2019t be beat. The host, Lisa, was lovely and very responsive. Highly recommend."}, {"name": "Monika", "date": "2023-07-10", "review": "Lisa\u2018s Unterkunft ist wunderbar!<br/>Wir haben uns sehr wohlgef\u00fchlt,  die Wohnung ist gem\u00fctlich und komfortabel, sie hat eine perfekt ausgestattete K\u00fcche (inclusive scharfen Messern!) und tolle Matratzen in den Betten.<br/>Besonders liebten wir den lichtdurchfluteten Essplatz und den gem\u00fctlichen Garten im Hinterhof.<br/>Die Kommunikation mit Lisa war gro\u00dfartig, vor, w\u00e4hrend und nach unserem Aufenthalt.<br/>Eine tolle Unterkunft in London! Wir kommen gerne wieder!"}]}