{"id": 1093943, "listing_url": "https://www.airbnb.com/rooms/1093943", "name": "Private room with double bed", "description": "<b>The space</b><br />Modern single room with plasma tv and private balcony.Play station 3 and use of modern kitchen.", "host_name": "Ana", "host_id": 6010300, "host_url": "https://www.airbnb.com/users/show/6010300", "host_picture_url": "https://a0.muscache.com/im/pictures/user/492fa42b-ead1-4c27-8e4d-ff9a3dce04d2.jpg?aki_policy=profile_x_medium", "neighbourhood_cleansed": "Ealing", "latitude": 51.50683, "longitude": -0.26551, "property_type": "Private room in home", "room_type": "Private room", "accommodates": 1.0, "bathrooms": 1.0, "bedrooms": 1, "beds": 1, "amenities": ["Washer", "Long term stays allowed", "TV", "Heating", "Dryer", "Kitchen", "Wifi"], "price": 50.0, "numbers_of_review": 3, "review_scores_rating": 4.0, "reviews": [{"name": "Barbora", "date": "2017-04-17", "review": "Comfortable room and modern facilities with even your own tv. I chose the area because of its proximity to my workplace however the public transport options were very convenient, practically on your doorstep!"}, {"name": "Samuel", "date": "2022-09-20", "review": "Quiet, clean, balcony area, welcoming. Good value for money."}, {"name": "Man Nga", "date": "2023-09-23", "review": "Anna is a very nice, friendly and warm host. She always had a smile and responded to my questions quickly. Room is tidy, bathroom is clean. There is also plenty of private space, I felt very comfortable during my stay : D"}]}