{"id": 10936772, "listing_url": "https://www.airbnb.com/rooms/10936772", "name": "Cozy room in charming Mile End", "description": "The room is located in a cozy shared house in East London. Thus, guests need to be respective to my very nice and friendly roommates. This also includes avoiding long baths in morning rush hour. :-) Some of my personal belongings will be in the room.", "host_name": "Laura", "host_id": 12199038, "host_url": "https://www.airbnb.com/users/show/12199038", "host_picture_url": "https://a0.muscache.com/im/pictures/user/be337830-4a81-4bf0-8dd9-f6ce8472c18a.jpg?aki_policy=profile_x_medium", "neighbourhood_cleansed": "Tower Hamlets", "latitude": 51.52311, "longitude": -0.03335, "property_type": "Private room in home", "room_type": "Private room", "accommodates": 2.0, "bathrooms": 1.5, "bedrooms": 1, "beds": 1, "amenities": ["Washer", "Long term stays allowed", "Heating", "Kitchen", "Wifi"], "price": 30.0, "numbers_of_review": 4, "review_scores_rating": 4.0, "reviews": [{"name": "S\u00e9bastien", "date": "2016-03-15", "review": "Une bonne adresse pour un voyage \u00e0 Londre de 2-3jours. Id\u00e9ale pour les personnes en quette d'autonomie. Lit tr\u00e8s confortable et wifi fonctionnelle. "}, {"name": "Angelo", "date": "2016-03-30", "review": "Laura was very kind and available, informed me about useful app for London  tour. The room was cozy and tidy."}, {"name": "Franziska", "date": "2016-04-19", "review": "Laura is an amazing host. Really helpful, kind and reachable. The room and the bed is cozy and tidy - We would come back. Thanks for that great stay at your home, Laura :) "}, {"name": "Kora", "date": "2016-06-06", "review": "Thank you Laura your room was lovely"}]}