{"id": 10933870, "listing_url": "https://www.airbnb.com/rooms/10933870", "name": "Spacious, Private room in zone 2", "description": "I will be away from September 10-Dec 2nd and am looking for someone to rent my room while I am on tour.Room is spacious and the flat is in a great area with lots of shops and restaurants while still being residential.\u00a3 600/month all in<br /><br /><b>The space</b><br />It is a bright spacious flat with layout ideal for privacy, Double bed medium sized room. Large living room with high ceilings.<br /><br /><b>Guest access</b><br />There is no backyard area.", "host_name": "Dana", "host_id": 7619052, "host_url": "https://www.airbnb.com/users/show/7619052", "host_picture_url": "https://a0.muscache.com/im/users/7619052/profile_pic/1427192636/original.jpg?aki_policy=profile_x_medium", "neighbourhood_cleansed": "Brent", "latitude": 51.54175, "longitude": -0.20863, "property_type": "Private room in rental unit", "room_type": "Private room", "accommodates": 1.0, "bathrooms": 1.0, "bedrooms": 1, "beds": 1, "amenities": ["Wifi", "Washer", "Shampoo", "TV with standard cable", "Hair dryer", "Hangers", "Kitchen", "Cable TV", "Heating"], "price": 26.0, "numbers_of_review": 2, "review_scores_rating": 4.5, "reviews": [{"name": "Bob", "date": "2016-10-03", "review": "This listing is exactly what is advertised. It is a nice, affordable room in a good location. A fantastic Italian cafe just around the corner. Yum! Dana was very responsive and helpful. "}, {"name": "David", "date": "2016-11-27", "review": "Dana was working on a tour when I was visiting but made all the arrangements for my arrival and departure. Everything worked smoothly and I enjoyed my stay a lot. It was exactly what I needed, where I needed it. Thanks a lot Dana"}]}