{"id": 10937579, "listing_url": "https://www.airbnb.com/rooms/10937579", "name": "One bed in Hampstead Village", "description": "A charming split level flat in period town house. Located a minutes walk away from the historic high street of Hampstead Village, with bustling boutique shops, restaurants and patisseries.  Not to mention the famous Hampstead Heath.<br /><br /><b>Other things to note</b><br />The property is not suited for young families or people with mobility problems.", "host_name": "Abigail", "host_id": 54950753, "host_url": "https://www.airbnb.com/users/show/54950753", "host_picture_url": "https://a0.muscache.com/im/pictures/user/a61c6db4-2f79-408b-8115-13e60b5fd4fa.jpg?aki_policy=profile_x_medium", "neighbourhood_cleansed": "Camden", "latitude": 51.55695, "longitude": -0.17118, "property_type": "Entire rental unit", "room_type": "Entire home/apt", "accommodates": 2.0, "bathrooms": 1.0, "bedrooms": 1, "beds": 1, "amenities": ["Essentials", "Wifi", "Washer", "Long term stays allowed", "TV with standard cable", "Fire extinguisher", "Smoke alarm", "Iron", "Carbon monoxide alarm", "Kitchen", "Cable TV", "Heating"], "price": 100.0, "numbers_of_review": 12.0, "review_scores_rating": 4.91, "reviews": [{"name": "Nima", "date": "2016-02-21", "review": "\"Awsome\" is how my 9 year old described staying here. He especially loved the shark chair and tiger pillow! This is a beautiful home, full of light, colour, a feeling of space and very comfortable. Minutes from Hampstead tube, shops and the one and only Heath. "}, {"name": "Ashley", "date": "2016-04-06", "review": "This was a fantastic flat. Definitely my favorite rental of the 4 different places I stayed during my 12 day trip abroad. I loved the art on the walls, the modern furniture and bathroom. It was very colorful, clean and in a lovely part of town. Just a few minute walk to the tube, restaurants, shopping and coffee shops. "}, {"name": "Darren", "date": "2016-08-08", "review": "Thank you for an excellent stay. The flat is  very nice and perfectly located next to the cafes, amenities and Hamspead Heath. The host and her family were very helpful in all respects. "}, {"name": "Audrey", "date": "2016-08-10", "review": "Abigail's flat was very charming and lovely! "}, {"name": "Kathryn", "date": "2016-08-17", "review": "Adored Abigail's charming, warm and welcoming flat! Quiet and quaint street and well situated near to various neighborhoods. Great communications. Highly recommended!"}, {"name": "Andreas", "date": "2016-08-24", "review": "Our short stay in the flat has been a real pleasure. All-round great accommodation with all the necessary and then some. And very hospitable and well organised host. Excellent."}, {"name": "Evelyn", "date": "2016-10-30", "review": "Abigail's flat has been a delight throughout - as comfy as the pictures suggested, superb location in Hampstead, in itself - for us - the finest location in London, very quiet neighborhood, close both to Hampstead centre and the Heath, reliable, very friendly welcome and introduction arranged. We spent a few days in her place and would come again any time. Thanks a lot, Abigail!"}, {"name": "Nuntana", "date": "2017-04-04", "review": "I actually love the house. It's so lovely and well-organised and I would recommend you to stay here. The only issue we had is the communication on check in so if you want to stay at Abigail's place which is super lovely, please communicate exactly on check-in time and what is needed for your trip. In my case I found that there is no hair dryer and I needed it so it's a little annoying that it wasn't there. "}, {"name": "Margaret", "date": "2017-04-14", "review": "I cannot recommend Abigail's apartment highly enough. <br/>She has created a wonderful space in the heart of Hampstead. Beautiful natural light in the living area. Oh so comfortable bed. Modern bathroom. Space. Views. The Heath. Public transport. The list goes on. <br/>Thank you Abigail and also for your wonderful communication. <br/>I'll be back! "}, {"name": "Efi", "date": "2017-07-23", "review": "Exceptionally nice flat close to all amenities clean comfortable"}]}