{"id": 10939135, "listing_url": "https://www.airbnb.com/rooms/10939135", "name": "Beautiful Victorian townhouse", "description": "Spacious, modern, sunny 4 bedroom Victorian home in a beautiful area in zone 3. Spoilt for choice with parks, pubs, shops and restaurants. Great transport links and safe. Situated between Earlsfield and Tooting Broadway stations. Only 30 min to Oxford Street.<br /><br /><b>The space</b><br />Our home is split over 3 floors, is spacious, well maintained and very homely. kitchen and living space on the ground floor, 2 bedrooms and a bathroom on the 1st floor and 1 bedroom with an en-suite on the 2nd floor. It is our pride and joy and we hope that our guests will enjoy the comfort as much as we do. Our garden is quaint but is a sun trap most of the day. There is a BBQ to enjoy if the weather is pleasant. The kitchen/diner is spacious and bright and has a dishwasher, oven and microwave. There are 3 toilets in the property and 2 shower rooms.<br /><br /><b>Guest access</b><br />Our home is a 4 bedroom house, however, we are using one room to store our personal belongings in when letting the", "host_name": "Matt", "host_id": 49391763, "host_url": "https://www.airbnb.com/users/show/49391763", "host_picture_url": "https://a0.muscache.com/im/pictures/user/5571a0b7-c121-4aed-945a-38a8ce029634.jpg?aki_policy=profile_x_medium", "neighbourhood_cleansed": "Wandsworth", "latitude": 51.43315, "longitude": -0.18138, "property_type": "Entire home", "room_type": "Entire home/apt", "accommodates": 6.0, "bathrooms": 2.0, "bedrooms": 3, "beds": 3, "amenities": ["Essentials", "Wifi", "Washer", "Long term stays allowed", "TV with standard cable", "Smoke alarm", "Hair dryer", "Iron", "Carbon monoxide alarm", "Hangers", "Kitchen", "Cable TV", "Heating"], "price": 150.0, "numbers_of_review": 3, "review_scores_rating": 5.0, "reviews": [{"name": "Irene", "date": "2016-03-31", "review": "Matt was the most welcoming showing me around and being really nice and quick to reply at all times. His house was beautiful and warming, all the rooms are spacious and comfortable, we were filming throughout the weekend and we never had a problem with anything. Great internet and TV! "}, {"name": "V\u00e9ronique", "date": "2017-04-17", "review": "Matt's house is very welcoming and charming.<br/>We spent a very good time over there.<br/>The house is well located, in a quiet area, close to a bus stop and subway station."}, {"name": "Cl\u00e9ment", "date": "2017-04-30", "review": "A beatiful house and a really nice host."}]}