{"id": 10948768, "listing_url": "https://www.airbnb.com/rooms/10948768", "name": "Studio Flat 10 min walk to Big Ben and London eye", "description": "Beautifully presented Studio flat in the heart of london, Close to Big Ben, Palace of Westminister, Westminister Abbey. London eye and southbank. Finished to an exceptionaly high standard. Free Wifi. Ground floor.<br /><br /><b>The space</b><br />Good sized studio space for central London. <br />UK Queen size bed, with luxuary mattress for an amazing nights sleep.<br />Digital TV with Netflix access. <br />2 leather arm chairs and coffee table. <br />Free WIFI throught. Bathroom finished to a high standard with rainfall shower. Toilet with bidet function. Kitchen with gas stove, oven and microwave. Kettle. Hair dryer. Laundry facility Within the flat. Ground floor views overlooking secluded park.<br /><br /><b>Guest access</b><br />Access to the entire flat.", "host_name": "Kamal", "host_id": 21016982, "host_url": "https://www.airbnb.com/users/show/21016982", "host_picture_url": "https://a0.muscache.com/im/pictures/user/f82352fa-b15c-4b86-98ba-9ecefc9c3a45.jpg?aki_policy=profile_x_medium", "neighbourhood_cleansed": "Lambeth", "latitude": 51.49354, "longitude": -0.11731, "property_type": "Entire rental unit", "room_type": "Entire home/apt", "accommodates": 2.0, "bathrooms": 1.0, "bedrooms": null, "beds": 1, "amenities": ["Oven", "Fire extinguisher", "Hair dryer", "Hangers", "Dishes and silverware", "Essentials", "Shampoo", "TV with standard cable", "Bed linens", "Carbon monoxide alarm", "Indoor fireplace", "Wifi", "Heating", "Long term stays allowed", "Microwave", "Refrigerator", "Kitchen", "Stove", "Paid parking off premises", "Washer", "Smoke alarm", "Cable TV"], "price": 120.0, "numbers_of_review": 24.0, "review_scores_rating": 4.39, "reviews": [{"name": "Frank", "date": "2016-02-22", "review": "Everything perfect, room comfortable, modern and clean as expected. Kamal explained everything and also gave advices for nice places in London. Thx for everything :)!"}, {"name": "Maxim", "date": "2016-04-09", "review": "Kamal's place is amazing. In 10-20 mins walking you can reach the most popular places in center of the city. The apartment is very clean, comfortable and modern."}, {"name": "Lisa & Matt", "date": "2016-06-18", "review": "Kamal and his flat are bout amazing.  Kamal is very easy to work and responds very quickly to all communications.  The flat is one of the best that we have stayed in.  It is extremely clean, modern, and comfortable.  It is ideal for a couple:  \r<br/>\r<br/>Things we loved:\r<br/> - Location:  Located in a quite are, it is an easy walk to food and transportation.  It is also on the ground floor so you don't have to carry bags up steps.\r<br/> - Ultra modern bathroom:  Seriously great shower - hot and strong.  It even has one of the cool rain shower heads.  \r<br/> - Luxurisious bed:  Very comfortable with satin sheets\r<br/> - Fully equipped kitchen:  Everything is provided including pots, pans, full freezer, refrigerator, and even spices\r<br/> - Connected flat:  Kamal spent time connecting his entire flat which was nice.  His had a smart TV which gave us access to Netflix etc, and we could even control the environment with our smart phone\r<br/>\r<br/>All in all this was a great experience and we would highly recommend the flat.  "}, {"name": "Richard", "date": "2016-07-09", "review": "Kamal's place was even better than shown in the photos and was incredibly tidy and clean when we arrived. The kitchen was very well equipped with plenty of room to prepare food, and the bathroom although small, was beautifully designed, spotlessly clean and had a fantastic rain shower. Kamal was a great host who made check in very easy and quick. He went out of his way to make sure that we could check in at a time that was convenient to us and was a pleasure to deal with, as he promptly replied to all messages. All in all we had a fantastic stay and would thoroughly recommended Kamal's apartment. "}, {"name": "Simone", "date": "2016-09-29", "review": "This was a great apartment for an extended stay. I was there for almost two weeks for a business trip. The apartment was incredibly clean, modern, and quiet. Wifi and tv were easy to use and reliable. The location afforded me a lovely 30 minute walk along the river to work each morning. Kamal was incredibly easy to communicate with and did whatever he could to make sure my stay was comfortable. I would definitely stay here again!"}, {"name": "Paul", "date": "2017-04-28", "review": "Beautiful place and great communication with Kamal. "}, {"name": "Theo", "date": "2019-11-01", "review": "Ideal location. A little disappointed on the cleanliness of the house, especially the dishes and the bathroom. Nevertheless the apartment is pleasant"}, {"name": "Brianna", "date": "2019-11-09", "review": "Kamal\u2019s place was very nice and better than expected! Positioned next to public transportation and easy to get around. Communication was very quick and effective. Any issues I had were resolved quickly. Highly recommend. Would stay here again should the opportunity arise."}, {"name": "Johann", "date": "2019-11-11", "review": "Super moment pass\u00e9 chez Kamal dans un appartement tout confort. Je recommande"}, {"name": "Jim", "date": "2019-11-16", "review": "Quiet space, beautiful shower, clean flat. There is a lovely cafe two doors down with great breakfast food."}]}