{"id": 10944391, "listing_url": "https://www.airbnb.com/rooms/10944391", "name": "Cosy single bedroom in Islington", "description": "Single bedroom to rent in 5 bedroom house in Islington.<br />* Females only please *<br /><br /><b>The space</b><br />The bedroom is on the ground floor of the house. It is light, airy and quiet.  Bedroom includes a wardrobe and desk. There is a private door from the bedroom out to the garden. The bedroom currently has a wardrobe and a desk in the room.<br /><br />5 min walk to Highbury and Islington station and Caledonian Road station and Upper Street (local shops and excellent restaurants)<br /><br />Walking distance to Kings Cross - 20 minutes. Bus routes 43, 4, 19, 30, 271, 393, 153, 17, 91 and 274 all very close. <br /><br />It is a family home with my mum and sister living there.<br /><br />Rent includes all bills and wifi internet. <br /><br />If you would like to arrange a visit, simply get in touch. <br /><br />Thank you :)", "host_name": "Tanjinah", "host_id": 9732893, "host_url": "https://www.airbnb.com/users/show/9732893", "host_picture_url": "https://a0.muscache.com/im/pictures/user/bd3e617e-373c-4230-a0a0-45079d54efc3.jpg?aki_policy=profile_x_medium", "neighbourhood_cleansed": "Islington", "latitude": 51.54515, "longitude": -0.11204, "property_type": "Private room in home", "room_type": "Private room", "accommodates": 1.0, "bathrooms": 1.5, "bedrooms": 1, "beds": 1, "amenities": ["Essentials", "Wifi", "Long term stays allowed", "TV", "Refrigerator", "Smoke alarm", "Hangers", "Kitchen", "Heating", "Lock on bedroom door", "Dishes and silverware"], "price": 35.0, "numbers_of_review": 12.0, "review_scores_rating": 4.42, "reviews": [{"name": "Becki", "date": "2016-07-09", "review": "I had a lovely stay, Tanjinah's family were really warm and welcoming and the house was very close to Angel and Highbury and Islington. The room was clean and had everything I needed and I felt safe in the area."}, {"name": "Tatiana", "date": "2016-11-03", "review": "the location is wonderful (close to two tube station, many buses and near upper street, where you can find many restaurants,pub and stores). The room is cramped (but it is ok, if you don t do to spend much time inside it). The family is nice (specially if you have luck to be friend of the oldest sister that lives in the house, she is a london lover, know many secrets in the city). You can t drink alcool and eat pork (it is forbideen for their religion). "}, {"name": "Jianhong", "date": "2019-12-02", "review": "Enjoyed my stay! Neibourhood is safe and the location is good, with easy access to metro and bus stations. Hosts are very warm and helpful."}, {"name": "Joanna", "date": "2021-10-16", "review": "simple but clean room. great location and very friendly host"}, {"name": "Ewa", "date": "2021-10-22", "review": "Very nice people, cosy place and the convenient location. I highly recommend!"}, {"name": "Bianca", "date": "2021-10-28", "review": "What a lovely house very clean very homely the room was cosy and warm. On a whole it was great value for money and I would return the family Were also kind and warm. Thank you very much for the lovely stay I will be coming back"}, {"name": "Alison", "date": "2021-11-24", "review": "It was a fine stay. People were friendly, bed was clean. A few things could have been better like the communication and the size of the room but it did the job and was ok for the price. Location was awesome, very easy to get around from being a short walk from 2 tube stations."}, {"name": "Christel", "date": "2021-11-27", "review": "First of all, Tanjinah and her family are very kind! <br/>Realizing I would have liked to read an honest review about the comfort while staying here, before I booked this place, I write this with honesty. <br/>Unfortunately, it wasn't a pleasant stay for me. <br/>Because the walls and ceilings are thin, you hear literally every word, footsteps and loud squeeking from the door upstairs, and also voices directly next to your bed from the neighbors next door. The bed was uncomfortable (and diagonal), and there was a lack of cleanliness of the floor and table in the room.<br/>The location is perfect and the family is kind. <br/>Unfortunately I didn't feel comfortable due to the noise and uncomfortable bed, which made it difficult to have a good night of rest and wouldn't stay here again."}, {"name": "Aparna", "date": "2021-12-12", "review": "Good location but very small and basic room, just enough for one person to sleep and get dressed. The house is clean overall but the room could be better, the carpets were stained and the furniture was dusty. Don't stay here if you plan to work from home because although there is a desk, there's no chair or room for one - you'll have to sit on the bed to work and my back couldn't take it for more than two days. There's a very small WC on the same floor, and the shower is two floors upstairs and shared with other folks, but it was always available for me when I needed it. In some days, there was excessive noise in the house - what sounded like very loud arguments and shouting. Tanjinah's mum was lovely and a great host, she let me in very late when my flight was delayed and was also very gracious about it. Tanjinah was great with communicating over text."}, {"name": "Abby", "date": "2022-06-08", "review": "Really great room for the price, it\u2019s a quick walk to two tube stations and the neighborhood is great. The house is clean and quiet and Tanjinah and her mum were very welcoming and flexible with check-in when my flight was delayed, which I appreciated."}]}