{"id": 10945211, "listing_url": "https://www.airbnb.com/rooms/10945211", "name": "Jasmine Cottage", "description": "A 3 bedroom house located in a quiet picturesque mews in Pimlico London, just a 10 to 20 minute walk from key London attractions (Buckingham Palace, Tate Britain, Houses of Parliament, Sloane Square).  Pimlico tube station is 2 minutes walk away.<br /><br /><b>The space</b><br />This charming and quintessential mews property is located in a quiet residential area in Pimlico. It is located east of St Georges Square and is accessed via Aylsford Street.  The mews was home to a very prominent British politician.<br /><br />St. George's Square Garden and Pimlico Garden and Shrubbery are just around the corner, and the River Thames is nearby.<br /><br /><b>Guest access</b><br />Guests have full access to the house and its facilities.<br /><br />Please note that the house is spaced over 3 floors. Bedrooms, toilets and shower room/bathroom are based on the upper 2 floors. This means that the house is not suitable for the elderly, disabled and infirm as the upper floors can only be accessed by ", "host_name": "Nicola", "host_id": 26200973, "host_url": "https://www.airbnb.com/users/show/26200973", "host_picture_url": "https://a0.muscache.com/im/users/26200973/profile_pic/1423579201/original.jpg?aki_policy=profile_x_medium", "neighbourhood_cleansed": "Westminster", "latitude": 51.48596, "longitude": -0.13387, "property_type": "Entire home", "room_type": "Entire home/apt", "accommodates": 5.0, "bathrooms": 2.0, "bedrooms": 3, "beds": 4, "amenities": ["First aid kit", "Fire extinguisher", "Hair dryer", "Private entrance", "Hangers", "Crib", "Dishes and silverware", "Luggage dropoff allowed", "Essentials", "Shampoo", "Carbon monoxide alarm", "Wifi", "Heating", "Children\u2019s books and toys", "Coffee maker", "Long term stays allowed", "Pack \u2019n play/Travel crib", "TV", "Microwave", "Iron", "Kitchen", "Gym", "Hot water", "Washer", "Paid parking off premises", "Smoke alarm", "High chair", "Dryer", "Lockbox"], "price": 314.0, "numbers_of_review": 95.0, "review_scores_rating": 4.95, "reviews": [{"name": "Angela", "date": "2016-03-17", "review": "Listing as described - cottage is beautiful and well-equipped and the host could not have been more helpful or accommodating.  I will stay again! "}, {"name": "Jennifer", "date": "2016-04-13", "review": "Great stay, the house is gorgeous, beautifully decorated and immaculate.  The hosts were extremely helpful and very accommodating.   I would definitely stay here again and recommend. "}, {"name": "Saul", "date": "2016-05-17", "review": "Great location!  5 min walk to Pimlico station and 20 min walk to Big Ben and Westminster Abbey.  Apartment was very comfortable and everything worked well.  Hosts were very accommodating and even left some complimentary coffee, snacks, and fruit.  Highly recommend staying here!"}, {"name": "Adrian", "date": "2016-05-29", "review": "Thanks a lot, we really enjoyed the stay and would love to stay again in the future.\r<br/>\r<br/>Great house , great location and having a few items in for our stay made it a home from home."}, {"name": "Tariq", "date": "2016-06-01", "review": "\r<br/>We had an amazing stay for half term at Jasmine Cottage in the heart of Pimlico with our 5 yr old twin boys.   The house is immaculate with pretty well everything we could need.  From arrival to departure we really felt at home.  The hosts gave us detailed information for our stay which was extremely helpful.    A big plus for us, was to be able to park our car right outside the front door.  Amazingly the neighbours welcomed us as we arrived!\r<br/>The location meant we were walking distance to Big Ben and the London Eye!  We did all the local attractions with the our boys on foot, water taxi, bus and underground.  They now think it's our London home!\r<br/>\r<br/>We plan to come more frequently to London as we now have perfect place to stay!\r<br/>"}, {"name": "Siri", "date": "2016-06-29", "review": "This was our first Airbnb experience, and we were wow\u2019d. Nicola and Jason are outstanding hosts! Communication was excellent and unfailingly responsive. They went out of their way to help us plan activities in advance, ensure the cottage was thoughtfully stocked with everything we could possibly need, based on our own tastes which they surveyed in advance, and help make our London visit amazing. An enormous THANK YOU to Nicola and Jason!\r<br/>\r<br/>The cottage was spotless, modern and perfect for our family of 4. The master with a king-sized bed is on the top floor, where the balcony allows for a nice weather-check and view down the mews. The 2nd floor has two rooms: one bedroom with 2 twin beds and a small 3rd room, set up with an extra bed. The cottage is a model of efficiently used space. As a particularly tall family with 2 older teenage boys, we never felt cramped over 9 days.\r<br/>\r<br/>The neighborhood felt safe. It\u2019s about 2 blocks from the Pimlico Tube stop, and 10 minutes\u2019 walk to Victoria Station, and maybe 15 minutes' walk to Big Ben/Westminster Abbey/Parliament. So getting around was incredibly easy. The closest pub, The Gallery, was friendly and convenient, and Jason recommended nearby Italian restaurant O Sole Mio where the very reasonable, delicious food was a good choice for our family.\r<br/>\r<br/>This was an enormously greater value than any hotel stay. I would choose Jasmine Cottage again in a heartbeat. Highly recommended to any London visitors!\r<br/>"}, {"name": "Lori", "date": "2016-07-10", "review": "I came to London with my elderly mother and teenage niece (quite the age span!) We need space to keep our sanity for 10 days. I couldn't imagine a better place to stay in all of London! So centrally located I could easily walk to tube or Westminster!!! Quiet and such a safe neighborhood. The house itself is lovely. Open and airy and ALL comforts of home.  I meet with the husband who was extremely detail in important information. They were always accessible. Just a lovely lovely stay!!!!! So happy ;-)<br/>L.   "}, {"name": "Tanya", "date": "2016-07-20", "review": "The property is in a lovely area of London and our hosts communicated quickly, and very clearly.  The flat was very well kept with great extras and lovely fixtures and fittings.  During our stay London was very hot so the flat was very warm and it made the journeys up and down the winding stairs uncomfortable.  This is a lovely flat but if you have larger luggage you may struggle to get it up to the top bedroom."}, {"name": "Genevieve", "date": "2016-07-30", "review": "We had a wonderful time in the house. It was so lovely with great equipments. Perfect for a family.<br/>The house itself was comfortable. The location in London was great and the underground station is very close.<br/>The district was nice with shops and restaurants (3  convenient stores) and a friendly neighbourhood.<br/>The host are friendly and welcoming (the  children had surprises waiting for them in their room)."}, {"name": "Susanne", "date": "2016-08-06", "review": "Stayed here with kids and Grandad. Stairs are steep but children loved them. <br/>They enjoyed all the books and board games too. <br/>Lovely welcome hamper and toiletries-felt very spoilt. <br/>Great location-easy walking to tube / tourist spots and felt safe at night.<br/>Will recommend and hope to be back again. Thank you."}]}