{"id": 10953345, "listing_url": "https://www.airbnb.com/rooms/10953345", "name": "Lovely double room Kings X/Angel", "description": "I am renting my room as I am going on a trip for 2 weeks. The house is lovely, all refurbished, in the trendy area of Kings X (5 minute walk to the station). The room is very quiet with shutters, the bed is very comfy.<br /><br /><b>The space</b><br />5 minute walk from kings cross, access to 5 metro lines, very easy to go wherever you need in London. The house is located next to the canal, you can walk along the canal to go to Camden, it will take 20 minutes.<br /><br /><b>Guest access</b><br />You will be able to access the living room, the kitchen, the bathroom and my room.", "host_name": "Alexis", "host_id": 56808177, "host_url": "https://www.airbnb.com/users/show/56808177", "host_picture_url": "https://a0.muscache.com/im/pictures/user/61a1d1b8-b228-48e1-89b1-a73768fd6521.jpg?aki_policy=profile_x_medium", "neighbourhood_cleansed": "Islington", "latitude": 51.53527, "longitude": -0.11877, "property_type": "Private room in home", "room_type": "Private room", "accommodates": 2.0, "bathrooms": 1.0, "bedrooms": 1, "beds": 1, "amenities": ["Essentials", "Wifi", "Washer", "Long term stays allowed", "Shampoo", "TV", "Smoke alarm", "Iron", "Dryer", "Hangers", "Kitchen", "Heating"], "price": 32.0, "numbers_of_review": 1, "review_scores_rating": 4.0, "reviews": [{"name": "Raven", "date": "2016-04-10", "review": "Though we had a miscommunication at the beginning, but things were OK at the end, I am glad I got the chance to stay in Alexis' room and the house mates are helpful. Good location, approximate 10mins away from King's cross station, quiet and peaceful neighborhood. A Tesco and restaurants are nearby. Room is bright and neat! I would like to stay there again next time!"}]}