{"id": 10953949, "listing_url": "https://www.airbnb.com/rooms/10953949", "name": "NEWLYbuilt,veryCleanSTUDIOnrWimbledon-21MinsLONDON", "description": "21 Minutes To London- Waterloo[=WAT]  Station [=Central London]<br />============================================<br />Studio [=Apartment] with 2 Single Beds with En-Suite [Bath with Toilet] for upto 2 persons.<br />===========<br />We provide Mini  Kitchen , Mini fridge- freezer & Microwave  only for your group[ max 2 persons]  to prepare your own simple foods.<br />========<br />Wimbledon Tennis Courts are only 2 stops away by train [ only 7 minutes].<br />(URL HIDDEN) place<br /><br /><b>The space</b><br />https://www.airbnb.co.uk/rooms/10920533<br /><br /><br />Airbnb room number  registered / identified  ;      airbnb.co.uk/rooms/10920533<br /><br /><br />Thanks<br />Young<br /><br /><b>Other things to note</b><br />3 ways to find journey plan [Ex, start @ Motspur Park rail station arrive @ (London ) Waterloo rail station]=============================================================== 1st. ; best , live & latest choice ; use (SENSITIVE CONTENTS HIDDEN) program to search A rail sta", "host_name": "Young \uc601\uc6d0", "host_id": 56469941, "host_url": "https://www.airbnb.com/users/show/56469941", "host_picture_url": "https://a0.muscache.com/im/pictures/user/fd333de6-9df3-4b24-83a1-8125bdeccb36.jpg?aki_policy=profile_x_medium", "neighbourhood_cleansed": "Kingston upon Thames", "latitude": 51.39292, "longitude": -0.24299, "property_type": "Entire rental unit", "room_type": "Entire home/apt", "accommodates": 2.0, "bathrooms": 1.0, "bedrooms": 1, "beds": 2, "amenities": ["Essentials", "Wifi", "Hot water", "Washer", "Free parking on premises", "Shampoo", "Long term stays allowed", "TV with standard cable", "Host greets you", "Cooking basics", "Hair dryer", "Private entrance", "Iron", "Bathtub", "Hangers", "Kitchen", "Cable TV", "Heating"], "price": 54.0, "numbers_of_review": 33.0, "review_scores_rating": 4.76, "reviews": [{"name": "JungYoon", "date": "2017-08-29", "review": "\uae54\ub054\ud55c \uc219\uc18c\uc785\ub2c8\ub2e4"}, {"name": "I", "date": "2017-09-24", "review": "Small but very secure with many cameras around. Can do some very basic cooking. The host controlled the heating and put sign in the flat declaring no footwear in the studio otherwise a \u00a350 fine."}, {"name": "DongJun", "date": "2017-10-14", "review": "\uc219\uc18c \uae68\uae0b\ud558\uace0 \ub113\uace0 \ucde8\uc0ac\ub3c4\uad6c\ub3c4 \ub9ce\uc544 \uc9c0\ub0b4\ub294\ub370 \ub108\ubb34 \ud3b8\ud558\uace0 \uc88b\uc558\uc5b4\uc694. \uc9d1\uc8fc\uc778 \ubd80\ubd80 \ubd84\ub4e4\uc774 \uc544\uc8fc \uc138\uc2ec\ud558\uac8c \uc798 \ucc59\uaca8\uc8fc\uc154\uc11c \ubd88\ud3b8\ud568\uc774 \ud558\ub098\ub3c4 \uc5c6\uc5c8\uc2b5\ub2c8\ub2e4. \uc8fc\ubcc0\uc5d0 \uac00\uae4c\uc6b4 \ub9c8\ud2b8\uac00 \uc5c6\uc5b4\uc870\uae08 \ubd88\ud3b8\ud558\uc9c0\ub9cc \uc9d1\uc740 \uc544\uc8fc \ud6cc\ub96d\ud569\ub2c8\ub2e4"}, {"name": "Kai", "date": "2018-07-16", "review": "Young's property is very well located, clean with perfect list of facilities.  More importantly, Young and his wife were really warm hearted, extremely helpful and provided a lot more support beyond what was expected.  I would be happy to recommend Young and his place to anyone.  Thanks again."}, {"name": "Daniel", "date": "2018-07-28", "review": "Young has one of the most clean flats we\u2018ve ever seen!!<br/>Please be kind and keep it when you are a guest :)<br/>The tv was missing but that\u2019s not such a problem.<br/>Everything else was great :)"}, {"name": "Miranda", "date": "2018-08-25", "review": "Very clean, own access, good location, would stay again"}, {"name": "Ebad", "date": "2018-08-27", "review": "Nice and clean apartment. Everything was good apart from the beds that was a little bit squeaky."}, {"name": "Adrian", "date": "2018-09-27", "review": "Young's studio is lovely and clean and very well equipped. There is a good parking space.  There are facilities for making meals and a great hot shower.  It is walking distance to Motspur Park Station from which you can reach Waterloo in 20 minutes.  Young even did our laundry for us. We would stay here again and recommend it."}, {"name": "Adrian", "date": "2018-10-02", "review": "Our second stay with Young! Great value, clean, quiet self contained and well equipped studio. Central London in 20 mins from station nearby. Recommended!"}, {"name": "Rachid", "date": "2018-10-15", "review": "On est vraiment bien chez Young, c\u2019est tr\u00e8s propre, et la gentillesse, l\u2019attention est au rendez-vous"}]}