{"id": 10951704, "listing_url": "https://www.airbnb.com/rooms/10951704", "name": "Beautiful 3bd family home", "description": "Our spacious Victorian garden flat is on a quiet, leafy street minutes from Kentish Town road, Camden market, and easy transport links to the city centre. Open plan kitchen/living room, 3 bedrooms, 1.5 bathrooms - ideal for a family break in London.<br /><br /><b>The space</b><br />Our flat is ranged over the ground and lower ground floors of a Victorian terrace. Gorgeous sunny open-plan kitchen and living room, master bedroom with kingsize bed, second bedroom with kingsize bed and ensuite WC/utility room, third bedroom ideal for children (with child's bed and full-size bunkbed), wetroom with bath and ceiling-mounted shower. The kitchen opens on to a terrace leading down to our 15-metre garden equipped with monkey bars and toddler's play kit.", "host_name": "Martin", "host_id": 35530026, "host_url": "https://www.airbnb.com/users/show/35530026", "host_picture_url": "https://a0.muscache.com/im/users/35530026/profile_pic/1434006851/original.jpg?aki_policy=profile_x_medium", "neighbourhood_cleansed": "Camden", "latitude": 51.54697, "longitude": -0.13588, "property_type": "Entire rental unit", "room_type": "Entire home/apt", "accommodates": 5.0, "bathrooms": 1.5, "bedrooms": 3, "beds": 4, "amenities": ["Essentials", "Washer", "Long term stays allowed", "TV with standard cable", "Smoke alarm", "Hair dryer", "Indoor fireplace", "Kitchen", "Cable TV", "Wifi"], "price": 150.0, "numbers_of_review": 3, "review_scores_rating": 4.33, "reviews": [{"name": "Christine", "date": "2016-02-16", "review": "Martin was both friendly and welcoming from the offset, answering any queries promptly and openly. \r<br/>The house was beautiful, located within easy distance of Kentish Town tube and a pleasant walk to Camden market. I would have no hesitation in staying here again, the kids loved the house and the facilities were great accommodating all 5.5 of us comfortably.\r<br/>We wish you well in hosting in the future..."}, {"name": "Jorunn", "date": "2016-07-30", "review": "We had a great tima at Martins place. The aparatment is spacious and located in i calm neighbourhood close to Camden town with lots of nice cafes and restaurants. We would love to go there again!"}, {"name": "Justine", "date": "2016-08-05", "review": "Made to feel very welcome. Seamless check in . Fantastic location. Recommended. "}]}