{"id": 10952994, "listing_url": "https://www.airbnb.com/rooms/10952994", "name": "22MinsTo Centrl London-New Flat-Nr WimbledonTennis", "description": "22 Minutes To London- Waterloo[=WAT]  Station [=Central London]<br />============================================<br />Flat [=Apartment] with 2 Double Rooms    -with En-Suite      for upto 4 persons.<br />================================================<br />We provide Mini  Kitchen , Mini fridge- freezer & Microwave  only for your group[max 4 persons]  to prepare your own simple foods.<br />======================================================<br />Wimbledon Tennis Courts are only 2 stops away by train [ only 7 minutes].<br /><br /><b>The space</b><br />Guests spend  only 22 minutes  on train [=Rail Service]  between Waterloo station [Central London] and  Motspur Park [where your place/studio/flat/apart is located ]<br />******************************************************************** Meanwhile, when you are coming out  from Heathrow airport, you may just jump onto X26  <br />Express Bus and it will take you to New Malden-The Fountain Bus Stop [Code : J ]  {Required Time ; 45 min", "host_name": "Young \uc601\uc6d0", "host_id": 56469941, "host_url": "https://www.airbnb.com/users/show/56469941", "host_picture_url": "https://a0.muscache.com/im/pictures/user/fd333de6-9df3-4b24-83a1-8125bdeccb36.jpg?aki_policy=profile_x_medium", "neighbourhood_cleansed": "Kingston upon Thames", "latitude": 51.3934, "longitude": -0.2443, "property_type": "Entire rental unit", "room_type": "Entire home/apt", "accommodates": 4.0, "bathrooms": 1.5, "bedrooms": 2, "beds": 4, "amenities": ["Essentials", "Wifi", "Hot water", "Washer", "Free parking on premises", "Shampoo", "Long term stays allowed", "TV with standard cable", "Cooking basics", "Hair dryer", "Private entrance", "Iron", "Bathtub", "Hangers", "Kitchen", "Cable TV", "Heating"], "price": 84.0, "numbers_of_review": 20.0, "review_scores_rating": 4.55, "reviews": [{"name": "Francis", "date": "2017-06-23", "review": "Nice rooms, nice area and great host. 5*"}, {"name": "Seonhye", "date": "2018-10-21", "review": "\uccab\ub0a0 \ubc29\uc774 \uc870\uae08 \ucda5\ub2e4\uace0 \ub9d0\uc500\ub4dc\ub9ac\ub2c8 \uc628\uc5f4\uae30\uad6c \uac00\uc838\ub2e4\uc8fc\uc2dc\uace0 \uce5c\uc808\ud558\uac8c \ub300\ud574\uc8fc\uc168\uc2b5\ub2c8\ub2e4.  \uc219\uc18c \uc8fc\ubcc0\uc774 \uc870\uc6a9\ud558\uace0 \uacbd\uce58\uac00 \uc608\ubed0\uc694. \uac00\uae4c\uc6b4\uacf3\uc5d0 \uc218\ud37c\ub9c8\ucf13\uc774 \uc5c6\uc5b4\uc11c \uc870\uae08 \ubd88\ud3b8\ud558\uc600\uc9c0\ub9cc \uc804\uccb4\uc801\uc73c\ub85c \ub9e4\uc6b0 \ub9cc\uc871\uc2a4\ub7ec\uc6b4 \uc219\uc18c\uc600\uc2b5\ub2c8\ub2e4."}, {"name": "John", "date": "2019-03-28", "review": "A fantastic two days that my wife and I stayed at Young\u2019s beautiful apartment we had everything we needed, perhaps a coffee machine would be an added attraction. Great place to see London and very convenient for Wimbledon an Twickenham. A pearl of a fined. Young great host even offered to do our laundry. Definitely we will stay again soon. This is the place I stay in London from now on"}, {"name": "Michel", "date": "2019-04-30", "review": "Young is a very nice person and helpful. The appartement is very well located, close to London. It is near a railway station."}, {"name": "Oz", "date": "2019-05-05", "review": "20min direct train from Waterloo.  Train station, pub and local restaurants 5min walk away.  A very accommodating host - checkin from 3-11pm even provided complimentary alcoholic drinks and soft drinks for our party.  The rooms were perfect and clean as were the bathrooms - a very pleasant stay for us all."}, {"name": "Kar\u012bna", "date": "2019-05-31", "review": "Nice place and location."}, {"name": "Nish", "date": "2019-06-12", "review": "Our stay at this apartment was pleasant. Mr young was very hospitable. This apartment was ideal for our need. Highly recommendable accommodation."}, {"name": "Ming", "date": "2019-06-29", "review": "YOUNG IS A VERY NICE HELPFUL HOST AND THE HOUSE IS A REALLY CLEAN AND TIDY PLACE TO STAY IN. FOUR OF US STAYED THERE 4 NIGHTS, THE KITCHEN IS EQUIPPED WITH A FRIGE, A TWO-EYE ELECTRIC STOVE,A MICROWAVE OVEN , A SMALL POT AND SOME OTHER NECESSITIES. WE COOKED RICE WITH A SMALL RI CE COOKER WHICH WE BROUGHT THERE, AND LEFT IT THERE WHEN WE LEFT.ROOMS ARE WARM WITH HEATING,TWO BATHROOMS AND ONE SHOWER PLACE ARE ENOUGH FOR US. UNLIKE OTHER HOUSE RENTERS,THE HOST FAMILY LIVE DOWNSTAIRS, WE STAY UPSTAIRS,DURING OUR STAY, THEY    NEVER DISTURBED US. YOUNG EVEN DROVE US TO MOTSPUR PARK TRAIN STATION. WE ENJOYED STAYING THERE.<br/>The time it takes from motspur park station to waterloo by train depends on how many times the trains stops, not so short as 22 minutes."}, {"name": "Craig", "date": "2019-07-09", "review": "Young is a fabulous host with lots of hints and tips for local information including restaurants and travel.  Young's apartment is in a great location with easy walking access to a mainline station and is well equiped with a small kitchen."}, {"name": "Antonio", "date": "2019-07-29", "review": "Situ\u00e9 \u00e0 proximit\u00e9 des transports. Location tr\u00e8s propre dans un quartier calme et verdoyant."}]}