{"id": 10956047, "listing_url": "https://www.airbnb.com/rooms/10956047", "name": "Double room in Angel/King's Cross", "description": "The flat is a stone's throw from the centre of Angel. Shopping, tubes and buses to central London and beautiful parks are all on the doorstep. The room is a double bedroom within a 3 bedrooms flat, with nice patio and light.<br /><br /><b>The space</b><br />A cosy double room in an estate building close to the centre of Angel. I share the flat with two other flatmates. The room is quiet and overlooks a peaceful garden. Although it is a double room it is not a big one, there are fresh towels and bedding for guests.<br />I can provide groceries if requested, and guests can make themselves tea and coffee at any time.<br />Angel is a lively area not far from the centre of London, Saint Paul Cathedral is 10/15 minutes walk, Oxford Circus is 20/25 minutes on the tube, there are the usual supermarkets of Waitrose and Sainsbury's and a great choice of bars, pubs, cafes and restaurants. <br />There are excellent transport links, with many bus lines as well as both the Northern line (underground", "host_name": "Arnaud", "host_id": 4408295, "host_url": "https://www.airbnb.com/users/show/4408295", "host_picture_url": "https://a0.muscache.com/im/users/4408295/profile_pic/1355550437/original.jpg?aki_policy=profile_x_medium", "neighbourhood_cleansed": "Islington", "latitude": 51.52836, "longitude": -0.10046, "property_type": "Private room in rental unit", "room_type": "Private room", "accommodates": 2.0, "bathrooms": 1.5, "bedrooms": 1, "beds": 1, "amenities": ["Essentials", "Wifi", "Washer", "Long term stays allowed", "Shampoo", "TV", "Smoke alarm", "Iron", "Carbon monoxide alarm", "Dryer", "Hangers", "Kitchen", "Heating"], "price": 30.0, "numbers_of_review": 1, "review_scores_rating": 4.0, "reviews": [{"name": "Vincent", "date": "2016-02-28", "review": "Tr\u00e8s bon s\u00e9jour chez Arnaud, appartement tr\u00e8s calme et cosy. \r<br/>Proche du m\u00e9tro \"Angel station \" \r<br/>Tr\u00e8s agr\u00e9able, je recommande. "}]}