{"id": 10968550, "listing_url": "https://www.airbnb.com/rooms/10968550", "name": "Cosy Loft Room with own Bathroom close to Tube", "description": "Light and airy comfortable double-room located in the loft of a contemporary home, with its own bathroom and small study. Situated on a quiet road and perfectly located for nice restaurants and good public transport routes into the centre of London<br /><br /><b>The space</b><br />This is a warm, quiet and cosy double room located in the loft space area of a 3 bedroom modern house.<br />The bedroom has a double-bed, a wardrobe, draws and a shelving unit. It comes with it's own bathroom - toilet, sink and shower unit. There is a small study room off from the bedroom with a table, chair and draws. Broadband internet access is freely accessible throughout<br /><br /><b>Guest access</b><br />Kitchen. A good sized, well equipped kitchen which you are welcome to use for cooking your meals. You are welcome to help yourself to tea and coffee.<br />Access to the washing machine and dryer is free. <br />Lounge has two large sofa's, a large dinning table and a 42\" TV with Cable & Internet access<", "host_name": "Colin", "host_id": 14507849, "host_url": "https://www.airbnb.com/users/show/14507849", "host_picture_url": "https://a0.muscache.com/im/pictures/user/5c04b3b1-8123-4082-88c0-dc4824a4367d.jpg?aki_policy=profile_x_medium", "neighbourhood_cleansed": "Hounslow", "latitude": 51.49553, "longitude": -0.27761, "property_type": "Private room in home", "room_type": "Private room", "accommodates": 2.0, "bathrooms": 1.0, "bedrooms": 1, "beds": 1, "amenities": ["Essentials", "Wifi", "Washer", "Backyard", "Long term stays allowed", "TV with standard cable", "Fire extinguisher", "Smoke alarm", "Hair dryer", "Iron", "Hangers", "Dryer", "Kitchen", "Cable TV", "Heating"], "price": 41.0, "numbers_of_review": 2, "review_scores_rating": 5.0, "reviews": [{"name": "Elizabeth", "date": "2016-05-16", "review": "This was a terrific stay. Colin totally understated how convenient his home is. Only a few minutes from the tube and the guest living space is totally private. It is also a short 10 minutes walk to a hip high street area. I usually feel a bit intimidated being in someone's home, however this arrangement was totally comfortable. He is very friendly yet he respects space. Quite perfect."}, {"name": "Pete & Tania", "date": "2016-09-12", "review": "Colin was the perfect host. He was most helpful and made me feel very welcome. My room was cosy, clean and tidy. Colin's home is perfectly located, I found it a breeze to travel in and around London. I highly recommend staying here."}]}