{"id": 10968387, "listing_url": "https://www.airbnb.com/rooms/10968387", "name": "3 bedroom, sep 1 bed annexe, parking, faces Heath", "description": "Fronts the Heath, parking for 3 cars, short stroll to Greenwich Park,  Blackheath Village & great transport links inc Lewisham DLR. 3 bedrooms (1 king with single sofabed, 2 doubles). Stylish & cosy, with 2 living spaces & 50's features inc curved walls & staircase. Dishwasher, washer/dryer, doub;e oven plus microwave/oven, travel cot, highchair & stairgate. Well equipped diner sits 8. Garden with lawn, patio & log burner. New self contained annexe has kitchen/diner, double bedroom, shower room.<br /><br /><b>The space</b><br />The  house is a family home, and is smart and cosy with a living and garden room, kitchen/diner that sits 8 people comfortably, a large driveway fronting the Heath (nb. Airbnb's map is wrong - it misses out half of the Heath!). The master bedroom has a wash basin, there's a bathroom with separate shower and loo, and a downstairs cloakroom too. The piano isn't (currently) operable, so for show only! The cat in the garden room photo is no longer with us, alas, so ", "host_name": "Abigail", "host_id": 56900712, "host_url": "https://www.airbnb.com/users/show/56900712", "host_picture_url": "https://a0.muscache.com/im/pictures/user/097aabff-244b-45f8-af0b-3b6a856f687e.jpg?aki_policy=profile_x_medium", "neighbourhood_cleansed": "Lewisham", "latitude": 51.46904, "longitude": -0.008736, "property_type": "Entire home", "room_type": "Entire home/apt", "accommodates": 7.0, "bathrooms": 1.5, "bedrooms": 3, "beds": 4, "amenities": ["Free driveway parking on premises", "Extra pillows and blankets", "First aid kit", "Oven", "Barbecue utensils", "TV with Amazon Prime Video", "Netflix", "Fire extinguisher", "Hair dryer", "Wine glasses", "Dining table", "Private entrance", "Hangers", "Cleaning products", "Dishes and silverware", "Luggage dropoff allowed", "Essentials", "Patio or balcony", "Shampoo", "Baking sheet", "Cooking basics", "Bed linens", "Baby safety gates", "Carbon monoxide alarm", "Bathtub", "Booster seat high chair", "Central heating", "Wifi", "Coffee maker", "Free dryer \u2013 In unit", "Dishwasher", "Backyard", "Pack \u2019n play/Travel crib", "Long term stays allowed", "Hot water kettle", "Microwave", "Refrigerator", "Outdoor dining area", "Iron", "Body soap", "Drying rack for clothing", "Kitchen", "BBQ grill", "Stove", "Toaster", "Dedicated workspace", "Hot water", "Board games", "Baby monitor", "Fire pit", "Smoke alarm", "Free washer \u2013 In unit", "Lockbox", "Outdoor furniture", "Freezer"], "price": 385.0, "numbers_of_review": 76.0, "review_scores_rating": 4.83, "reviews": [{"name": "Eric", "date": "2016-03-29", "review": "Abigail was a brilliant host, making us feel very welcome in her home, even though we never met her. Communication was excellent and she volunteered far more information and help than we asked for. The guide supplied was extremely comprehensive.\r<br/>\r<br/>We felt so comfortable in her home that we thought of ourselves staying as friends rather than as paying guests. We really felt as though we were visiting someone we knew.\r<br/>\r<br/>The location was ideal for us, we loved Greenwich and were able to walk through the park from the house into Greenwich centre.\r<br/>\r<br/>We loved staying here and would absolutely stay again, we can't recommend this house highly enough. This was the first time we have used airbnb and if other hosts are as good as Abigail, we certainly would use it again rather than booking hotels or apartments.\r<br/>\r<br/>Thanks very much Abigail!\r<br/>"}, {"name": "Rob", "date": "2016-05-30", "review": "Abigail was friendly & helpful & the house was perfect for our needs. Easy walk into beautiful Greenwich (none of our 3 teenagers complained!) + so near to central London if you want to go."}, {"name": "Johanna", "date": "2016-06-01", "review": "We really enjoyed our stay in Abigail's lovely home.  Her house was perfect for our needs, visiting London with 3 young children.  The location was great for getting to  Blackheath and Greenwich and for  easy travel from Lewisham into central London.  Abigail was a great host, and we would love to stay at her house again if visiting London.  "}, {"name": "Florian", "date": "2016-06-13", "review": "Abigail was extremely quick with replying to my booking request and any other message. The guide for the house that she sent in advance was very helpful to learn the ins- and outs of the house and get a bearing of the opportunities around.\r<br/>\r<br/>Her place was as welcoming as Abigail herself. Our children fell in love with it immediately, which made the stay an even greater pleasure for us parents. The two cats were very friendly and one of the several reasons why it took some effort to convince the children to leave the comfort and amenities of the house and explore London.\r<br/>\r<br/>The location of the house is good. The tube, pubs, shops, cafes and attractions of Greenwich are all in walking distance - even with small children in the English rain. \r<br/>\r<br/>So we enjoyed the stay at Abigail's place a lot. Our only regret was that we had too little time as we would have loved to stay longer."}, {"name": "Philip", "date": "2016-06-18", "review": "This house is very comfortable and has everything you need.  The location is good - right across from the Greenwich Prime Meridian/ Royal Observatory.  There are many amenities within walking distance.  "}, {"name": "Stacey", "date": "2016-07-03", "review": "Great communication, nice house, perfect location, superb cats and precisely what we needed for our weekend away. Thank you for letting us feel so welcome."}, {"name": "Gritta & Martin", "date": "2016-07-15", "review": "We had a great time in Abigails house.<br/>We have been there with two adults and two children and we really felt welcome and at home. The equipment in the kitchen and the rest of the house left nothing to be desired. The house is well situated for visiting Greenwich and London, it only needs 10 minutes on foot to get to a big supermarket and the  station. We enjoyed being there and would definitely go there again. Thank you very much for such a great first airbnb-experience!"}, {"name": "Katrin", "date": "2016-07-18", "review": "Perfect place for a family weekend away."}, {"name": "Stephen", "date": "2016-07-24", "review": "Wonderful home stay.  The house, and all the accommodations and amenities were just as described.  And though, as with others, we did not meet Abigail, she was most accommodating when we phoned her upon arrival as we missed the directions of how to get into the house.\r<br/>\r<br/>We would definitely stay there again.  Many, many thanks!"}, {"name": "Sebastiaan", "date": "2016-07-26", "review": "It was a wonderful stay. At first we had to get used to the house, because the house is well inhabited. Happily this quickly passed and we felt at home. We got the house for ourselves which is a big plus. Also, it is nice that there is a very big supermarket down the road and that is open until midnight.\r<br/>\r<br/>From the house we walked to the Greenwich observatorium and the surroundings. For London you can easily grab a train from Lewisham Station, get off at London Bridge and from there go to many places using the Underground. All within 1 hour of travel.\r<br/>\r<br/>The owner was very nice. Before we arrived at the house she kept us up to date about the availability. She also hinted us about nice places we can see when we were driving to London. During the stay I asked her several times via airbnb app and got quick reply. So my opinion about her is high. :-)\r<br/>\r<br/>"}]}