{"id": 10960821, "listing_url": "https://www.airbnb.com/rooms/10960821", "name": "Clapham brand new apartment - 1 br", "description": "Newly refurbished 1 br in a 2 br flat within a Victorian terrace. You will have the master bedroom which has a locking door. The double bed is soft and plush - guaranteed a good night's sleep. 5min walk to Clapham North Tube or 10min to Brixton Station.<br /><br /><b>The space</b><br />Warm and lots of sunlight<br /><br /><b>Guest access</b><br />Flat is on first floor up one flight of stairs. There is no lift.", "host_name": "Mia", "host_id": 29806878, "host_url": "https://www.airbnb.com/users/show/29806878", "host_picture_url": "https://a0.muscache.com/im/users/29806878/profile_pic/1440234282/original.jpg?aki_policy=profile_x_medium", "neighbourhood_cleansed": "Lambeth", "latitude": 51.46214, "longitude": -0.12586, "property_type": "Private room in rental unit", "room_type": "Private room", "accommodates": 2.0, "bathrooms": 1.0, "bedrooms": 1, "beds": 1, "amenities": ["Essentials", "Wifi", "Hot water", "Washer", "Shampoo", "TV", "Host greets you", "Smoke alarm", "Hair dryer", "Iron", "Carbon monoxide alarm", "Dryer", "Hangers", "Kitchen", "Heating", "Breakfast", "Lock on bedroom door"], "price": 48.0, "numbers_of_review": 34.0, "review_scores_rating": 4.91, "reviews": [{"name": "Liam", "date": "2016-03-30", "review": "I really enjoyed my Air B&B stay with Mia in Clapham. Mia was a brilliant host. Well travelled, good London knowledge, esp restaurants!  very friendly and welcoming. \r<br/>\r<br/>The flat itself is great.  A really nice property - clean, tidy, modern and with good space.  It is really nice quiet room so I always had a fab nights sleep.  Good Wi-Fi connection also!.\r<br/>\r<br/>The location is awesome too. 5 min walk to Clapham North tube station where you can be in central London in no time. Clapham High St and the buzzing Brixton also only 5 mins away! - lots of places to eat and grab good food. When I travelled further Victoria and Clapham North were also very easy to get to. \r<br/>\r<br/>I'd def recommend this as a great Air B&B stay. "}, {"name": "Alan", "date": "2016-04-25", "review": "Really nice room in a lovely location. The host was very friendly and helpful. "}, {"name": "Lauriane", "date": "2016-05-05", "review": "It was a very enjoyable stay for both of us! The apartment is beautiful, extremely clean, and in such a convenient location. Mia was a great host, treating us with chocolates and letting us use everything in the kitchen. Thanks a lot Mia! I would definitely recommend everybody to stay there :)"}, {"name": "Julia", "date": "2016-05-15", "review": "First of all we want to say Thank u!!! Thank u Mia!\r<br/>\r<br/>We planed a Girls Trip for five Days and booked four Nights a room at Mia\u00b4s flat. She is really organised and shared the whole flat (also hairdryer, iron, and all things u need ;). I couldnt imagine, but the flat looks really like the pics.\r<br/>\r<br/>Our room was clean, she put bath towels on our bed and prepared a plate with \u201ewelcome-sweets\u201c. The room is brightly and u have many options for puting your things on the big coat-stand or in the cupboard. On the cupboard there are cutton buds and specially for the women cotten wool pads ;)\r<br/>\r<br/>She explained all the important things about the flat, key and also the area (Clapham North) \u2013 u feel safe and the houses look like typicial english houses. In Clapham North u can find different kind of bars, restaurant, shops,\u2026 also in Brixton (the market,\u2026) it is really close \u2013 just a 5 min walk.\r<br/>\r<br/>Before we came to London i wrote with her and for sure she was friendly \u2013 but after we met, we were impressed! She bought breakfast and everday we drink a \u201eclooney-coffee\u201c. Our flight back was really early in the morning and therefore she organised a cab and explained the way to airport.\r<br/>\r<br/>On the whole Mia is a lovely owner of the flat, u can ask Mia what u like and she will give u great advices, i'm sure u will enjoy!!\r<br/>\r<br/>"}, {"name": "Jennifer", "date": "2016-05-22", "review": "This was such a great location and the apartment was beautiful. Mia was an excellent host and made sure we had breakfast every morning. It was about a 5 minute walk to the tube and we were able to find our way around with no problem. I would definitely stay here again! "}, {"name": "Juan Jos\u00e9", "date": "2016-05-29", "review": "Mia es una anfitriona excelente y nos facilit\u00f3 una estancia muy c\u00f3moda. Nos dio toda clase de indicaciones para llegar a su casa que adem\u00e1s de ser bonita y nueva, est\u00e1 muy bien ubicada, pues tiene una estaci\u00f3n de metro a pocos minutos. El barrio es tranquilo y tiene todos los servicios necesarios. En definitiva fue una estancia muy agradable y sin duda la recomendamos. "}, {"name": "Wu", "date": "2016-06-08", "review": "Mia was the most hospitable, accommodating and helpful host. Her place is nice, clean and conveniently located close to the Clapham north tube station. The neighborhood was quiet and safe and pretty close to a lot of food and store options. She provided us with a lot of breakfast options and use of her Nespresso machine for coffee. Her generosity was welcoming and made for a comfortable and homey stay. She even helped us book a cab for our early 5am can ride to the airport! \r<br/>\r<br/>We had a great time. Thank you so much for everything, Mia!"}, {"name": "Jayden", "date": "2016-06-15", "review": "Mia's house is an extremely great place to stay! Just 10 mins walk from the tube. She allows us to use everything in her kitchen, including the condiments and all. Breakfast is included. We really enjoyed our stay at her place and we highly recommend staying in her home! "}, {"name": "Dylan", "date": "2016-06-22", "review": "L'accueil fut tr\u00e8s chaleureux, Mia est une personne extraordinaire, toujours disponible et pr\u00eate \u00e0 nous aider, nous renseigner. Mia est tr\u00e8s g\u00e9n\u00e9reuse et nous a beaucoup aid\u00e9 pour nous rep\u00e9rer lors de notre arriv\u00e9e. Les explications concernant la maison, les \"consignes\" sont parfaitement claires. \r<br/>De plus, Mia a su se faire discr\u00e8te et nous laisser enti\u00e8re disposition des lieux, et ce m\u00eame si elle \u00e9tait chez elle. \r<br/>La cuisine est \u00e0 notre enti\u00e8re disposition, nous pouvons nous servir de tout le mat\u00e9riel n\u00e9cessaire (nourriture ou appareils de cuisine). \r<br/>L'appartement est parfaitement conforme aux photos, tr\u00e8s charmant et tr\u00e8s bien situ\u00e9, \u00e0 quelques minutes de marche (7-8 minutes) du m\u00e9tro londonien et \u00e0 proximit\u00e9 d'un supermarch\u00e9 Lidl. Le quartier dans lequel est situ\u00e9 l'appartement est tr\u00e8s calme et silencieux, on se sent en s\u00e9curit\u00e9. "}, {"name": "Lenore", "date": "2016-06-28", "review": "Our stay in Mia's apartment was comfortable and convenient for us. The room and apartment were spotlessly clean and tidy. We were warmly welcomed and offered the use of the kitchen and lounge if needed. The apartment is situated close to a supermarket and an easy walk to Brixton or Clapham. I would highly recommend Mia's place to stay while in London."}]}