{"id": 10977550, "listing_url": "https://www.airbnb.com/rooms/10977550", "name": "Charming & Private Ensuite Bedroom", "description": "Charming en-suite top flor double bedroom with private access to a balcony. The flat is located on the well known Fulham road with all the exiting shops and caf\u00e9s. 8 min walk from the nearest tube station Parsons Green.", "host_name": "Catarina", "host_id": 2598187, "host_url": "https://www.airbnb.com/users/show/2598187", "host_picture_url": "https://a0.muscache.com/im/pictures/user/ba0045f0-d9f0-491e-9688-5a03480bb434.jpg?aki_policy=profile_x_medium", "neighbourhood_cleansed": "Hammersmith and Fulham", "latitude": 51.47347, "longitude": -0.20936, "property_type": "Private room in rental unit", "room_type": "Private room", "accommodates": 2.0, "bathrooms": 1.0, "bedrooms": 1, "beds": 1, "amenities": ["Long term stays allowed"], "price": 50.0, "numbers_of_review": 2.0, "review_scores_rating": 5.0, "reviews": [{"name": "Cameron", "date": "2018-03-01", "review": "Great space and great hosts. They even accommodated me for another day when I was penned in with snow. Recommend highly!!!"}]}