{"id": 10972868, "listing_url": "https://www.airbnb.com/rooms/10972868", "name": "Charming 1 bed flat in Islington", "description": "One bedroom flat within walking distance to both Highbury and Islington station and Angel. About 5 minute walk to Upper Street where there are a whole range of shops and restaurants and bars. Has one kitchen / lounge / dining room with a sofa.<br /><br /><b>The space</b><br />Central London location - under 10 minutes walk to Highbury Islington offering access to Victoria Line and Overground. Its a 10 minute tube ride to Oxford Street. Its also a 8 minute walk to upper street where you will find a hole range of shops and restaurants.<br /><br /><b>Guest access</b><br />Can access the whole home - please note second bedroom is currently empty.", "host_name": "Claudia", "host_id": 17717009, "host_url": "https://www.airbnb.com/users/show/17717009", "host_picture_url": "https://a0.muscache.com/im/pictures/user/a76907ab-f270-4187-9dea-908f6ee3aa75.jpg?aki_policy=profile_x_medium", "neighbourhood_cleansed": "Islington", "latitude": 51.5425, "longitude": -0.10969, "property_type": "Entire rental unit", "room_type": "Entire home/apt", "accommodates": 2.0, "bathrooms": 1.0, "bedrooms": 1, "beds": 1, "amenities": ["Essentials", "Wifi", "Long term stays allowed", "Shampoo", "Smoke alarm", "Hair dryer", "Iron", "Indoor fireplace", "Hangers", "Carbon monoxide alarm", "Kitchen", "Heating"], "price": 70.0, "numbers_of_review": 2, "review_scores_rating": 5.0, "reviews": [{"name": "James", "date": "2016-02-29", "review": "A lovely well presented 1 bedroom flat in a great part of London with easy transport links. The flat was really easy to access and communication was really easy! Definitely recommend!!"}, {"name": "Rachel", "date": "2016-03-29", "review": "Claudia was very accommodating, she left the keys at the pub down the road so we were free to pick them up when it was convientent for us. The flat was gorgeous and we felt at home. The location was beautiful, tree lined streets with many restaurants and coffee shops near by. I would stay here again. Very pleased! "}]}