{"id": 10975447, "listing_url": "https://www.airbnb.com/rooms/10975447", "name": "Double room for 1 or 2 people", "description": "Beautiful spacious room with comfortable double bed located in a quiet residential area close to both London Bridge and Canary Wharf. Suitable either for one person or for a couple.<br /><br /><b>The space</b><br />This is a large bedroom suitable either for one person or a couple.  If you are travelling with a child, the option of bringing in a sofa to the room is available too.  There is a television and a kettle in the room.<br /><br /><b>Guest access</b><br />The guest room is located on the ground floor next to the garden room and bathroom - both of which you can use (although they are a shared space - I live in the house with my daughter).  When it gets warm,  you are welcome to use the private garden too.  You can use the kitchen on the first floor if you need to cook a quick meal, get a glass of water or a cup of tea/coffee or need to use a microwave.  If you want to get a meal on arrival, please let me know in advance and for the extra fee I can cook something tasty for you (l", "host_name": "Julia", "host_id": 56944857, "host_url": "https://www.airbnb.com/users/show/56944857", "host_picture_url": "https://a0.muscache.com/im/pictures/user/ea6d8f4c-e917-4c98-b948-5b8823059113.jpg?aki_policy=profile_x_medium", "neighbourhood_cleansed": "Southwark", "latitude": 51.5032, "longitude": -0.04423, "property_type": "Private room in home", "room_type": "Private room", "accommodates": 2.0, "bathrooms": 1.0, "bedrooms": 1, "beds": 1, "amenities": ["Essentials", "Wifi", "Free parking on premises", "Long term stays allowed", "TV", "Hair dryer", "Iron", "Heating"], "price": 50.0, "numbers_of_review": 2, "review_scores_rating": 5.0, "reviews": [{"name": "Guoda", "date": "2016-02-12", "review": "My sister and I stayed here for one week in this particular area and we could not find a better place. Meeting Julia , we immediately got a good vibe from her and we found out we got a lot of things in common which made this experience even more enjoyable. The apartment was modern and very cosy, just what we like. The host is a great person and brilliant person to talk to. This definitely the first of our many stays. We will be going whenever we need a place to stay in London. Thank you Julia !!! "}, {"name": "Jingyi", "date": "2016-03-16", "review": "Julia is a really friendly and nice host. The time I spent here makes me feel like home. It is a cozy, modern house. highly recommended."}]}