{"id": 10977087, "listing_url": "https://www.airbnb.com/rooms/10977087", "name": "Great & Cosy Flat in Brixton", "description": "Cosy flat in Brixton filled with light and good vibes!<br /><br />We love our flat, London and our neighborhood and want to share the experience with you!<br /><br /><b>The space</b><br />Our bright apartment offers a restful retreat from London bustle.<br /><br />The flat is a 3-bedroom converted victorian flat, comprising of a characterful kitchen and a bright living room. The flat has 3 large bedrooms all equipped with double size beds, as well as 2 brand new bathrooms.<br /><br />We are situated in the middle of the SW London triangle, 10 minutes walk from Brixton tube station and 12 minutes from Clapham North. The overground and the trains are also available in the area. The tube and buses can take you to the West End (Oxford Circus - only 15 min, Covent Garden etc.) and further afield. You have direct buses going to Shoreditch as well.<br /><br />Brixton has its thriving market, Brixton Village, with shops, restaurants and bars. If you fancy a gig, Brixton academy is all about it", "host_name": "Claire", "host_id": 24161169, "host_url": "https://www.airbnb.com/users/show/24161169", "host_picture_url": "https://a0.muscache.com/im/users/24161169/profile_pic/1416953957/original.jpg?aki_policy=profile_x_medium", "neighbourhood_cleansed": "Lambeth", "latitude": 51.45627, "longitude": -0.12388, "property_type": "Entire rental unit", "room_type": "Entire home/apt", "accommodates": 8.0, "bathrooms": 2.0, "bedrooms": 3, "beds": 3, "amenities": ["Essentials", "Wifi", "Hot water", "Washer", "Paid parking off premises", "Shampoo", "Long term stays allowed", "Fire extinguisher", "Smoke alarm", "Hair dryer", "Iron", "Carbon monoxide alarm", "Dryer", "Hangers", "Kitchen", "Heating", "Breakfast", "Luggage dropoff allowed"], "price": 220.0, "numbers_of_review": 7, "review_scores_rating": 4.86, "reviews": [{"name": "Joelle", "date": "2016-12-29", "review": "Nous avons pass\u00e9 un tr\u00e8s bon s\u00e9jour chez Claire. Un appartement chaleureux et confortable pour notre petit groupe, ou on \u00e9tait tr\u00e8s contents de rentrer apr\u00e8s de grosses journ\u00e9es en ville. Le quartier tr\u00e8s mignon, calme et typique,  pr\u00e8s de Brixton, tr\u00e8s sympa, anim\u00e9, commer\u00e7ant et cosmopolite , de belles d\u00e9couvertes!..Merci"}, {"name": "Harman", "date": "2017-05-28", "review": "Very helpful, very nice home, very good price too would recommend to anyone"}, {"name": "Carmen", "date": "2017-06-11", "review": "Very nice house, beautifully decorated, great location and Claire was a very good host. We couldn't have hope for a better home away from home."}, {"name": "Lucia", "date": "2018-02-18", "review": "my family and I spent 4 days at Claire\u00b4s house. The house is lovely and easy access to the town centre. Claire made everything easy for us. Thank you so much!!"}, {"name": "Luisa", "date": "2018-03-11", "review": "Claire was a great host. We really enjoyed staying in this big stylish flat with loads of space for us six people. It was clean and easy to get to central london. Thanks for everything!"}, {"name": "Remy", "date": "2018-04-02", "review": "S\u00e9jour impeccable ! <br/>Claire tr\u00e8s r\u00e9active par message ! <br/>Je recommande tres fortement !"}, {"name": "Vivienne", "date": "2018-05-07", "review": "We had an awesome stay at Claire\u2019s place. The apartment was very spacious, clean and stylish. The location was brilliant with Brixton\u2019s bars/restaurants within easy walking distance but also feeling quite relaxed and away from the noise/bustle. We also could park nearby on the weekend without any trouble. Highly recommended!"}]}