{"id": 10983842, "listing_url": "https://www.airbnb.com/rooms/10983842", "name": "Double bedroom, Large Bathroom, Free Parking", "description": "This is a family home which has gone through major renovation and the loft has been converted to a high-quality double bedroom.  The guests will have their own private space in the loft.<br /><br />The location is close to the Olympic park, O2, Excell, Westfield and Canary Wharf. <br /><br />You\u2019ll love my place because of the comfy room, the area and close proximity to the city. Hence it's great for tourists and business travellers alike.<br /><br /><b>The space</b><br />The double bed can accommodate 2 adults. <br /><br />The double bedroom has a brand new quality bed with memory foam, this should give you a very good night's sleep. It also has wall to wall fitted cupboards.<br /><br />Thick, nice and comfortable carpets. <br /><br />It has a fantastic view of the Canary Wharf skyline. Looks quite impressive during the night. It is the highest room in the street.<br /><br />The bathroom and wash facilities are also brand new.<br /><br />New boiler and mega flow have been installed (a", "host_name": "Toz", "host_id": 10152112, "host_url": "https://www.airbnb.com/users/show/10152112", "host_picture_url": "https://a0.muscache.com/im/pictures/user/8fef4480-a31f-4ee4-8119-43e77ebb2bb1.jpg?aki_policy=profile_x_medium", "neighbourhood_cleansed": "Newham", "latitude": 51.5249, "longitude": 0.00505, "property_type": "Private room in home", "room_type": "Private room", "accommodates": 2.0, "bathrooms": 3.0, "bedrooms": 1, "beds": 1, "amenities": ["First aid kit", "Fire extinguisher", "Hair dryer", "Hangers", "Dishes and silverware", "Essentials", "Free parking on premises", "Shampoo", "Free street parking", "Cooking basics", "Carbon monoxide alarm", "Indoor fireplace", "Wifi", "Heating", "Children\u2019s books and toys", "Long term stays allowed", "Host greets you", "Microwave", "Refrigerator", "Iron", "Kitchen", "Breakfast", "Gym", "Hot water", "Washer", "Smoke alarm", "High chair", "Dryer"], "price": 31.0, "numbers_of_review": 125.0, "review_scores_rating": 4.77, "reviews": [{"name": "R\u00e9mi", "date": "2016-04-10", "review": "Toz is a great host! He is kind, pleasant, he offered us breakfast. The room was confortable with sweet carpet on the floor. The matress was quite ferm but we sleept well. We definitively recommand Toz' house for your trip."}, {"name": "Peter", "date": "2016-05-19", "review": "Good communication with Toz, particularly as I only booked 48 hours before and also before arriving as I arrived quite late.  The room is excellent as it's all virtually brand new and the bathroom just down the stairs is as good as any hotel (better than quite a few I've stayed in).  I literally just stayed overnight so it was ideal and close to the DLR station.  I enjoyed talking to Toz over breakfast and he made me feel most welcome during the stay.  If i needed to I wouldn't hesitate to return."}, {"name": "Daniela", "date": "2016-05-30", "review": "Great experience! Room as described, confortable, clean and quite. I went in London for MCM Comic Con and I reached the location easily. Very close to the DLR line that is important to move around. The host and his wife were very kind! If I will come again to London for a trip or something else I can say this room would be my first choice."}, {"name": "Deluca", "date": "2016-06-12", "review": "Great room, very accommodating and friendly host.  "}, {"name": "Damian", "date": "2016-06-23", "review": "Toz was extremely arranging and flexible, especially with my very last minute reservation.\r<br/>The house was clean and cozy, and the room fresh and comfortable."}, {"name": "Baz", "date": "2016-06-30", "review": "Had a really great one night stay with Toz and his beautiful family. Very helpful and would recommend to anyone staying around London "}, {"name": "Pavlo", "date": "2016-07-04", "review": "nice, honest, reliable host.<br/>accommodation exactly as it shown on photo."}, {"name": "Jan", "date": "2016-07-10", "review": "2 night stay, 3 persons\r<br/>Toz and Aisha are extremely hospitable and kind persons, the rooms were comfortable, clean and tidy, just as described. The surroundings are calm, with very good access to public transport junction and nearby shops.\r<br/>\r<br/>Very fast and easy communication! I recommend this host."}, {"name": "Azad", "date": "2016-07-14", "review": "Toz was a gracious host who is very efficient in maintaining good communication with guests.  Would also recommend for the wonderful home-cooked breakfast.  "}, {"name": "George", "date": "2016-07-16", "review": "A nice family in a great area of London, Toz was very welcoming and friendly and all facilities were very tidy and clean. \r<br/>Thanks again!  "}]}