{"id": 10983223, "listing_url": "https://www.airbnb.com/rooms/10983223", "name": "Twin room two guest for minimum two nights.", "description": "My name is santosh, and I work with different companies hosting International students from different countries and different culture. The single room has separate bathroom, the guest can use kitchen to make breakfast and warm the food in microwave.", "host_name": "Santosh", "host_id": 41234483, "host_url": "https://www.airbnb.com/users/show/41234483", "host_picture_url": "https://a0.muscache.com/im/pictures/user/fed6ae5f-7914-462a-9b31-88b4c19152d8.jpg?aki_policy=profile_x_medium", "neighbourhood_cleansed": "Greenwich", "latitude": 51.48243, "longitude": 0.06968, "property_type": "Private room in home", "room_type": "Private room", "accommodates": 2.0, "bathrooms": 1.0, "bedrooms": 1, "beds": 2, "amenities": ["Essentials", "Extra pillows and blankets", "First aid kit", "Hot water", "Wifi", "Coffee maker", "Long term stays allowed", "Microwave", "Refrigerator", "Smoke alarm", "Bed linens", "Carbon monoxide alarm", "Hangers", "Kitchen", "Heating", "Breakfast"], "price": 60.0, "numbers_of_review": 10, "review_scores_rating": 4.7, "reviews": [{"name": "Nick", "date": "2016-05-29", "review": "Very welcoming, in a quiet house with a beautiful garden.  Spotlessly clean.  We were only using it as an overnight base for two nights during Comic Con, but would certainly stay there again."}, {"name": "Javier", "date": "2016-07-04", "review": "Santosh was a very good host, we only stay one night with her but IT was nice for us, she is a nice person and we have a good talk with her, we highly recommended santosh... <br/>Thanks a lot"}, {"name": "Simon", "date": "2016-09-17", "review": "Santosh was very welcoming, and offered us breakfast both days. The rooms were tidy and the beds comfortable. We slept like babies."}, {"name": "Zhao", "date": "2017-01-02", "review": "Very clean, spacious and comfortable place. The hostess is very hospitable and lovely! "}, {"name": "Peter", "date": "2017-08-02", "review": "Santosh is a very warm and friendly host and made us feel very welcome, Had a great stay and would recommend to anyone. Top rated. "}, {"name": "Apoorva", "date": "2018-01-01", "review": "A wonderful host and a comfy bed."}, {"name": "Tram-Anh", "date": "2018-04-22", "review": "Lovely host. Very caring, gave us food on arrival. Clean!"}, {"name": "Manuel", "date": "2018-07-15", "review": "Santosh place was amazing. Even though we had to take is a last time reservation Santosh had the place ready, very clean and tidy. <br/>Santosh hospitality was very warm. She is a great host and person. <br/>The neighborhood has some places to eat and drink. Central London is 35 minutes away by tube. there are bus and tube stations nearby. <br/>Thank you Santosh!!"}, {"name": "James", "date": "2020-01-02", "review": "30mn of the center with underground"}, {"name": "Joseph", "date": "2021-04-17", "review": "A pleasant stay in a comfortable room. Location was convenient and suited our needs. Thanks Santosh for your warm hospitality."}]}