{"id": 10985434, "listing_url": "https://www.airbnb.com/rooms/10985434", "name": "Beautiful house in popular Crouch End, Nth London", "description": "A lovely, spacious house in sought after Crouch End (north London) with its great cafes and restaurants, excellent shops, parks, cinemas and good transport links (Kings Cross 16 minutes from Hornsey station). Our home includes: a superb kitchen-dining room with bi-fold doors opening onto a lovely SW facing garden; large comfortable double lounge; two double bedrooms (one with roof terrace); luxury bathroom; additional separate toilet. Central-heating and wifi throughout. Cleaner if required.<br /><br /><b>The space</b><br />The accommodation includes, Ground floor: a superb kitchen-dining room with a electric oven, gas hob and extractor hood, dishwasher, large kitchen dining table with six chairs, floor to ceiling bi-fold doors that open onto the lovely southwest facing garden and patio full of trees and plants; a large comfortable double living room with wide-screen TV, contemporary gas fire, hi-fi, desk; First floor: double bedroom with large wardrobe and French windows giving access", "host_name": "Hattie", "host_id": 12564329, "host_url": "https://www.airbnb.com/users/show/12564329", "host_picture_url": "https://a0.muscache.com/im/pictures/user/3368965c-857a-4c10-b552-660204fa2060.jpg?aki_policy=profile_x_medium", "neighbourhood_cleansed": "Haringey", "latitude": 51.58323, "longitude": -0.11252, "property_type": "Entire home", "room_type": "Entire home/apt", "accommodates": 4.0, "bathrooms": 1.5, "bedrooms": 2, "beds": 2, "amenities": ["Essentials", "Wifi", "First aid kit", "Washer", "Free parking on premises", "Long term stays allowed", "TV", "Smoke alarm", "Iron", "Indoor fireplace", "Hangers", "Dryer", "Kitchen", "Heating"], "price": 80.0, "numbers_of_review": 1, "review_scores_rating": 5.0, "reviews": [{"name": "Stephen", "date": "2017-10-15", "review": "Both the house itself and Crouch End generally were slightly out of the ordinary, and a treat for the more adventurous spirit."}]}