{"id": 1098790, "listing_url": "https://www.airbnb.com/rooms/1098790", "name": "Great double room 4 mins from tube", "description": "Great double room in safe area, with lovely landlord! The neighbourhood offers plenty of Coffee Shops, Bars, Restaurants and local shops and you are only 5min tube ride on the Central line from the Westfield Shopping centre in Stratford, 15min from Liverpool St/Brick Lane/Shoreditch and 24 from Oxford Circus/Soho.<br /><br /><b>The space</b><br />Nice, newly modernised, clean, good standard double room with a new bed, and cupboard space, desk, with a great host!<br /><br />3-4 minutes walk from Leytonstone tube and 2 stops from the Olympic park and Stratford Westfield. Great access to London and the surrounding area and close to Lee Valley. <br /><br />Broadband wireless internet access included. Share of living room, clean bathroom, downstairs toilet, kitchen and garden/ BBQ area. Bed linen and towels etc are all provided. <br /><br />Nearby Wanstead flats - huge park - and Epping Forest surround us, and we are in the appealing Bushwood village area of Leytonstone with local The Red L", "host_name": "Tony", "host_id": 2362913, "host_url": "https://www.airbnb.com/users/show/2362913", "host_picture_url": "https://a0.muscache.com/im/pictures/user/8a08dfaa-60b8-4eae-953e-e900cc710dc4.jpg?aki_policy=profile_x_medium", "neighbourhood_cleansed": "Waltham Forest", "latitude": 51.56817, "longitude": 0.01493, "property_type": "Private room in home", "room_type": "Private room", "accommodates": 2.0, "bathrooms": 1.5, "bedrooms": 1, "beds": 1, "amenities": ["Wifi", "Washer", "Long term stays allowed", "TV with standard cable", "Indoor fireplace", "Dryer", "Kitchen", "Cable TV", "Heating"], "price": 32.0, "numbers_of_review": 5, "review_scores_rating": 5.0, "reviews": [{"name": "Thomas", "date": "2013-09-06", "review": "Another great stay! Thanks, Tony...see you soon :)"}, {"name": "Adam", "date": "2013-12-15", "review": "Tony is a great guy and a wonderful host.  We thoroughly enjoyed our three month stay in this lovely house, which is only a short tube-ride from central London.  The property is modern, light and airy, and the people are absolutely lovely (not forgetting Fry, the world's cutest dog).  We can't recommend staying with Tony highly enough, we were so sad to leave!"}, {"name": "Flavio", "date": "2014-10-15", "review": "Tony is a great guy who makes you feel quite at home. The house is great, the room is very cozy and the neighborhood is both calm and full of options. But above all, it's been a great experience to spend this time with Tony, a very cool and respectful person who is willing to share his knowledge of the region and of London as well. Highly recommended."}, {"name": "Flavio", "date": "2014-10-31", "review": "Great experience as usual :)"}, {"name": "Kelly-Ann", "date": "2017-08-24", "review": "Staying at Tony's was an absolute delight! I could not recommend his place enough! <br/>I stayed at Tony's for 6 weeks and had a wonderful stay! The house is just 5 mins walk from Leytonstone station so very easy to find and accessible to central London, lots of shops and restaurants within the local area as well as a lovely pub just around the corner! Whipps Cross Hospital was also only 20mins walk away, very convenient for me as I was on placement here during my stay. <br/>The room was just as advertised, lovely and bright with lots of storage space! All communal rooms were modern and the kitchen was very easy to navigate with every utensil I could desire. The bathroom is shared but I never had to wait to use the shower in the morning and there was plenty of space to store all my toiletries. <br/>Tony is a wonderful host who was happy to meet any need I had and made me feel right at home. He is very knowledgable about the local area and provided great recommendations on places to eat and visit during my stay. His other tenants were always very friendly and polite whenever I came across them. <br/>I cannot recommend Tony's place enough and would urge anyone interested to stay!"}]}