{"id": 10982683, "listing_url": "https://www.airbnb.com/rooms/10982683", "name": "Large Double Room with En-Suite", "description": "Huge Double Room with its own private Bathroom in a well located 3 bedroom duplex modern house. The house is in a quite and peaceful neighborhood with just a 8minute walk to bars, restaurants, shops and tube to get to Central London in 10minutes<br /><br /><b>The space</b><br />Situated on the 3rd floor, the 3 bedrooms duplex has two bathrooms, a fully equipped kitchen in the lower floor and a open plan living/dining in the upper floor area with access to a nice terrace where you could just chill,  enjoy and relax yourself.<br /><br /> Bedroom + Ensuite bathroom:<br />Very spacious and tranquil double bedroom in pictures with a private ensuite (for your sole use ) with a combined bath / shower, sink and toilet. We will provide with linens and towels.<br /><br />Kitchen:<br />Fully equipped with electric hobs and fan oven, microwave, dishwasher,  washing machine, dryer, toaster, coffee machine and all of the cooking utensils you could need. Please note our fridge is small but we will ma", "host_name": "Marta", "host_id": 3523298, "host_url": "https://www.airbnb.com/users/show/3523298", "host_picture_url": "https://a0.muscache.com/im/users/3523298/profile_pic/1361875736/original.jpg?aki_policy=profile_x_medium", "neighbourhood_cleansed": "Camden", "latitude": 51.54196, "longitude": -0.18585, "property_type": "Private room in rental unit", "room_type": "Private room", "accommodates": 2.0, "bathrooms": 1.0, "bedrooms": 1, "beds": 1, "amenities": ["Essentials", "Wifi", "Washer", "Long term stays allowed", "Shampoo", "TV", "Hair dryer", "Iron", "Dryer", "Hangers", "Kitchen", "Heating"], "price": 35.0, "numbers_of_review": 3, "review_scores_rating": 4.33, "reviews": [{"name": "Xabier", "date": "2016-03-30", "review": "Marta was a very good host and very helpful. The house was lovely and the neighborhood too. The location was perfect, very close to the underground. I really recommend this house!"}, {"name": "Megan", "date": "2016-04-24", "review": "Had the pleasure of communicating with Marta and meeting her flatmates. Everybody was lovely and we can't thank them enough for how hospitable they were. The room was perfect, bigger than we expected which was an added bonus. The neighbourhood was lovely as well, only one stop away from Baker Street on the tube. Thank you for a lovely weekend away. "}, {"name": "Cristiana", "date": "2016-05-08", "review": "Marta's apartment is on the second floor of an English country house is in a residential area in North West London,very quiet and nice. The nearest metro station is 10 min walk, and there are many places to eat.<br/>The room is spacious and clean, and the bathroom is private.<br/>We have not personally met Martha, but she was very helpful and kind."}]}