{"id": 10985877, "listing_url": "https://www.airbnb.com/rooms/10985877", "name": "BEST LOCATION, Luxury Building & Apartment.", "description": "This bright NEW REFURBISHED Studio is situated in Chelsea, best area in London and inside a luxury 24 hours portered block, Chelsea Cloisters. An ideal alternative for business or leisure travellers. Check in 24/7. 24-hour reception, 24-hour security and CCTV.<br /><br /><b>The space</b><br />The studio is fully fursnished with around 25 square metres and it has got everything you need: great wardrobe space, duvets, bed linen, towels, Iron & ironing board, Cutlery and Utensils.Microwave oven/grill, Cooker hob & hood,Refrigerator, Toaster, Kettle, Washing Machine with Dryer. <br />A  double luxury medium firm bed ( with Viscoelastic mattress ) and small sofa. Hot water comes straight away from the tub. You don\u00b4t have to do anything. It is central hot water coming from the building.<br /><br /><b>Guest access</b><br />Regarding the building is a very prestigious building and it is in the BEST AREA in London. , The reception of Chelsea Cloisters is always open and is 100%secure building.T", "host_name": "Ana", "host_id": 56999663, "host_url": "https://www.airbnb.com/users/show/56999663", "host_picture_url": "https://a0.muscache.com/im/pictures/user/97e8a8fe-ea89-4538-b529-e056dc44d4be.jpg?aki_policy=profile_x_medium", "neighbourhood_cleansed": "Kensington and Chelsea", "latitude": 51.49302, "longitude": -0.16663, "property_type": "Entire rental unit", "room_type": "Entire home/apt", "accommodates": 2.0, "bathrooms": 1.0, "bedrooms": null, "beds": 1, "amenities": ["First aid kit", "Oven", "Fire extinguisher", "Hair dryer", "Wine glasses", "Dining table", "Private entrance", "Hangers", "Cleaning products", "Dishes and silverware", "Essentials", "TV with standard cable", "Cooking basics", "Single level home", "Bed linens", "Carbon monoxide alarm", "Wifi", "Heating", "Coffee maker", "Long term stays allowed", "Hot water kettle", "Microwave", "Refrigerator", "Iron", "Kitchen", "Toaster", "Security cameras on property", "Hot water", "Washer", "Elevator", "Smoke alarm", "Dryer", "Cable TV"], "price": 108.0, "numbers_of_review": 220.0, "review_scores_rating": 4.7, "reviews": [{"name": "Nikhil", "date": "2016-06-06", "review": "Ana is a very helpful host. She is very responsive and detailed in her instructions. The apartment though is too small. Once you pull out the sofa bed there is hardly any room to move around. Sofa bed was hard to sleep on. Kitchen is very small too. If you need a very cheap option in Chelsea then maybe this is a good spot for you. 10 minutes walk to the South Kensington underground station. Neighborhood is very safe."}, {"name": "Niko", "date": "2016-06-08", "review": "Interaction with Ana was pleasant, she's very quick with reply, information Ana has provided was accurate "}, {"name": "Caroline", "date": "2016-09-16", "review": "Ana nous donne toutes les infos n\u00e9cessaires avant le d\u00e9part. L'accueil de la r\u00e9sidence est super car il y a quelqu'un H24! Tout est \u00e0 disposition dans le logement pour que le s\u00e9jour se passe pour le mieux (serviettes de toilettes, TV, ventilateur, s\u00e8che cheveux ...). N\u00e9anmoins le matelas du clic clac est tr\u00e8s fin et tr\u00e8s us\u00e9. Tout serait parfait si le matelas est chang\u00e9. Sinon rien a redire, nous avon ador\u00e9 notre passage \u00e0 Londres! "}, {"name": "Steve", "date": "2016-09-23", "review": "Great location and comfortable surroundings.  Good facilities in the flat.  Communication with Ana was good and efficient."}, {"name": "Anne", "date": "2016-10-11", "review": "Communication with Ana was easy, clear and helpful. Check-in  and check-out was smooth. The apartment was clean, it is small but it had everything we needed. Location was excellent! Very close to the tube and very central. Thanks Ana!"}, {"name": "Ana", "date": "2016-10-26", "review": "El estudio tiene todo lo necesario para disfrutar de la estadia en el. El espacio es minimo, pero esta muy bien aprovechado. Todo esta impecable y funciona. "}, {"name": "Ghislaine", "date": "2016-10-30", "review": "Emplacement et prix corrects mais l'appartement a besoin d'un peu d'attention: forte odeur de linge mouill\u00e9 en rentrant (serviettes et draps s\u00e9chaient), le confort du lit laisse \u00e0 d\u00e9sirer, le store de la fen\u00eatre est tomb\u00e9, le rail du rideau de douche \u00e9tait scotch\u00e9 et la SDB \u00e9tait sale.\r<br/>Ana a \u00e9t\u00e9 tr\u00e8s sympa et a fait le n\u00e9cessaire pour faire changer le store!"}, {"name": "Vivi", "date": "2016-11-04", "review": "Le studio est petit mais bien fid\u00e8le aux photos. Le quartier est agreable et permet de faire de nombreuses visites \u00e0 pied. Dommage que le wifi soit payant et qu'il y ait autant d'allers et retours nocturnes dans la residence.\r<br/>Pas de probleme pour les  echanges avec Ana !"}, {"name": "Irma-Manou", "date": "2016-11-27", "review": "Very cute apartment , perfect for 2! Ana provided us with all information needed and nothing was missing."}, {"name": "Melissa", "date": "2016-12-03", "review": "Absolutely love this appartment. Perfect location for travelling from and to Heathrow with great connections to Centre. We will definitely come again! "}]}