{"id": 10988132, "listing_url": "https://www.airbnb.com/rooms/10988132", "name": "Light & airy beautifully renovated Clapham house", "description": "My house is recently renovated and has a large open plan kitchen / breakfast room with a separate living room as well. It has a lovely garden with BBQ. My place is close to the wide green expanse of Clapham Common, which is just at the end of the road.  The cafes, restaurants and shops of Abbeville village are just around the corner, and Clapham Junction and Old Town are a short walk across the common. The tube station (Clapham South) is a 6 minute walk away.<br /><br /><b>The space</b><br />There are 4 double bedrooms, one with a super kingsize bed, dressing room and ensuite. There are 3 bathrooms (with showers, one also has a bath) in total, plus a downstairs toilet.<br /><br /><b>Other things to note</b><br />I have a key safe so check-in / check-out times are flexible.", "host_name": "Katie", "host_id": 45817840, "host_url": "https://www.airbnb.com/users/show/45817840", "host_picture_url": "https://a0.muscache.com/im/users/45817840/profile_pic/1444060751/original.jpg?aki_policy=profile_x_medium", "neighbourhood_cleansed": "Lambeth", "latitude": 51.45515, "longitude": -0.14244, "property_type": "Entire home", "room_type": "Entire home/apt", "accommodates": 8.0, "bathrooms": 3.5, "bedrooms": 4, "beds": 4, "amenities": ["Essentials", "Wifi", "Washer", "TV", "Smoke alarm", "Private entrance", "Iron", "Carbon monoxide alarm", "Hangers", "Dryer", "Kitchen", "Heating", "Breakfast"], "price": 400.0, "numbers_of_review": 17.0, "review_scores_rating": 4.94, "reviews": [{"name": "Alexandra", "date": "2017-12-26", "review": "Katie\u2019s house was wonderful and extremely spacious, in a great location near Clapham Common and Abeville Road. It comfortably accommodated myself and my family over the Christmas period, with everyone having plenty of space. The house is designed beautifully and Katie made check in and out really easy. She also very kindly left us with instructions and a bottle of wine, which was a lovely personal touch. I\u2019d highly recommend Katie\u2019s place to anyone! Thanks for a great stay"}, {"name": "Tom", "date": "2018-01-14", "review": "Amazing place to stay, spacious kitchen dinning area, great outdoor space. Rooms were all good sizes and great facilities. Katie was really helpful with everything and communication was perfect. Would definitely stay there again and recommend as a base for a holiday in London."}, {"name": "Nuala", "date": "2018-02-18", "review": "Such a great place, in a great location! Very stylish and super clean"}, {"name": "Colin", "date": "2018-02-23", "review": "Great clean homely home, well equipped and within easy reach of the tube and great local facilities. Great base for London visit. Great host."}, {"name": "Natalie", "date": "2018-03-09", "review": "Amazing, spacious, modern and sparkling clean house. It was the perfect size for us to stay with two families with young kids. Amazing open plan living area with separate tv room. Great location. Wonderful stay."}, {"name": "Julien", "date": "2018-03-11", "review": "Wonderful place! We spent 2 days at Katy\u2019s and this was just perfect. The house is clean and confortable. Katy is a lovely person that would always do her best to satisfy your needs (for instance she did not hesitate to bring us a moses basket for our little girl)."}, {"name": "Christine", "date": "2018-05-07", "review": "We loved staying in Katie's home. She is a wonderful host and made everything very easy. The house is great, very comfortable, with a lovely kitchen and living area. Thanks to the wonderful weather, we were able to make the most of the garden-patio which was full of flowers. The bedrooms and bathrooms are all immaculate and the street is very quiet. The house is close to the Common and shopping in Abbeville Road is a treat. Clapham South tube station is also very close which means that Central London can be reached in minutes. I highly recommend Katie's home and hope we will have the opportunity to stay again."}, {"name": "Fraser", "date": "2018-05-13", "review": "Fantastic house and location. Very easy check in and check out just a few minutes walk from Clapham South station. Would highly recommend staying here for anyone visiting London!"}, {"name": "Paul", "date": "2018-06-17", "review": "We stayed at Katie\u2019s house for a couple of nights Friday and Saturday to celebrate in London my sons birthday. Katie\u2019s house was fantastic and a great place for 7 of us to stay and use as a base. We stayed local on the Friday night and then into London for shopping on Saturday and out on the town in central London in the evening. A really great house with plenty of space for us all. Katie was a great host and really responsive. Can not recommend everything highly enough. Really easy to travel around using the Tube which is 5 mins walk from her house. All amenities you could want nearby with great cafes, bars and open green spaces too.A real find and we hope to be back. Thanks so much."}, {"name": "Erin", "date": "2018-06-26", "review": "A lovely, spacious, stylish home in a superb area. More than big enough for 8 adults without feeling on top of each other. Close to the tube station and to lots of shops/restaurants/bars etc. Communication was great and check in/out very flexible. We had a really wonderful stay. Thanks so much."}]}