{"id": 10987190, "listing_url": "https://www.airbnb.com/rooms/10987190", "name": "Stylish and light Islington flat", "description": "A lovely spacious flat for 2 people, located in buzzy Finsbury Park/Holloway (zone 2, 20 minutes from Oxford Circus), brilliant transport links and a great selection of local pubs and restaurants. Comfortable, clean and quiet with bags of character.<br /><br /><b>The space</b><br />Our gorgeous apartment offers a bright and really comfortable space to relax in. The main room is a stylish and fully equipped kitchen diner, where you can sit down to enjoy a good meal or chill on the sofa in front of the TV.<br /><br />The double bedroom is spacious and comes with a large, extremely comfortable double bed with soft feather pillows. Overlooking a quiet street, you should have no problem falling fast asleep.<br /><br />Next to the bedroom is the bathroom with a bath, shower, toilet, basin and heated towel rail. <br /><br />The flat also benefits from a private roof garden/terrace which the main room opens onto. This has a BBQ and wooden table and chairs which you are welcome to use, set amon", "host_name": "Gaby", "host_id": 5662797, "host_url": "https://www.airbnb.com/users/show/5662797", "host_picture_url": "https://a0.muscache.com/im/users/5662797/profile_pic/1364478131/original.jpg?aki_policy=profile_x_medium", "neighbourhood_cleansed": "Islington", "latitude": 51.56185, "longitude": -0.12143, "property_type": "Entire rental unit", "room_type": "Entire home/apt", "accommodates": 2.0, "bathrooms": 1.0, "bedrooms": 1, "beds": 1, "amenities": ["Oven", "Hair dryer", "Wine glasses", "Hangers", "Cleaning products", "Dishes and silverware", "Rice maker", "Essentials", "Patio or balcony", "Cooking basics", "Bed linens", "Bathtub", "Wifi", "Heating", "Coffee maker", "Dishwasher", "Long term stays allowed", "Hot water kettle", "Refrigerator", "Host greets you", "Iron", "Body soap", "Drying rack for clothing", "Kitchen", "BBQ grill", "Stove", "Hot water", "Washer", "Paid parking off premises", "Smoke alarm", "Laundromat nearby", "Nespresso machine", "Freezer"], "price": 115.0, "numbers_of_review": 10, "review_scores_rating": 4.8, "reviews": [{"name": "Jos", "date": "2016-03-01", "review": "Gezellig en vrolijk ingericht. Omschrijving \"Bright, stylish + comfortable\" klopt helemaal. Rustige buurt. "}, {"name": "Jeppeh", "date": "2016-03-09", "review": "Gaby has a very clean and cozy apartment, located within a 10 min walk to the nearest metro! The apartment has a lovely terrace, that is very useful in spring and summer (we were visiting in early march). The kitchen was well equipped and the bathroom was clean.\r<br/>\r<br/>Gaby was glad to help, when we had questions, and all in all we had a very nice stay. Fully recommended."}, {"name": "Patricia", "date": "2016-07-03", "review": "I had a lovely stay in Gaby's very comfortable flat. The flat has everything you need and is centrally located with the tube a 10 minute walk away. Gaby was a helpful and communicative host. "}, {"name": "Josh", "date": "2016-11-27", "review": "Great cozy little spot. It was very convenient staying here for the Arsenal match and walking to and from. Would stay again. "}, {"name": "James", "date": "2017-04-02", "review": "Lovely cosy flat, well equipped and good location. Comms were great and I would happily return."}, {"name": "Amanda", "date": "2017-07-09", "review": "This apt is stunning! Gary and Fred were amazing hosts from the beginning. Communication was great and they made sure to answer all of my questions. The apt itself is better than the pictures. Not only is it impeccably decorated but it is close to 3 tube stations, close to grocery stores, the bed is comfortable, the shower is nice. All around I cannot rate this place high enough. Thank you Gaby and Fred for being wonderful hosts! "}, {"name": "James", "date": "2018-09-14", "review": "Gaby and Fred\u2019s place was absolutely fantastic! A very quirky (not quite sure the photos do it justice), very unique place to stay that boasted all the amenities one could need (super well equipped kitchen, spacious bathroom, cozy living area and even a roof terrace). Also in a great location that\u2019s close to supermarkets, restaurants, pubs and all the transport links you could need to get around. Both Gaby and Fred were very responsive to our messages and even dropped the keys off to our place the night before checking-in. Highly recommend to everyone!"}, {"name": "Kim", "date": "2019-01-01", "review": "Great and cozy place for a city trip in London. <br/>The location is about 30 minutes with public transport away from the big sights in London city. You can take the bus or subway to get around in the city. Nearby are plenty of shops and restaurants. <br/>Communication with the owners was perfect. They were very responsive and eager to help when we had any questions."}, {"name": "Jessica", "date": "2019-09-21", "review": "Clean, safe, comfortable, central to all public transport just ticks all my travelling boxes.<br/>I loved this flat so much, I will be booking again! I loved every minute!!!"}, {"name": "Abi", "date": "2020-01-01", "review": "The pictures don\u2019t do this place justice! It\u2019s cosy, clean, spacious, quirky and colourful. Immediately felt at home and Gaby and Fred respond to questions very quickly. <br/>Just a 10 minute walk to the nearest tube so getting into central London was really easy. <br/>Highly recommend a stay here and I will certainly be booking again! :)"}]}