{"id": 10990847, "listing_url": "https://www.airbnb.com/rooms/10990847", "name": "Wonderful period warm family home", "description": "If you love the city but also need some restful space, this is the perfect clean home for you. It's super easy to get into the centre of London but also close to nature. WE have a 5 mile park at the end of our road, woods, trails, lake. We are also a short walk to great cafe's, shops (H and M, boutiques) restaurants, sports facilities .<br /><br /><b>The space</b><br />Calm and serenity yet close to the city - we love our home. If you want a retreat that is convenient to London but close to access countryside then this is the place for you. We are 10 minutes from New Barnet Station that gets you to Kings Cross or Morgate in 20 minutes. You can also walk to High Barnet (or get a bus ) - 15 minute walk and 30 minutes to Central London on the Northern Line. We have 3 cats.<br /><br />Our house has period features and a great conservatory full of light to relax in. A fabulous gas BBQ for outside eating and we look out onto fields. We also have High Barnet High street a short 5 minute drive", "host_name": "Tanya", "host_id": 1138474, "host_url": "https://www.airbnb.com/users/show/1138474", "host_picture_url": "https://a0.muscache.com/im/users/1138474/profile_pic/1437373132/original.jpg?aki_policy=profile_x_medium", "neighbourhood_cleansed": "Barnet", "latitude": 51.65117, "longitude": -0.18005, "property_type": "Entire home", "room_type": "Entire home/apt", "accommodates": 8.0, "bathrooms": 1.0, "bedrooms": 4, "beds": 3, "amenities": ["Essentials", "Wifi", "First aid kit", "Long term stays allowed", "TV", "Free street parking", "Fire extinguisher", "Smoke alarm", "Cooking basics", "Hair dryer", "Lockbox", "Iron", "Indoor fireplace", "Dryer", "Carbon monoxide alarm", "Kitchen", "Heating", "Dishes and silverware"], "price": 190.0, "numbers_of_review": 4.0, "review_scores_rating": 4.67, "reviews": [{"name": "Salena", "date": "2019-02-03", "review": "Tanya and Roger were amazing hosts! They offered thoughtful tips about the the local area and transport links and were very friendly and kind. The house was absolutely gorgeous - very stylishly decorated, clean, well-equipped, cosy and very comfortable. There was a great cafe at the end of the road which we liked to hang out in. Trent park which is nearby is a wonderful place for country walks and there was a great cinema very close by. I would highly recommend staying here and will definitely book again."}, {"name": "Christina", "date": "2019-08-10", "review": "Lovely home in London!  The house is fantastic, Tanya was amazing to work with.  We liked our stay so much that we requested to extend our time.  Great kitchen, well stocked with plenty of dining space.   Great rooms and nice backyard, all in a sweet neighborhood. The location is great with quick access to the city, but far enough away to get some peace and quiet. Easy access to the bus system and quick bus ride to the nearby tube.  Beautiful nearby parks, with great walking trails.  We even found a sweet little trail with a rope swing for our boys.  Five stars from us!"}, {"name": "Colm", "date": "2021-08-25", "review": "We had a nice stay in this large house. It was very convenient for our needs, 15 minutes to the underground and plenty of parks and shops nearby."}]}