{"id": 10992684, "listing_url": "https://www.airbnb.com/rooms/10992684", "name": "Spacious, bright and stylish home  - ENTIRE FLAT", "description": "Welcome to my light and spacious (70 sq m) flat in Stoke Newington/Stamford Hill. <br /><br />If you are here I\u2019m away for work/holiday. Please feel at home.<br /><br />Popular area w. cafes, bars and shops five minutes or less away. My flat is on a 1930s social housing estate that\u2019s a little run down but I love it. <br /><br />Excellent transport:<br />- Stoke Newington \ud83d\ude82(Overground) 5 mins<br />- Seven Sisters (Victoria line) 10 mins<br /><br /><b>The space</b><br />This is a spacious (70sq m) flat with living room and separate dining kitchen. <br /><br />It was built in the 1930s and has original wooden floors and other features. It is comfortable and bright with high quality furnishings. <br /><br />There is one double bedroom, there is also a spacious studio with two desks and a single bed which can be used for work or an extra guest. <br /><br />The living room has two comfortable sofas, a video projector that connects to your laptop's HDMI cable. <br /><br />In the kitchen there", "host_name": "Kim", "host_id": 6934242, "host_url": "https://www.airbnb.com/users/show/6934242", "host_picture_url": "https://a0.muscache.com/im/pictures/user/9872c347-9185-4170-b861-d0f1f86d7a41.jpg?aki_policy=profile_x_medium", "neighbourhood_cleansed": "Hackney", "latitude": 51.56767, "longitude": -0.07062, "property_type": "Entire rental unit", "room_type": "Entire home/apt", "accommodates": 3.0, "bathrooms": 1.0, "bedrooms": 2, "beds": 2, "amenities": ["Oven", "Hair dryer", "Hangers", "Dishes and silverware", "Essentials", "Free parking on premises", "Shampoo", "Free street parking", "Cooking basics", "Bed linens", "Wifi", "Heating", "Children\u2019s books and toys", "Long term stays allowed", "TV", "Refrigerator", "Room-darkening shades", "Iron", "Kitchen", "BBQ grill", "Stove", "Dedicated workspace", "Hot water", "Washer", "Smoke alarm", "Lockbox"], "price": 79.0, "numbers_of_review": 40.0, "review_scores_rating": 4.88, "reviews": [{"name": "Molly", "date": "2016-04-14", "review": "lovely stay!!! kim was a very kind and helpful host. the apartment is absolutely beautiful - amazingly stylish, very comfortable, we had a brilliant time. bus stop right outside that goes straight to seven sisters tube station so dont be put off by travel needs. parking was great too - what an advantage! only slight grumble was the noise from other residents... i think we may have just had bad luck but on both nights they were racing around and beeping their car horns for a few hours, but this stopped shortly before we went to bed so wasnt much of a problem. totally recommend kim's place - we would have stayed way longer if we had the time, and are very keen to book again. "}, {"name": "Lisa", "date": "2016-05-01", "review": "This was a lovely apartment in a great area of London...Perfect for attending a friends wedding nearby.\r<br/>The apartment was nice and clean, easy to find, with free parking on a nearby street.\r<br/>We felt safe walking around the neighbourhood and would definitely recommend this as a place to stay!"}, {"name": "Jaime", "date": "2016-05-29", "review": "Really loved this apartment and the area! Kim was a terrific host, everything was super easy, there are so many great shops and restaurants, cafes and bars on the doorstep, it was the perfect place for our visit. Kim has a great eye for detail and her home is wonderfully decorated, bright and calm and welcoming. Can not recommend it enough! Thanks for everything! "}, {"name": "Peter", "date": "2016-10-23", "review": "Kim's place is a very nice and thoughtfully decorated apartment, from where you can go and explore northern London perfectly. Transport is easy, finding food and entertainment is in walking distance and the place welcomes you back to relax and recover from your London experiences.\r<br/>Definitely a recommendation!\r<br/>"}, {"name": "Julie", "date": "2017-03-20", "review": "Kim was the best host!<br/>The neighborhood was very unique, quiet, and close to bus station(2min. away by walk) <br/>Kim's place was very comfortable and cozy.<br/>I liked how kim decorated her house, in her own vintage way. <br/>Kim was very easy to contact, whenever I sent her messages, she wrote back immediately. <br/>I would love to stay at her house when I travel London again!<br/>Thank you Kim for everything!<br/>"}, {"name": "Mike", "date": "2017-04-03", "review": "Kim's flat is lovely, bright and well-appointed, and was the perfect place for us to bring our 10-month old daughter to for a short visit to Stamford Hill/Stoke Newington - we very quickly felt at home, which isn't always the case when staying at somebody else's flat! Kim was prompt in her communication and always very accommodating  The neighbourhood itself has a wide array of shops, cafes, bars and restaurants. Would definitely recommend to anyone looking to stay in the area! "}, {"name": "Robin", "date": "2017-05-22", "review": "Very nice, clean and well finished. Highly recommend "}, {"name": "Yu-Hsin", "date": "2017-07-12", "review": "Kim is so nice and her place is just as beautiful and bright as the picture. It's not in the city center but the overground takes you to Liverpool Street Station in 20 min and you can also access Victoria Line (Seven Sisters) by bus or overground. Really recommend for people in holidays."}, {"name": "Anna", "date": "2017-07-31", "review": "Great location, easy to get around London. Not too far from underground but definitely helped knowing the bus routes. The apartment was very clean. The rooms were nice size and Kim has beautiful flowers everywhere. Lots of kids around outside and there was a nice little play area. Sofas are quite comfy too, as I ended up sleeping there with my little one. "}, {"name": "Leila", "date": "2017-08-29", "review": "Appartement propre, fonctionnel et tr\u00e8s confortable. Tous les articles de base \u00e9taient fournis, ce qui est tr\u00e8s pratique lorsque l'on voyage en avion avec des enfants. Kim a fait en sorte que tout se passe bien durant notre s\u00e9jour, tr\u00e8s \u00e0 l'\u00e9coute. La situation excentr\u00e9e de son logement (\u00e0 environ 40mn de liverpool street en overground et environ 1h en bus et m\u00e9tro) nous a permis de d\u00e9couvrir les alentours et de vivre comme tout le monde, ce qui change des lieux touristiques... Je recommande vivement."}]}