{"id": 10990685, "listing_url": "https://www.airbnb.com/rooms/10990685", "name": "Spacious Parsons Green Flat", "description": "Nestled in beautiful Parsons Green, this newly renovated, spacious, one bedroom flat with open plan indoor/outdoor living is an ideal destination for people wanting to stay local or enjoy the bustle of central London.", "host_name": "Sarah", "host_id": 7985521, "host_url": "https://www.airbnb.com/users/show/7985521", "host_picture_url": "https://a0.muscache.com/im/pictures/user/a60a0946-86d4-4c67-9675-fdae9d5fd3a1.jpg?aki_policy=profile_x_medium", "neighbourhood_cleansed": "Hammersmith and Fulham", "latitude": 51.47767, "longitude": -0.20662, "property_type": "Entire rental unit", "room_type": "Entire home/apt", "accommodates": 4.0, "bathrooms": 1.0, "bedrooms": 1, "beds": 1, "amenities": ["Wifi", "Washer", "Long term stays allowed", "TV with standard cable", "Iron", "Hangers", "Dryer", "Kitchen", "Cable TV", "Heating"], "price": 125.0, "numbers_of_review": 1, "review_scores_rating": 5.0, "reviews": [{"name": "Jeetan", "date": "2016-05-05", "review": "Cannot speak highly enough of this extremely well presented flat.  Everything is fresh, new and modern, making for a very comfortable stay. Host Sarah had done an amazing job of informing us of the local amenities and transport, she really went above and beyond to make sure our stay was comfortable and enjoyable. Highly recommend this flat for anyone looking for a touch of lux in a great location. "}]}