{"id": 10999011, "listing_url": "https://www.airbnb.com/rooms/10999011", "name": "Double Room in Kennington", "description": "Cozy double room available in Kennington, South London. <br />Conveniently located with the Northern Line in easy reach and several bus routes. Embankment/ Charing Cross is only two stops away.", "host_name": "Maya", "host_id": 3289289, "host_url": "https://www.airbnb.com/users/show/3289289", "host_picture_url": "https://a0.muscache.com/im/users/3289289/profile_pic/1423848753/original.jpg?aki_policy=profile_x_medium", "neighbourhood_cleansed": "Southwark", "latitude": 51.48339, "longitude": -0.10037, "property_type": "Private room in home", "room_type": "Private room", "accommodates": 2.0, "bathrooms": 1.0, "bedrooms": 1, "beds": 1, "amenities": ["Essentials", "Wifi", "Washer", "Long term stays allowed", "Smoke alarm", "Kitchen", "Heating", "Lock on bedroom door"], "price": 30.0, "numbers_of_review": 6, "review_scores_rating": 4.67, "reviews": [{"name": "Jakub", "date": "2016-03-06", "review": "Every word in the description was very true. Great place, great tenants, who are happy to help and with whom you can have a really nice talk. As we entered the room the clean sheets and towel were already awaiting on the comfortable bed. And the kitchen! hard to find second like that in London! In positive way of course."}, {"name": "Josias", "date": "2016-03-11", "review": "Communicating via airbnb with Maya was really simple and efficient. She seems like a very friendly person. During our stay, however, Maya was away and her friend Chourouk hosted us. Chourouk was the lovliest host one could imagine! From great city-trip and restaurant recommendations to lovely conversations and evening beers; she had it all covered at its best! Ben and I really miss her already! Best airbnb experience so far! \r<br/>The room itself offers the best at this price range - it's clean, cosy and equipped with a comfortable bed. We couldn't recommend it more to people who want to enjoy London and don't want to stay in an isolated hotel room. You really get a sneak-peak of what the London life might be like. Amazing! And not to forget - the airbnb, being located at a 10-minute walk distance from Kennington (tube) station, is really central and makes it easy to reach all famous locations (The IMAX is only one stop farther from Kennington - yeahy!) and nightlife. \r<br/>\r<br/>Be prepared for your most amazing stay in London! Absolutely the best at its price range! QUALITY!\r<br/>\r<br/>xx\r<br/>Josias & Ben"}, {"name": "Marylou", "date": "2016-03-17", "review": "Nous avons \u00e9t\u00e9 tr\u00e8s bien re\u00e7ues par les filles qui sont d'ailleurs tr\u00e8s gentilles. \r<br/>La chambre correspond bien aux photos, elle est tr\u00e8s propre et rang\u00e9e.\r<br/>Quant au quartier, le m\u00e9tro se trouve \u00e0 m\u00eame pas 15 minutes \u00e0 pied, ainsi que des arr\u00eats bus. \r<br/>Nous recommandons pour passer un agr\u00e9able s\u00e9jour \u00e0 Londres!"}, {"name": "Morten", "date": "2016-03-24", "review": "I loved staying at Maya's place; her roommates made me feel very welcome and the room was all I needed; a good bed, a small desk and a closet. Some people tell me they don't like the neighbourhood, but I actually prefer it to the rush north of the Thames.\r<br/>I would definitely stay here again!"}, {"name": "Benjamin", "date": "2016-04-10", "review": "This was my second stay at this amazing, amazing place! Maya and her friend Chourouk were the loveliest hosts one could imagine! The room's very well looked after and properly clean. The bed's comfortable too! \r<br/>It's THE place you're looking for if you want to be central and in a fairly quiet area. To me, it is just perfect! I couldn't recommend it more! I'd always stay there again - absolutely loved it! QUALITY!"}, {"name": "Matea", "date": "2016-05-31", "review": "\r<br/>This was my first Airbnb experience and I'm satisfied . The room was clean and tidy , we were greeted by clean towels and clean sheets which I find most important . Maya was not at home,but we were welcomed by Mayas roommate Courtney and she was very sympatic .\r<br/>Flat is located 10 minutes walk from Kennington station and from the city only 3 metro stops. And it is very nice neighborhood. All in all I recomande Mayas place to everyone ."}]}