{"id": 1099728, "listing_url": "https://www.airbnb.com/rooms/1099728", "name": "2 Bed Maisonette & Garden, Chelsea", "description": "Trendy rustic maisonette with a sunny garden in very quiet street only  200 metres from the Kings Road and 300 metres from the Thames and some of the best Chelsea restaurants and pubs.<br /><br /><b>The space</b><br />Set on the raised and lower ground floor of a period building, this two bedroom maisonette is situated in a quiet road, next to a park. <br />The flat boasts excellent family space --  27'6 reception room/kitchen and also offers a west facing garden. 710 sq ft in all, this flat has been modernised recently with a stylish and functional d\u00e9cor.<br />Ideally located for the many shops, restaurants and bars on the Kings Road and Fulham Broadway areas, the maisonette is close to underground (Fulham Road and Earl's Court) and overground (Imperial Wharf) stations.<br />A  park with excellent playground one minute's walk from here, a couple of great pubs as well as one of the best jazz clubs (606)  in town. Two minutes\u2019 walk from here you will find Lots Road Auctions provides a u", "host_name": "Mette", "host_id": 6041385, "host_url": "https://www.airbnb.com/users/show/6041385", "host_picture_url": "https://a0.muscache.com/im/users/6041385/profile_pic/1369404087/original.jpg?aki_policy=profile_x_medium", "neighbourhood_cleansed": "Kensington and Chelsea", "latitude": 51.48027, "longitude": -0.18382, "property_type": "Private room in rental unit", "room_type": "Private room", "accommodates": 1.0, "bathrooms": 1.0, "bedrooms": 1, "beds": 1, "amenities": ["Extra pillows and blankets", "Oven", "Hair dryer", "Hangers", "Essentials", "TV with standard cable", "Cooking basics", "Bed linens", "Carbon monoxide alarm", "Wifi", "Heating", "Backyard", "Microwave", "Refrigerator", "Iron", "Kitchen", "Stove", "Hot water", "Washer", "Smoke alarm", "Lockbox", "Cable TV"], "price": 150.0, "numbers_of_review": 47.0, "review_scores_rating": 4.44, "reviews": [{"name": "Juanmi", "date": "2013-05-19", "review": "Perfect Location! Mette was so friendly and a perfect host for us, very involved in our well being."}, {"name": "Anne", "date": "2013-05-22", "review": "Chelsea is a great area to stay in and this beautiful garden flat is perfect situated close to a clean, nice, small park with playgrounds, ok close to the subway aprox 900 m, restaurants, pubs. The street is quiet and we felt safe staying with 2 kids 8 and 12. Lots of space for us and all the facilities you could need. Bathrooms nicely cleaned for us and the wifi worked well despite all over devices. Lots of great tips from Mette that we used. This was our first time with Airbnb and most of my friends said, how do you dare. I hope this will not be the last time we use airbnb, but for me I felt confident by knowing Mette was Danish and seeing her photo. I would like to know more about the hosts, to make an impression on how they live."}, {"name": "Julie", "date": "2013-06-09", "review": "This pretty Garden flat is in a terrific location in Chelsea very close to great pub called the Chelsea Ram.  This flat has a lovely little garden and is bright and cheery.\r<br/>\r<br/>All went really well and we would book again."}, {"name": "Eric Scott", "date": "2013-06-18", "review": "The flat is brilliantly located in Chelsea near the Thames, and a lovely 10 minute walk to the Broadway/Fulham station.  The place is bright, has good energy, and even has a little outdoor garden to enjoy if it's not too cold.  The second bedroom is quite small and takes some maneuvering, but certainly livable.  All in all, we had a fantastic trip!"}, {"name": "Nancy Shaun", "date": "2013-07-04", "review": "Mette's flat was extremely clean, pretty and in a great neighborhood location. We were interested in being centrally located and were able to use public transportation easily."}, {"name": "Giulia", "date": "2013-07-08", "review": "I spent three nights at Mette \u00b4s, her house is really beautiful with a nice style. We didn \u00b4t have a chance to meet her but she was vert helpful. Located at ten minutes walking from the underground station Fulham Broadway, we really enjoyed the nice area with many shops and caf\u00e9s. There \u00b4s also a park nearby the street and we thought that the neighborhood was amazing to spend a few days in London. "}, {"name": "Elena", "date": "2013-07-16", "review": "Location was great & we had a relaxing time staying here.\r<br/>Park near by was great for the kids"}, {"name": "Peter", "date": "2013-08-20", "review": "We stayed for four nights.\r<br/>\r<br/>Excellent location on good bus routes. Tube is further.\r<br/>\r<br/>The flat is pleasant and well equipped. Very inviting courtyard garden, which we used to sit about in with cups of tea, and ate our final dinner there."}, {"name": "Victoria", "date": "2013-09-03", "review": "A big thank you to Mette for making us so welcome in her home. We loved the apartment, which worked really well for us with our 3 young children (4.5, 2.5 and 6 mths). The apartment is clean, bright and comfortable. It's on a quiet street with a great pub on one corner and a brand spanking new park and playground on the other. The local buses provided easy access to the top end of Kings Road and Kensington and the station at Imperial Wharf (overground and underground service) was also a short walk away. A great holiday in a great location. Highly recommended."}, {"name": "Debbie", "date": "2013-09-17", "review": "What a lovely flat, in a great location. The flat itself was light, spacious, homely and, most importantly for me, really quiet, quite something in London. I felt really at home there. It was a perfect alternative to a hotel. We really enjoyed just walking around Chelsea, the leafy squares, cafes and shops and walking along the river and over to Battersea park. Thanks Mette for sharing your home and for your tips. We went to the pub on the corner, the Chelsea Ram, twice. A very cosy pub, literally two steps away. Thanks again.\r<br/>"}]}