{"id": 11003582, "listing_url": "https://www.airbnb.com/rooms/11003582", "name": "Massive room in Leicester Square +Free Breakfast", "description": "Very spacious room, private toilet, in a mansion building right in the heart of the west end, Covent Garden and Leicester Square. This stylish room is very quiet and will give you the peace and rest in the most bustling and vibrant area of London. Seconds from the underground. NEW! Now with NETFLIX and AMAZON TV included!! <br />Both my self and my partner had our COVID vaccines and are careful and safe.<br /><br /><b>The space</b><br />It's not easy to find a room in the centre of London of this size and still be affordable. A big plus is the quietness and relaxing vibe. Aside from the big comfortable bed, there's a sofa, what makes more like a private studio than just a room. TV with Netflix and Amazon Prime might entertain you while having a complimentary tea or coffee. <br />You will have a private toilet and a shared bathroom with shower. <br />The bathroom and separate toilet are just next to the room for your convenience.<br />The entrance of the building and hallways are always", "host_name": "Wim", "host_id": 37467786, "host_url": "https://www.airbnb.com/users/show/37467786", "host_picture_url": "https://a0.muscache.com/im/pictures/user/23cb03e0-5e37-4137-a3d5-2cddada3e7e0.jpg?aki_policy=profile_x_medium", "neighbourhood_cleansed": "Westminster", "latitude": 51.5096, "longitude": -0.12621, "property_type": "Private room in rental unit", "room_type": "Private room", "accommodates": 3.0, "bathrooms": 1.5, "bedrooms": 1, "beds": 2, "amenities": ["Extra pillows and blankets", "First aid kit", "Oven", "Paid parking garage off premises", "Paid washer \u2013 In unit", "TV with Amazon Prime Video", "Netflix", "Fire extinguisher", "Hair dryer", "Wine glasses", "Hangers", "Cleaning products", "Dishes and silverware", "Luggage dropoff allowed", "Essentials", "Shampoo", "Single level home", "Smart lock", "Bed linens", "Carbon monoxide alarm", "Shower gel", "Heating", "Wifi", "Coffee maker", "Dishwasher", "Long term stays allowed", "Hot water kettle", "Refrigerator", "Portable fans", "Room-darkening shades", "Iron", "Body soap", "Drying rack for clothing", "Clothing storage: closet and wardrobe", "Lock on bedroom door", "Toaster", "Breakfast", "Conditioner", "Hot water", "Elevator", "Smoke alarm", "Dryer", "Nespresso machine", "Freezer"], "price": 109.0, "numbers_of_review": 337.0, "review_scores_rating": 4.82, "reviews": [{"name": "Florina", "date": "2016-03-17", "review": "Loved this room. The electric banket was very good for us as it was so cold in London. Clean and nice spacious room. Stayed here twice and would come back. I highly recommend this property! Thank you Wynn :)"}, {"name": "Olga", "date": "2016-04-10", "review": "The apartment is great located in the center of London, Wynn was very friendly and helpful. "}, {"name": "Emilie", "date": "2016-05-17", "review": "Amazing location and lovely set up!"}, {"name": "Laura", "date": "2016-05-23", "review": "Wynn was not there while I stayed at his place but he was extremely helpful in every way by having his friend there to look over things. The apartment was large, clean and in a great location. I would definitely stay there again. "}, {"name": "Rushali", "date": "2016-06-14", "review": "Wynns place was perfect in every sense! Very centrally located, a two min walk from Leicester square station. The room is big with a couch, tv, and cupboard for clothes. It even has a long mirror! The washrooms are clean and functional. Even though it's right on a busy street, you can't hear any noise at night which is great.. Would definitely stay here again! "}, {"name": "Eduardo. /Monica", "date": "2016-06-23", "review": "Hemos pasado  unos d\u00edas hermosos,  la habitaci\u00f3n super grande igual a las fotos. Tenia todo lo esperado, Wynn super atento, nos brind\u00f3 todo para el desayuno. Su ubicaci\u00f3n es lo mejor nos movimos a todos lados a pie\u263a, volver\u00eda sin dudarlo"}, {"name": "Ana Laura", "date": "2016-07-02", "review": "La ubicaci\u00f3n inmejorable, cerca de todo. El anfitri\u00f3n muy respetuoso y amable. El lugar est\u00e1 en excelente estado de limpieza "}, {"name": "Kym", "date": "2016-07-09", "review": "Wynn's flat is perfectly located by Trafalgar Square next to Starbucks, a couple blocks to SOHO and 10 minute walk to Picadilly Circus. Great host, great location, great room. Also wonderful restaurants and pubs on the street. Wynn arranged his schedule to meet our needs. Wonderful place! Next time we go to London, we'll try to stay here. "}, {"name": "Michael", "date": "2016-07-29", "review": "My stay with Wynn was flawless. Although I only saw him for 5 minutes the night before I left, he made me feel very welcome and the whole process was super easy. The room itself is large and comfortable and the location could not be any better! I would highly recommend this place if you want a comfortable and quiet room in the hear of London. "}, {"name": "Xinbei", "date": "2016-08-12", "review": "This is a amazing location that you can reach everything within 15 mins! It's quiet as well. Perfect choice for a short tour!"}]}