{"id": 11003037, "listing_url": "https://www.airbnb.com/rooms/11003037", "name": "Recently refurbished Studio flat", "description": "Spacious and independent en suite bedroom/study with kitchenette in 2nd floor attic of a 3 storey detached family home located in Hampstead Garden Suburb.The room is quiet and the tenant will have total privacy. Ideal for professionals, mature students and visitors to London. 5 min walk from Golders Green station and 20 min from Central London on the underground. Easy access to all airports. Near to shops, banks and restaurants. Close to Royal Free Hospital and Middlesex university.<br /><br /><b>The space</b><br />Spacious and independent en suite bedroom/study with kitchenette in 2nd floor.  Atic of a 3 storey detached Edwardian family home. The light-filled studio occupies the whole of the top floor and has a shared entrance and staircase with the main 4 bedroom detached family home which is occupied by the owner (no children).The room is quiet and the tenant will have total privacy, making it ideal for a professional or post- doctoral mature student. The bedroom/study (20\u20199x14\u20199) h", "host_name": "Marcela", "host_id": 56058584, "host_url": "https://www.airbnb.com/users/show/56058584", "host_picture_url": "https://a0.muscache.com/im/pictures/user/10999a0f-3a07-48b8-ac2f-4ce7dd32cade.jpg?aki_policy=profile_x_medium", "neighbourhood_cleansed": "Barnet", "latitude": 51.57488, "longitude": -0.19689, "property_type": "Private room in loft", "room_type": "Private room", "accommodates": 2.0, "bathrooms": 1.0, "bedrooms": 1, "beds": 1, "amenities": ["First aid kit", "Fire extinguisher", "Hair dryer", "Hangers", "Dishes and silverware", "Essentials", "Free parking on premises", "Shampoo", "Cooking basics", "Carbon monoxide alarm", "Wifi", "Heating", "Coffee maker", "Backyard", "Long term stays allowed", "TV", "Microwave", "Refrigerator", "Iron", "Kitchen", "Lock on bedroom door", "Dedicated workspace", "Hot water", "Smoke alarm", "Dryer"], "price": 55.0, "numbers_of_review": 39.0, "review_scores_rating": 4.9, "reviews": [{"name": "Penny", "date": "2016-04-29", "review": "Marcela is a a thoughtful, kind hostess. This was my first airbnb experience, and she made my stay in London so pleasant.\r<br/>\r<br/>Everything was provided for in the bright, sunlit top-floor studio at the very top of the house (3 flights of stairs): comfortable double bed, bed linen, 2 closets, hangers, drawers, desk, free Wi-Fi, kitchenette with microwave, under-counter fridge/freezer combo, double built-in hob (hot plate), toaster, electric kettle, dishes, salt, vinegar, olive oil, kitchen cleaning products, napkins, cups, bowls, and plenty of utensils. The toilet/shower is en-suite and surprisingly a good size, has a window, and the hostess provides toilet paper, hand and body towel, body wash, and all sorts of toiletry sundries. \r<br/>\r<br/>Upon arrival, she had kindly provided some fruits, bread, jam, cereal, butter, milk, diet coke, orange juice, tea, sugar, ketchup and mustard, so one needed only buy one's preferred food to feel at home. There's a small tv with freeview available in the room.\r<br/>\r<br/>When there were a few unexpected issues with heating/water due to general plumbing, it was seen to straight away and sorted.\r<br/>\r<br/>Marcela was responsive and knowledgeable with questions about visiting London and the surrounding areas. She made great suggestions about where and when to visit places out of the London area and appears to know the area very well. She's intelligent, highly educated, well-traveled, and a great local resource for travelers not familiar with the UK.\r<br/>\r<br/>Her home is located in a convenient location to the Northern line tube station (less than 4 minutes walk), which will take one to central London in about 30-35 minutes. Buses in all directions to/from central London stop 1 minute walk from the house. The home is a 6-7 minute walk to the local high street, with plenty of necessary stores like Boots (pharmacy), Tesco Express (supermarket), fruit/veg stands, restaurants, and international shops. In the opposite direction to the high street is the wonderfully green and peaceful Hampstead Heath (10 minute walk from the house), a superb place to escape to in order clear one's head after a hectic day running around central London.\r<br/>\r<br/>There's a washer/dryer available to use (for a fee) on the ground floor kitchen, which was convenient. You also get your own house key, the studio room has a lock/key, and the area is safe for walking late at night. The room is professionally cleaned once a week.\r<br/>\r<br/>Great first airbnb experience and one I'd gladly return to in the future. Thanks, Marcela!"}, {"name": "Anna", "date": "2016-06-11", "review": "Seks uker i denne vakre leiligheten, med nydelige og velvillige Marcela som vertinne, fl\u00f8y av sted. Jeg hadde et helt fortreffelig opphold, og opplevde b\u00e5de \u00e5 ha n\u00f8dvendig frihet, men ogs\u00e5 \u00e5 bli inkludert, verdsatt og tatt godt vare p\u00e5. Marcela er en glimrende vertinne som tok imot meg med \u00e5pne armer. Hun viste meg rundt i n\u00e6romr\u00e5det f\u00f8rste dagen, og var velvillig og hjelpsom i m\u00f8te med mine \u00f8nsker og behov. \r<br/>Rommet tilfredsstilte alle mine \u00f8nsker, og bildene som var lagt ut stemmer. Jeg fant n\u00f8dvendig ro, og rommet virket som studiested, med b\u00e5de god internettdekning, fredelig nabolag og godt lys. Lys inn fra to sider gav leiligheten et romslig preg. Jeg opplevde ogs\u00e5 det \u00e5 ha tilgang til egen kj\u00f8kkenkrok og bad som sv\u00e6rt gunstig. Rommet ble vasket og stelt ukentlig, og vi fant ordninger slik at jeg kunne f\u00e5 vasket kl\u00e6rne mine.To klesskap var nyttig slik at jeg kunne holde orden i mine egne saker. \r<br/>Huset til Marcela ligger like ved undergrunnsstasjonen, busser til og fra sentrum og Brent Cross. Det er kort veg til Hampstead Heath, med glimrende l\u00f8pe- og tur muligheter for de som liker det. Kenwood house og parken rundt ble et av mine favorittsteder i n\u00e6romr\u00e5det. Det er flere matbutikker og restauranter i gatene rundt huset. Marcela kjenner London godt, og er vel verdt \u00e5 lytte til ang severdigheter, museer, teaterforestillinger, spisesteder mm. Jeg h\u00e5per jeg f\u00e5r anledning til \u00e5 vende tilbake til denne perlen av et sted. Jeg kune ogs\u00e5 gjerne tilbrakt enda lengre tid der. \r<br/>"}, {"name": "Jean-Jacques", "date": "2017-03-19", "review": "If you are looking for a great apartment in London only 20 minutes from city center this is the place to be. The accommodation is superb and exactly as described on the site. This is a great location with everything you need in close walking distance. Marcella was a great host and communicated quickly at all times. We can recommend highly Marcella. "}, {"name": "Wenyu", "date": "2017-09-05", "review": "Marcela is an elegant and helpful hostess. Her place is fully equipped, safe, and quite. Public transport and convenience stores are within only 5 minutes' walking distance."}, {"name": "Cal", "date": "2017-10-25", "review": "Marcela is a fantastic host. The room is even better than it looks in the pictures. The self contained kitchen and bathroom are really convenient and it is only a 5 minute walk to the nearest tube station. Marcela made the extra effort to make sure I had milk, coffee and some snacks when I arrived. I would definitely recommend this AirBnB."}, {"name": "Farah", "date": "2017-11-04", "review": "Amazing Host, brilliant location, very close to station and house is simply amazing, very reliable and secure place to stay in. I will definitely recommend it."}, {"name": "Lise", "date": "2017-12-23", "review": "I loved staying at Marcela's place! The studio is a 5min walk from Golders Green station and close to a variety of shops etc. The kitchen is fully equipped and the place is very clean - thanks to the lovely Marta! Marcela is a great host, she provided breakfast (milk, bread, butter, fruit,...) when I arrived and always made sure everything was okay."}, {"name": "Paolo", "date": "2018-01-03", "review": "Monolocale attrezzatissimo. Ospitalit\u00e0 oltre le aspettative"}, {"name": "Lynn", "date": "2018-01-29", "review": "Ideal for a couple staying in London, Hampstead area. Great Air bnb with everything we needed."}, {"name": "Giovanni", "date": "2018-02-25", "review": "The room is exactly as descripted. It is wonderful. The house is next to the underground and near supermarkets and restaurants, so perfect. My cousin and I enjoyed a lot this place and Marcela is an amazing host! She treated us very well."}]}