{"id": 11000182, "listing_url": "https://www.airbnb.com/rooms/11000182", "name": "Beautiful Penthouse In Shoreditch", "description": "A brand new Penthouse Appartment in the coolest neighbourhood of London with fantastic views. It is very close to the city and surrounded by bars/galleries and more!<br /><br />A big bed, two balconies, roof terrace, beautiful kitchen and even a Grand Piano!<br /><br /><b>The space</b><br />This is a fabulous quiet penthouse apartment with amazing views over london and it is minutes away from the tube, markets, cafes, bars, restaurants in the creative centre of London - Hoxton.<br /><br />The apartment was completed in 2015 so everything is brand new and in fantastic condition and has underfloor heating throughout. There are two balconies and a roof terrace, so if the weather is nice meals should happen outside. Also due to it being on the top floor it is very quiet and feels like an oasis away from the hustle and bustle of London.<br /><br />It has a bright spacious main room which doubles as a kitchen/dining/living room. It has windows and balconies on three sides so is very light. T", "host_name": "Jonathan", "host_id": 10689629, "host_url": "https://www.airbnb.com/users/show/10689629", "host_picture_url": "https://a0.muscache.com/im/pictures/user/3e79295b-3372-4e64-9e43-6b313ecfcb2d.jpg?aki_policy=profile_x_medium", "neighbourhood_cleansed": "Tower Hamlets", "latitude": 51.53039, "longitude": -0.0724, "property_type": "Private room in rental unit", "room_type": "Private room", "accommodates": 1.0, "bathrooms": 1.0, "bedrooms": 1, "beds": 1, "amenities": ["Essentials", "Wifi", "Washer", "Long term stays allowed", "Shampoo", "Elevator", "Smoke alarm", "Hair dryer", "Iron", "Dryer", "Hangers", "Kitchen", "Heating"], "price": 75.0, "numbers_of_review": 6, "review_scores_rating": 4.75, "reviews": [{"name": "Becca", "date": "2016-07-10", "review": "Had a wonderful time while staying in Jonathan's lovely flat. Jonathan was a terrific host- very accommodating. The apartment is beautiful and safe, a quick 5 minute walk to Shoreditch High Street. The room itself was cozy and quiet, which is a rarity in the neighborhood for sure. Highly recommend!"}, {"name": "Nada", "date": "2016-08-15", "review": "Had a great time . It's a perfect location close to most things."}, {"name": "Robert", "date": "2016-10-11", "review": "Lovely views and balconies!  I was much too busy working and wish I could have stayed longer.  I had lovely conversation with Jonathan's flatmate who had good suggestions of where to eat in the neighborhood. The flower market was extraordinary in how similar it was to the tube during rush hour."}, {"name": "Adam", "date": "2016-12-04", "review": "Jonathan is really welcoming as is his flat mate. Lovely flat with an amazing music and book collection to browse through."}, {"name": "Ivan", "date": "2022-12-09", "review": "I couldn\u2019t have had a better experience. Jonathan was really kind, told me many tips about surrendering and let me very comfortable at his place. He and his girl friend are really polite and interesting persons.The apartment is wonderful, quiet, warm enough during the cold days, and the neighborhood is the best to find cool restaurants, bars and cafes. It\u2019s just beside metro stations were you can easily take trains for everywhere. I strongly recommend the Jonathan\u2019s place."}, {"name": "Isabell", "date": "2022-12-12", "review": "I had a woderful stay with Jonathan. <br/>He replied to my messages super fast and was very easy to reach. <br/>At my arrival he was a really nice host and gave me the best recommendations for restaurants around my place. I felt very welcome. <br/>I stayed for only three nights, but I would also recommend this place for a longer stay."}]}