{"id": 11004227, "listing_url": "https://www.airbnb.com/rooms/11004227", "name": "Cosy flat close to Kilburn station", "description": "Our flat is very warm and cosy. It's ideal for a city break. You will have completely free reign within the flat, including use of a fully functional kitchen, wireless internet, as well as provision of clean sheets and towels.<br /><br /><b>The space</b><br />The flat has a living room with an open plan kitchen, a bedroom and a bathroom.", "host_name": "Emmanuelle", "host_id": 25627587, "host_url": "https://www.airbnb.com/users/show/25627587", "host_picture_url": "https://a0.muscache.com/im/users/25627587/profile_pic/1420491119/original.jpg?aki_policy=profile_x_medium", "neighbourhood_cleansed": "Camden", "latitude": 51.55079, "longitude": -0.20532, "property_type": "Entire rental unit", "room_type": "Entire home/apt", "accommodates": 4.0, "bathrooms": 1.0, "bedrooms": 1, "beds": 2, "amenities": ["Essentials", "Wifi", "Washer", "Long term stays allowed", "Smoke alarm", "Hair dryer", "Dryer", "Kitchen", "Heating"], "price": 45.0, "numbers_of_review": 3, "review_scores_rating": 4.0, "reviews": [{"name": "Shani", "date": "2016-02-21", "review": "Cozy, but by no means small! This is a lovely flat, enough for 1-2 people and worth it's price.\r<br/>The flat was clean and welcoming, with a homey feeling to it. I didn't really get to meet the hosts (or needed to), but got everything as promised.\r<br/>It is a short and simple walk from the Kilburn station. And a short walk from so many shops and restaurants in the area.\r<br/>The only thing that was a slight issue is a rail track out side the building. Nothing to wake you up at night, but it is something you should be prepared for.\r<br/>For this price range, this is a great place!"}, {"name": "Hanna", "date": "2016-03-02", "review": "The flat was warm and cosy as described. The location is perfect because of Kilburn station close by. The street is calm and we were not disturbed by the railway line. Communication was good. \r<br/>We had a lovely time and we would love to come back. :-)"}, {"name": "Sandra", "date": "2016-03-08", "review": "La descripci\u00f3n era correcta y el piso nos pareci\u00f3 perfecto para pasar unos d\u00edas en Londres. Emmanuelle y su marido muy amables en todo momento."}]}