{"id": 11007434, "listing_url": "https://www.airbnb.com/rooms/11007434", "name": "A\u2605 Double Room For Your Ultimate London Experience", "description": "With over 300 languages spoken, London is one of the most diverse city in the world.<br />Time to explore!<br /><br />The bed is super comfy & it's the perfect location.<br /><br />\u2192 7 MINUTES WALK TO THE TRAIN<br /><br />\u2192 30 MINUTES FROM MAIN ATTRACTIONS (Big Ben, Covent Garden, Hyde Park, Picadilly ...<br /><br />Staying local...<br /><br />\u2192 THE VIBRANT HIGH STREET is 2 minutes away. You will discover delicious restaurants, trendy shops, bars and caf\u00e9s!<br /><br />Upon arrival, 2 lovely people who lived in the city for 10+ years will welcome you.<br /><br /><b>The space</b><br />Your room is in a big town house that feels warm and cosy!<br />It has the British charm and character you want for your London experience.<br /><br />Your bed is super comfy and the bedroom faces the garden so you do not hear any noise from the street, making it the perfect place to chill after a day exploring London.<br /><br />Since the house is on one of a quiet streets that leads to the busy high stree", "host_name": "Ga\u00ebl", "host_id": 21310702, "host_url": "https://www.airbnb.com/users/show/21310702", "host_picture_url": "https://a0.muscache.com/im/pictures/user/9e18e377-13bf-4405-aca2-125dff582e37.jpg?aki_policy=profile_x_medium", "neighbourhood_cleansed": "Wandsworth", "latitude": 51.46321, "longitude": -0.16706, "property_type": "Private room in townhouse", "room_type": "Private room", "accommodates": 2.0, "bathrooms": 1.0, "bedrooms": 1, "beds": 1, "amenities": ["Extra pillows and blankets", "Oven", "Fire extinguisher", "Hair dryer", "Hangers", "Dishes and silverware", "Luggage dropoff allowed", "Essentials", "Shampoo", "Cooking basics", "Bed linens", "Carbon monoxide alarm", "Indoor fireplace", "Wifi", "Heating", "Coffee maker", "Dishwasher", "Backyard", "TV", "Host greets you", "Refrigerator", "Iron", "Kitchen", "Stove", "Hot water", "Washer", "Paid parking off premises", "Smoke alarm"], "price": 55.0, "numbers_of_review": 67.0, "review_scores_rating": 4.94, "reviews": [{"name": "Cristian", "date": "2017-12-03", "review": "I've a great time in Gael's houae, all is perfect, really clean and confortable.<br/>Gael is a super host... hope to back in his place very soon.<br/>Thanks"}, {"name": "Mathis", "date": "2017-12-14", "review": "Excellent accueil et h\u00f4tes, ainsi qu'une chambre conforme \u00e0 nos attentes et parfaite pour ce que nous recherchions, vraiment tr\u00e8s bon moment pass\u00e9 \u00e0 Londres ! "}, {"name": "Tobias", "date": "2018-01-02", "review": "Ga\u00ebl's place was absolutely lovely and is in a great neighborhood with a lot of stores nearby. Ga\u00ebl and his girlfriend are nice hosts and you feel comfortable and welcome."}, {"name": "Chien", "date": "2018-01-18", "review": "My parents who are non-English speakers stayed with Gael for 8 days. Gael was really nice to them and he tried hard to use google translation to talk with my parents, making sure everything was OK for my parents. And everything in Gael  's place was super clean!!   "}, {"name": "Daniel", "date": "2018-01-21", "review": "Great stay!"}, {"name": "Caree", "date": "2018-02-07", "review": "Gael is a wonderful host, very knowledgeable and eager to share information about the area. Great location and helpful tips! Highly recommended."}, {"name": "Heather", "date": "2018-02-18", "review": "Amazing value for money for anyone travelling to London! We were visiting friends in Clapham and it was easy enough to get to from Euston station using the overground or tube services to Clapham Junction! <br/>Spotless house and personal touches In the room made our stay top notch, welcoming hosts! <br/>We will definitely be returning in the future and recommend to anyone looking for somewhere to stay in the city! <br/>Thankyou Ga\u00ebl!"}, {"name": "Brendan", "date": "2018-02-23", "review": "The location is perfect, with a bunch of restaurants and bars nearby as well as the bus/metro connections. Gael is very warm and welcoming and makes you feel at home and gives you all the information you need ! The room was really clean and the bed is comfy. All in all, it was perfect ! Highly recommended :)"}, {"name": "Niall", "date": "2018-03-02", "review": "My flight was delayed so unfortunately only had a short time to spend at what was a lovely flat but the bed was very comfy which was just what I needed after a long days travelling. Ga\u00ebl was friendly and helpful and the location is literally 5 mins walk from Clapham Junction."}, {"name": "Yanxuan", "date": "2018-03-06", "review": "thank you for your help"}]}