{"id": 11003270, "listing_url": "https://www.airbnb.com/rooms/11003270", "name": "2 Bed Flat on Wandsworth Common, private rooms", "description": "A large private two double bedroom flat is available in this modern ground floor flat on Wandsworth Common.  Own front door and garden.  2 minute walk from the very popular Northcote Road.  A hive of cafes, restaurants and shops during the day, markets at the weekend and a buzzing night life.  Good transport links.<br /><br /><b>The space</b><br />Clean modern flat, for an easy comfortable stay.<br /><br /><b>Guest access</b><br />There is a bathroom/wc, which has a bath/shower.<br />Bright clean kitchen and living room.<br />A private garden and a large communal garden.", "host_name": "Elle", "host_id": 22374612, "host_url": "https://www.airbnb.com/users/show/22374612", "host_picture_url": "https://a0.muscache.com/im/users/22374612/profile_pic/1440162217/original.jpg?aki_policy=profile_x_medium", "neighbourhood_cleansed": "Wandsworth", "latitude": 51.44945, "longitude": -0.16563, "property_type": "Entire rental unit", "room_type": "Entire home/apt", "accommodates": 4.0, "bathrooms": 1.0, "bedrooms": 2, "beds": 2, "amenities": ["Essentials", "Wifi", "Hot water", "Washer", "Paid parking off premises", "Long term stays allowed", "TV with standard cable", "Smoke alarm", "Hair dryer", "Iron", "Carbon monoxide alarm", "Kitchen", "Cable TV", "Heating"], "price": 85.0, "numbers_of_review": 1, "review_scores_rating": 4.0, "reviews": [{"name": "Kate", "date": "2018-06-01", "review": "Lovely and well-located home. Good amenities - great shower! Quiet but with good access to some of the lovely parts of SW London. Quick trip into town for work/exploring."}]}