{"id": 11011184, "listing_url": "https://www.airbnb.com/rooms/11011184", "name": "Nice Double Room in Hendon, London", "description": "Room in a quite area of North London. The house it is situated 10 minutes away from Hendon Central Station.", "host_name": "Ariadna", "host_id": 57138663, "host_url": "https://www.airbnb.com/users/show/57138663", "host_picture_url": "https://a0.muscache.com/im/pictures/user/b7db7673-0504-4ff3-b508-97b752b5993f.jpg?aki_policy=profile_x_medium", "neighbourhood_cleansed": "Barnet", "latitude": 51.57666, "longitude": -0.23166, "property_type": "Private room", "room_type": "Private room", "accommodates": 2.0, "bathrooms": 1.0, "bedrooms": 1, "beds": 1, "amenities": ["Free parking on premises", "Smoke alarm", "Heating", "Carbon monoxide alarm", "Kitchen", "Wifi"], "price": 28.0, "numbers_of_review": 2.0, "review_scores_rating": 5.0, "reviews": [{"name": "Erika", "date": "2016-03-03", "review": "La habitaci\u00f3n muy bien amplia, caliente con regulador de temperatura con vistas al patio y a 10 min aprox de la parada de metro, ademas la ubicacion de la casa en un \u00e1rea muy tranquila y tanto ariadna como las compa\u00f1eras de piso muy majas la verdad me sent\u00ed como una compa\u00f1era m\u00e1s de piso"}]}