{"id": 11019165, "listing_url": "https://www.airbnb.com/rooms/11019165", "name": "VIAJA PORQUE LA VIDA ES CORTA Y EL MUNDO ENORME", "description": "A bright and very spacious Double bedroom in a music loving gorgeous flat in South <br /><br />London.<br /><br />This is a very peaceful house with a lovely garden!<br /><br />A ten minutes walk from Norwood Junction Station (Fast trains to London Bridge 13 minutes)<br /><br />The house is situated five minutes from Selhurst Station (British Rail) so it's easy to get to town.<br /><br />If you prefer a bus you can hop on the 196 to Brixton, or 157 to beautiful Crystal Palace for a lovely walk in the park, cafes and restaurants!<br /><br /><b>The space</b><br />Full of light and spacious, <br />A perfect place for solo adventurers, dreamers, nature loving photographers or other creatives. <br />If you stay here you will see lots of birds, passing foxes, magpies, squirrels, red robins and more!<br />I have yoga mats here and you are welcome to use them!<br />I am the sole owners of the garden so you will have access and can use it at all times.<br /><br />This flat is not suitable for a", "host_name": "Tsivi", "host_id": 57178598, "host_url": "https://www.airbnb.com/users/show/57178598", "host_picture_url": "https://a0.muscache.com/im/pictures/user/7ecf2f11-de85-4a9a-affa-e36dc63fb594.jpg?aki_policy=profile_x_medium", "neighbourhood_cleansed": "Croydon", "latitude": 51.39481, "longitude": -0.08641, "property_type": "Private room in rental unit", "room_type": "Private room", "accommodates": 1.0, "bathrooms": 1.5, "bedrooms": 1, "beds": 1, "amenities": ["Oven", "Lake access", "Hair dryer", "Hangers", "Dishes and silverware", "Essentials", "Free parking on premises", "Shampoo", "Free street parking", "Cooking basics", "Carbon monoxide alarm", "Shower gel", "Wifi", "Heating", "Coffee maker", "Dishwasher", "Backyard", "Long term stays allowed", "Host greets you", "Refrigerator", "Iron", "Kitchen", "Lock on bedroom door", "Hot water", "Washer", "Smoke alarm"], "price": 44.0, "numbers_of_review": 18.0, "review_scores_rating": 5.0, "reviews": [{"name": "Robin", "date": "2016-07-12", "review": "The room itself was fantastic, great bed and very quiet. On arrival tea/coffee was offered and rolls/cofee etc were available on the kitchen table if wanted.\r<br/>If anything was missing, it was fetched right away. For instance my wife asked if a hair dryer was available... It wasn't but next day a brand new one was sitting in our room.\r<br/>Tsivi herself was very approachable and very friendly.\r<br/>I can recomend this room to everybpdy and would have no problem in staying tere again."}, {"name": "Meenu", "date": "2016-12-12", "review": "Staying with Tsivi was like staying with a dear friend who also happens to be an amazing musician that knows a community of artists and happening world music events any given night!<br/>Tsivi's house is great, you won't have to worry about anything. The garden in the back is peaceful and beautiful. There are two national rail stations nearby one within 2 minutes walk which was great. <br/>I'm so glad I met Tsivi and now she's a friend for life~!! Thank you Tsivi for hosting me!"}, {"name": "F\u00e1bio", "date": "2018-07-05", "review": "Tsivi is a wonderful host, one of the best that I knew since my first booking in Airbnb. Her place is comfortable, well located and has a fantastic garden in the backyard. She has the talent to handle people and make you feel at home. Thanks, Tsivi!"}, {"name": "Yinghan", "date": "2018-10-07", "review": "I have been staying at Tsivi's for a month and Tsivi is an outstanding host! During my stay\uff0cshe made me tea and coffee and tasty meal. The room was great, super comfortable king bed, a large desk for me to study on, superfast wifi and shelves filled with books. The flat is located in a queit area near the Crystal Palace football stadium, it is a 3-minute walk to the nearest train station and the trains bring you to the central London area in 30 minutes. Meanwhile, if you are a fan of garden and music, you shouldn't miss the experience living in here."}, {"name": "Klym", "date": "2018-12-29", "review": "I'm happy that I choose Tsivi's place. Would definitely recommend! Especially if you even a bit into music. <br/>Tsivi is fantastic host. Always helpful and easy to communicate with. Also she always knows some great gigs and places to visit! Which is good) Thanks!"}, {"name": "Marcelo", "date": "2019-10-08", "review": "Best AirBnb experience I had since I started using the app. Tsivi is a kind, gentle and very welcoming person. She gave me a lot of tips of places to go around the city and was very respectful of my privacy and space around the house.  <br/>The house is clean, has a big room with wide windows and a garden in the back. It's located near two stations (one very close!) with easy access to central London and Brighton. Lots of shops and supermarkets around the area and plenty of options of open spaces too. I highly recommend a stay in this cozy bright house."}, {"name": "Elsa", "date": "2020-01-14", "review": "I spent 3 months living with Tsivi inbetween movings while studying - Tsivi is a musical and busy lady with lots of interests and stories to share over a cup of tea from her exstensive collection. Replies quickly on questions, she might even lend you one of her guitars to play on if you are interested! Very cozy home (with impressive bookshelves if you find yourself bored!) and with excellent connections to London city with only a two minute walk to the closest train station, and buses to Crystal Palace or Croyden.  Tsivi has great knowledge of restaurants, markets and shops all over London and gave tips on several spots for me to visit while getting to know the city.<br/>Thanks for giving me such a nice experience living with you, I was very fortunate to have my request accepted! :)"}, {"name": "Neko", "date": "2020-09-07", "review": "Without a doubt hand down most incredible host I\u2019ve ever met!!! Booked for a month with little to no knowledge of London and didn\u2019t know what to expect. A month later I walked away with an amazing friend and ally. Tsivi went above and beyond to make sure I had everything I needed to get my stay in London started properly, while also respecting my space. The only negative is that I had to leave ! The house is extremely vibey with art everywhere , musical inspiration and an amazing garden! The bathroom is perfect sized with a spacious shower beautiful tiles  and great water pressure . Conveniently located next to a train stop you can hop on the metro and head into town and come back to your peaceful nest tucked away. There is a really cool park and meadow right around the corner. A perfectly smooth intro to London , might even stay again ! Thanks Tsivi."}, {"name": "Daria", "date": "2020-10-26", "review": "Absolute pleasure staying at this place, consider yourself lucky if you are able to book it. Beautiful house with plenty of space, a back garden and so much love put into the space. I have travelled extensively around the world, staying at all sorts of hotels, private accommodation and airbnbs, but can definitely say that this 1 month stay was the most pleasant in all terms. <br/>The location is wonderful, with great connections to central London, all the supermarkets are in 10 min. walking distance. <br/>The experience you can get by communicating with the host is just invaluable, but also, if you need privacy it is well respected and taken care of. <br/>If I ever stay in London short-term, would try my best to book it again!"}, {"name": "Suzanne", "date": "2020-11-25", "review": "Charming and spacious room in a lovely home with a welcoming host. Warmly recommended!"}]}