{"id": 11013108, "listing_url": "https://www.airbnb.com/rooms/11013108", "name": "Studio16 a little home away from home", "description": "Located in the heart of Hampstead, this studio apartment offers a great opportunity for anyone wishing to experience all that London offers. In addition Hampstead boasts excellent public transportation, restaurants and shopping facilities.", "host_name": "Dani", "host_id": 32485695, "host_url": "https://www.airbnb.com/users/show/32485695", "host_picture_url": "https://a0.muscache.com/im/pictures/user/abcc6144-02f5-44c6-8302-7bfbc6060d7f.jpg?aki_policy=profile_x_medium", "neighbourhood_cleansed": "Camden", "latitude": 51.55032, "longitude": -0.18108, "property_type": "Entire rental unit", "room_type": "Entire home/apt", "accommodates": 4.0, "bathrooms": 1.0, "bedrooms": null, "beds": 1, "amenities": ["Essentials", "Wifi", "Long term stays allowed", "Shampoo", "TV", "Hair dryer", "Iron", "Dryer", "Hangers", "Kitchen", "Heating"], "price": 66.0, "numbers_of_review": 120.0, "review_scores_rating": 4.76, "reviews": [{"name": "Tak", "date": "2016-05-16", "review": "Dani was a great host, quick to respond and very accommodating to my needs and flexible to my timing. The unit was clean and modern and the pictures were accurate. Only issue I had was with the wifi not working at all times."}, {"name": "Ryoko", "date": "2016-07-03", "review": "Excellent!!\r<br/>This was the second time for me to stay at Dani's place, and it was very nice experience as well as before.\r<br/>The room was neat, clean, everything prepared including dishes, drier, towels...\r<br/>The flat is situated at very convenient place, within a few min. from large supermarket, tube and bus station.\r<br/>Dani is very friendly nice person. He always responds to my requests very quickly. \r<br/>I will definitely come back when I go to London again."}, {"name": "Lisa-Sophie", "date": "2016-08-08", "review": "Very sweet appartment in a good and centrally located neighbourhood, underground station 2mins away, perfect.<br/>Super nice host and quiet neighbours. Fully equipped appartment, even shampoo, hairdryer, teabags, etc. Just keep the windows closed while sleeping, they eliminate all the traffic noise. "}, {"name": "Niharika", "date": "2016-08-14", "review": "Dani's place is great. Location, amenities, cleanliness and all provisions for a comfortable stay. The pictures are accurate and Dani is Very helpful host. We were able to communicate easily and he responded quickly to our queries. Thanks Dani for a memorable stay."}, {"name": "Nikola", "date": "2016-10-23", "review": "Dani was very gentle and nice host."}, {"name": "Elodie", "date": "2017-05-27", "review": "Nous avons pass\u00e9 un Super s\u00e9jour !Studio agr\u00e9able et propre, le quartier est anim\u00e9 il donne sur une route donc le seul tout petit b\u00e9mol c'est le bruit des voitures lorsque l'on ouvre la fen\u00eatre pour a\u00e9rer.<br/>Il y'a \u00e0 proximit\u00e9 2 supermarch\u00e9s , un grand supermarch\u00e9 qui ferme \u00e0 minuit avec des restaurants puis un autre petit supermarch\u00e9 qui vends seulement de la nourriture. <br/>Dani est un h\u00f4te tr\u00e8s sympathique et disponible , nous ne l'avons pas vu mais il r\u00e9pond toujours au t\u00e9l\u00e9phone et est tr\u00e8s r\u00e9actif . C'est une jeune fille qui nous a accueilli, elle vit dans l'immeuble donc si besoin elle est toujours disponible.   <br/>Le studio est situ\u00e9 \u00e0 5 Minutes \u00e0 pied du m\u00e9tro , tr\u00e8s facile d'acc\u00e8s pour le centre de Londres . <br/>J'y retournais Avec grand plaisir . <br/>"}, {"name": "Amy", "date": "2017-06-06", "review": "Very comfortable place in a great location. Communication is always good and very friendly. I would definitely recommend staying here! Many thanks "}, {"name": "Saodat", "date": "2017-07-14", "review": "Nice studio with  all facilities  in a great location- 3 minutes  walk to subway station which  is directly  connected  to central London  via two lines. <br/>Big  supermarket  is around  the  corner and a lot of small eating places are around "}, {"name": "Tiphaine", "date": "2017-08-06", "review": "Nous avons passer une tr\u00e8s bonne semaine dans l'appartement de Dani.<br/>Saori nous \u00e0 accueillir et a \u00e9t\u00e9 tr\u00e8s gentille avec nous. <br/>Le seul b\u00e9mol \u00e0 \u00e9t\u00e9 les rideaux, qui sont pas assez occultant, des volets seraient mieux ou d'autre rideaux.<br/>Mais nous sommes sur que nous reviendrons pour un autre s\u00e9jour \u00e0 l'avenir.<br/>Merci \u00e0 Dani et Saori."}, {"name": "Ali", "date": "2017-09-17", "review": "Overall it was a good stay. I recommend this place for one person in a short trip. This cozy studio is located near tube station. Therefor you can reach to the city center easily and quickly. Dani's girlfriend welcomed us for check-in. She help us with the luggage, because the flat is on the second floor and there is no lift. Wifi doesn't work very fast and at night you hear footsteps. Again it is convenient for a short-term stay. Thanks Dani and his girlfriend."}]}