{"id": 11017810, "listing_url": "https://www.airbnb.com/rooms/11017810", "name": "Neighbours with the Queen", "description": "Super close to all the famous sites of London! Walk to Buckingham Palace, Big Ben, Westminster Abbey, Tate Museum, Parliament House, 10 Downing Street (where the Prime Minister lives), London Eye, etc. All within a short 15 minute walk.<br /><br /><b>The space</b><br />Security door. The apartment block has only 4 flats<br /><br />Our flat is a 2 bedroom. You will be sharing the flat with either me (Ben) or my housemate Christopher, depending on who is travelling at the time.<br /><br /><b>Guest access</b><br />You will have full access to your private bedroom, living room, bathroom, and kitchen.<br /><br /><b>Other things to note</b><br />Every Tuesday morning, a hired cleaning cleans the entire apartment.", "host_name": "Ben", "host_id": 57172788, "host_url": "https://www.airbnb.com/users/show/57172788", "host_picture_url": "https://a0.muscache.com/im/pictures/user/14998c71-def9-4dd3-b3e3-2ceb03e3466b.jpg?aki_policy=profile_x_medium", "neighbourhood_cleansed": "Westminster", "latitude": 51.49416, "longitude": -0.13377, "property_type": "Private room in rental unit", "room_type": "Private room", "accommodates": 2.0, "bathrooms": 1.0, "bedrooms": 1, "beds": 1, "amenities": ["Essentials", "Wifi", "Washer", "Long term stays allowed", "TV", "Hair dryer", "Iron", "Hangers", "Dryer", "Kitchen", "Heating"], "price": 48.0, "numbers_of_review": 9, "review_scores_rating": 4.44, "reviews": [{"name": "No\u00e9mie", "date": "2016-03-30", "review": "My boyfriend and I had a fantastic stay, appartment was clean, beautiful, the listing told by Ben and Christopher totaly accurate, there were nice efforts to make us feel like at home with a lot of little attentions. They are reliable and available if any questions. I recommand them and would def go back for another stay.\r<br/>Plus, the flat is very well located, 10/15 minutes to Big Ben, Victoria Station, and in a very cool street and neighborhood . Thank you :)"}, {"name": "Xiaohan", "date": "2016-04-03", "review": "Christopher is very friendly and helpful . also other roomates are really nice. we spent 2 nignts in london. The room is clean and comfortable. The place is very close to the centre of the town. its convenient to go out to enjoy the night view and it's a safe place as well . We really think it is a great place to make you feel at home . Everything is good . Highly recommend . "}, {"name": "Jeffrey", "date": "2016-06-01", "review": "It was our first time in London and we felt like home! \r<br/>\r<br/>We didn't managed to meet Ben when we stayed in London, however we met Christopher, Ben's flatmate. Christopher was really hospitable and helpful. He shared with us the amenities around the neighbourhood, showed us how to reach nearest train stations and gave us some nice suggestions for food.\r<br/>\r<br/>After our first day of touring London, we came back to a nice surprise on the nightstand with a packet of Jaffa Cake and a lovely little note from our host. Pretty awesome way to end your first day I would say.\r<br/>\r<br/>The house has everything you would probably need while on vacation: toiletries, clean sheets/towels, hairdryer and we even got to use the washing machine. The bed was really comfortable too.\r<br/>\r<br/>The place is exactly like how it looks on photos, pretty cosy for one/two persons on trip together. The walk to Parliament Square is roughly 10-15min which is really close and we love it that it's near to a few train stations so you can choose one that is most convenient for your journey of the day.\r<br/>\r<br/>We made a rookie mistake and didn't print our ryanair boarding pass but Christopher was really kind to help us, although it is a really last minute request, and even made the effort to came back to the house early in the morning to make sure we have time to reach the airport to catch the flight. We left for Edinburgh for two days, and came back for one night before leaving London and they let us leave our suitcases at the place, no sweat.\r<br/>\r<br/>I would say we were lucky to grab this and it was an amazing first experience with Airbnb that we had in London. Great job Ben and Christopher. Hopefully we will see you guys in Singapore one day!"}, {"name": "Jeffrey", "date": "2016-06-04", "review": "So we went to Edinburgh for two days in the middle of our trip to the UK and then come back to Ben's place for one night before going back home. They let us leave our suitcases here so that we can travel light to Scotland, super flexible. We came back to clean room and clean towels and pretty much everything else is the same, kinda get familiar with the place so it does feel like home! "}, {"name": "Silvio Roberto", "date": "2016-07-11", "review": "It was our first time in Europe, and the location was just perfect to visit London must-see's.\r<br/>Very good flat."}, {"name": "Bianca", "date": "2016-07-16", "review": "The place was in a good location, clean, but a little bit noisy. We faced some hot days (for London standards), and the windows were planned to avoid cold and noise, but they do not open completely, what is not good during summer. The internet was good, and we felt like home, being able to use all the house's  facilities (kitchen, living room).\r<br/>It was not very private because there were two other guests in the other room. Everyone uses the same toilet, and it is outside the bathroom. The overall experience was good."}, {"name": "Sam", "date": "2016-10-30", "review": "Ben and his roommate keep a lovely flat; well-furnished, clean, and literally the best location for walking to everything you will want to see in historic Westminster and beyond. This was my second time in London this year and Ben's fluid communication and relaxed check-in made it a great and easy trip. Thanks a ton, I would definitely book here again and recommend Ben's Airbnb to others!"}, {"name": "Sabrina", "date": "2016-11-13", "review": "The location is great and very central. The rooms is nice and clean. Quite a lot of noise during our stay though. "}, {"name": "Frederik", "date": "2017-01-29", "review": "Central location, perfect for sightseeing. Clear communication and instructions from our host even though he was overseas. Would definitely recommend this place for a short stay in London. "}]}