{"id": 11013065, "listing_url": "https://www.airbnb.com/rooms/11013065", "name": "Dani London stdios 41 standard", "description": "Located in the heart of Hampstead, these studio apartments offer a great opportunity for anyone wishing to experience all that London offers. In addition these apartments boast excellent public transportation, restaurants and shopping facilities.", "host_name": "Dani", "host_id": 32485695, "host_url": "https://www.airbnb.com/users/show/32485695", "host_picture_url": "https://a0.muscache.com/im/pictures/user/abcc6144-02f5-44c6-8302-7bfbc6060d7f.jpg?aki_policy=profile_x_medium", "neighbourhood_cleansed": "Camden", "latitude": 51.55034, "longitude": -0.18097, "property_type": "Entire rental unit", "room_type": "Entire home/apt", "accommodates": 2.0, "bathrooms": 1.0, "bedrooms": null, "beds": 1, "amenities": ["Essentials", "Wifi", "Long term stays allowed", "TV", "Hair dryer", "Iron", "Dryer", "Kitchen", "Heating"], "price": 69.0, "numbers_of_review": 46.0, "review_scores_rating": 4.73, "reviews": [{"name": "Andrew", "date": "2016-06-28", "review": "Let me first compliment Dani on being an excellent host. He provided very helpful information concerning the area, and our conversations with him were a pleasure. The location is great with easy access to a tube station (4 min walk) and grocery. All of this, in combination with the price, cannot be beat. "}, {"name": "Maxime", "date": "2016-08-15", "review": "J'ai pass\u00e9 4 jours \u00e0 Londres avec ma copine. Dani est sympathique et tr\u00e8s arrangeant puisqu'il nous a laiss\u00e9 poser nos valises avant le Check in afin d'aller se balader tranquillement dans Londres. Concernant le studio, dispose d'un confort sommaire mais suffisant pour 4j. Serviettes, gel douche et n\u00e9cessaires de cuisine disponible. <br/>La localisation est id\u00e9ale. Tr\u00e8s bien desservie par Metro et bus pour camden, Oxford, Victoria, Notting Hill. Je recommande cet h\u00e9bergement.<br/>Thank Dani."}, {"name": "Monica", "date": "2016-08-20", "review": "Dani was super helpful for agreeing how to check in etc. The room was in the basement and peaceful as it faced away from the busy main street. My parents were only staying one night but they said it was comfortable and I saw plenty amenities (kitchen utensils, spices, towels). Wifi connection was also fine according to my dad."}, {"name": "Andreea", "date": "2017-04-09", "review": "Dani's flat is very well situated, the bus nearby or the subway brings you quickly to the main attractions.  The flat was very clean & nice. Thank you !"}, {"name": "Alexandra", "date": "2017-05-07", "review": "<br/>I recommend. Enter the fast places. Very nice, and very nice housing"}, {"name": "Elena", "date": "2017-05-11", "review": "Very well equipped apartment - you will find there everything you need for the comfortable stay. The most pleasant was to find the basic groceries: oil, salt, spices, cereals, tea and coffee, etc. Wifi worked good all the time. Dani was always immedietely available by phone and WhatsApp for the contact. Saori, the host, was very kind and friendly. This flat is a great value for money!"}, {"name": "Shasta", "date": "2017-07-12", "review": "Had a great stay!"}, {"name": "Tyler", "date": "2017-08-10", "review": "Fantastic location. Great Italian place down the street, Fiddie's. Highly recommended."}, {"name": "Chau", "date": "2017-09-17", "review": "Great location and neighbourhood. Apartment had all the amenities you could need. Communication was prompt - Dani replied to all our queries in a timely manner. Highly recommended."}, {"name": "Alberto", "date": "2019-08-09", "review": "Gracias por todas las facilidades y atenci\u00f3nes. Nos hemos sentido muy c\u00f3modos. Apartamento sencillo, pero completo. Muy aconsejable. Cerca de transporte. Fuera del centro de Londres, pero cerca de todo."}]}