{"id": 11018103, "listing_url": "https://www.airbnb.com/rooms/11018103", "name": "UNIQUE ARTIST FLAT", "description": "Full of character, with rococo-wallpapers, private-cinema, all necessities & many charming details situated in Shepherds Bush, London.<br /><br /><b>The space</b><br />MUSIC & FILMS<br />An immense archive of music and a selection of good films ready for your enjoyment. I will leave a note explaining how to switch on the technical things and how they work.<br /><br />SLEEPING<br />Triangular double\u00a0bed sleeps two. It's a platform bed as can be seen on the pictures of the Green Room. Headspace is around 72cm whilst the feet are supposed to point to the edge of abyss - so that there should be no risk of falling down! There's also a single mattress in the living room that can accommodate a third person.<br /><br />HOUSEHOLD<br />There will be fresh linens and towels evidently. <br />The kitchen contains all necessities and basics.<br /><br /><b>Guest access</b><br />CHECK IN & CHECK OUT TIMES<br />Check in & out times are no strict rules just ask if other times arrange you better.<br /><b", "host_name": "Tristan", "host_id": 57044236, "host_url": "https://www.airbnb.com/users/show/57044236", "host_picture_url": "https://a0.muscache.com/im/pictures/user/600eca7f-b60d-4a3b-a6f5-ba6b10df3038.jpg?aki_policy=profile_x_medium", "neighbourhood_cleansed": "Hammersmith and Fulham", "latitude": 51.50153, "longitude": -0.23177, "property_type": "Entire rental unit", "room_type": "Entire home/apt", "accommodates": 2.0, "bathrooms": 1.0, "bedrooms": 1, "beds": 1, "amenities": ["Extra pillows and blankets", "Oven", "Hair dryer", "Hangers", "Dishes and silverware", "Luggage dropoff allowed", "Essentials", "Shampoo", "Cooking basics", "Bed linens", "Carbon monoxide alarm", "Wifi", "Heating", "Coffee maker", "Long term stays allowed", "Refrigerator", "Iron", "Kitchen", "Stove", "Hot water", "Washer", "Paid parking off premises", "Smoke alarm", "Ethernet connection"], "price": 100.0, "numbers_of_review": 54.0, "review_scores_rating": 4.94, "reviews": [{"name": "Jessica", "date": "2016-03-01", "review": "Tristan was such a great host. His unique flat was perfect for our stay. The location is great, near multiple tube stations. Everything went smoothly. Would stay again!"}, {"name": "Xavier", "date": "2016-04-18", "review": "Tristan is a perfect airbnb host.  Check-in and check-out went very fluent (the welcome coffee was absolutely my taste ;)) Very strategically located, close to tube stations and supermarkets.  Unique and eye-catching design, every room has its personality.  \r<br/>Bonus: if you like film classics, this is your place!  Tristan has some nice hidden gems in his collection."}, {"name": "Joan", "date": "2016-04-24", "review": "Appartement incroyablement charg\u00e9 d'histoires et de cr\u00e9ativit\u00e9! Tristan nous a accueilli avec beaucoup de diligence. Proche du m\u00e9tro , il est ais\u00e9 de se rendre au centre"}, {"name": "Jeremy", "date": "2016-05-17", "review": "Excellent host, excellent flat, excellent experience!\r<br/>\r<br/>Tristan was very welcoming, friendly and generous. He made us feel very cared for, even before we arrived. The flat was well thought out with a clever use of space. He has clearly gone to great lengths to put together such a unique, visually stimulating environment. It was truly inspiring to be staying amongst such creativity. The flat is in a very quiet location, tucked away but close to local shops and transport links. There was a good choice of music to listen to and a good choice of art-house films. We were only there for three days, and would have loved to have stayed longer. Thoroughly impressed and thoroughly recommend. Five stars! Thank you Tristan.\r<br/>J & K. x\r<br/>\r<br/>(PS. There is a superb bar called 'the Oak', further west along Goldhawk Road).\r<br/>"}, {"name": "Liam", "date": "2016-07-04", "review": "Wonderful, bright and vibrant personality that welcomed us straight into his flat. Instantly took the time to get to know us a little and show us the apartment, ensuring that we could always get in touch with him. \r<br/>\r<br/>Very extraordinary individual just like the flat (in a very good way), where everything worked and was clean. Tristan included guides to help us travel around London and told us a lot about the local area which was a huge benefit for us.\r<br/>\r<br/>Perfect and would go again!"}, {"name": "Olivier", "date": "2016-07-09", "review": "Tristan a \u00e9t\u00e9 un h\u00f4te tr\u00e8s attentionn\u00e9.\r<br/>Il a r\u00e9pondu rapidement \u00e0 toutes nos interrogations d'avant s\u00e9jour.\r<br/>Il nous a attendus \u00e0 notre descente du train pour faire avec nous\r<br/>le trajet en m\u00e9tro jusqu'\u00e0 chez lui.\r<br/>Tristan avait eu la d\u00e9licatesse de nous pr\u00e9parer \u00e0 manger, et nous\r<br/>a permis de ''piocher'' dans son frigo.\r<br/>Service \u00f4 combien pr\u00e9cieux: il avait mis \u00e0 notre disposition trois\r<br/>''oistercards'' (carte de transport urbain londonien) qui nous ont permis de voyager au tarif r\u00e9sident (les transports sont extr\u00eamement chers \u00e0 Londres!).\r<br/>A recommander tr\u00e8s vivement!!"}, {"name": "C\u00e9cile", "date": "2016-07-14", "review": "Tristan's apartment is incredible, well located (3 min walking from the tube) and has a big screen you can watch movies on. The place complies with the description and pictures. Tristan was very welcoming, available at all times and helpful. We definitely recommend this place because we loved it! "}, {"name": "Zena", "date": "2016-08-01", "review": "Tristan was quick in getting back to answer any questions we had. Tristan had clearly mapped out the house, area , places of interest and travel instructions which was very useful. Very friendly and helpful.He also let us into the flat much earlier than we previously arranged."}, {"name": "Rosanne", "date": "2016-09-10", "review": "Very welcoming ,surrounding area was cosmopolitan,with  independent small shops and lots of restaurants, both small and chains. "}, {"name": "Heather", "date": "2016-10-10", "review": "Tristan and his flat were amazing! Unique, elegant and inspirational. We shall be back for more please xx"}]}