{"id": 11031500, "listing_url": "https://www.airbnb.com/rooms/11031500", "name": "Riverside 1 Bed in 5* Hotel", "description": "Large 1 bedroom apartment in a modern riverside development. On site amenities include 24 hour security office, concierge, champagne bar, riverside restaurant, spa, gym and two large communal roof top terraces with breath taking views over London.", "host_name": "Shaleeza", "host_id": 28904946, "host_url": "https://www.airbnb.com/users/show/28904946", "host_picture_url": "https://a0.muscache.com/im/users/28904946/profile_pic/1425729073/original.jpg?aki_policy=profile_x_medium", "neighbourhood_cleansed": "Wandsworth", "latitude": 51.47077, "longitude": -0.17686, "property_type": "Entire rental unit", "room_type": "Entire home/apt", "accommodates": 2.0, "bathrooms": 1.0, "bedrooms": 1, "beds": 1, "amenities": ["Wifi", "Washer", "Free parking on premises", "Long term stays allowed", "Elevator", "TV with standard cable", "Smoke alarm", "Hair dryer", "Heating", "Iron", "Hangers", "Dryer", "Kitchen", "Cable TV", "Air conditioning", "Gym"], "price": 150.0, "numbers_of_review": 1, "review_scores_rating": 4.0, "reviews": [{"name": "Jonathan", "date": "2016-03-20", "review": "Great flat - nice airy riverside location - clean, modern building, well spec'd.   Shaleeza made us feel very welcome and organised things very efficiently.  Flat was comfortable and perfect for our needs.  One recommendation to any visitor - make use of the Thames Clipper service nearby - great way to get in and out of Central London!"}]}