{"id": 11039419, "listing_url": "https://www.airbnb.com/rooms/11039419", "name": "Lovely 1 bed flat  - from \u00a360! (5 nights minimum)", "description": "Lovely self contained annex in Hanwell, near Ealing, W7; with kitchenette, sitting room, bedroom and bathroom. Close to the overground to Heathrow (20 mins) and Paddington (20 mins) , bus to Ealing Broadway tube, close to the A40 and M4.<br /><br /><b>The space</b><br />This fully furnished annex is newly built, comprising of; first floor - comfortable sitting area with Virgin TV included, free wifi and a fully equipped kitchenette.  A  storage cupboard with hanging rail and shelving is next to the stairs leading to the second floor, along with a washing machine.  Upstairs you will find a double bedroom, with en-suite shower room.  Longer bookings available, please message me for more details.<br /><br /><b>Other things to note</b><br />We require a 2 night minimum for each booking, plus a \u00a310 cleaning fee.   Our cleaner will come weekly for one hour at a cost of \u00a310 per week for guests staying longer term. There is no smoking in the flat please; guests are asked to smoke outside.", "host_name": "Gemma", "host_id": 26492505, "host_url": "https://www.airbnb.com/users/show/26492505", "host_picture_url": "https://a0.muscache.com/im/users/26492505/profile_pic/1429135055/original.jpg?aki_policy=profile_x_medium", "neighbourhood_cleansed": "Ealing", "latitude": 51.51573, "longitude": -0.32985, "property_type": "Entire rental unit", "room_type": "Entire home/apt", "accommodates": 1.0, "bathrooms": 1.0, "bedrooms": 1, "beds": 1, "amenities": ["Essentials", "Wifi", "Hot water", "Washer", "Long term stays allowed", "TV with standard cable", "Fire extinguisher", "Smoke alarm", "Lockbox", "Private entrance", "Iron", "Hangers", "Kitchen", "Cable TV", "Heating"], "price": 60.0, "numbers_of_review": 15.0, "review_scores_rating": 4.93, "reviews": [{"name": "Drew", "date": "2016-06-01", "review": "Gemma and her husband were wonderful hosts. They were responsive, always available and a pleasure to chat with. The flat is very new, very well appointed and extremely comfortable. The WiFi is excellent (always a big concern of mine) and the TV has a full spectrum of cable channels. Everything worked well. Lots of hot water in the morning for a shower. The flat is on a quiet street in a quiet residential neighborhood. Easy sleeping with absolutely no noise. How can you not love an area called \"Poets Corner.\"\r<br/>\r<br/>If there is one thing you need to be aware of, it's the location. You are in zone 3, truthfully nowhere near central London. You will need to take a bus to Ealing Broadway (or the train directly behind the flat to Paddington) and then connect to the underground. There are also very few shops or restaurants within walking distance. I found I did all my shopping in Ealing Broadway, although there is a small grocery 5 minutes from the flat. Ealing Broadway is served by the Central line (30 minutes into London) and the District line (45 minutes). You'll want to take the E1 bus from the flat to Ealing and then the tube. Total time around an hour, a little longer late at night.\r<br/>\r<br/>On the other hand, the neighborhood is quiet, relaxing and safe. I stayed for six weeks and got very used to the location, but I found myself rarely going into London (I was working at the National Archives in Kew Gardens).\r<br/>\r<br/>Would I stay again? Absolutely, and hope to again this fall - although I suspect this flat will book quickly. As long as you have no concerns about the time into central London, this is a great property to book and I highly recommend it. \r<br/>\r<br/>"}, {"name": "Sally", "date": "2016-06-09", "review": "Gemma was very helpful and the space is clean, well equipped and private."}, {"name": "Anthony", "date": "2017-12-12", "review": "Gemma's apartment is great! Very comfortable, stylish and Gemma is a wonderful host and very helpful and communicative.<br/>The apartment is a great base in London, particularly for longer stays. I'll definitely be staying again."}, {"name": "Ivan", "date": "2018-01-04", "review": "This place has everything one person need for even longer stays.<br/>It is very clean and although living area is small you don't feel cramped.<br/>Hosts are great, fixing small issues promptly.<br/>Definitely recommended!"}, {"name": "Ivan", "date": "2018-01-27", "review": "Great place. Reccomended even for longer stay."}, {"name": "Alberto", "date": "2018-04-30", "review": "A pleasant stay experience with Gemma and Henry . They are amazing hosts.<br/>The apartment very cozy and comfortable and equipped with everything you need.<br/>A good quiet area at night and with good public transport.<br/>Highly recommended"}, {"name": "Jessica", "date": "2018-05-18", "review": "Lovely, clean and modern apartment perfect for what I was looking for! Gemma was very responsive and friendly. Although the location is quite far out from central London, there is a wide range of public transport routes available so i had no issues! Overall I had a wonderful stay and would recommend this place to anyone :)"}, {"name": "Arthur", "date": "2018-05-27", "review": "Excellent experience from beginning to end. Gemma was  fast in communicating and very friendly. As a solo traveller the apartment was excellent and very clean. Bus routes are nearby. Recommend."}, {"name": "Glenn", "date": "2018-06-01", "review": "Lovely flat and lovely hosts"}, {"name": "Moath", "date": "2020-03-10", "review": "The apartment is very clean, nice and comfortable! It is just perfect! Kitchen is compact and contains everything one needs. Location is very convenient and the neighborhood is really quiet. Gemma was very helpful and friendly. Stayed for 2 months and I will definitely be back."}]}