{"id": 11035879, "listing_url": "https://www.airbnb.com/rooms/11035879", "name": "Beautiful Garden Flat, 7 mins Hammersmith station", "description": "A lovely one bedroom flat in central Hammersmith, with a modern spacious interior and lovely private garden.<br /><br />Conveniently located in the beautiful streets of Brackenbury Village with a 7-minute walk to Hammersmith station.<br /><br /><b>The space</b><br />The flat has a spacious sitting room, with a large comfy sofa and 45 inch TV. A light and airy modern conservatory kitchen with french doors open out to the garden. The kitchen has a marble worktop and all the facilities needed. Electric hob and oven, dining table can seat 4 chairs, and is currently set up with two and a baby seat.<br /><br />The bedroom has large windows to the front of the house with original wooden shutters. A double bed and plenty of wardrobe space.<br /><br />There is one bathroom with a bath/shower, towels and linens will be provided and there is a washing machine, iron and ironing board available for use.<br /><br />A second small bedroom can either be shut off or if you have a child under 2 there is", "host_name": "Alexis", "host_id": 14460997, "host_url": "https://www.airbnb.com/users/show/14460997", "host_picture_url": "https://a0.muscache.com/im/users/14460997/profile_pic/1397900393/original.jpg?aki_policy=profile_x_medium", "neighbourhood_cleansed": "Hammersmith and Fulham", "latitude": 51.49843, "longitude": -0.22796, "property_type": "Entire rental unit", "room_type": "Entire home/apt", "accommodates": 2.0, "bathrooms": 1.0, "bedrooms": 1, "beds": 1, "amenities": ["Essentials", "Wifi", "Washer", "Long term stays allowed", "TV", "Hair dryer", "Changing table", "High chair", "Iron", "Hangers", "Dryer", "Crib", "Kitchen", "Heating"], "price": 95.0, "numbers_of_review": 3, "review_scores_rating": 5.0, "reviews": [{"name": "Sherif", "date": "2016-03-03", "review": "I rented this space for 1 day to do one of our graduation film projects as a student in film school. When we walked in to receive the keys, Alexis and his lovely wife were waiting for us to show us around. This is one of the most amazing artistic apartments I've been through in London! For modern furniture lovers, THEY HAVE A RIETVELD CHAIR!! :)) \r<br/>The apartment is really luxurious, spacious and has an amazing daylight with a great backyard, very good for long vacations where you can have people over for bbq, or have a private sunbath \r<br/>too sad i couldn't stay over but i will probably consider staying there on my next london visit. \r<br/>Thanks Alexis :) "}, {"name": "Tim", "date": "2018-07-14", "review": "Great place on quiet backstreet in Hammersmith! Right by nice restaurants and coffee shops and walking distance to major transport hubs. Very nicky designed flat with amazing garden. Would love to stay again!"}, {"name": "David", "date": "2018-09-22", "review": "A lovely flat in a great part of London"}]}