{"id": 11032836, "listing_url": "https://www.airbnb.com/rooms/11032836", "name": "Double room in Stoke Newington", "description": "This double bedroom is located in a three bedroom flat, situated in the heart of Stoke Newington. A beautiful part of North London with lots of independant shops  and cafe's and a park with deer! 5 mins to Dalston, 15 mins to Shoreditch/Angel", "host_name": "Hollie", "host_id": 7093122, "host_url": "https://www.airbnb.com/users/show/7093122", "host_picture_url": "https://a0.muscache.com/im/pictures/user/a4d8b942-cf3e-4849-82f4-301bd9ec4046.jpg?aki_policy=profile_x_medium", "neighbourhood_cleansed": "Hackney", "latitude": 51.55913, "longitude": -0.06937, "property_type": "Private room in rental unit", "room_type": "Private room", "accommodates": 1.0, "bathrooms": 1.0, "bedrooms": 1, "beds": 1, "amenities": ["Long term stays allowed", "Hair dryer", "Heating", "Kitchen", "Hangers", "Wifi"], "price": 35.0, "numbers_of_review": 2.0, "review_scores_rating": 5.0, "reviews": [{"name": "Hugo", "date": "2016-02-15", "review": "My mother greatly enjoyed her stay. Great location, very clran and very quiet :-)"}]}