{"id": 11035035, "listing_url": "https://www.airbnb.com/rooms/11035035", "name": "Close to tube station, quiet corner of W10", "description": "***DO WATCH OUT FOR DISCOUNTS FOR STAYS OVER 1 WEEK***<br />Overlooking a quiet, well maintained garden, my place is only two minutes' walk from the tube station, an ideal base from which to explore London. It's within easy walking distance of the famous Portobello Markets. There are a number of local pubs, cafes & grocery shops near by.  For those seeking to escape the hustle 'n bustle, try a coffee at the Museum of Brands, nestled within an amazingly peaceful garden in a courtyard 5 mins walk away.<br /><br /><b>The space</b><br />Before arrival I will send you a map to my flat, personally drawn by myself!<br />A welcoming beverage awaits you upon arrival.<br /><br />PLEASE NOTE: Because I use hotspot on my mobile for the internet I will provide you with a Dongle to help you access the internet.<br /><br />TRAVEL INFORMATION:<br />The local tube station (Latimer Road) is served by the Circle line and the Hammersmith & City line.  Both of these lines will take you directly to Paddingt", "host_name": "Kerena", "host_id": 27649942, "host_url": "https://www.airbnb.com/users/show/27649942", "host_picture_url": "https://a0.muscache.com/im/pictures/user/174014ad-0900-4e07-a5f1-069fbf2b8c01.jpg?aki_policy=profile_x_medium", "neighbourhood_cleansed": "Kensington and Chelsea", "latitude": 51.51478, "longitude": -0.22014, "property_type": "Private room in rental unit", "room_type": "Private room", "accommodates": 2.0, "bathrooms": 1.0, "bedrooms": 1, "beds": 1, "amenities": ["Extra pillows and blankets", "Oven", "Hair dryer", "Wine glasses", "Private entrance", "Hangers", "Cleaning products", "Dishes and silverware", "Luggage dropoff allowed", "Essentials", "Shampoo", "Bread maker", "Baking sheet", "Clothing storage: closet", "Cooking basics", "Bed linens", "Bathtub", "Wifi", "Heating", "Coffee maker", "Long term stays allowed", "Hot water kettle", "Refrigerator", "Portable fans", "Iron", "Kitchen", "Drying rack for clothing", "Stove", "Toaster", "Conditioner", "Dedicated workspace", "Hot water", "Paid parking off premises", "Shared patio or balcony", "Free washer \u2013 In unit", "Laundromat nearby", "Pocket wifi"], "price": 57.0, "numbers_of_review": 117.0, "review_scores_rating": 4.74, "reviews": [{"name": "Simon", "date": "2016-03-23", "review": "Kerena nous a accueilli tr\u00e8s chaleureusement chez elle.\r<br/>Le logement est extr\u00eamement bien situ\u00e9 et tr\u00e8s bien desservi. La chambre est confortable, les petites attentions (caf\u00e9, th\u00e9, biscuits,...) de Kerena sont \u00e9galement un bon plus.\r<br/>Je recommande vivement!\r<br/>\r<br/>Everything was perfect!"}, {"name": "Tiziana", "date": "2016-05-01", "review": "La casa di Kerena \u00e8 un piccolo gioiello: accogliente, calda, pulita, situata a due passi dalla fermata metro Latimer Road, in un quartiere tranquillo e carino. Il letto \u00e8 comodissimo. Kerena \u00e8 simpatica e disponibile. La sera era un piacere tornare a casa. Siamo state molto bene. Consiglio questo alloggio.  \r<br/>Excellent room and great host."}, {"name": "Pedro", "date": "2016-05-04", "review": "Kerena is a Great Hostess, nice and friendly. We felt like home.\r<br/>The double bedroom is spacious and comfortable and with all details. And the Neighborhood is quiet and near to Portobello market.\r<br/>We'll came back in other visit to London!"}, {"name": "Anne", "date": "2016-05-07", "review": "We had such a lovely time in London!\r<br/>\r<br/>Kerena is a very nice lady and made us feel right at home.\r<br/>\r<br/>Everything was shipshape and therefore we have no bad comments.\r<br/>\r<br/>\r<br/>Very cozy apartment!\r<br/>\r<br/>Well located close to the tubestation.\r<br/>\r<br/>Lovely cookies, thee and coffee in the bedroom.\r<br/>\r<br/>\r<br/>Kerena, we wish you the best for the future!\r<br/>\r<br/>And people... you don't have to doubt to book a vacation at kerena's place!\r<br/>\r<br/>\r<br/>\r<br/>\r<br/>"}, {"name": "Michelle", "date": "2016-05-16", "review": "Kerena was very welcoming. She allowed us to check in early and met us at the tube station so that we wouldn't get lost. The tube station was a 2 minute walk from the flat. The place was clean and accurately reflected the posting. A bit small but great for a short stay. "}, {"name": "Stephanie", "date": "2016-05-22", "review": "Kerena made us feel comfortable right away. The room was very neat and lovely, she had a water kettle, tea bags and some cookies prepared for us and welcomed us in a warm and pleasant way. During our stay she gave us some helpfull tips and we had a small chat here and there, at the same time she always gave us our privacy.\r<br/>The neighbourhood was quiet and the tube station is just 2 minutes away. Definitely a recommendation!"}, {"name": "Johanna", "date": "2016-05-30", "review": "Kerena was very nice and the Room was very clean. :) traveling by Tube to the City and to London Heathrow was very easy and convenient thanks for your hospitality ! all the best Lisa & Johanna "}, {"name": "Marrocco", "date": "2016-06-12", "review": "Il soggiorno da Kerena \u00e8 stato piacevolissimo...Come visitare una vecchia amica...Abbiamo apprezzato le sue attenzioni e i suggerimenti pratici riguardo il nostro soggiorno a Londra.\r<br/>L'appartamento \u00e8 in una zona molto tranquilla,circondato da un giardino.Comodissimo alla fermata della metro. Insomma siamo pienamente soddisfatte.Speriamo di tornare in futuro!\r<br/>"}, {"name": "Lindie", "date": "2016-06-28", "review": "My host Kerena was simply great! On the day of my arrival, she sent a map of her neighbourhood to me, so that I could easily get from the  tube station to her apartment. I have to say, her place is at a great location - it's a beautiful and quite neighbourhood, yet it's relatively close to all the major tourist attractions by tube. Overall, I enjoyed my time here. Highly recommended! "}, {"name": "Koen", "date": "2016-07-03", "review": "Kerena was a lovely host and the room was really comfortable, clean and spacious. Also the location of her apartment was very centric which made our stay very comfortable. Always in for a small chat, giving advice on (how to get to) places, but also very respectful of our privacy. Kerena we will certainly visit you again when we come back to London, thanks for everything!"}]}