{"id": 11036889, "listing_url": "https://www.airbnb.com/rooms/11036889", "name": "2 bed 2 bath modern flat central", "description": "The flat is a contemporary style two bedroom two bathroom apartment in East-central London in clean and immaculate condition. We are two guys in our late 20's who live there and work in professional services. Looking to rent out whilst travelling!<br /><br /><b>The space</b><br />This place is listed at a bargain price when considering size and location. The relatively spacious apartment is set on the second floor in a modern apartment building, situated very closely to Aldgate East tube station (which has excellent transport links to get around town). The vibrant nightlife of Bricklane/Shoreditch is just a short walk away and this central London flat is perfect for anyone wanting to use it as a base to explore this amazing city. As the flatmate and I normally live there, the place has everything you'd expect a bachelor pad to have: highspeed broadband, widescreen TV with a monster computer connected, 2 x 200watt speaker system, full cable package including sports etc etc. We have a cl", "host_name": "Daniel", "host_id": 13238776, "host_url": "https://www.airbnb.com/users/show/13238776", "host_picture_url": "https://a0.muscache.com/im/users/13238776/profile_pic/1395095877/original.jpg?aki_policy=profile_x_medium", "neighbourhood_cleansed": "Tower Hamlets", "latitude": 51.51497, "longitude": -0.06868, "property_type": "Entire rental unit", "room_type": "Entire home/apt", "accommodates": 4.0, "bathrooms": 2.0, "bedrooms": 2, "beds": 2, "amenities": ["Essentials", "Wifi", "Washer", "Long term stays allowed", "Shampoo", "Elevator", "TV with standard cable", "Smoke alarm", "Hair dryer", "Iron", "Hangers", "Kitchen", "Cable TV", "Heating"], "price": 81.0, "numbers_of_review": 1, "review_scores_rating": 5.0, "reviews": [{"name": "Stelios", "date": "2016-03-13", "review": "Thank you for your hospitality, the flat was amazing with all the comforts, very close to transportation and super markets, bars etc. Daniel help us for everything, he is very kind.\r<br/>\r<br/>I recomend this place for everyone."}]}