{"id": 11036301, "listing_url": "https://www.airbnb.com/rooms/11036301", "name": "Modern - St Kat Dock - Tower Bridge - Dock View", "description": "Ideally located on St Katharine Dock, close to Tower Bridge/Tower Hill, this one bedroom flat boasts a spacious living room and bedroom. Good base to explore London and to work from home.<br /><br /><b>The space</b><br />A bright one bedroom apartment on St Katharine's Dock. Accommodation comprises of a light and spacious reception room with access to a private balcony (view on Tower Bridge and the Shard), modern kitchen, three piece bathroom, and double bedroom with a UK King Size bed (150x200). Sofa Bed (140x200) in the living room.<br /><br />Located ideally for easy access into the City and Canary Wharf, the property is situated by the entrance to the idyllic St Katharine's Dock Marina.<br /><br />It has a fully equipped kitchen <br />-Washing Machine Bosch<br />-Oven<br />-Microwave<br />-Dishwasher Miele<br />-Combi Fridge/Freezer Siemens<br />-Kettle, Toaster, Coffee machines (one filtered, one with pods)<br /><br />and comes with<br />-Smart TV LED HDR 4K Ultra HD 43\"<br />-Wif", "host_name": "Mike", "host_id": 10548134, "host_url": "https://www.airbnb.com/users/show/10548134", "host_picture_url": "https://a0.muscache.com/im/pictures/user/60ab4524-acd6-4829-87ca-6b538631fb8d.jpg?aki_policy=profile_x_medium", "neighbourhood_cleansed": "Tower Hamlets", "latitude": 51.50718, "longitude": -0.06973, "property_type": "Entire rental unit", "room_type": "Entire home/apt", "accommodates": 2.0, "bathrooms": 1.0, "bedrooms": 1, "beds": 1, "amenities": ["Oven", "Hair dryer", "Wine glasses", "Dining table", "Hangers", "Cleaning products", "Dishes and silverware", "Essentials", "Shampoo", "Clothing storage: closet", "Cooking basics", "Single level home", "Bed linens", "Carbon monoxide alarm", "Shower gel", "Wifi", "Heating", "Coffee maker", "Dishwasher", "Long term stays allowed", "Pack \u2019n play/Travel crib", "TV", "Hot water kettle", "Microwave", "Portable fans", "Refrigerator", "Room-darkening shades", "Private patio or balcony", "Iron", "Kitchen", "Drying rack for clothing", "Stove", "Toaster", "Dedicated workspace", "Hot water", "Paid parking off premises", "Elevator", "Smoke alarm", "Free washer \u2013 In unit", "Lockbox", "Freezer"], "price": 160.0, "numbers_of_review": 17.0, "review_scores_rating": 5.0, "reviews": [{"name": "Antonia", "date": "2016-07-07", "review": "Great experience with staying at the flat! Will definitely use it again. Location is great and view is stunning. Right on the doorstep is a big supermarket Waitrose which was very convenient. Excellent flat!"}, {"name": "Szabolcs", "date": "2016-08-05", "review": "Thank you David, everything was fine. Description of the flat was accurate. Quiet location, nice building, close to many sightseeing. Flat has new equipments, bed is comfortable."}, {"name": "Maureen", "date": "2016-10-31", "review": "Un s\u00e9jour vraiment super dans un appartement tout confort et id\u00e9alement plac\u00e9 pour visiter Londres. A 5 minutes \u00e0 pied du Tower Bridge et stations de m\u00e9tro \u00e0 proximit\u00e9. Merci \u00e0 David pour sa gentillesse !"}, {"name": "Jeannette", "date": "2016-11-06", "review": "David responded very fast to our requests, he was at the apartment to welcome us and provide the necessary information.  The apartment is nice, very clean, good internet, with a super market in front of the building, close to the river/the Tower Bridge and restaurants. Very safe and quiet neighborhood.  \r<br/>We recommend to purchase the Oyster Card for public transportation as you can save money when you want to go to the west of London (theaters, Trafalgar Square and most of the Museums)\r<br/>"}, {"name": "Alessandro", "date": "2016-11-25", "review": "David's apartment is vary nice: comfortable, full of light, quite with a kitchen vary well equipped. Besides that there's a nice balcony with a fantastic view of Tower Bridge and the contemporary skyline of London. If you are tired of restaurants, there's a big supermarket in front of the house. I definitely recommended this place and I hope to came back soon. 5 stars !!!"}, {"name": "David", "date": "2016-12-07", "review": "David is a fantastic host, with great communication before the stay and at check out. The flat is in a great, quiet location with an amazing view over St Katharine Docks towards Tower Bridge and the Shard. The flat is furnished and fitted to a high-standard and feels very fresh and new. I would definitely recommend it for your stay in London. "}, {"name": "Antonio", "date": "2016-12-11", "review": "David's apartment is perfect  and with a stunning view. Difficult to spot what could be improved , great in any regard."}, {"name": "Apsara Et Anjali", "date": "2016-12-30", "review": "Nous avons beaucoup appr\u00e9ci\u00e9 notre s\u00e9jour chez David.<br/>Un appartement tout neuf, tr\u00e9s confortable, bien \u00e9quip\u00e9, bien chauff\u00e9, tr\u00e9s calme avec une vue magnifique sur la marina, Tower bridge et the shard.<br/>Nous avions au pr\u00e9alable r\u00e9serv\u00e9 3 mois en avance chez Corina \" une super host\" qui nous a tout simplement oubli\u00e9 et laiss\u00e9 sur le trottoir d'une froide soir\u00e9e d'hiver avec nos deux jeunes enfants et par chance nous avons pu nous replier chez David, tr\u00e9s r\u00e9actif qui nous a r\u00e9pondu dans la minute.<br/>Nous avons finalement eu beaucoup de chance car nous ne pouvions pas mieux trouver et nous remercions encore David pour son accueil chaleureux et ses pr\u00e9cieux conseils.<br/>De plus le quartier est charmant, nous avons ador\u00e9 et nous conseillons vivement cette super adresse.<br/>"}, {"name": "Trayvon", "date": "2017-01-03", "review": "David met us at the flat upon our arrival in London. The flat was very clean and stocked with some bare essentials. Location was awesome as you are located a short walk from Tower bridge and London Tower."}, {"name": "Sebastien", "date": "2017-02-23", "review": "Very nice stay @ David's flat. Very well equiped, located. There is a supermarket next to the building, it is very convenient. And what a beautiful view on the marina and Tower Bridge. I will come back!"}]}