{"id": 11041305, "listing_url": "https://www.airbnb.com/rooms/11041305", "name": "Gorgeous one bed flat in heart of Brixton", "description": "Gorgeous one-bedroom ground-floor apartment with a private patio in the heart of Brixton. Excellent connections to all of London & transport hubs via Victoria tube line. Your stylish, convenient and comfortable home away from home awaits!<br /><br /><b>The space</b><br />SUMMARY <br />This one bedroom apartment is situated in the idyllic area of Brixton nestled among local cafes, restaurants and shops. The property is just 350 metres from Brixton Tube station making this property the perfect location for your stay in London.<br /><br />Tucked away from the bustle of Brixton and insane restaurants, nightlife, boutique shops, entertainment venues and museums just a stone's throw away - but located on the ground floor, this beautiful Central London flat has been designed for a couple but can comfortably accommodate up to 4 people (double bed + double sofa bed). <br /><br />The smoke-free property features a living room, a bedroom, a bathroom, a kitchen, a workspace, a hallway and a privat", "host_name": "Olivia", "host_id": 17807680, "host_url": "https://www.airbnb.com/users/show/17807680", "host_picture_url": "https://a0.muscache.com/im/pictures/user/6251eb6f-c1fc-490d-a994-ad5614702605.jpg?aki_policy=profile_x_medium", "neighbourhood_cleansed": "Lambeth", "latitude": 51.462894, "longitude": -0.108686, "property_type": "Entire condo", "room_type": "Entire home/apt", "accommodates": 4.0, "bathrooms": 1.0, "bedrooms": 1, "beds": 1, "amenities": ["Clothing storage: dresser", "wardrobe", "and closet", "Extra pillows and blankets", "Record player", "First aid kit", "Oven", "Hair dryer", "Wine glasses", "Dining table", "Hangers", "Cleaning products", "Dishes and silverware", "Luggage dropoff allowed", "Essentials", "Shampoo", "Baking sheet", "Imperial Leather body soap", "Cooking basics", "Free street parking", "Bed linens", "Single level home", "Carbon monoxide alarm", "Bathtub", "Shower gel", "Heating", "Wifi", "Dishwasher", "Long term stays allowed", "Hot water kettle", "Microwave", "Portable fans", "Refrigerator", "Room-darkening shades", "Outdoor dining area", "Private patio or balcony", "Iron", "Kitchen", "Drying rack for clothing", "Stove", "Toaster", "Paid street parking off premises", "Dedicated workspace", "Hot water", "Board games", "Private fenced garden or backyard", "Fire pit", "Smoke alarm", "Lockbox", "Free washer \u2013 In unit", "Ethernet connection", "Laundromat nearby", "Portable air conditioning", "Outdoor furniture", "Head and Shoulders conditioner", "Freezer"], "price": 150.0, "numbers_of_review": 30.0, "review_scores_rating": 5.0, "reviews": [{"name": "Megan", "date": "2022-03-02", "review": "Really communicative host and suitable accomodation for our stay!"}, {"name": "J.", "date": "2022-03-13", "review": "L\u2019appartement d\u2019Olivia est vraiment super!<br/>Propre, chaleureux avec une super d\u00e9co.<br/>Ma fille et moi nous avons ador\u00e9!"}, {"name": "Des", "date": "2022-03-19", "review": "Really 5 star experience. Not only was communication great, the space was beautiful and smelled lovely. I would definitely stay here again."}, {"name": "Jennifer", "date": "2022-03-28", "review": "Olivia's place is absolutely lovely, quiet, and a relaxing place to unwind after the busyness of being out and about in London. The flat is exactly as advertised, and Olivia is a great host, and quickly responded to questions. Restaurants, shops and the Tube are nearby. Highly recommended and I would definitely stay there again. Thanks Olivia!"}, {"name": "Maryam", "date": "2022-04-05", "review": "A well furnished and chic home for a staycation. Very closely located to the tube station and right outside Brixton village so grabbing food was a pleasure. Very clean. Olivia was a very communicative host which came in handy when we had an issue with the central heating the first day. She fixed it while we were out so as not to disturb us. It was a very relaxing time spent!"}, {"name": "Chelsea", "date": "2022-04-11", "review": "Exactly as pictured! Beautifully decorated. Lovely patio. Snacks and coffee sweetly left by the host, Olivia! A quick walk to the train/tube as mentioned by Olivia. Easy check-in and any questions were responded to quickly! Lovely stay and the cutest cafe about a mile walk from this stay called Cafe Van Gogh that I highly recommend, as I highly recommend staying in Olivia\u2019s flat!"}, {"name": "Lulu", "date": "2022-04-16", "review": "very beautiful house with almost everything you need. Close to the subway station. Many restaurants alround and many choices."}, {"name": "Matt", "date": "2022-04-22", "review": "Great location, lovely place, easy check-in, great value. Would definitely stay here again."}, {"name": "Ben", "date": "2022-04-28", "review": "Great location and beautifully decorated with all the amenities you would need for your stay!  Close to Brixton market (food and drinks) and train stations."}, {"name": "Hanna", "date": "2022-05-03", "review": "Nous avons pass\u00e9 un super s\u00e9jour dans l\u2019appartement d\u2019Olivia. Il est tr\u00e8s bien plac\u00e9, au c\u0153ur de Brixton."}]}