{"id": 11041223, "listing_url": "https://www.airbnb.com/rooms/11041223", "name": "Greenwich Home", "description": "This is our beautiful family home in Greenwich with excellent transport links to the to City of London, O2, Canary Wharf and the West End. It is a three-minute walk to Charlton station.  Newly redecorated in a contemporary style. Spacious rooms with high ceilings and a garden with comfortable seating area.<br /><br /><b>The space</b><br />Our house is a three storey Victorian House located in Charlton. Charlton is a lovely village in Greenwich which has an expressive Jacobean Mansion and the beautiful Charlton Park attached. It also has another park called Maryon Park which is one of Greenwich's Green Flag Award-winning sites. It has an animal park with ducks, geese, chickens, goats, pigs, and even a deer enclosure which makes it perfect for the kids along with its children's playground, basketball court and hard-surface tennis courts. <br /><br />There is free parking available on the nearby road just around the corner called The Heights, however, please take care of occasional tempor", "host_name": "Sarah", "host_id": 5520679, "host_url": "https://www.airbnb.com/users/show/5520679", "host_picture_url": "https://a0.muscache.com/im/pictures/user/9fa03e23-2c26-463a-89f7-a3d4fe0c1d78.jpg?aki_policy=profile_x_medium", "neighbourhood_cleansed": "Greenwich", "latitude": 51.48427, "longitude": 0.03444, "property_type": "Entire home", "room_type": "Entire home/apt", "accommodates": 8.0, "bathrooms": 2.0, "bedrooms": 4, "beds": 4, "amenities": ["Oven", "Wine glasses", "Dining table", "Hangers", "Essentials", "Patio or balcony", "TV with standard cable", "Standalone high chair - available upon request", "Clothing storage: closet", "Cooking basics", "Babysitter recommendations", "Carbon monoxide alarm", "Bathtub", "Indoor fireplace", "Wifi", "Heating", "Coffee maker", "Dishwasher", "Backyard", "Long term stays allowed", "Hot water kettle", "Microwave", "Refrigerator", "Outdoor dining area", "Kitchen", "Toaster", "Hot water", "Washer", "Pack \u2019n play/Travel crib - available upon request", "Smoke alarm", "Cable TV", "Freezer"], "price": 237.0, "numbers_of_review": 10, "review_scores_rating": 4.83, "reviews": [{"name": "Ruth", "date": "2016-12-19", "review": "We stayed at Sarah and James' house for almost a week with two young children, near Christmas.<br/>They went out of their way to accommodate a couple of requests on our arrival time and for our kids, which really made things easier for our arrival. <br/>The house itself is beautifully decorated, warm and comfortable, and felt spacious and welcoming in a cold week as Christmas approached.<br/>Everything was very well appointed and well equipped, including cable TV and fast broadband. We didn't read until day 2 about the 2hr parking limit out front, but we didn't get a ticket anyway, and there is free parking around the corner. We were in and out all day and while parking was busy, we always found a spot outside.<br/>Overall, we really loved our stay here."}, {"name": "Gillian", "date": "2017-01-06", "review": "Beautiful home well connected to transportation into London  Great for families. "}, {"name": "Daryl", "date": "2020-07-31", "review": "Lovely place. Spacious. Garden access. Soft towels. Spotlessly clean. WiFi could be stronger but it might just be that the network needs reset. A very pleasant stay overall. Would recommend."}, {"name": "Ewen", "date": "2022-08-09", "review": "."}, {"name": "Javed", "date": "2022-08-14", "review": "Perfect location for us visiting as two families with kids to spend an extended weekend. Parking across the road was convenient as we were able to offload the baggage easily. Large and spacious space was perfect for a pleasant stay.<br/>Sarah, the host, was responsive to all our needs and made our stay comfortable."}, {"name": "Yinka", "date": "2022-08-29", "review": "Sarah came to our rescue after having a bad experience the night before at another location! The house was just as nice as pictured with modern facilities. The only down side was that the WiFi was not fast but otherwise, everything was good."}, {"name": "Olly", "date": "2022-09-19", "review": "From start to finish Sarah made us feel very welcome, location was great, the property is a perfect family home or for friends that want to spend the weekend in london. Would highly recommend."}, {"name": "Miroslav", "date": "2022-09-26", "review": "Such a lovely place for staying that multiplies your experience from London visit. Typical English terraced house in the middle of  a quiet street. Quiet neighborhood, local amenities, 100m from the closest bus station (Double deckers\ud83d\ude01). Direct connections to the Greenwich park, Charlton railway station or North Greenwich underground. <br/>Sarah is an amazing and warm-hearted person you want to meet and talk with. Simply fantastic location and experience."}, {"name": "Richard", "date": "2022-10-12", "review": "Great stay. A couple train rides away from central London but after a couple days, you get the hang of things. Nice neighborhood and clean stay. Would definitely stay again."}, {"name": "Volker", "date": "2022-10-22", "review": "The house is located very well, just some minutes from the train station and a Sainsbury\u00b4s local. Just in front of the house is the bus stop of no 486. There is very little noise from the street, and in the rear nothing and totally calm, even we didn\u00b4t saw or hear any neighbors. Inside lots of decoration and a mix between old and new furniture. We enjoyed the large space for sitting together. The staircase is small but definitely no problem to use. Showering is nice and hot water is always available directly. Using the large and fluffy towels was very much appreciated. The communication with the host was without any problems and everything worked out very well."}]}