{"id": 11044045, "listing_url": "https://www.airbnb.com/rooms/11044045", "name": "Bright 2 bed Marylebone flat 7Mins fr Tube", "description": "Are you a family or a group of friends who have come to stay in London to take in the culture and the sights?<br /><br />This stunning modern apartment in Marylebone is the perfect place for you!<br /><br />It is in a central location with Regents Park and Madame Tussauds a walk away. If you have your sleuth hat on the Sherlock Holmes museum and 22B Baker street is down the road.<br /><br />There are multiple stations within a 2-minute walk, so access to all the major attractions is at most half an hour away.<br /><br /><b>The space</b><br />As you come in, you will see there is a vast living/dining/kitchen area. This really is a sun trap with the apartment having large windows and balcony doors. With all three spaces being open and connected to each other, this is ideal for enjoying meals and socialising at the same time.<br /><br />The property consists of two bedrooms, one of which is opposite the main bathroom. The other bedroom has an ensuite shower room and an exit onto the terra", "host_name": "Chris + Sophie", "host_id": 23122549, "host_url": "https://www.airbnb.com/users/show/23122549", "host_picture_url": "https://a0.muscache.com/im/pictures/user/71c7ba23-904f-46fd-9509-eed8f6c9137d.jpg?aki_policy=profile_x_medium", "neighbourhood_cleansed": "Westminster", "latitude": 51.52382, "longitude": -0.16499, "property_type": "Entire rental unit", "room_type": "Entire home/apt", "accommodates": 4.0, "bathrooms": 2.0, "bedrooms": 2, "beds": 2, "amenities": ["Extra pillows and blankets", "Oven", "Hair dryer", "Hangers", "Dishes and silverware", "Essentials", "Patio or balcony", "Shampoo", "Cooking basics", "Bed linens", "Carbon monoxide alarm", "Bathtub", "Wifi", "Heating", "Coffee maker", "Dishwasher", "Long term stays allowed", "TV", "Refrigerator", "Iron", "Kitchen", "Stove", "Hot water", "Washer", "Smoke alarm", "Dryer"], "price": 357.0, "numbers_of_review": 107.0, "review_scores_rating": 4.67, "reviews": [{"name": "Jan", "date": "2016-04-16", "review": "My friend and I loved staying at Chris' flat.  He was a fantastic host, answering immediately any questions we didn't think about asking upon our arrival.  The listing is exactly as described and pictured, and it is SPOTLESS.  The neighborhood is wonderful, with a convenient grocery very close by, as well as the Marylebone Underground Station and several restaurants.    We were pleasantly surprised to find out that the washing machine also has a drying feature \u2013 it\u2019s a washer and dryer in one machine.  (A dryer was not listed under \u201camenities.\u201d)  The beds were especially comfortable.  Some friends from the US who were also staying in a comparably sized airbnb flat close by said that comparing the 2 flats \u2013 Chris\u2019 would receive 5 stars; theirs would receive 2 stars.  I think their flat was somewhat less expensive.  We thought ours was a good value.  I highly recommend Chris\u2019 flat!        "}, {"name": "Val\u00e9rie", "date": "2016-05-08", "review": "Appartement tr\u00e8s propre et bien situ\u00e9. Chris est un h\u00f4te tr\u00e8s disponible pour r\u00e9pondre \u00e0 nos questions.  Je recommande ce logement !"}, {"name": "Yoram", "date": "2016-08-28", "review": "Great and  generous host. Perfect communication. Great location. "}, {"name": "Claudia", "date": "2016-09-04", "review": "The top floor apartment with the nice terrace is great and the neighborhood has good pubs and restaurants, just follow Chris recommendations. With Marylebon and Baker street station so nearby you have good connection to public transport and to Paddington station for the Heathrow express. Hope to be back soon!\r<br/>\r<br/>Tolles Apartment im obersten Stockwerk mit einer Terrasse. In der Nachbarschaft gibt es gute Pubs und Restaurants, einfach den Empfehlungen von Chris folgen. Mit den Stationen Marylebon und Baker street um die Ecke hat man super Anschluss zum \u00f6ffentlichen Nahverkehr und zur Paddington station, wo der Heathrow Express f\u00e4hrt. Werden gerne wiederkommen!\r<br/>\r<br/>"}, {"name": "Henrique", "date": "2016-09-20", "review": "Chris's place is great. It's located near to subway station wich makes much more easier to move in London.<br/>It's a 2 bedroom apartment on the 3rd floor. The flat isnt very big large but it's very nice and very well decorated. It has a nice Kitchen and a great living room. Both bathrooms were very clean, newly decorated.<br/>Chris was a great host and helped us in everything we needed. He left some wine and food for us wich was very kind."}, {"name": "Gavin", "date": "2016-09-23", "review": "Great apartment in perfect location. <br/>Very responsive host. Would definitely recommend."}, {"name": "Marc", "date": "2016-09-29", "review": "Chris was there to great us and gave us a quick tour of the flat. He provided written suggestions to the neighborhood grocery stores, pubs & restaurants and underground stations. The flat has two bathrooms and two bedrooms, one of which has a queen bed and the other is a double bed. The flat was very clean and had the basic kitchen supplies. The location is superb in terms of being close to 3 tube stations and walking distance to nice pubs and restaurants. "}, {"name": "Ashley", "date": "2016-10-06", "review": "We had an excellent stay at Chris's beautiful apartment in Marylebone! The apartment is very clean and tidy, and well appointed, with new appliances, a gorgeous balcony, and two renovated bathrooms. The location is great - very close to several supermarkets and nice restaurants, and an easy walking distance to Regent's Park. Chris graciously welcomed us upon our arrival and provided us with a list of restaurants, pubs and bars in the area, as well as walking instructions around the neighborhood. As an extra perk, the Wifi in the apartment is very fast. We definitely look forward to staying in Chris's apartment again!"}, {"name": "Clair", "date": "2016-10-10", "review": "The flat is really nice, very well located, and Chris was really flexible with the dates and with extending our stay. Would definitely recommend."}, {"name": "Camille", "date": "2016-10-16", "review": "Un accueil parfait, un h\u00f4te tr\u00e8s flexible, qui sait parfaitement recevoir. Au top ! <br/>A perfect welcome, a flexible host, who knows perfectly receive. So British ! Great ! "}]}