{
          "neighbourhood": {
                    "Westminster": 3990,
                    "Redbridge": 337,
                    "Merton": 684,
                    "Hillingdon": 385,
                    "Bexley": 181,
                    "Waltham Forest": 795,
                    "Lambeth": 2315,
                    "Wandsworth": 2028,
                    "Camden": 2753,
                    "Tower Hamlets": 3257,
                    "Hackney": 3183,
                    "Southwark": 2410,
                    "Islington": 2302,
                    "Richmond upon Thames": 628,
                    "Haringey": 1130,
                    "Ealing": 904,
                    "Brent": 1098,
                    "Newham": 877,
                    "Hammersmith and Fulham": 1727,
                    "Kensington and Chelsea": 2527,
                    "Greenwich": 831,
                    "Barnet": 849,
                    "Hounslow": 575,
                    "Croydon": 580,
                    "Lewisham": 1253,
                    "Kingston upon Thames": 329,
                    "Harrow": 227,
                    "Barking and Dagenham": 206,
                    "Enfield": 350,
                    "City of London": 249,
                    "Havering": 152,
                    "Bromley": 354,
                    "Sutton": 173
          },
          "max": 999.0,
          "min": 0.0
}